#{"t_start": 1789218848.1384692, "env_id": "HandReachDense-v3"}
r,l,t,is_success
-5.415214,50,0.045237,0.0
-6.110921,50,0.080676,0.0
-6.4261,50,0.115695,0.0
-5.625713,50,0.152012,0.0
-5.733228,50,0.18797,0.0
-6.248207,50,0.222861,0.0
-6.587068,50,0.258474,0.0
-5.916315,50,0.293289,0.0
-5.997388,50,0.327952,0.0
-6.896315,50,0.363057,0.0
-7.112938,50,0.398083,0.0
-6.063788,50,0.433104,0.0
-6.938721,50,0.46833,0.0
-6.454179,50,0.503205,0.0
-7.162551,50,0.538095,0.0
-6.072677,50,0.57322,0.0
-6.071378,50,0.608324,0.0
-6.108689,50,0.643413,0.0
-6.550197,50,0.678094,0.0
-6.585923,50,0.713243,0.0
-6.092157,50,0.748951,0.0
-6.820358,50,0.785201,0.0
-6.923264,50,0.820823,0.0
-5.320177,50,0.856232,0.0
-7.155817,50,0.891173,0.0
-6.881486,50,0.926318,0.0
-6.098345,50,0.962176,0.0
-6.882915,50,0.998259,0.0
-6.510698,50,1.033805,0.0
-6.051159,50,1.069388,0.0
-6.824171,50,1.104469,0.0
-6.004468,50,1.140205,0.0
-6.185299,50,1.177343,0.0
-6.700161,50,1.212362,0.0
-8.053056,50,1.247,0.0
-6.335844,50,1.28233,0.0
-7.638785,50,1.317109,0.0
-6.358242,50,1.35182,0.0
-6.736931,50,1.388078,0.0
-7.181634,50,1.424339,0.0
-6.508792,50,1.574073,0.0
-6.845073,50,1.609858,0.0
-7.375344,50,1.645157,0.0
-5.451033,50,1.680677,0.0
-7.233835,50,1.715421,0.0
-7.015605,50,1.750515,0.0
-6.16909,50,1.786363,0.0
-6.047096,50,1.821773,0.0
-6.246039,50,1.857323,0.0
-6.999777,50,1.892559,0.0
-7.040064,50,1.927756,0.0
-6.25782,50,1.962693,0.0
-6.23941,50,1.997333,0.0
-5.628501,50,2.033045,0.0
-5.817115,50,2.06829,0.0
-6.96887,50,2.103158,0.0
-7.00256,50,2.138992,0.0
-5.349848,50,2.174239,0.0
-6.794705,50,2.209649,0.0
-6.393938,50,2.244648,0.0
-6.071684,50,2.279617,0.0
-5.838997,50,2.314596,0.0
-5.789453,50,2.349659,0.0
-6.730513,50,2.38454,0.0
-7.592717,50,2.419939,0.0
-5.369074,50,2.454801,0.0
-6.636279,50,2.489609,0.0
-6.854656,50,2.525042,0.0
-7.06734,50,2.560167,0.0
-6.904445,50,2.595294,0.0
-6.14885,50,2.630532,0.0
-6.476652,50,2.666461,0.0
-6.640953,50,2.702031,0.0
-7.060138,50,2.737868,0.0
-6.496768,50,2.773308,0.0
-6.350888,50,2.810064,0.0
-6.02448,50,2.846041,0.0
-5.528386,50,2.881552,0.0
-6.777834,50,2.916769,0.0
-6.618414,50,2.952332,0.0
-7.254527,50,2.987368,0.0
-6.566311,50,3.136815,0.0
-6.71501,50,3.172195,0.0
-5.630442,50,3.206986,0.0
-6.320608,50,3.241907,0.0
-6.222149,50,3.276699,0.0
-6.323182,50,3.311874,0.0
-6.511475,50,3.347352,0.0
-6.374184,50,3.382664,0.0
-5.175783,50,3.417817,0.0
-5.913887,50,3.452686,0.0
-6.682093,50,3.488061,0.0
-5.746252,50,3.523492,0.0
-5.963235,50,3.558038,0.0
-7.748948,50,3.593073,0.0
-7.308142,50,3.628245,0.0
-6.83281,50,3.664427,0.0
-5.787782,50,3.699848,0.0
-5.760647,50,3.735451,0.0
-6.715331,50,3.771126,0.0
-6.74164,50,3.806772,0.0
-7.497243,50,3.842053,0.0
-6.211474,50,3.877361,0.0
-6.712483,50,3.912755,0.0
-6.292132,50,3.948206,0.0
-6.11905,50,3.98407,0.0
-6.761254,50,4.019491,0.0
-6.368448,50,4.054007,0.0
-6.069776,50,4.089541,0.0
-6.830636,50,4.124841,0.0
-6.204162,50,4.160048,0.0
-6.243184,50,4.195277,0.0
-6.74479,50,4.230281,0.0
-6.622777,50,4.265405,0.0
-6.289939,50,4.300893,0.0
-6.374814,50,4.335932,0.0
-6.279289,50,4.370775,0.0
-6.693396,50,4.405727,0.0
-6.861966,50,4.440626,0.0
-6.607345,50,4.475663,0.0
-7.095452,50,4.510674,0.0
-6.032683,50,4.545426,0.0
-7.435464,50,4.694231,0.0
-6.422891,50,4.730122,0.0
-6.972701,50,4.765573,0.0
-6.435705,50,4.800129,0.0
-5.942779,50,4.835241,0.0
-5.393754,50,4.870492,0.0
-4.627025,50,4.905741,0.0
-6.215014,50,4.940694,0.0
-6.551459,50,4.975541,0.0
-6.277813,50,5.010548,0.0
-6.406873,50,5.04555,0.0
-6.198306,50,5.080666,0.0
-6.706213,50,5.115579,0.0
-6.12103,50,5.151248,0.0
-6.333396,50,5.186214,0.0
-5.486112,50,5.221523,0.0
-5.504133,50,5.256622,0.0
-5.972254,50,5.291754,0.0
-6.362583,50,5.326596,0.0
-6.395024,50,5.361946,0.0
-6.649387,50,5.396991,0.0
-6.031855,50,5.432649,0.0
-6.553655,50,5.467407,0.0
-6.466265,50,5.502302,0.0
-6.451005,50,5.537777,0.0
-7.663267,50,5.572749,0.0
-7.098549,50,5.607498,0.0
-7.231586,50,5.642951,0.0
-6.16469,50,5.678466,0.0
-6.126329,50,5.713477,0.0
-6.126132,50,5.748572,0.0
-6.06528,50,5.783474,0.0
-6.093844,50,5.818647,0.0
-5.518365,50,5.853597,0.0
-5.495723,50,5.888613,0.0
-6.190119,50,5.923601,0.0
-4.73545,50,5.958378,0.0
-6.255959,50,5.993567,0.0
-6.331071,50,6.028389,0.0
-6.871797,50,6.063204,0.0
-6.770734,50,6.09831,0.0
-6.436381,50,6.246769,0.0
-6.278349,50,6.282263,0.0
-6.445445,50,6.317285,0.0
-5.228562,50,6.353001,0.0
-5.613728,50,6.388072,0.0
-6.251302,50,6.423251,0.0
-6.312267,50,6.45861,0.0
-6.118836,50,6.493817,0.0
-6.478123,50,6.528848,0.0
-5.858926,50,6.563786,0.0
-7.274947,50,6.598828,0.0
-6.314016,50,6.633936,0.0
-6.010613,50,6.670029,0.0
-6.811211,50,6.705235,0.0
-6.155246,50,6.74072,0.0
-6.436806,50,6.775585,0.0
-6.158946,50,6.81125,0.0
-5.505871,50,6.846845,0.0
-6.428664,50,6.882545,0.0
-6.261692,50,6.918214,0.0
-6.164426,50,6.953928,0.0
-6.163246,50,6.989301,0.0
-6.044894,50,7.024129,0.0
-7.019352,50,7.059044,0.0
-5.985759,50,7.094102,0.0
-6.281013,50,7.129341,0.0
-6.417066,50,7.1649,0.0
-6.753054,50,7.200466,0.0
-6.01899,50,7.235349,0.0
-7.12861,50,7.270334,0.0
-5.866853,50,7.305282,0.0
-5.978469,50,7.340397,0.0
-5.258932,50,7.375724,0.0
-5.662749,50,7.410923,0.0
-6.246869,50,7.446028,0.0
-7.035094,50,7.481375,0.0
-6.365878,50,7.516568,0.0
-5.474785,50,7.551451,0.0
-6.136995,50,7.586423,0.0
-6.82641,50,7.621634,0.0
-6.56357,50,7.6574,0.0
-6.212393,50,7.805897,0.0
-6.020913,50,7.841061,0.0
-6.70429,50,7.876542,0.0
-5.431371,50,7.912201,0.0
-7.093737,50,7.947453,0.0
-6.27692,50,7.982603,0.0
-6.735727,50,8.018044,0.0
-5.989179,50,8.053135,0.0
-5.748532,50,8.088685,0.0
-6.295359,50,8.124277,0.0
-6.077538,50,8.159629,0.0
-6.555434,50,8.195,0.0
-5.088168,50,8.230109,0.0
-5.898005,50,8.265321,0.0
-6.469641,50,8.30043,0.0
-6.314795,50,8.335304,0.0
-6.56111,50,8.370819,0.0
-7.042155,50,8.405989,0.0
-6.010152,50,8.441448,0.0
-6.439586,50,8.476343,0.0
-5.883511,50,8.51153,0.0
-7.003736,50,8.54694,0.0
-6.227608,50,8.581835,0.0
-6.484125,50,8.617282,0.0
-6.474349,50,8.65219,0.0
-5.735365,50,8.687363,0.0
-5.76995,50,8.722511,0.0
-6.994537,50,8.757372,0.0
-6.760928,50,8.792388,0.0
-6.75601,50,8.827431,0.0
-5.480153,50,8.863201,0.0
-6.155858,50,8.898468,0.0
-6.688901,50,8.933396,0.0
-6.333559,50,8.968577,0.0
-6.804206,50,9.003012,0.0
-5.911434,50,9.038111,0.0
-5.616756,50,9.073263,0.0
-5.959025,50,9.108073,0.0
-6.422045,50,9.143128,0.0
-6.207266,50,9.178424,0.0
-6.092582,50,9.214073,0.0
-6.02896,50,9.363607,0.0
-5.856276,50,9.398984,0.0
-5.015747,50,9.433914,0.0
-5.757481,50,9.468872,0.0
-6.869431,50,9.50399,0.0
-5.602364,50,9.538961,0.0
-4.850306,50,9.573937,0.0
-5.749627,50,9.609074,0.0
-6.663581,50,9.644011,0.0
-5.879379,50,9.679022,0.0
-6.031131,50,9.714393,0.0
-5.450677,50,9.749235,0.0
-5.826015,50,9.784006,0.0
-7.174582,50,9.81892,0.0
-6.072678,50,9.853441,0.0
-4.881963,50,9.888303,0.0
-5.606749,50,9.923275,0.0
-5.952668,50,9.95827,0.0
-5.644881,50,9.99321,0.0
-6.089584,50,10.028038,0.0
-6.015757,50,10.062809,0.0
-6.751871,50,10.097779,0.0
-6.303313,50,10.132724,0.0
-6.065632,50,10.168423,0.0
-6.346433,50,10.204387,0.0
-6.124697,50,10.239841,0.0
-6.84763,50,10.275867,0.0
-5.559145,50,10.311151,0.0
-6.069247,50,10.346128,0.0
-4.693152,50,10.381628,0.0
-5.583241,50,10.416979,0.0
-5.928239,50,10.452053,0.0
-5.666048,50,10.487534,0.0
-6.8861,50,10.522548,0.0
-6.101614,50,10.557847,0.0
-5.169112,50,10.592998,0.0
-6.396395,50,10.627982,0.0
-5.296173,50,10.663449,0.0
-6.5628,50,10.698869,0.0
-6.300559,50,10.734943,0.0
-7.039173,50,10.770225,0.0
-4.809075,50,10.927324,0.0
-5.811618,50,10.963399,0.0
-5.99468,50,11.000688,0.0
-5.768246,50,11.036301,0.0
-5.823738,50,11.07143,0.0
-6.22008,50,11.106472,0.0
-5.438584,50,11.141978,0.0
-5.655376,50,11.177546,0.0
-5.800162,50,11.212328,0.0
-4.861057,50,11.247449,0.0
-5.173256,50,11.282469,0.0
-6.355057,50,11.317637,0.0
-6.499505,50,11.352893,0.0
-6.363197,50,11.388065,0.0
-6.758736,50,11.423392,0.0
-5.733068,50,11.457725,0.0
-6.55444,50,11.492437,0.0
-5.516916,50,11.527631,0.0
-6.416887,50,11.562822,0.0
-5.831417,50,11.597633,0.0
-6.609418,50,11.633028,0.0
-6.474845,50,11.667987,0.0
-6.578307,50,11.703082,0.0
-5.575516,50,11.738069,0.0
-5.91586,50,11.774074,0.0
-6.590052,50,11.809358,0.0
-4.882674,50,11.844601,0.0
-6.35021,50,11.879842,0.0
-5.456472,50,11.915117,0.0
-6.223155,50,11.950188,0.0
-6.455299,50,11.984979,0.0
-5.86704,50,12.020461,0.0
-6.561141,50,12.056763,0.0
-6.391548,50,12.092426,0.0
-6.526999,50,12.127944,0.0
-5.940533,50,12.163177,0.0
-6.209994,50,12.198677,0.0
-4.71034,50,12.234178,0.0
-6.537061,50,12.26948,0.0
-4.995799,50,12.304542,0.0
-5.562533,50,12.339599,0.0
-5.460939,50,12.489694,0.0
-5.508369,50,12.525377,0.0
-6.154614,50,12.560652,0.0
-5.644836,50,12.59587,0.0
-6.29199,50,12.631196,0.0
-6.904305,50,12.666707,0.0
-6.183509,50,12.701969,0.0
-5.513685,50,12.737047,0.0
-5.914483,50,12.772101,0.0
-5.794774,50,12.80742,0.0
-5.725958,50,12.842536,0.0
-6.774069,50,12.87759,0.0
-6.354014,50,12.91257,0.0
-5.893637,50,12.947939,0.0
-5.330313,50,12.983489,0.0
-4.265605,50,13.019357,0.0
-5.260906,50,13.053941,0.0
-5.894505,50,13.089002,0.0
-6.022125,50,13.123942,0.0
-5.925861,50,13.158804,0.0
-6.517344,50,13.193967,0.0
-5.469922,50,13.228373,0.0
-6.014746,50,13.263097,0.0
-5.273328,50,13.297762,0.0
-5.809987,50,13.332345,0.0
-6.425626,50,13.367285,0.0
-5.011603,50,13.402573,0.0
-6.39401,50,13.437927,0.0
-6.132701,50,13.472818,0.0
-6.082699,50,13.507693,0.0
-6.385756,50,13.542778,0.0
-6.258453,50,13.578472,0.0
-6.615458,50,13.613591,0.0
-5.666365,50,13.648242,0.0
-6.338449,50,13.683041,0.0
-6.293933,50,13.718189,0.0
-6.266805,50,13.753869,0.0
-6.708984,50,13.788596,0.0
-6.039491,50,13.823562,0.0
-6.369186,50,13.85854,0.0
-6.407615,50,13.8938,0.0
-6.339755,50,14.043397,0.0
-6.903773,50,14.079292,0.0
-5.857472,50,14.115181,0.0
-5.333991,50,14.150539,0.0
-5.69963,50,14.185904,0.0
-7.388687,50,14.221239,0.0
-5.903251,50,14.256212,0.0
-6.330322,50,14.29136,0.0
-5.476523,50,14.326311,0.0
-4.957466,50,14.361196,0.0
-5.642101,50,14.396686,0.0
-6.337897,50,14.431421,0.0
-6.271499,50,14.46656,0.0
-5.67256,50,14.501538,0.0
-6.041595,50,14.536625,0.0
-5.964925,50,14.572867,0.0
-5.870665,50,14.608911,0.0
-5.893369,50,14.644659,0.0
-4.559565,50,14.680799,0.0
-5.708147,50,14.716544,0.0
-6.316936,50,14.752295,0.0
-6.006902,50,14.787882,0.0
-5.943128,50,14.824069,0.0
-4.995792,50,14.859704,0.0
-5.817884,50,14.89534,0.0
-5.65719,50,14.930501,0.0
-6.156597,50,14.96613,0.0
-6.092252,50,15.001713,0.0
-5.873936,50,15.037373,0.0
-6.008063,50,15.073034,0.0
-5.890225,50,15.10822,0.0
-6.633491,50,15.143337,0.0
-7.003764,50,15.178793,0.0
-5.906814,50,15.214402,0.0
-5.985225,50,15.249926,0.0
-5.937408,50,15.284903,0.0
-5.748079,50,15.319963,0.0
-6.188187,50,15.355513,0.0
-6.398998,50,15.390784,0.0
-5.305124,50,15.426184,0.0
-5.65863,50,15.461234,0.0
-6.523127,50,15.609369,0.0
-5.874974,50,15.64491,0.0
-4.925047,50,15.680383,0.0
-5.51969,50,15.715977,0.0
-6.641497,50,15.751388,0.0
-5.454919,50,15.786663,0.0
-4.899944,50,15.821503,0.0
-5.777824,50,15.856518,0.0
-6.158866,50,15.892332,0.0
-6.402148,50,15.927351,0.0
-5.342955,50,15.961729,0.0
-6.072011,50,15.996592,0.0
-6.093679,50,16.031443,0.0
-5.564298,50,16.066316,0.0
-6.102276,50,16.101638,0.0
-5.397523,50,16.136577,0.0
-5.746658,50,16.171954,0.0
-6.290782,50,16.207159,0.0
-5.390941,50,16.242251,0.0
-5.830822,50,16.277504,0.0
-5.382541,50,16.312349,0.0
-6.475099,50,16.34769,0.0
-6.420728,50,16.38291,0.0
-5.979766,50,16.417886,0.0
-6.021532,50,16.453377,0.0
-5.984285,50,16.488397,0.0
-5.931306,50,16.523709,0.0
-5.793829,50,16.559254,0.0
-5.752169,50,16.594479,0.0
-6.551492,50,16.630197,0.0
-7.022912,50,16.665587,0.0
-5.963538,50,16.700657,0.0
-6.589525,50,16.736188,0.0
-6.095251,50,16.771638,0.0
-6.027766,50,16.80689,0.0
-4.640755,50,16.841706,0.0
-6.050887,50,16.877002,0.0
-5.993684,50,16.912162,0.0
-5.292282,50,16.947098,0.0
-5.604039,50,16.982359,0.0
-6.382873,50,17.01767,0.0
-6.030132,50,17.166228,0.0
-5.578679,50,17.201422,0.0
-6.593928,50,17.23675,0.0
-5.937122,50,17.272285,0.0
-5.205341,50,17.307396,0.0
-5.661191,50,17.343003,0.0
-5.411477,50,17.378092,0.0
-6.212654,50,17.413132,0.0
-5.770135,50,17.448673,0.0
-6.720878,50,17.4838,0.0
-5.316686,50,17.519066,0.0
-5.378137,50,17.55432,0.0
-5.825889,50,17.589716,0.0
-4.448703,50,17.625173,0.0
-5.532729,50,17.661346,0.0
-5.720948,50,17.696478,0.0
-5.884987,50,17.731683,0.0
-6.164958,50,17.7666,0.0
-5.954147,50,17.801662,0.0
-6.390015,50,17.836688,0.0
-5.797974,50,17.87148,0.0
-6.46576,50,17.906549,0.0
-5.772029,50,17.941795,0.0
-5.971215,50,17.977156,0.0
-6.415305,50,18.01227,0.0
-5.637913,50,18.047323,0.0
-6.195697,50,18.082267,0.0
-6.486387,50,18.11758,0.0
-6.447343,50,18.152922,0.0
-5.50409,50,18.188158,0.0
-5.914346,50,18.223352,0.0
-6.259347,50,18.258723,0.0
-6.003144,50,18.293705,0.0
-6.357563,50,18.328689,0.0
-4.385027,50,18.363358,0.0
-6.590112,50,18.398579,0.0
-5.858767,50,18.433698,0.0
-4.704395,50,18.468357,0.0
-5.698664,50,18.503616,0.0
-5.778068,50,18.538446,0.0
-5.50233,50,18.573271,0.0
-6.187425,50,18.722532,0.0
-5.684299,50,18.758339,0.0
-6.622297,50,18.793854,0.0
-5.990145,50,18.82907,0.0
-6.959647,50,18.864789,0.0
-6.228459,50,18.900495,0.0
-5.618586,50,18.935764,0.0
-6.177611,50,18.971106,0.0
-5.380764,50,19.006219,0.0
-6.014097,50,19.041192,0.0
-6.088319,50,19.076381,0.0
-6.504165,50,19.111096,0.0
-6.538293,50,19.146559,0.0
-5.593007,50,19.181648,0.0
-5.608569,50,19.216763,0.0
-5.892687,50,19.251979,0.0
-5.25696,50,19.287244,0.0
-4.017349,50,19.322201,0.0
-5.035957,50,19.35716,0.0
-6.150607,50,19.392175,0.0
-6.626551,50,19.427702,0.0
-4.164822,50,19.463217,0.0
-4.489204,50,19.498366,0.0
-4.597719,50,19.533743,0.0
-4.937074,50,19.568971,0.0
-6.717181,50,19.604209,0.0
-5.857725,50,19.64023,0.0
-6.333958,50,19.675677,0.0
-5.928577,50,19.710409,0.0
-5.69694,50,19.745924,0.0
-5.564047,50,19.781027,0.0
-5.64971,50,19.816131,0.0
-6.130464,50,19.851637,0.0
-5.970253,50,19.88712,0.0
-6.742222,50,19.921922,0.0
-5.969975,50,19.957276,0.0
-5.370612,50,19.992588,0.0
-6.138849,50,20.027552,0.0
-6.080878,50,20.062723,0.0
-5.87114,50,20.097676,0.0
-4.830431,50,20.132769,0.0
-5.648974,50,20.281771,0.0
-5.623104,50,20.317507,0.0
-6.238797,50,20.352279,0.0
-5.587851,50,20.387632,0.0
-5.079037,50,20.422887,0.0
-5.880873,50,20.458135,0.0
-4.977582,50,20.493056,0.0
-4.653648,50,20.528213,0.0
-5.539252,50,20.563221,0.0
-5.536855,50,20.598523,0.0
-5.708548,50,20.633536,0.0
-5.996428,50,20.668402,0.0
-5.901919,50,20.703752,0.0
-5.926612,50,20.738504,0.0
-5.6374,50,20.773684,0.0
-4.648901,50,20.809197,0.0
-4.899237,50,20.844192,0.0
-5.736337,50,20.879801,0.0
-6.022844,50,20.91539,0.0
-5.544569,50,20.950713,0.0
-6.43135,50,20.986035,0.0
-6.178831,50,21.021342,0.0
-5.34616,50,21.056444,0.0
-6.006336,50,21.091796,0.0
-5.561522,50,21.126817,0.0
-6.123459,50,21.162297,0.0
-6.364323,50,21.196994,0.0
-4.522213,50,21.231978,0.0
-6.263352,50,21.267191,0.0
-6.604578,50,21.302248,0.0
-4.478658,50,21.337371,0.0
-6.796501,50,21.372687,0.0
-6.110676,50,21.407675,0.0
-6.004845,50,21.442655,0.0
-6.241447,50,21.477944,0.0
-6.026965,50,21.513104,0.0
-6.491743,50,21.548749,0.0
-4.733403,50,21.584622,0.0
-5.753101,50,21.620179,0.0
-6.015566,50,21.655966,0.0
-5.802868,50,21.691056,0.0
-6.271653,50,21.84218,0.0
-6.157477,50,21.87798,0.0
-6.02807,50,21.912995,0.0
-5.685159,50,21.94839,0.0
-6.505873,50,21.983645,0.0
-5.274584,50,22.018938,0.0
-6.10495,50,22.054473,0.0
-5.75354,50,22.090719,0.0
-5.590408,50,22.125803,0.0
-5.489604,50,22.161006,0.0
-5.206967,50,22.196223,0.0
-6.290425,50,22.231431,0.0
-5.734928,50,22.266823,0.0
-5.21581,50,22.301869,0.0
-5.860828,50,22.336955,0.0
-6.248647,50,22.37195,0.0
-5.810958,50,22.407161,0.0
-6.131607,50,22.442308,0.0
-5.929585,50,22.477194,0.0
-5.977772,50,22.511884,0.0
-6.491964,50,22.546756,0.0
-5.024568,50,22.581726,0.0
-5.44917,50,22.616704,0.0
-5.887649,50,22.652535,0.0
-4.574949,50,22.688002,0.0
-5.976875,50,22.724317,0.0
-6.196237,50,22.76056,0.0
-5.106063,50,22.797083,0.0
-6.007846,50,22.831829,0.0
-5.072123,50,22.867355,0.0
-5.820343,50,22.902789,0.0
-6.02307,50,22.937472,0.0
-6.699969,50,22.972972,0.0
-5.609086,50,23.00833,0.0
-6.040359,50,23.044094,0.0
-6.227934,50,23.079598,0.0
-5.89999,50,23.115136,0.0
-5.487019,50,23.150508,0.0
-5.384871,50,23.186023,0.0
-5.955772,50,23.221086,0.0
-4.748004,50,23.256753,0.0
-6.121455,50,23.405494,0.0
-6.265556,50,23.441455,0.0
-6.181143,50,23.476569,0.0
-5.635717,50,23.511916,0.0
-5.858522,50,23.546897,0.0
-5.85947,50,23.582004,0.0
-5.787193,50,23.617235,0.0
-6.054309,50,23.652563,0.0
-6.391615,50,23.687988,0.0
-4.353771,50,23.722933,0.0
-5.744565,50,23.758067,0.0
-5.627233,50,23.792868,0.0
-5.627915,50,23.827959,0.0
-5.740063,50,23.863165,0.0
-6.600769,50,23.897931,0.0
-5.765567,50,23.932856,0.0
-5.147003,50,23.968574,0.0
-6.405314,50,24.003765,0.0
-6.232935,50,24.039183,0.0
-7.216753,50,24.074012,0.0
-5.675705,50,24.109289,0.0
-6.355451,50,24.144563,0.0
-6.097237,50,24.179405,0.0
-5.584831,50,24.214544,0.0
-6.388526,50,24.249458,0.0
-4.853874,50,24.284366,0.0
-5.567229,50,24.319512,0.0
-5.961804,50,24.354894,0.0
-5.910139,50,24.389923,0.0
-4.854793,50,24.425084,0.0
-5.550257,50,24.460059,0.0
-6.00372,50,24.495126,0.0
-6.323148,50,24.530036,0.0
-4.394153,50,24.56481,0.0
-5.94556,50,24.59991,0.0
-5.670208,50,24.634709,0.0
-5.253652,50,24.669914,0.0
-5.844837,50,24.705263,0.0
-7.024452,50,24.740104,0.0
-4.281441,50,24.775164,0.0
-6.307954,50,24.810102,0.0
-5.500088,50,24.95953,0.0
-5.80813,50,24.994676,0.0
-5.442071,50,25.030184,0.0
-5.851213,50,25.065556,0.0
-5.897351,50,25.100818,0.0
-6.230275,50,25.136269,0.0
-5.140493,50,25.171735,0.0
-6.799028,50,25.20678,0.0
-6.055908,50,25.242214,0.0
-5.909145,50,25.277248,0.0
-6.16238,50,25.312558,0.0
-5.134718,50,25.347877,0.0
-5.511824,50,25.383173,0.0
-5.785807,50,25.417889,0.0
-5.843957,50,25.453189,0.0
-6.065962,50,25.488428,0.0
-6.123901,50,25.523557,0.0
-6.034814,50,25.558673,0.0
-5.592821,50,25.593799,0.0
-5.534408,50,25.628685,0.0
-6.441306,50,25.663554,0.0
-5.348967,50,25.698213,0.0
-5.374278,50,25.733589,0.0
-6.097935,50,25.76856,0.0
-5.443652,50,25.803803,0.0
-6.252955,50,25.839141,0.0
-5.521578,50,25.874569,0.0
-5.393799,50,25.909646,0.0
-6.092854,50,25.945007,0.0
-5.333901,50,25.980272,0.0
-5.766565,50,26.01562,0.0
-6.371819,50,26.050783,0.0
-5.993576,50,26.085692,0.0
-5.741653,50,26.12094,0.0
-5.93425,50,26.156091,0.0
-6.227068,50,26.190989,0.0
-5.849241,50,26.226104,0.0
-5.738964,50,26.261811,0.0
-6.188178,50,26.297202,0.0
-5.651101,50,26.332734,0.0
-5.532278,50,26.367948,0.0
-6.259456,50,26.515965,0.0
-4.668778,50,26.5512,0.0
-5.267061,50,26.586468,0.0
-5.330325,50,26.621455,0.0
-5.452964,50,26.657495,0.0
-6.030489,50,26.693156,0.0
-5.908113,50,26.728418,0.0
-5.946967,50,26.763677,0.0
-6.049571,50,26.799032,0.0
-6.112496,50,26.834097,0.0
-6.170625,50,26.869664,0.0
-5.701645,50,26.905261,0.0
-5.585954,50,26.940078,0.0
-6.081313,50,26.975491,0.0
-5.815969,50,27.010418,0.0
-6.274201,50,27.045323,0.0
-4.306,50,27.080637,0.0
-4.94099,50,27.115696,0.0
-6.101906,50,27.150837,0.0
-5.70556,50,27.186226,0.0
-6.012867,50,27.221617,0.0
-5.933288,50,27.257385,0.0
-4.982693,50,27.293251,0.0
-6.530597,50,27.328424,0.0
-5.73729,50,27.36376,0.0
-6.769162,50,27.398916,0.0
-4.7691,50,27.434115,0.0
-5.055139,50,27.46919,0.0
-5.534933,50,27.504079,0.0
-5.909557,50,27.538982,0.0
-5.235976,50,27.574428,0.0
-5.788403,50,27.609504,0.0
-5.512101,50,27.645193,0.0
-6.38171,50,27.680108,0.0
-6.442297,50,27.715059,0.0
-5.97596,50,27.749953,0.0
-5.63054,50,27.784904,0.0
-5.219975,50,27.819678,0.0
-5.709895,50,27.85473,0.0
-5.788802,50,27.890307,0.0
-6.458365,50,27.925653,0.0
-6.299118,50,28.07351,0.0
-4.297958,50,28.109011,0.0
-6.345272,50,28.144448,0.0
-6.358057,50,28.179572,0.0
-5.861577,50,28.214879,0.0
-6.191416,50,28.249665,0.0
-3.696838,50,28.284807,0.0
-6.462916,50,28.320513,0.0
-6.578772,50,28.355587,0.0
-6.104953,50,28.390597,0.0
-5.299831,50,28.42569,0.0
-5.465762,50,28.460573,0.0
-6.66121,50,28.495602,0.0
-6.098181,50,28.530633,0.0
-5.938137,50,28.565628,0.0
-5.503821,50,28.600878,0.0
-5.86467,50,28.635915,0.0
-5.70384,50,28.671337,0.0
-6.064821,50,28.706757,0.0
-4.278318,50,28.741823,0.0
-5.341633,50,28.7771,0.0
-4.289421,50,28.812054,0.0
-5.634575,50,28.847419,0.0
-5.671613,50,28.88263,0.0
-6.076209,50,28.918007,0.0
-5.63291,50,28.952875,0.0
-5.08421,50,28.988897,0.0
-6.305904,50,29.024869,0.0
-5.286946,50,29.060041,0.0
-6.07226,50,29.095343,0.0
-4.172344,50,29.130679,0.0
-5.99699,50,29.16612,0.0
-5.696239,50,29.201369,0.0
-6.476787,50,29.236418,0.0
-5.56838,50,29.271803,0.0
-6.461723,50,29.3072,0.0
-5.915009,50,29.342769,0.0
-6.326588,50,29.377774,0.0
-6.379874,50,29.412989,0.0
-5.342563,50,29.448386,0.0
-5.539351,50,29.484491,0.0
-6.200058,50,29.633512,0.0
-6.363176,50,29.669015,0.0
-6.034346,50,29.704155,0.0
-6.117095,50,29.738915,0.0
-5.707214,50,29.774028,0.0
-5.044663,50,29.808933,0.0
-4.27248,50,29.843889,0.0
-6.545302,50,29.879167,0.0
-5.682542,50,29.914882,0.0
-5.631038,50,29.950315,0.0
-6.028833,50,29.985358,0.0
-6.008137,50,30.020286,0.0
-5.344491,50,30.055163,0.0
-5.55754,50,30.090415,0.0
-5.548386,50,30.125677,0.0
-5.966779,50,30.160949,0.0
-6.870656,50,30.195608,0.0
-5.684567,50,30.231264,0.0
-4.361487,50,30.266794,0.0
-5.210206,50,30.301978,0.0
-4.204035,50,30.336954,0.0
-5.016389,50,30.372491,0.0
-6.156513,50,30.407403,0.0
-5.87095,50,30.442376,0.0
-5.999921,50,30.477741,0.0
-5.392349,50,30.512411,0.0
-6.532461,50,30.547372,0.0
-5.738112,50,30.582517,0.0
-5.948517,50,30.61783,0.0
-5.769117,50,30.65319,0.0
-5.361083,50,30.688131,0.0
-5.510688,50,30.723693,0.0
-3.999821,50,30.759176,0.0
-4.358141,50,30.794097,0.0
-5.973332,50,30.829316,0.0
-6.280993,50,30.864985,0.0
-5.47231,50,30.900438,0.0
-5.656218,50,30.935739,0.0
-6.056715,50,30.971518,0.0
-5.864289,50,31.006678,0.0
-5.951124,50,31.042524,0.0
-6.520396,50,31.193506,0.0
-6.404983,50,31.228843,0.0
-5.773329,50,31.263838,0.0
-5.613022,50,31.298875,0.0
-5.184434,50,31.334402,0.0
-5.533482,50,31.36888,0.0
-5.83692,50,31.403838,0.0
-5.545554,50,31.438859,0.0
-6.561859,50,31.473824,0.0
-5.121743,50,31.509392,0.0
-5.617642,50,31.544299,0.0
-5.817257,50,31.579263,0.0
-5.470961,50,31.614564,0.0
-5.966004,50,31.650008,0.0
-5.452979,50,31.685385,0.0
-6.553314,50,31.720999,0.0
-5.878007,50,31.756383,0.0
-5.416162,50,31.791612,0.0
-6.125631,50,31.827019,0.0
-6.198078,50,31.8619,0.0
-5.71621,50,31.897642,0.0
-5.476719,50,31.932949,0.0
-5.991912,50,31.968169,0.0
-5.249043,50,32.003515,0.0
-5.508927,50,32.038721,0.0
-5.96251,50,32.073756,0.0
-4.057144,50,32.109087,0.0
-6.2189,50,32.143949,0.0
-5.987219,50,32.179379,0.0
-5.933198,50,32.215056,0.0
-5.67458,50,32.250671,0.0
-5.954481,50,32.285783,0.0
-5.46577,50,32.320957,0.0
-5.65949,50,32.35595,0.0
-5.66715,50,32.391307,0.0
-6.540724,50,32.426477,0.0
-5.899804,50,32.461461,0.0
-5.765955,50,32.496841,0.0
-5.633553,50,32.53209,0.0
-6.435331,50,32.566915,0.0
-6.020651,50,32.602004,0.0
-5.979081,50,32.751392,0.0
-4.133534,50,32.786526,0.0
-5.99344,50,32.822088,0.0
-5.640417,50,32.857248,0.0
-4.385344,50,32.892719,0.0
-5.943207,50,32.927474,0.0
-5.690715,50,32.962951,0.0
-5.760684,50,32.998431,0.0
-4.618592,50,33.03347,0.0
-5.969666,50,33.068703,0.0
-6.256375,50,33.103891,0.0
-6.03378,50,33.139325,0.0
-5.176962,50,33.174958,0.0
-5.261701,50,33.210032,0.0
-5.464673,50,33.245081,0.0
-5.475171,50,33.28005,0.0
-5.89452,50,33.314877,0.0
-5.427527,50,33.350445,0.0
-5.344139,50,33.385674,0.0
-5.400507,50,33.420636,0.0
-5.94764,50,33.455877,0.0
-5.275709,50,33.49148,0.0
-5.630353,50,33.526928,0.0
-5.524124,50,33.561821,0.0
-5.235488,50,33.596853,0.0
-5.634875,50,33.632091,0.0
-5.65102,50,33.667137,0.0
-5.182718,50,33.702251,0.0
-6.349354,50,33.737297,0.0
-5.764987,50,33.772623,0.0
-5.92734,50,33.807561,0.0
-5.595217,50,33.842864,0.0
-5.314211,50,33.8778,0.0
-5.589385,50,33.913292,0.0
-6.342413,50,33.948524,0.0
-5.59628,50,33.98363,0.0
-5.686302,50,34.018861,0.0
-5.881726,50,34.053833,0.0
-6.198706,50,34.088903,0.0
-4.40527,50,34.124024,0.0
-5.596381,50,34.159223,0.0
-5.691596,50,34.307617,0.0
-5.290084,50,34.343324,0.0
-5.838488,50,34.378339,0.0
-6.246028,50,34.413773,0.0
-6.117588,50,34.448777,0.0
-6.283392,50,34.483729,0.0
-5.907992,50,34.518485,0.0
-4.526671,50,34.553458,0.0
-5.837312,50,34.588431,0.0
-4.283346,50,34.623605,0.0
-6.069923,50,34.658955,0.0
-6.534745,50,34.694312,0.0
-5.698736,50,34.729984,0.0
-5.165,50,34.765293,0.0
-5.791143,50,34.800499,0.0
-5.569842,50,34.835715,0.0
-5.429161,50,34.87196,0.0
-5.190579,50,34.90727,0.0
-6.508831,50,34.942211,0.0
-5.500747,50,34.977555,0.0
-4.954943,50,35.013262,0.0
-5.25963,50,35.048642,0.0
-5.874422,50,35.083882,0.0
-5.76023,50,35.119107,0.0
-5.70765,50,35.154243,0.0
-5.507735,50,35.189611,0.0
-4.484562,50,35.22513,0.0
-5.352409,50,35.26025,0.0
-5.824967,50,35.295458,0.0
-5.593733,50,35.330378,0.0
-5.829821,50,35.365147,0.0
-4.278115,50,35.400033,0.0
-5.550969,50,35.434183,0.0
-5.983867,50,35.469206,0.0
-5.186042,50,35.504983,0.0
-4.047815,50,35.540307,0.0
-4.608808,50,35.575341,0.0
-5.790095,50,35.610588,0.0
-5.90451,50,35.646313,0.0
-5.580053,50,35.681698,0.0
-6.135543,50,35.716533,0.0
-5.276746,50,35.864891,0.0
-5.741889,50,35.900559,0.0
-5.716445,50,35.936056,0.0
-5.237532,50,35.971531,0.0
-5.355795,50,36.006732,0.0
-5.50133,50,36.041986,0.0
-6.191374,50,36.076796,0.0
-6.398965,50,36.11193,0.0
-5.470144,50,36.147366,0.0
-5.60545,50,36.182326,0.0
-4.919482,50,36.217534,0.0
-5.20402,50,36.252841,0.0
-5.497098,50,36.287635,0.0
-6.049216,50,36.322678,0.0
-5.339777,50,36.357718,0.0
-6.401034,50,36.392724,0.0
-6.109755,50,36.42766,0.0
-5.646024,50,36.46241,0.0
-5.705626,50,36.497321,0.0
-6.075192,50,36.532089,0.0
-5.066964,50,36.567283,0.0
-5.182778,50,36.602262,0.0
-5.512797,50,36.637434,0.0
-5.458497,50,36.673127,0.0
-5.541666,50,36.708515,0.0
-4.012937,50,36.743962,0.0
-5.416255,50,36.779141,0.0
-6.385672,50,36.814129,0.0
-5.954851,50,36.848838,0.0
-5.817567,50,36.883972,0.0
-5.230837,50,36.918719,0.0
-5.183711,50,36.953551,0.0
-6.27557,50,36.98849,0.0
-5.735293,50,37.023011,0.0
-4.780137,50,37.057976,0.0
-5.902645,50,37.092783,0.0
-5.608799,50,37.12786,0.0
-6.343832,50,37.163757,0.0
-5.175337,50,37.199416,0.0
-5.659445,50,37.234851,0.0
-5.688793,50,37.270466,0.0
-4.994949,50,37.419582,0.0
-5.749837,50,37.454858,0.0
-4.897569,50,37.490181,0.0
-4.837431,50,37.525437,0.0
-6.465785,50,37.560418,0.0
-5.779396,50,37.595798,0.0
-5.450574,50,37.631155,0.0
-5.898232,50,37.666581,0.0
-5.256676,50,37.701758,0.0
-5.859178,50,37.737226,0.0
-4.483014,50,37.771784,0.0
-4.163642,50,37.806746,0.0
-5.51469,50,37.842156,0.0
-4.180364,50,37.877174,0.0
-5.529915,50,37.912,0.0
-5.74455,50,37.946846,0.0
-5.92378,50,37.982166,0.0
-6.153554,50,38.367304,0.0
-6.38311,50,38.402355,0.0
-4.172444,50,38.437192,0.0
-5.777439,50,38.472314,0.0
-5.627114,50,38.507376,0.0
-5.321804,50,38.542514,0.0
-5.766683,50,38.577648,0.0
-5.314844,50,38.612995,0.0
-5.961083,50,38.648963,0.0
-6.076894,50,38.684377,0.0
-5.632355,50,38.720103,0.0
-5.964493,50,38.754979,0.0
-5.191363,50,38.790895,0.0
-5.233524,50,38.826411,0.0
-5.580041,50,38.861852,0.0
-5.50332,50,38.896566,0.0
-5.451309,50,38.931726,0.0
-5.139403,50,38.967125,0.0
-5.236492,50,39.002282,0.0
-5.623254,50,39.036956,0.0
-5.683032,50,39.072137,0.0
-6.005685,50,39.107264,0.0
-4.068142,50,39.142132,0.0
-5.253087,50,39.177369,0.0
-5.915836,50,39.327034,0.0
-5.556745,50,39.362498,0.0
-5.570618,50,39.39771,0.0
-6.088919,50,39.43319,0.0
-5.577152,50,39.468487,0.0
-4.944132,50,39.503738,0.0
-6.450134,50,39.539905,0.0
-6.437732,50,39.57559,0.0
-5.564632,50,39.610918,0.0
-5.370738,50,39.646895,0.0
-5.290223,50,39.68268,0.0
-5.859466,50,39.717699,0.0
-6.067601,50,39.753153,0.0
-4.32142,50,39.788494,0.0
-5.273565,50,39.824042,0.0
-4.845595,50,39.859277,0.0
-5.519224,50,39.89447,0.0
-5.605523,50,39.929748,0.0
-5.630177,50,39.964892,0.0
-4.383967,50,39.999657,0.0
-4.795101,50,40.034804,0.0
-5.721112,50,40.07015,0.0
-5.56978,50,40.105403,0.0
-4.520025,50,40.140275,0.0
-5.417914,50,40.174572,0.0
-6.153491,50,40.209146,0.0
-5.436686,50,40.243908,0.0
-5.753956,50,40.279169,0.0
-5.713368,50,40.313681,0.0
-6.163896,50,40.348557,0.0
-5.322648,50,40.382962,0.0
-5.307175,50,40.417539,0.0
-5.499263,50,40.451871,0.0
-4.523544,50,40.486702,0.0
-5.044777,50,40.521701,0.0
-6.100977,50,40.555844,0.0
-6.034678,50,40.590132,0.0
-3.782814,50,40.624743,0.0
-5.634738,50,40.659161,0.0
-5.751096,50,40.693658,0.0
-5.080344,50,40.841349,0.0
-6.261709,50,40.878085,0.0
-5.587128,50,40.91429,0.0
-6.511287,50,40.949376,0.0
-5.910677,50,40.984156,0.0
-5.298131,50,41.019673,0.0
-5.57558,50,41.055495,0.0
-5.7667,50,41.090419,0.0
-5.566073,50,41.125129,0.0
-5.609519,50,41.159654,0.0
-5.63094,50,41.194317,0.0
-5.585184,50,41.228721,0.0
-5.676254,50,41.263038,0.0
-5.876414,50,41.297399,0.0
-5.100473,50,41.332068,0.0
-5.823653,50,41.366684,0.0
-5.260314,50,41.401332,0.0
-5.358117,50,41.436571,0.0
-6.03909,50,41.471157,0.0
-5.223335,50,41.506188,0.0
-5.215085,50,41.542598,0.0
-4.881505,50,41.580034,0.0
-5.633233,50,41.616897,0.0
-5.711099,50,41.653016,0.0
-4.838039,50,41.689429,0.0
-5.285779,50,41.724899,0.0
-5.228498,50,41.760877,0.0
-6.241994,50,41.797203,0.0
-5.180192,50,41.833202,0.0
-5.69507,50,41.869441,0.0
-5.674971,50,41.905578,0.0
-6.415187,50,41.941098,0.0
-5.121754,50,41.975959,0.0
-5.29465,50,42.011602,0.0
-5.434169,50,42.048168,0.0
-5.885958,50,42.082664,0.0
-3.998959,50,42.117898,0.0
-6.180638,50,42.153333,0.0
-5.967995,50,42.188943,0.0
-5.561134,50,42.22336,0.0
-5.585381,50,42.258297,0.0
-5.635781,50,42.410416,0.0
-4.334566,50,42.448699,0.0
-5.049849,50,42.486388,0.0
-6.315235,50,42.523846,0.0
-5.591547,50,42.558749,0.0
-6.168204,50,42.593969,0.0
-5.326337,50,42.629203,0.0
-4.813344,50,42.665353,0.0
-5.483586,50,42.700747,0.0
-4.583017,50,42.736676,0.0
-5.122354,50,42.772331,0.0
-4.632411,50,42.807226,0.0
-5.863233,50,42.841949,0.0
-5.135594,50,42.876597,0.0
-5.250465,50,42.911181,0.0
-5.218356,50,42.945539,0.0
-5.586833,50,42.980003,0.0
-5.6568,50,43.014296,0.0
-4.34597,50,43.048762,0.0
-5.190532,50,43.082799,0.0
-5.715005,50,43.117684,0.0
-5.116119,50,43.152374,0.0
-5.018763,50,43.186813,0.0
-5.255071,50,43.221082,0.0
-5.39233,50,43.256342,0.0
-6.00904,50,43.290925,0.0
-5.140799,50,43.325971,0.0
-4.016169,50,43.360324,0.0
-5.110014,50,43.395055,0.0
-3.633322,50,43.429269,0.0
-5.363389,50,43.463816,0.0
-5.787433,50,43.499012,0.0
-6.191968,50,43.533882,0.0
-5.285533,50,43.568675,0.0
-4.607382,50,43.603096,0.0
-5.818726,50,43.637424,0.0
-4.903461,50,43.672465,0.0
-4.336866,50,43.706772,0.0
-6.204198,50,43.741402,0.0
-5.992224,50,43.775739,0.0
-5.498356,50,43.809969,0.0
-5.733414,50,43.957282,0.0
-5.497607,50,43.992113,0.0
-5.087076,50,44.026967,0.0
-5.675392,50,44.062092,0.0
-5.390049,50,44.096649,0.0
-5.330564,50,44.131672,0.0
-5.633679,50,44.165957,0.0
-5.183836,50,44.200237,0.0
-5.714389,50,44.234603,0.0
-5.010794,50,44.268962,0.0
-5.765463,50,44.303749,0.0
-5.065651,50,44.338392,0.0
-6.423554,50,44.372761,0.0
-5.859415,50,44.407554,0.0
-4.485971,50,44.442064,0.0
-6.51465,50,44.476679,0.0
-5.102964,50,44.511552,0.0
-5.291946,50,44.545861,0.0
-4.211588,50,44.580594,0.0
-5.410188,50,44.615101,0.0
-5.551071,50,44.649936,0.0
-5.081166,50,44.684273,0.0
-4.25335,50,44.718614,0.0
-4.267323,50,44.753184,0.0
-6.090902,50,44.790444,0.0
-5.467426,50,44.828448,0.0
-5.754879,50,44.866087,0.0
-5.275422,50,44.902835,0.0
-5.644973,50,44.938634,0.0
-5.451636,50,44.973324,0.0
-5.578578,50,45.008314,0.0
-5.469739,50,45.043047,0.0
-5.596586,50,45.077601,0.0
-5.787102,50,45.111855,0.0
-5.157871,50,45.145954,0.0
-5.298697,50,45.180866,0.0
-5.147859,50,45.217637,0.0
-5.768112,50,45.251773,0.0
-5.165451,50,45.286643,0.0
-5.423235,50,45.321312,0.0
-4.055054,50,45.356344,0.0
-5.884985,50,45.501952,0.0
-6.316066,50,45.536695,0.0
-5.91149,50,45.570788,0.0
-5.430785,50,45.605316,0.0
-5.689798,50,45.639979,0.0
-4.168913,50,45.674445,0.0
-5.598252,50,45.709486,0.0
-4.323339,50,45.743792,0.0
-5.878136,50,45.778103,0.0
-5.862647,50,45.814946,0.0
-5.072964,50,45.850282,0.0
-5.038748,50,45.885008,0.0
-5.151389,50,45.919227,0.0
-5.178788,50,45.953404,0.0
-5.930025,50,45.987821,0.0
-5.631282,50,46.022472,0.0
-5.178306,50,46.056919,0.0
-6.072326,50,46.091267,0.0
-5.84792,50,46.125838,0.0
-6.43875,50,46.159935,0.0
-5.519935,50,46.194158,0.0
-5.469733,50,46.228393,0.0
-5.127515,50,46.262853,0.0
-4.616034,50,46.29688,0.0
-5.285138,50,46.331283,0.0
-5.361446,50,46.365813,0.0
-6.100602,50,46.399844,0.0
-5.386585,50,46.434416,0.0
-5.151513,50,46.469049,0.0
-5.638584,50,46.503331,0.0
-5.712046,50,46.537612,0.0
-5.766704,50,46.5722,0.0
-6.023389,50,46.606482,0.0
-5.729893,50,46.641043,0.0
-5.66487,50,46.675981,0.0
-5.641793,50,46.710515,0.0
-5.126255,50,46.745397,0.0
-5.878223,50,46.782164,0.0
-5.84416,50,46.81943,0.0
-5.703204,50,46.854815,0.0
-5.673135,50,46.889944,0.0
-5.686309,50,47.046887,0.0
-5.281481,50,47.083736,0.0
-5.572208,50,47.118248,0.0
-4.959638,50,47.153651,0.0
-5.32199,50,47.188448,0.0
-4.810616,50,47.223208,0.0
-5.779376,50,47.258304,0.0
-5.655799,50,47.293018,0.0
-6.190116,50,47.327384,0.0
-5.679552,50,47.36191,0.0
-5.860717,50,47.397148,0.0
-5.639402,50,47.431732,0.0
-5.5325,50,47.465901,0.0
-4.779359,50,47.500155,0.0
-5.893103,50,47.534266,0.0
-5.669906,50,47.568774,0.0
-5.421063,50,47.602901,0.0
-5.372888,50,47.637324,0.0
-6.219647,50,47.672486,0.0
-4.175004,50,47.707089,0.0
-5.399492,50,47.741441,0.0
-5.562934,50,47.776331,0.0
-5.00921,50,47.813456,0.0
-5.106816,50,47.84776,0.0
-5.573104,50,47.882487,0.0
-5.461278,50,47.916835,0.0
-5.887753,50,47.951089,0.0
-6.04053,50,47.985508,0.0
-5.063424,50,48.01991,0.0
-5.382778,50,48.054157,0.0
-5.509307,50,48.088106,0.0
-5.483544,50,48.122411,0.0
-5.363919,50,48.157003,0.0
-5.510353,50,48.191493,0.0
-6.061859,50,48.226017,0.0
-5.797524,50,48.260368,0.0
-5.475704,50,48.29463,0.0
-5.397948,50,48.329233,0.0
-5.058628,50,48.363456,0.0
-5.184056,50,48.397659,0.0
-5.751109,50,48.432072,0.0
-5.968027,50,48.578247,0.0
-4.263847,50,48.613527,0.0
-5.321323,50,48.648702,0.0
-5.383062,50,48.683192,0.0
-5.631041,50,48.717492,0.0
-5.805006,50,48.752015,0.0
-5.255087,50,48.786216,0.0
-3.813231,50,48.820904,0.0
-5.638924,50,48.85535,0.0
-5.66369,50,48.889646,0.0
-5.753774,50,48.923973,0.0
-4.814766,50,48.958396,0.0
-4.807166,50,48.993006,0.0
-6.012158,50,49.027454,0.0
-6.128736,50,49.061678,0.0
-5.799511,50,49.095971,0.0
-5.828406,50,49.130654,0.0
-6.248363,50,49.165125,0.0
-5.680125,50,49.199518,0.0
-4.7366,50,49.233748,0.0
-5.556884,50,49.267955,0.0
-6.227433,50,49.302262,0.0
-5.884281,50,49.336823,0.0
-5.57875,50,49.371297,0.0
-5.450464,50,49.405783,0.0
-5.415985,50,49.439908,0.0
-4.602747,50,49.474127,0.0
-5.612736,50,49.508441,0.0
-5.052538,50,49.54323,0.0
-5.42246,50,49.577796,0.0
-5.178486,50,49.612283,0.0
-4.742245,50,49.647117,0.0
-4.897483,50,49.681706,0.0
-4.611338,50,49.71588,0.0
-4.358797,50,49.751392,0.0
-5.322354,50,49.788001,0.0
-5.976565,50,49.825309,0.0
-4.386273,50,49.863446,0.0
-5.235882,50,49.900608,0.0
-5.29773,50,49.937685,0.0
-4.876623,50,49.974904,0.0
-5.591166,50,50.134079,0.0
-4.575247,50,50.172215,0.0
-4.911018,50,50.209995,0.0
-4.472517,50,50.247423,0.0
-5.535141,50,50.282135,0.0
-5.631558,50,50.317259,0.0
-5.862489,50,50.351955,0.0
-6.085752,50,50.386845,0.0
-5.977557,50,50.421208,0.0
-5.745796,50,50.455986,0.0
-5.529256,50,50.490746,0.0
-5.376058,50,50.525163,0.0
-3.95992,50,50.559717,0.0
-5.778675,50,50.59419,0.0
-5.65157,50,50.629275,0.0
-5.237688,50,50.66437,0.0
-4.862759,50,50.699194,0.0
-5.592417,50,50.733766,0.0
-5.594643,50,50.768322,0.0
-4.645578,50,50.802983,0.0
-3.974941,50,50.837693,0.0
-5.27711,50,50.872883,0.0
-5.386606,50,50.907491,0.0
-5.290172,50,50.943551,0.0
-5.52588,50,50.981065,0.0
-5.199417,50,51.017851,0.0
-6.068259,50,51.055425,0.0
-5.600696,50,51.093233,0.0
-4.213109,50,51.130582,0.0
-4.599654,50,51.168075,0.0
-4.975649,50,51.206552,0.0
-4.968233,50,51.244036,0.0
-5.100007,50,51.282814,0.0
-6.324695,50,51.320845,0.0
-5.399537,50,51.357521,0.0
-5.879854,50,51.392338,0.0
-4.806801,50,51.426695,0.0
-5.412582,50,51.461723,0.0
-4.884953,50,51.49674,0.0
-5.595718,50,51.531316,0.0
-5.14388,50,51.566651,0.0
-4.347413,50,51.714116,0.0
-5.879918,50,51.748661,0.0
-5.052125,50,51.783707,0.0
-4.357535,50,51.818704,0.0
-5.754258,50,51.853561,0.0
-5.482315,50,51.887969,0.0
-5.282097,50,51.922342,0.0
-5.671301,50,51.958701,0.0
-5.626536,50,51.996099,0.0
-4.933126,50,52.03377,0.0
-5.715933,50,52.070701,0.0
-5.679304,50,52.107882,0.0
-5.565516,50,52.143747,0.0
-5.651627,50,52.178049,0.0
-5.246362,50,52.21283,0.0
-5.022499,50,52.247654,0.0
-5.247263,50,52.282461,0.0
-5.873038,50,52.317265,0.0
-5.04038,50,52.351243,0.0
-5.681316,50,52.385752,0.0
-4.436429,50,52.420278,0.0
-6.074099,50,52.454666,0.0
-5.086368,50,52.489065,0.0
-5.214417,50,52.523359,0.0
-5.869246,50,52.55772,0.0
-5.353772,50,52.591804,0.0
-5.373362,50,52.626058,0.0
-5.112271,50,52.660437,0.0
-4.892802,50,52.694864,0.0
-5.272431,50,52.729676,0.0
-4.937899,50,52.764204,0.0
-5.089999,50,52.798665,0.0
-5.049922,50,52.833026,0.0
-4.785802,50,52.867679,0.0
-5.297856,50,52.90242,0.0
-4.888998,50,52.936853,0.0
-5.749359,50,52.97145,0.0
-5.239527,50,53.005943,0.0
-5.385302,50,53.040802,0.0
-5.023904,50,53.075004,0.0
-5.458893,50,53.10945,0.0
-5.203227,50,53.254762,0.0
-5.466264,50,53.289472,0.0
-4.872731,50,53.323684,0.0
-4.961305,50,53.358191,0.0
-5.511142,50,53.392642,0.0
-5.403347,50,53.427098,0.0
-5.246561,50,53.461571,0.0
-5.399697,50,53.495799,0.0
-5.641682,50,53.530516,0.0
-4.742382,50,53.565036,0.0
-5.337217,50,53.59967,0.0
-5.112977,50,53.634298,0.0
-5.698705,50,53.671837,0.0
-6.188893,50,53.70933,0.0
-5.244091,50,53.743636,0.0
-5.889061,50,53.778551,0.0
-5.307591,50,53.813301,0.0
-5.768335,50,53.848375,0.0
-4.904729,50,53.882921,0.0
-5.4838,50,53.917622,0.0
-5.68737,50,53.951988,0.0
-4.85067,50,53.986791,0.0
-4.918128,50,54.021553,0.0
-4.676916,50,54.056334,0.0
-3.53112,50,54.091104,0.0
-4.262382,50,54.125316,0.0
-5.429156,50,54.160042,0.0
-5.034339,50,54.194482,0.0
-5.270229,50,54.229166,0.0
-5.276503,50,54.263833,0.0
-5.802921,50,54.297842,0.0
-5.952956,50,54.332726,0.0
-5.764898,50,54.36712,0.0
-4.361796,50,54.401868,0.0
-4.80158,50,54.436637,0.0
-5.928616,50,54.471591,0.0
-5.04649,50,54.506229,0.0
-4.923283,50,54.540634,0.0
-5.812739,50,54.577174,0.0
-4.92083,50,54.612343,0.0
-5.746071,50,54.647469,0.0
-5.040205,50,54.794458,0.0
-5.334834,50,54.82873,0.0
-4.932378,50,54.863713,0.0
-5.391238,50,54.898175,0.0
-5.424587,50,54.932515,0.0
-5.605372,50,54.967105,0.0
-5.835158,50,55.001333,0.0
-4.980875,50,55.035734,0.0
-5.752121,50,55.070234,0.0
-5.415825,50,55.10474,0.0
-5.093683,50,55.139108,0.0
-5.651789,50,55.173518,0.0
-5.560145,50,55.207689,0.0
-6.088457,50,55.241814,0.0
-5.815664,50,55.276069,0.0
-4.927305,50,55.310406,0.0
-6.443721,50,55.344575,0.0
-5.146768,50,55.378632,0.0
-4.67769,50,55.413066,0.0
-5.894829,50,55.447272,0.0
-4.882241,50,55.481614,0.0
-4.99319,50,55.515886,0.0
-5.268315,50,55.550188,0.0
-5.077901,50,55.58486,0.0
-4.932107,50,55.619642,0.0
-5.303189,50,55.657054,0.0
-4.735715,50,55.692965,0.0
-5.834312,50,55.727365,0.0
-6.29033,50,55.761953,0.0
-5.847389,50,55.79633,0.0
-6.120093,50,55.830733,0.0
-5.491421,50,55.865236,0.0
-4.884765,50,55.899736,0.0
-5.623876,50,55.934281,0.0
-4.865864,50,55.968937,0.0
-5.560026,50,56.003356,0.0
-4.683375,50,56.037644,0.0
-3.535642,50,56.071929,0.0
-4.865653,50,56.106702,0.0
-3.961166,50,56.141635,0.0
-4.375778,50,56.176129,0.0
-5.494441,50,56.322797,0.0
-5.13505,50,56.358316,0.0
-4.796448,50,56.393198,0.0
-5.45277,50,56.428203,0.0
-5.275915,50,56.462871,0.0
-5.036527,50,56.497318,0.0
-4.673231,50,56.531929,0.0
-3.478359,50,56.566095,0.0
-5.280617,50,56.600585,0.0
-4.788949,50,56.635553,0.0
-4.691176,50,56.670545,0.0
-4.529074,50,56.704846,0.0
-5.182819,50,56.739106,0.0
-5.182916,50,56.773683,0.0
-4.552036,50,56.808499,0.0
-5.403127,50,56.843046,0.0
-5.922198,50,56.877274,0.0
-5.475993,50,56.912003,0.0
-5.817745,50,56.947656,0.0
-5.411134,50,56.982568,0.0
-5.177795,50,57.017455,0.0
-4.873961,50,57.052146,0.0
-5.209509,50,57.086396,0.0
-5.454509,50,57.121039,0.0
-4.179332,50,57.15541,0.0
-5.697444,50,57.190707,0.0
-4.986356,50,57.22844,0.0
-5.686134,50,57.266274,0.0
-4.257966,50,57.303807,0.0
-5.207617,50,57.341724,0.0
-5.110832,50,57.379421,0.0
-4.939483,50,57.413849,0.0
-5.347095,50,57.448721,0.0
-5.278442,50,57.48323,0.0
-5.225055,50,57.518171,0.0
-5.11308,50,57.552412,0.0
-5.813005,50,57.588078,0.0
-5.527957,50,57.625043,0.0
-5.554774,50,57.660684,0.0
-4.977567,50,57.695856,0.0
-5.509616,50,57.730724,0.0
-5.677217,50,57.877778,0.0
-5.274941,50,57.912528,0.0
-5.765333,50,57.946887,0.0
-5.55633,50,57.981477,0.0
-5.583135,50,58.016181,0.0
-5.179253,50,58.050709,0.0
-5.15655,50,58.085555,0.0
-6.038444,50,58.120286,0.0
-5.425996,50,58.155004,0.0
-4.79371,50,58.191718,0.0
-4.970181,50,58.227165,0.0
-5.433554,50,58.261778,0.0
-4.887636,50,58.296658,0.0
-5.111591,50,58.331541,0.0
-5.293432,50,58.366079,0.0
-5.355005,50,58.400812,0.0
-6.229231,50,58.435188,0.0
-4.297036,50,58.469989,0.0
-4.575381,50,58.504499,0.0
-5.27171,50,58.538902,0.0
-5.725417,50,58.573189,0.0
-5.568498,50,58.60752,0.0
-5.159398,50,58.641971,0.0
-5.380771,50,58.67716,0.0
-4.542126,50,58.712046,0.0
-5.178219,50,58.746408,0.0
-5.321778,50,58.781045,0.0
-5.918273,50,58.816063,0.0
-5.061072,50,58.850503,0.0
-5.01403,50,58.885512,0.0
-4.852754,50,58.920052,0.0
-4.844642,50,58.95445,0.0
-4.973867,50,58.989455,0.0
-5.235176,50,59.023753,0.0
-4.897732,50,59.058606,0.0
-5.889055,50,59.093002,0.0
-5.210496,50,59.1275,0.0
-4.769101,50,59.162494,0.0
-5.35962,50,59.19736,0.0
-5.08405,50,59.232538,0.0
-5.285737,50,59.269795,0.0
-5.507976,50,59.429863,0.0
-4.88121,50,59.467641,0.0
-5.045526,50,59.504798,0.0
-5.677289,50,59.541856,0.0
-6.036476,50,59.578897,0.0
-4.801964,50,59.616322,0.0
-5.371184,50,59.653823,0.0
-4.931611,50,59.691186,0.0
-4.800593,50,59.72871,0.0
-4.211655,50,59.766076,0.0
-6.207342,50,59.802574,0.0
-5.279653,50,59.837143,0.0
-4.940988,50,59.873455,0.0
-5.126369,50,59.90891,0.0
-5.750074,50,59.943569,0.0
-5.139385,50,59.978703,0.0
-4.32941,50,60.013822,0.0
-5.10813,50,60.048724,0.0
-5.254457,50,60.083369,0.0
-3.989329,50,60.118367,0.0
-4.960572,50,60.153169,0.0
-4.937251,50,60.188057,0.0
-5.085355,50,60.222968,0.0
-6.006305,50,60.257747,0.0
-5.653526,50,60.293063,0.0
-4.767625,50,60.327657,0.0
-4.207369,50,60.362893,0.0
-5.222565,50,60.398378,0.0
-5.553511,50,60.433043,0.0
-5.611753,50,60.46845,0.0
-4.095631,50,60.503157,0.0
-4.890955,50,60.537997,0.0
-5.174233,50,60.573777,0.0
-5.494069,50,60.60898,0.0
-5.193347,50,60.644545,0.0
-4.778153,50,60.67901,0.0
-5.566484,50,60.714008,0.0
-5.44003,50,60.74941,0.0
-5.127579,50,60.784856,0.0
-5.11173,50,60.819461,0.0
-4.805411,50,60.855101,0.0
-5.23188,50,61.007389,0.0
-5.522097,50,61.042556,0.0
-5.368843,50,61.077807,0.0
-5.508839,50,61.113201,0.0
-6.129848,50,61.148776,0.0
-5.360279,50,61.184227,0.0
-5.156978,50,61.219245,0.0
-5.650743,50,61.254828,0.0
-4.086131,50,61.290342,0.0
-5.390155,50,61.32566,0.0
-5.007784,50,61.360898,0.0
-5.136133,50,61.396004,0.0
-4.814429,50,61.431377,0.0
-4.655581,50,61.466575,0.0
-5.218852,50,61.502203,0.0
-5.070067,50,61.537572,0.0
-4.969036,50,61.572171,0.0
-4.152871,50,61.607473,0.0
-4.382692,50,61.643016,0.0
-5.70183,50,61.678388,0.0
-4.629163,50,61.713328,0.0
-5.803368,50,61.748637,0.0
-5.592764,50,61.783919,0.0
-5.534206,50,61.819197,0.0
-4.900856,50,61.854872,0.0
-5.812299,50,61.890123,0.0
-4.525925,50,61.925723,0.0
-5.430589,50,61.961607,0.0
-5.719379,50,61.996576,0.0
-5.578005,50,62.032066,0.0
-4.849715,50,62.066998,0.0
-4.909782,50,62.101748,0.0
-5.45195,50,62.136667,0.0
-4.50608,50,62.172005,0.0
-5.071276,50,62.207177,0.0
-5.238829,50,62.242098,0.0
-4.701881,50,62.27718,0.0
-5.468218,50,62.312071,0.0
-5.088916,50,62.346837,0.0
-4.510674,50,62.382216,0.0
-4.097686,50,62.417013,0.0
-4.824703,50,62.565489,0.0
-5.975001,50,62.601195,0.0
-5.401802,50,62.636409,0.0
-4.962462,50,62.672274,0.0
-5.646327,50,62.707737,0.0
-5.253827,50,62.743314,0.0
-4.090909,50,62.782013,0.0
-5.410676,50,62.820448,0.0
-4.708532,50,62.856042,0.0
-4.700431,50,62.89197,0.0
-4.34506,50,62.928274,0.0
-5.220419,50,62.964278,0.0
-5.368969,50,62.999941,0.0
-4.749582,50,63.035359,0.0
-4.612697,50,63.071023,0.0
-5.458951,50,63.106531,0.0
-5.44159,50,63.141555,0.0
-5.007619,50,63.176767,0.0
-5.480165,50,63.212221,0.0
-5.41811,50,63.246776,0.0
-4.65816,50,63.282964,0.0
-4.586459,50,63.318351,0.0
-5.285127,50,63.35326,0.0
-4.785573,50,63.388089,0.0
-5.350396,50,63.423213,0.0
-5.011467,50,63.458267,0.0
-4.940396,50,63.493295,0.0
-4.4355,50,63.528532,0.0
-4.75535,50,63.565531,0.0
-5.712292,50,63.601689,0.0
-5.345885,50,63.63921,0.0
-5.490883,50,63.675393,0.0
-5.451222,50,63.712648,0.0
-3.920042,50,63.749625,0.0
-5.226644,50,63.785199,0.0
-4.65885,50,63.821011,0.0
-4.552355,50,63.856075,0.0
-4.643853,50,63.891989,0.0
-4.878759,50,63.927316,0.0
-5.139486,50,63.962105,0.0
-5.143337,50,63.99793,0.0
-4.588591,50,64.155695,0.0
-4.832201,50,64.191819,0.0
-4.727535,50,64.227171,0.0
-4.872112,50,64.263396,0.0
-5.126941,50,64.298839,0.0
-5.809558,50,64.334243,0.0
-5.039239,50,64.369309,0.0
-4.954763,50,64.407502,0.0
-5.648867,50,64.445636,0.0
-4.559168,50,64.48408,0.0
-5.357781,50,64.519213,0.0
-5.020382,50,64.554931,0.0
-5.249675,50,64.590298,0.0
-4.803806,50,64.625938,0.0
-5.082418,50,64.661592,0.0
-4.143444,50,64.696597,0.0
-5.0569,50,64.731409,0.0
-4.749495,50,64.766088,0.0
-4.26046,50,64.801935,0.0
-4.829665,50,64.837383,0.0
-5.251403,50,64.874996,0.0
-4.695122,50,64.913141,0.0
-5.451674,50,64.950703,0.0
-4.722823,50,64.988323,0.0
-4.998413,50,65.025817,0.0
-5.308241,50,65.062942,0.0
-5.594464,50,65.10006,0.0
-5.439175,50,65.137319,0.0
-5.018453,50,65.174869,0.0
-4.610133,50,65.212081,0.0
-4.83228,50,65.247557,0.0
-4.880502,50,65.283373,0.0
-4.634112,50,65.318972,0.0
-4.564641,50,65.357085,0.0
-4.239445,50,65.393135,0.0
-4.731015,50,65.428112,0.0
-4.887083,50,65.462802,0.0
-4.915538,50,65.498063,0.0
-5.279318,50,65.533898,0.0
-4.771074,50,65.569449,0.0
-4.121801,50,65.604616,0.0
-5.170741,50,65.754292,0.0
-4.595556,50,65.791105,0.0
-4.742276,50,65.82688,0.0
-5.474835,50,65.861975,0.0
-4.751732,50,65.897327,0.0
-4.722478,50,65.931887,0.0
-5.379326,50,65.966978,0.0
-4.644372,50,66.002386,0.0
-4.183778,50,66.037584,0.0
-5.309293,50,66.072475,0.0
-4.516016,50,66.107789,0.0
-4.762207,50,66.142608,0.0
-4.676641,50,66.177796,0.0
-5.011976,50,66.212853,0.0
-5.407779,50,66.24797,0.0
-4.619958,50,66.283014,0.0
-5.264641,50,66.317993,0.0
-5.00752,50,66.353428,0.0
-5.284636,50,66.388664,0.0
-5.478047,50,66.424408,0.0
-4.176715,50,66.45982,0.0
-4.812642,50,66.496095,0.0
-4.841721,50,66.531164,0.0
-4.800069,50,66.566438,0.0
-5.304108,50,66.602206,0.0
-4.551314,50,66.637686,0.0
-5.744788,50,66.673162,0.0
-5.164062,50,66.708688,0.0
-5.276387,50,66.743571,0.0
-4.703431,50,66.779029,0.0
-5.108258,50,66.814711,0.0
-5.370046,50,66.850446,0.0
-5.558172,50,66.886055,0.0
-5.064731,50,66.921448,0.0
-5.682686,50,66.956814,0.0
-5.157727,50,66.992133,0.0
-4.902465,50,67.027798,0.0
-5.275003,50,67.062855,0.0
-4.736059,50,67.098132,0.0
-5.216452,50,67.133418,0.0
-4.411492,50,67.168823,0.0
-4.764178,50,67.31777,0.0
-4.840774,50,67.35336,0.0
-4.723372,50,67.388878,0.0
-5.237168,50,67.424346,0.0
-4.241316,50,67.459549,0.0
-5.23026,50,67.494987,0.0
-3.574582,50,67.529727,0.0
-4.24841,50,67.564639,0.0
-5.072485,50,67.599547,0.0
-4.359466,50,67.634474,0.0
-4.510294,50,67.671143,0.0
-5.335845,50,67.706178,0.0
-4.718031,50,67.742273,0.0
-4.421893,50,67.77896,0.0
-4.889142,50,67.814278,0.0
-5.134075,50,67.849705,0.0
-4.971105,50,67.884513,0.0
-5.041253,50,67.919973,0.0
-5.167626,50,67.955529,0.0
-4.968385,50,67.990702,0.0
-5.109698,50,68.025496,0.0
-5.524301,50,68.061627,0.0
-5.643513,50,68.097058,0.0
-5.110243,50,68.1323,0.0
-5.274442,50,68.167516,0.0
-4.660812,50,68.203175,0.0
-5.125262,50,68.239131,0.0
-4.755268,50,68.274445,0.0
-4.944872,50,68.310551,0.0
-5.218674,50,68.346152,0.0
-3.994667,50,68.382025,0.0
-4.790692,50,68.417487,0.0
-4.596873,50,68.452752,0.0
-4.924354,50,68.488118,0.0
-4.58553,50,68.524674,0.0
-5.155889,50,68.560382,0.0
-5.290156,50,68.595601,0.0
-4.444707,50,68.631472,0.0
-5.587548,50,68.667151,0.0
-4.775013,50,68.70285,0.0
-5.671867,50,68.738888,0.0
-5.102977,50,68.89099,0.0
-5.195491,50,68.926944,0.0
-4.055605,50,68.962775,0.0
-5.262781,50,68.997998,0.0
-5.736491,50,69.033884,0.0
-5.483141,50,69.070393,0.0
-5.580434,50,69.10635,0.0
-5.299131,50,69.141975,0.0
-4.688885,50,69.177528,0.0
-5.169319,50,69.212964,0.0
-5.171194,50,69.248808,0.0
-4.652871,50,69.284707,0.0
-5.372884,50,69.320235,0.0
-4.040529,50,69.355871,0.0
-4.916946,50,69.392565,0.0
-5.059309,50,69.427928,0.0
-4.994204,50,69.464067,0.0
-4.99225,50,69.500064,0.0
-4.760307,50,69.536177,0.0
-5.162374,50,69.572127,0.0
-4.555735,50,69.608332,0.0
-5.049122,50,69.645737,0.0
-4.366825,50,69.683494,0.0
-4.69077,50,69.71987,0.0
-5.173071,50,69.755402,0.0
-6.07368,50,69.791298,0.0
-4.655104,50,69.826765,0.0
-5.139962,50,69.862294,0.0
-4.983817,50,69.897903,0.0
-5.105045,50,69.932836,0.0
-4.737012,50,69.968046,0.0
-5.431435,50,70.003463,0.0
-4.674279,50,70.038721,0.0
-5.389439,50,70.073989,0.0
-4.92468,50,70.108946,0.0
-4.65732,50,70.144037,0.0
-4.191023,50,70.179329,0.0
-4.349712,50,70.215668,0.0
-5.100268,50,70.251166,0.0
-4.911593,50,70.287095,0.0
-5.36074,50,70.322026,0.0
-4.409331,50,70.471433,0.0
-4.531218,50,70.507031,0.0
-5.380569,50,70.541642,0.0
-4.541398,50,70.576692,0.0
-4.962081,50,70.611515,0.0
-5.068854,50,70.647343,0.0
-4.651946,50,70.682496,0.0
-5.281253,50,70.717395,0.0
-5.153064,50,70.75259,0.0
-4.82817,50,70.787703,0.0
-5.660923,50,70.823034,0.0
-5.344688,50,70.858395,0.0
-4.964164,50,70.893312,0.0
-5.283838,50,70.929199,0.0
-5.326849,50,70.964088,0.0
-5.197759,50,70.999513,0.0
-5.533448,50,71.034315,0.0
-4.504705,50,71.069184,0.0
-4.992013,50,71.104273,0.0
-5.262744,50,71.140402,0.0
-4.74984,50,71.175628,0.0
-4.625341,50,71.210782,0.0
-5.20922,50,71.24609,0.0
-4.737113,50,71.281396,0.0
-5.54237,50,71.31595,0.0
-5.07895,50,71.351243,0.0
-4.682211,50,71.386159,0.0
-4.066585,50,71.42108,0.0
-4.614636,50,71.456186,0.0
-5.351897,50,71.491227,0.0
-4.698586,50,71.526886,0.0
-5.013228,50,71.562245,0.0
-3.812418,50,71.596967,0.0
-5.814358,50,71.632039,0.0
-5.748769,50,71.666821,0.0
-4.780567,50,71.702521,0.0
-4.991012,50,71.738128,0.0
-5.056001,50,71.773426,0.0
-4.909081,50,71.808077,0.0
-5.679658,50,71.843378,0.0
-5.158788,50,71.878147,0.0
-4.012703,50,72.028466,0.0
-4.918118,50,72.063901,0.0
-5.220599,50,72.09912,0.0
-4.914527,50,72.134779,0.0
-5.218116,50,72.170419,0.0
-4.242243,50,72.206318,0.0
-4.983937,50,72.241627,0.0
-4.936342,50,72.277004,0.0
-4.860192,50,72.312187,0.0
-4.439226,50,72.346892,0.0
-5.154322,50,72.382989,0.0
-4.823776,50,72.41879,0.0
-4.492208,50,72.454119,0.0
-4.222927,50,72.489437,0.0
-4.570416,50,72.524578,0.0
-4.567373,50,72.559545,0.0
-5.031253,50,72.594327,0.0
-5.304788,50,72.629579,0.0
-5.568159,50,72.664862,0.0
-5.773214,50,72.699982,0.0
-4.124043,50,72.734914,0.0
-3.622058,50,72.770318,0.0
-4.484698,50,72.805859,0.0
-4.705298,50,72.841102,0.0
-4.94707,50,72.876726,0.0
-4.688228,50,72.912356,0.0
-4.791471,50,72.947097,0.0
-4.985068,50,72.982255,0.0
-5.107288,50,73.017879,0.0
-5.539546,50,73.053288,0.0
-4.533689,50,73.088341,0.0
-4.651271,50,73.123802,0.0
-3.91329,50,73.159048,0.0
-4.901563,50,73.194262,0.0
-4.712964,50,73.229744,0.0
-4.483587,50,73.265083,0.0
-5.642633,50,73.300481,0.0
-4.615884,50,73.336074,0.0
-4.786393,50,73.371787,0.0
-4.929787,50,73.407344,0.0
-4.980741,50,73.44299,0.0
-5.033817,50,73.59187,0.0
-5.056388,50,73.627114,0.0
-5.932125,50,73.662434,0.0
-4.797521,50,73.697981,0.0
-4.831315,50,73.732914,0.0
-4.101316,50,73.76834,0.0
-5.118373,50,73.803283,0.0
-5.089386,50,73.839007,0.0
-5.183002,50,73.8743,0.0
-5.013851,50,73.909974,0.0
-5.411135,50,73.944573,0.0
-4.840588,50,73.979454,0.0
-4.553182,50,74.014461,0.0
-5.034874,50,74.049202,0.0
-4.997022,50,74.084745,0.0
-4.380128,50,74.119855,0.0
-4.880996,50,74.155365,0.0
-4.630353,50,74.19067,0.0
-4.826112,50,74.226147,0.0
-5.426015,50,74.261237,0.0
-4.830782,50,74.296269,0.0
-4.77336,50,74.331363,0.0
-4.754875,50,74.366629,0.0
-4.770401,50,74.401869,0.0
-5.171105,50,74.436954,0.0
-4.888964,50,74.471878,0.0
-4.995438,50,74.506781,0.0
-4.909962,50,74.542358,0.0
-4.232537,50,74.577682,0.0
-4.92962,50,74.612808,0.0
-4.859465,50,74.648223,0.0
-5.483668,50,74.683077,0.0
-4.461905,50,74.718472,0.0
-4.581329,50,74.753949,0.0
-4.911661,50,74.789479,0.0
-5.130617,50,74.824758,0.0
-5.13579,50,74.859594,0.0
-5.83493,50,74.89462,0.0
-5.135177,50,74.92982,0.0
-4.412633,50,74.965094,0.0
-4.657139,50,75.000677,0.0
-5.674837,50,75.150075,0.0
-4.239166,50,75.185419,0.0
-5.40974,50,75.221287,0.0
-4.948307,50,75.256248,0.0
-4.606179,50,75.291283,0.0
-5.148877,50,75.326516,0.0
-5.239762,50,75.361517,0.0
-4.154352,50,75.396553,0.0
-4.684607,50,75.432064,0.0
-5.305182,50,75.466946,0.0
-4.501441,50,75.501987,0.0
-4.317808,50,75.537399,0.0
-4.791923,50,75.572778,0.0
-5.294064,50,75.608191,0.0
-5.839743,50,75.64366,0.0
-5.228013,50,75.678884,0.0
-5.381698,50,75.71411,0.0
-4.382994,50,75.749354,0.0
-4.055991,50,75.785733,0.0
-5.471907,50,75.822969,0.0
-4.978908,50,75.858955,0.0
-4.255091,50,75.893799,0.0
-4.954123,50,75.929277,0.0
-4.807859,50,75.965077,0.0
-5.369449,50,76.000569,0.0
-4.971772,50,76.036099,0.0
-4.350927,50,76.071811,0.0
-5.547985,50,76.106797,0.0
-4.922048,50,76.142056,0.0
-5.1915,50,76.17718,0.0
-4.891567,50,76.211759,0.0
-4.6304,50,76.24644,0.0
-5.195309,50,76.280837,0.0
-4.937733,50,76.31576,0.0
-5.100547,50,76.705595,0.0
-4.616717,50,76.741571,0.0
-4.899365,50,76.77705,0.0
-5.741413,50,76.813346,0.0
-4.433455,50,76.849127,0.0
-4.262766,50,76.884054,0.0
-5.183294,50,76.918921,0.0
-4.769995,50,77.06646,0.0
-4.525242,50,77.101694,0.0
-5.077695,50,77.137315,0.0
-4.605964,50,77.172893,0.0
-5.495365,50,77.208017,0.0
-4.725753,50,77.242662,0.0
-5.411611,50,77.277851,0.0
-3.634526,50,77.31285,0.0
-5.59419,50,77.348617,0.0
-4.869206,50,77.384443,0.0
-4.628061,50,77.419991,0.0
-5.511863,50,77.455493,0.0
-5.463321,50,77.491157,0.0
-4.577997,50,77.526753,0.0
-5.150338,50,77.561842,0.0
-4.702466,50,77.597027,0.0
-4.976493,50,77.632492,0.0
-5.019763,50,77.66731,0.0
-4.10744,50,77.702676,0.0
-5.472075,50,77.738107,0.0
-4.968394,50,77.772985,0.0
-4.964134,50,77.809346,0.0
-4.960642,50,77.845156,0.0
-5.664315,50,77.881034,0.0
-4.818593,50,77.916563,0.0
-5.409501,50,77.952244,0.0
-5.24877,50,77.987883,0.0
-5.604339,50,78.023197,0.0
-4.517465,50,78.058536,0.0
-4.517506,50,78.093497,0.0
-5.438462,50,78.129126,0.0
-4.738312,50,78.164831,0.0
-4.186851,50,78.19988,0.0
-5.170995,50,78.235195,0.0
-4.72448,50,78.271145,0.0
-5.518313,50,78.306241,0.0
-4.139258,50,78.341502,0.0
-4.522713,50,78.377119,0.0
-4.854676,50,78.41208,0.0
-5.254651,50,78.447619,0.0
-4.552143,50,78.482753,0.0
-4.985489,50,78.631702,0.0
-5.523906,50,78.667303,0.0
-5.276141,50,78.7027,0.0
-4.656472,50,78.738381,0.0
-4.793255,50,78.774131,0.0
-5.434629,50,78.809808,0.0
-4.171775,50,78.845593,0.0
-4.685586,50,78.881464,0.0
-4.721287,50,78.91661,0.0
-4.830071,50,78.952057,0.0
-5.252631,50,78.987243,0.0
-3.881133,50,79.022699,0.0
-4.736937,50,79.058045,0.0
-4.938218,50,79.09347,0.0
-5.586664,50,79.128952,0.0
-4.905518,50,79.164768,0.0
-4.519718,50,79.199971,0.0
-4.835605,50,79.235416,0.0
-4.765723,50,79.270905,0.0
-4.293872,50,79.306445,0.0
-4.83318,50,79.341945,0.0
-5.015212,50,79.377076,0.0
-4.75845,50,79.4122,0.0
-5.41223,50,79.447459,0.0
-4.824285,50,79.482515,0.0
-4.644597,50,79.517613,0.0
-4.512431,50,79.552492,0.0
-4.960001,50,79.587766,0.0
-4.998359,50,79.622896,0.0
-4.873581,50,79.658286,0.0
-5.891294,50,79.693876,0.0
-4.434277,50,79.729107,0.0
-4.664578,50,79.764736,0.0
-4.665581,50,79.800487,0.0
-4.340825,50,79.835782,0.0
-4.698007,50,79.871175,0.0
-5.043293,50,79.906288,0.0
-4.511429,50,79.941554,0.0
-5.364961,50,79.976926,0.0
-4.721929,50,80.011905,0.0
-4.876136,50,80.161106,0.0
-4.063569,50,80.197095,0.0
-4.663269,50,80.232857,0.0
-4.37722,50,80.268387,0.0
-4.603206,50,80.30409,0.0
-4.865631,50,80.339136,0.0
-5.320786,50,80.374597,0.0
-4.060983,50,80.410327,0.0
-5.52542,50,80.444631,0.0
-4.061185,50,80.479751,0.0
-5.353895,50,80.515277,0.0
-5.044603,50,80.55069,0.0
-4.230651,50,80.586064,0.0
-5.083495,50,80.621412,0.0
-5.851059,50,80.656286,0.0
-4.661042,50,80.691969,0.0
-4.08838,50,80.726935,0.0
-4.711102,50,80.761393,0.0
-5.623861,50,80.797068,0.0
-4.900923,50,80.832812,0.0
-5.03741,50,80.867862,0.0
-5.235801,50,80.903313,0.0
-4.623243,50,80.938367,0.0
-4.431255,50,80.973363,0.0
-4.689887,50,81.008835,0.0
-4.485712,50,81.044035,0.0
-5.07891,50,81.079104,0.0
-5.289148,50,81.114167,0.0
-4.371228,50,81.149237,0.0
-3.893465,50,81.18446,0.0
-4.667924,50,81.220123,0.0
-4.452547,50,81.255255,0.0
-5.187667,50,81.290152,0.0
-4.853772,50,81.325658,0.0
-5.137124,50,81.360628,0.0
-5.017853,50,81.395839,0.0
-4.778091,50,81.430884,0.0
-4.646086,50,81.465871,0.0
-5.282537,50,81.501454,0.0
-5.553914,50,81.536967,0.0
-4.8297,50,81.572632,0.0
-4.99473,50,81.720847,0.0
-5.615,50,81.756324,0.0
-4.499827,50,81.79123,0.0
-3.943654,50,81.826099,0.0
-5.227298,50,81.861456,0.0
-5.254691,50,81.897135,0.0
-4.409702,50,81.932541,0.0
-4.256247,50,81.967842,0.0
-5.735252,50,82.002779,0.0
-4.367985,50,82.038089,0.0
-4.425615,50,82.073747,0.0
-4.123224,50,82.109086,0.0
-4.078532,50,82.144291,0.0
-4.858527,50,82.179857,0.0
-4.511776,50,82.215155,0.0
-5.145167,50,82.250476,0.0
-4.710906,50,82.286101,0.0
-5.677815,50,82.321166,0.0
-5.451232,50,82.356433,0.0
-5.416941,50,82.391371,0.0
-4.63292,50,82.426385,0.0
-4.935594,50,82.461768,0.0
-5.286466,50,82.496846,0.0
-4.486637,50,82.531635,0.0
-4.905879,50,82.566997,0.0
-4.7312,50,82.602031,0.0
-4.475882,50,82.63728,0.0
-4.197583,50,82.672605,0.0
-4.542173,50,82.708046,0.0
-4.50273,50,82.743525,0.0
-5.947142,50,82.778797,0.0
-5.048765,50,82.814249,0.0
-4.822435,50,82.849735,0.0
-4.678648,50,82.884827,0.0
-5.4267,50,82.91993,0.0
-5.127514,50,82.955223,0.0
-5.026529,50,82.990288,0.0
-5.240363,50,83.025825,0.0
-4.767896,50,83.061321,0.0
-4.97599,50,83.096523,0.0
-5.633705,50,83.131786,0.0
-4.704566,50,83.280216,0.0
-5.097206,50,83.316028,0.0
-4.615519,50,83.351175,0.0
-4.622331,50,83.386634,0.0
-4.966745,50,83.421893,0.0
-4.968098,50,83.456722,0.0
-4.35865,50,83.492823,0.0
-5.073509,50,83.528923,0.0
-4.251539,50,83.564714,0.0
-4.38271,50,83.600013,0.0
-4.90175,50,83.635058,0.0
-4.545482,50,83.670095,0.0
-4.834054,50,83.705436,0.0
-4.798884,50,83.740493,0.0
-4.556301,50,83.776063,0.0
-5.363659,50,83.8113,0.0
-3.835886,50,83.846998,0.0
-4.653432,50,83.8825,0.0
-4.06597,50,83.918561,0.0
-4.582502,50,83.954999,0.0
-4.518356,50,83.989946,0.0
-4.540525,50,84.025426,0.0
-4.89919,50,84.060939,0.0
-4.796909,50,84.096065,0.0
-4.246757,50,84.131694,0.0
-4.491783,50,84.167102,0.0
-4.746515,50,84.20231,0.0
-4.798859,50,84.237916,0.0
-4.801197,50,84.272827,0.0
-4.870066,50,84.308084,0.0
-4.812209,50,84.343386,0.0
-4.492451,50,84.379194,0.0
-5.169936,50,84.414978,0.0
-5.039199,50,84.450305,0.0
-4.92805,50,84.485338,0.0
-4.421119,50,84.520668,0.0
-4.808788,50,84.556864,0.0
-4.868491,50,84.592333,0.0
-4.877139,50,84.627571,0.0
-4.958885,50,84.663064,0.0
-4.353201,50,84.698537,0.0
-5.212329,50,84.848161,0.0
-5.479735,50,84.883447,0.0
-4.44135,50,84.91995,0.0
-5.10084,50,84.955883,0.0
-4.680289,50,84.991506,0.0
-4.562698,50,85.02675,0.0
-4.073286,50,85.062375,0.0
-4.689157,50,85.09736,0.0
-5.388171,50,85.132811,0.0
-4.357307,50,85.16806,0.0
-4.753937,50,85.203517,0.0
-4.617177,50,85.238693,0.0
-5.105346,50,85.273921,0.0
-4.217679,50,85.308701,0.0
-5.736234,50,85.344093,0.0
-4.446056,50,85.380123,0.0
-4.561559,50,85.41573,0.0
-4.367651,50,85.45134,0.0
-5.111273,50,85.486232,0.0
-5.133562,50,85.521502,0.0
-4.784775,50,85.556602,0.0
-4.12324,50,85.591805,0.0
-5.109984,50,85.626716,0.0
-4.640403,50,85.662127,0.0
-5.142536,50,85.696679,0.0
-4.970167,50,85.731456,0.0
-4.728217,50,85.766603,0.0
-4.694786,50,85.801695,0.0
-5.238472,50,85.836724,0.0
-4.344669,50,85.872048,0.0
-4.975683,50,85.907201,0.0
-5.387327,50,85.942316,0.0
-4.42577,50,85.977318,0.0
-4.395746,50,86.013439,0.0
-4.738826,50,86.04905,0.0
-4.735461,50,86.084534,0.0
-5.799268,50,86.120263,0.0
-4.919983,50,86.156066,0.0
-4.510625,50,86.191066,0.0
-4.197918,50,86.226079,0.0
-4.430509,50,86.26117,0.0
-5.689605,50,86.410977,0.0
-5.323429,50,86.446666,0.0
-4.36681,50,86.482118,0.0
-5.300081,50,86.517666,0.0
-5.788694,50,86.55263,0.0
-5.41381,50,86.587931,0.0
-4.510639,50,86.623013,0.0
-4.80761,50,86.658763,0.0
-4.697458,50,86.694344,0.0
-5.023999,50,86.729224,0.0
-5.245139,50,86.764402,0.0
-4.408353,50,86.799529,0.0
-5.057698,50,86.834269,0.0
-4.699117,50,86.869065,0.0
-5.414247,50,86.904391,0.0
-4.935103,50,86.939161,0.0
-4.423799,50,86.973762,0.0
-4.359363,50,87.009049,0.0
-4.876573,50,87.044562,0.0
-5.275084,50,87.079152,0.0
-3.789419,50,87.114285,0.0
-4.933168,50,87.148845,0.0
-4.661685,50,87.183803,0.0
-4.50991,50,87.218493,0.0
-4.650596,50,87.253102,0.0
-3.969149,50,87.287427,0.0
-4.547105,50,87.32209,0.0
-5.053174,50,87.356512,0.0
-4.649164,50,87.391209,0.0
-4.712656,50,87.425863,0.0
-4.81219,50,87.46035,0.0
-5.174462,50,87.495027,0.0
-4.690942,50,87.529512,0.0
-4.155032,50,87.56436,0.0
-4.403112,50,87.59886,0.0
-5.1648,50,87.633398,0.0
-4.580023,50,87.667826,0.0
-5.130241,50,87.702392,0.0
-4.943084,50,87.737094,0.0
-5.254994,50,87.772814,0.0
-4.285789,50,87.807996,0.0
-4.526954,50,87.956632,0.0
-4.882838,50,87.991884,0.0
-5.066892,50,88.027457,0.0
-5.151974,50,88.063363,0.0
-4.712483,50,88.098667,0.0
-4.818246,50,88.133794,0.0
-5.018214,50,88.168979,0.0
-4.596746,50,88.203892,0.0
-5.016747,50,88.239309,0.0
-4.993515,50,88.274494,0.0
-4.941366,50,88.309399,0.0
-4.321505,50,88.344616,0.0
-5.517965,50,88.380361,0.0
-4.686222,50,88.415781,0.0
-4.181693,50,88.451055,0.0
-4.154258,50,88.486341,0.0
-5.123683,50,88.521477,0.0
-4.692142,50,88.556558,0.0
-4.562002,50,88.591209,0.0
-5.012796,50,88.626092,0.0
-4.757793,50,88.661471,0.0
-5.410476,50,88.696636,0.0
-4.578995,50,88.732426,0.0
-4.042364,50,88.768325,0.0
-4.825039,50,88.803843,0.0
-5.397624,50,88.839883,0.0
-4.80256,50,88.875628,0.0
-5.035624,50,88.911158,0.0
-5.331924,50,88.94666,0.0
-5.09849,50,88.982312,0.0
-4.547182,50,89.017844,0.0
-4.471917,50,89.052971,0.0
-4.724755,50,89.088107,0.0
-4.754128,50,89.123759,0.0
-5.088662,50,89.159414,0.0
-4.254702,50,89.194781,0.0
-4.703893,50,89.230314,0.0
-5.23883,50,89.265734,0.0
-5.001224,50,89.300941,0.0
-4.667039,50,89.336051,0.0
-4.830459,50,89.371917,0.0
-4.857098,50,89.52115,0.0
-4.511453,50,89.556662,0.0
-5.452805,50,89.591766,0.0
-4.648925,50,89.627247,0.0
-5.012773,50,89.662958,0.0
-4.691514,50,89.698554,0.0
-5.375865,50,89.734066,0.0
-4.770701,50,89.769541,0.0
-4.750724,50,89.804635,0.0
-4.731142,50,89.840729,0.0
-4.886502,50,89.876132,0.0
-5.082735,50,89.911928,0.0
-5.097592,50,89.947438,0.0
-4.491543,50,89.982891,0.0
-4.922578,50,90.017704,0.0
-4.891865,50,90.053309,0.0
-4.784035,50,90.088558,0.0
-5.300709,50,90.12377,0.0
-5.156684,50,90.159487,0.0
-4.82951,50,90.194819,0.0
-5.287552,50,90.230091,0.0
-4.291261,50,90.265575,0.0
-4.846764,50,90.301174,0.0
-5.347235,50,90.336492,0.0
-4.467262,50,90.371621,0.0
-4.940208,50,90.40706,0.0
-4.753535,50,90.442993,0.0
-4.623247,50,90.478638,0.0
-4.516854,50,90.513886,0.0
-3.95251,50,90.549045,0.0
-5.312624,50,90.584553,0.0
-4.472395,50,90.619389,0.0
-4.586316,50,90.654297,0.0
-4.863627,50,90.689442,0.0
-5.070046,50,90.725277,0.0
-4.512155,50,90.760293,0.0
-4.422734,50,90.795802,0.0
-5.08431,50,90.831207,0.0
-4.995891,50,90.866488,0.0
-4.874683,50,90.901743,0.0
-4.864339,50,90.937029,0.0
-4.758566,50,91.086327,0.0
-4.934641,50,91.121932,0.0
-4.402568,50,91.158122,0.0
-4.751941,50,91.193874,0.0
-4.523339,50,91.229592,0.0
-5.065198,50,91.265088,0.0
-4.36992,50,91.300477,0.0
-4.955612,50,91.335957,0.0
-4.457246,50,91.37139,0.0
-5.135453,50,91.407171,0.0
-5.033765,50,91.442668,0.0
-4.404795,50,91.478208,0.0
-5.058654,50,91.513497,0.0
-4.717653,50,91.548604,0.0
-5.695962,50,91.584433,0.0
-5.307021,50,91.619865,0.0
-4.724004,50,91.655526,0.0
-4.333113,50,91.691234,0.0
-4.933485,50,91.726437,0.0
-4.516605,50,91.761947,0.0
-5.492674,50,91.797425,0.0
-4.532407,50,91.832874,0.0
-5.486293,50,91.868211,0.0
-5.224357,50,91.903863,0.0
-4.446805,50,91.938824,0.0
-4.454091,50,91.974338,0.0
-4.454739,50,92.009743,0.0
-4.54892,50,92.045075,0.0
-4.784919,50,92.08046,0.0
-4.624359,50,92.115469,0.0
-4.744098,50,92.15085,0.0
-4.825769,50,92.187017,0.0
-4.707695,50,92.22232,0.0
-4.673759,50,92.257145,0.0
-5.538653,50,92.292691,0.0
-5.067551,50,92.327469,0.0
-5.115384,50,92.362943,0.0
-4.666497,50,92.398596,0.0
-5.11935,50,92.434189,0.0
-5.392528,50,92.469951,0.0
-4.863702,50,92.505466,0.0
-4.132018,50,92.654524,0.0
-4.309388,50,92.690705,0.0
-5.095502,50,92.726107,0.0
-4.803511,50,92.761941,0.0
-4.024338,50,92.79737,0.0
-5.772887,50,92.832478,0.0
-4.389702,50,92.868303,0.0
-4.672049,50,92.904291,0.0
-4.148608,50,92.939855,0.0
-5.159082,50,92.97514,0.0
-5.148687,50,93.010393,0.0
-4.752926,50,93.045809,0.0
-5.547982,50,93.081439,0.0
-4.92213,50,93.11705,0.0
-4.763346,50,93.153,0.0
-5.060371,50,93.188243,0.0
-5.190211,50,93.223809,0.0
-4.262599,50,93.259278,0.0
-4.788827,50,93.29493,0.0
-5.31998,50,93.330156,0.0
-4.253403,50,93.36604,0.0
-5.280724,50,93.401561,0.0
-5.066434,50,93.437033,0.0
-4.715363,50,93.472338,0.0
-4.876574,50,93.507714,0.0
-4.011612,50,93.542949,0.0
-5.502744,50,93.578193,0.0
-4.664962,50,93.613771,0.0
-4.487787,50,93.64945,0.0
-4.750372,50,93.685054,0.0
-4.990128,50,93.721361,0.0
-4.485489,50,93.757279,0.0
-4.97485,50,93.792707,0.0
-4.334088,50,93.828173,0.0
-4.671122,50,93.86402,0.0
-5.305336,50,93.899748,0.0
-4.825035,50,93.935273,0.0
-4.471311,50,93.970871,0.0
-4.485878,50,94.006407,0.0
-4.395174,50,94.042261,0.0
-4.649151,50,94.077602,0.0
-4.092188,50,94.226778,0.0
-4.982843,50,94.262381,0.0
-4.7843,50,94.297956,0.0
-4.745934,50,94.333257,0.0
-5.643774,50,94.368622,0.0
-4.137088,50,94.403725,0.0
-4.47123,50,94.438826,0.0
-5.137888,50,94.473746,0.0
-4.572236,50,94.50897,0.0
-4.96301,50,94.544124,0.0
-5.368055,50,94.579407,0.0
-5.185698,50,94.614712,0.0
-5.532291,50,94.649787,0.0
-5.233971,50,94.685152,0.0
-5.180862,50,94.721019,0.0
-4.378254,50,94.756363,0.0
-4.543883,50,94.791931,0.0
-4.648694,50,94.827745,0.0
-4.661185,50,94.863364,0.0
-3.776475,50,94.898605,0.0
-5.248962,50,94.934377,0.0
-4.436247,50,94.969209,0.0
-4.701775,50,95.004434,0.0
-4.473602,50,95.040016,0.0
-4.326023,50,95.075136,0.0
-4.92128,50,95.110392,0.0
-4.700573,50,95.145868,0.0
-5.396284,50,95.181086,0.0
-4.68743,50,95.216353,0.0
-5.027688,50,95.251478,0.0
-4.914006,50,95.286344,0.0
-3.821975,50,95.321604,0.0
-4.831638,50,95.356397,0.0
-4.854061,50,95.3919,0.0
-4.783862,50,95.427468,0.0
-4.959753,50,95.462426,0.0
-4.885868,50,95.497571,0.0
-4.235479,50,95.532766,0.0
-4.90013,50,95.567577,0.0
-4.559894,50,95.602889,0.0
-5.312637,50,95.638099,0.0
-5.325985,50,95.786001,0.0
-4.12387,50,95.821438,0.0
-5.405208,50,95.856724,0.0
-5.392379,50,95.89232,0.0
-4.52747,50,95.928328,0.0
-4.518952,50,95.96381,0.0
-3.818006,50,95.999111,0.0
-4.9359,50,96.034225,0.0
-5.187833,50,96.069644,0.0
-4.436138,50,96.105037,0.0
-4.28502,50,96.1404,0.0
-5.233012,50,96.175898,0.0
-5.773803,50,96.211684,0.0
-5.24616,50,96.246555,0.0
-4.017115,50,96.281525,0.0
-4.177855,50,96.316704,0.0
-5.155901,50,96.352403,0.0
-4.864734,50,96.388605,0.0
-5.052471,50,96.424028,0.0
-4.290619,50,96.459467,0.0
-4.978728,50,96.494971,0.0
-4.463978,50,96.530414,0.0
-4.600071,50,96.565857,0.0
-4.085262,50,96.601299,0.0
-5.534879,50,96.637304,0.0
-4.572463,50,96.672694,0.0
-5.151524,50,96.708121,0.0
-4.814734,50,96.743574,0.0
-5.076116,50,96.778697,0.0
-4.931321,50,96.813851,0.0
-4.422089,50,96.848283,0.0
-4.903551,50,96.882979,0.0
-4.429961,50,96.918224,0.0
-4.530718,50,96.953102,0.0
-5.036485,50,96.988334,0.0
-4.762968,50,97.02346,0.0
-4.51762,50,97.058424,0.0
-4.515285,50,97.09358,0.0
-4.929219,50,97.129282,0.0
-4.672733,50,97.164832,0.0
-4.589104,50,97.200175,0.0
-5.006031,50,97.348324,0.0
-4.83476,50,97.384152,0.0
-4.807241,50,97.419632,0.0
-4.587064,50,97.455099,0.0
-4.328389,50,97.490421,0.0
-5.053687,50,97.525541,0.0
-5.00324,50,97.56074,0.0
-5.136268,50,97.595972,0.0
-4.465518,50,97.631501,0.0
-4.52719,50,97.666766,0.0
-5.016071,50,97.701975,0.0
-4.62826,50,97.737496,0.0
-4.53989,50,97.773422,0.0
-4.604903,50,97.808455,0.0
-5.18045,50,97.84389,0.0
-4.399613,50,97.879208,0.0
-4.407583,50,97.914466,0.0
-4.905727,50,97.950338,0.0
-5.18636,50,97.985788,0.0
-4.455515,50,98.02127,0.0
-5.322739,50,98.056664,0.0
-4.269783,50,98.091959,0.0
-4.650383,50,98.127323,0.0
-4.033918,50,98.163103,0.0
-3.925844,50,98.198312,0.0
-4.770059,50,98.23334,0.0
-5.344414,50,98.269489,0.0
-4.7944,50,98.304733,0.0
-4.650031,50,98.339787,0.0
-4.303696,50,98.375482,0.0
-5.764951,50,98.410796,0.0
-4.298077,50,98.445801,0.0
-4.638708,50,98.480719,0.0
-3.679231,50,98.515716,0.0
-4.803174,50,98.551093,0.0
-5.02058,50,98.586814,0.0
-4.885683,50,98.622276,0.0
-5.531148,50,98.657775,0.0
-4.740315,50,98.692717,0.0
-4.739094,50,98.727929,0.0
-4.774551,50,98.763265,0.0
-4.083653,50,98.913007,0.0
-5.642964,50,98.948354,0.0
-4.511822,50,98.983397,0.0
-5.50003,50,99.018776,0.0
-5.364968,50,99.053981,0.0
-5.04791,50,99.089343,0.0
-4.328397,50,99.124911,0.0
-4.829473,50,99.160005,0.0
-4.457376,50,99.195197,0.0
-4.644428,50,99.230065,0.0
-4.833643,50,99.265199,0.0
-5.058767,50,99.300323,0.0
-4.902681,50,99.335638,0.0
-4.213491,50,99.370443,0.0
-5.346819,50,99.405527,0.0
-4.527492,50,99.440819,0.0
-4.116426,50,99.476962,0.0
-4.386305,50,99.5123,0.0
-5.116637,50,99.548029,0.0
-4.618456,50,99.583285,0.0
-5.125143,50,99.618255,0.0
-4.581006,50,99.653952,0.0
-5.093283,50,99.689822,0.0
-3.886578,50,99.725452,0.0
-4.710409,50,99.760718,0.0
-4.88724,50,99.796147,0.0
-4.891023,50,99.831674,0.0
-4.928996,50,99.866824,0.0
-4.249815,50,99.902416,0.0
-4.998263,50,99.937707,0.0
-4.045861,50,99.973304,0.0
-4.203692,50,100.008788,0.0
-4.26157,50,100.044295,0.0
-4.878848,50,100.079487,0.0
-5.138759,50,100.114389,0.0
-4.969312,50,100.149979,0.0
-4.891156,50,100.185482,0.0
-5.639833,50,100.220992,0.0
-4.787812,50,100.256199,0.0
-4.450665,50,100.291717,0.0
-4.8958,50,100.326723,0.0
-4.021758,50,100.476494,0.0
-4.611353,50,100.511909,0.0
-3.926165,50,100.54759,0.0
-4.638744,50,100.583454,0.0
-4.947957,50,100.618925,0.0
-4.545948,50,100.654532,0.0
-5.274385,50,100.689823,0.0
-4.636569,50,100.725692,0.0
-4.583737,50,100.760921,0.0
-5.092364,50,100.79571,0.0
-4.712732,50,100.83094,0.0
-4.715782,50,100.866436,0.0
-5.117794,50,100.90191,0.0
-4.605459,50,100.937334,0.0
-5.064479,50,100.973582,0.0
-5.255643,50,101.008829,0.0
-4.561696,50,101.044147,0.0
-5.699054,50,101.079559,0.0
-4.369519,50,101.114839,0.0
-5.05826,50,101.149994,0.0
-4.242028,50,101.185744,0.0
-4.303007,50,101.221152,0.0
-4.670351,50,101.25689,0.0
-5.207698,50,101.29193,0.0
-4.957065,50,101.327203,0.0
-4.977693,50,101.362983,0.0
-4.600914,50,101.39851,0.0
-4.641944,50,101.43367,0.0
-4.61765,50,101.468602,0.0
-4.791799,50,101.503697,0.0
-4.36562,50,101.538811,0.0
-4.648333,50,101.574154,0.0
-5.20125,50,101.609237,0.0
-4.511804,50,101.644573,0.0
-5.218504,50,101.68038,0.0
-4.713796,50,101.716103,0.0
-5.376436,50,101.751376,0.0
-4.52557,50,101.786603,0.0
-4.375852,50,101.822012,0.0
-4.803947,50,101.857616,0.0
-4.879894,50,101.892983,0.0
-4.753324,50,102.040374,0.0
-4.131953,50,102.075806,0.0
-4.490599,50,102.110936,0.0
-4.327627,50,102.146324,0.0
-5.229208,50,102.181652,0.0
-4.863392,50,102.217679,0.0
-4.207858,50,102.253007,0.0
-4.409264,50,102.288203,0.0
-4.912916,50,102.322734,0.0
-4.446358,50,102.357699,0.0
-4.7591,50,102.392947,0.0
-4.852643,50,102.428358,0.0
-4.142634,50,102.46377,0.0
-4.476246,50,102.499579,0.0
-5.063974,50,102.534907,0.0
-4.88306,50,102.570101,0.0
-4.834697,50,102.605456,0.0
-4.74123,50,102.640759,0.0
-4.88833,50,102.675906,0.0
-4.871809,50,102.71148,0.0
-4.741269,50,102.746696,0.0
-5.015908,50,102.782074,0.0
-4.443697,50,102.818086,0.0
-4.391072,50,102.853114,0.0
-4.680753,50,102.888729,0.0
-6.038188,50,102.924239,0.0
-4.04769,50,102.959523,0.0
-5.039102,50,102.994615,0.0
-5.374671,50,103.029716,0.0
-4.572716,50,103.065112,0.0
-4.103977,50,103.099968,0.0
-4.418072,50,103.135282,0.0
-4.995158,50,103.170643,0.0
-4.757237,50,103.20602,0.0
-4.036749,50,103.241259,0.0
-4.643788,50,103.276281,0.0
-4.46577,50,103.311302,0.0
-4.894423,50,103.3467,0.0
-5.316917,50,103.381655,0.0
-4.794507,50,103.417153,0.0
-4.462216,50,103.452331,0.0
-4.886121,50,103.601258,0.0
-4.629191,50,103.636386,0.0
-4.292963,50,103.671709,0.0
-5.073529,50,103.707232,0.0
-5.184961,50,103.742418,0.0
-4.554654,50,103.777569,0.0
-4.32148,50,103.812706,0.0
-4.668529,50,103.848383,0.0
-4.253437,50,103.883906,0.0
-5.105389,50,103.919015,0.0
-5.198345,50,103.953945,0.0
-4.419447,50,103.989303,0.0
-4.358627,50,104.024089,0.0
-4.597904,50,104.059119,0.0
-5.002516,50,104.094309,0.0
-4.369858,50,104.129399,0.0
-4.354488,50,104.164552,0.0
-4.420451,50,104.199535,0.0
-5.039042,50,104.234674,0.0
-4.199023,50,104.270201,0.0
-4.457179,50,104.305097,0.0
-4.354028,50,104.340098,0.0
-4.236726,50,104.375908,0.0
-4.328595,50,104.411462,0.0
-5.273362,50,104.446577,0.0
-3.882686,50,104.48247,0.0
-5.154178,50,104.5179,0.0
-4.43052,50,104.553018,0.0
-3.961481,50,104.588514,0.0
-4.377713,50,104.62385,0.0
-4.644815,50,104.659064,0.0
-3.96921,50,104.69412,0.0
-4.818416,50,104.729082,0.0
-4.402831,50,104.764364,0.0
-4.697886,50,104.799622,0.0
-4.583633,50,104.835044,0.0
-4.825678,50,104.870332,0.0
-4.591296,50,104.90575,0.0
-4.022891,50,104.941293,0.0
-5.054109,50,104.976545,0.0
-4.872138,50,105.01166,0.0
-4.626119,50,105.160671,0.0
-4.161973,50,105.195893,0.0
-4.739325,50,105.231718,0.0
-4.493231,50,105.267195,0.0
-4.731435,50,105.302514,0.0
-4.620862,50,105.33808,0.0
-5.081948,50,105.373322,0.0
-4.67872,50,105.409107,0.0
-5.125179,50,105.445399,0.0
-4.99445,50,105.481231,0.0
-5.378349,50,105.516697,0.0
-5.071636,50,105.552194,0.0
-4.971999,50,105.587247,0.0
-4.776495,50,105.622273,0.0
-4.563004,50,105.657693,0.0
-5.071133,50,105.693044,0.0
-4.156638,50,105.727992,0.0
-5.120528,50,105.763389,0.0
-4.263564,50,105.798429,0.0
-4.996385,50,105.833463,0.0
-5.040549,50,105.869176,0.0
-4.425314,50,105.904307,0.0
-4.335148,50,105.939584,0.0
-4.593518,50,105.974774,0.0
-4.415547,50,106.010064,0.0
-4.536858,50,106.045226,0.0
-5.07406,50,106.080609,0.0
-4.866512,50,106.116132,0.0
-4.835322,50,106.151689,0.0
-4.207016,50,106.186708,0.0
-5.079912,50,106.221451,0.0
-4.670381,50,106.256866,0.0
-4.609948,50,106.2918,0.0
-5.265717,50,106.326917,0.0
-4.292487,50,106.361859,0.0
-4.525411,50,106.396967,0.0
-4.871583,50,106.432345,0.0
-3.806867,50,106.46771,0.0
-4.603468,50,106.502521,0.0
-4.470072,50,106.538174,0.0
-4.804098,50,106.573429,0.0
-4.74729,50,106.721836,0.0
-4.582686,50,106.757771,0.0
-4.492643,50,106.793125,0.0
-4.707945,50,106.828608,0.0
-5.269311,50,106.864028,0.0
-3.928677,50,106.899764,0.0
-5.021628,50,106.93553,0.0
-4.262857,50,106.97077,0.0
-4.246045,50,107.006879,0.0
-4.648958,50,107.042432,0.0
-5.044917,50,107.077436,0.0
-4.336077,50,107.112783,0.0
-4.61001,50,107.148467,0.0
-5.04592,50,107.183354,0.0
-4.513204,50,107.218695,0.0
-4.27989,50,107.253924,0.0
-4.892181,50,107.28888,0.0
-4.887246,50,107.324515,0.0
-4.433725,50,107.359592,0.0
-4.815468,50,107.394707,0.0
-4.764573,50,107.42977,0.0
-5.08072,50,107.464993,0.0
-4.535386,50,107.500336,0.0
-4.737555,50,107.535821,0.0
-5.097765,50,107.570962,0.0
-4.390984,50,107.606202,0.0
-4.412992,50,107.641314,0.0
-4.503703,50,107.676993,0.0
-4.770496,50,107.711349,0.0
-4.663716,50,107.746437,0.0
-4.557415,50,107.781706,0.0
-5.058227,50,107.817174,0.0
-5.119618,50,107.852365,0.0
-4.396463,50,107.887705,0.0
-5.043573,50,107.923129,0.0
-4.590154,50,107.958276,0.0
-4.877027,50,107.993847,0.0
-4.409448,50,108.028971,0.0
-4.425795,50,108.064239,0.0
-4.38613,50,108.099707,0.0
-4.975198,50,108.135056,0.0
-4.913893,50,108.284049,0.0
-5.294246,50,108.319734,0.0
-4.117396,50,108.355162,0.0
-4.619614,50,108.391101,0.0
-5.005444,50,108.426456,0.0
-4.048988,50,108.462036,0.0
-3.995218,50,108.497016,0.0
-4.689102,50,108.532456,0.0
-4.527433,50,108.567547,0.0
-4.486824,50,108.602731,0.0
-5.37452,50,108.638015,0.0
-4.102318,50,108.6736,0.0
-5.006832,50,108.708616,0.0
-5.011543,50,108.743485,0.0
-4.851786,50,108.779295,0.0
-4.434848,50,108.814396,0.0
-4.569665,50,108.850013,0.0
-5.167326,50,108.885269,0.0
-5.267268,50,108.920413,0.0
-5.111568,50,108.955426,0.0
-4.148238,50,108.990611,0.0
-4.22966,50,109.025933,0.0
-5.198468,50,109.061451,0.0
-4.547066,50,109.097252,0.0
-4.893888,50,109.132496,0.0
-4.43243,50,109.167823,0.0
-4.432699,50,109.203387,0.0
-4.467647,50,109.238594,0.0
-4.86142,50,109.274078,0.0
-4.824562,50,109.308982,0.0
-4.258778,50,109.344595,0.0
-4.70366,50,109.380104,0.0
-4.617964,50,109.41579,0.0
-5.142746,50,109.450802,0.0
-4.944821,50,109.485996,0.0
-4.504075,50,109.521082,0.0
-4.818061,50,109.555937,0.0
-4.779974,50,109.591164,0.0
-4.84377,50,109.62615,0.0
-5.544172,50,109.661543,0.0
-3.908171,50,109.696939,0.0
-4.911229,50,109.846161,0.0
-4.150252,50,109.881557,0.0
-4.227194,50,109.916411,0.0
-4.903913,50,109.951861,0.0
-5.268337,50,109.987162,0.0
-4.629384,50,110.022382,0.0
-4.656727,50,110.057676,0.0
-5.256132,50,110.092708,0.0
-4.854855,50,110.127745,0.0
-4.398341,50,110.163658,0.0
-5.101603,50,110.199038,0.0
-4.838288,50,110.234128,0.0
-4.307856,50,110.26961,0.0
-3.794698,50,110.304562,0.0
-5.208028,50,110.340017,0.0
-5.206249,50,110.375505,0.0
-4.785141,50,110.410669,0.0
-4.240354,50,110.44577,0.0
-4.118219,50,110.480976,0.0
-3.774421,50,110.515709,0.0
-4.595895,50,110.551022,0.0
-4.660086,50,110.586786,0.0
-5.092999,50,110.622102,0.0
-4.693266,50,110.657248,0.0
-4.973595,50,110.692474,0.0
-4.793636,50,110.727885,0.0
-4.604637,50,110.763116,0.0
-4.543372,50,110.798507,0.0
-4.117,50,110.834337,0.0
-4.651611,50,110.869704,0.0
-5.007325,50,110.905099,0.0
-4.51348,50,110.939941,0.0
-3.606199,50,110.975179,0.0
-4.926254,50,111.010174,0.0
-4.908176,50,111.045814,0.0
-4.557261,50,111.081031,0.0
-4.441637,50,111.116494,0.0
-4.18454,50,111.151999,0.0
-4.379813,50,111.186983,0.0
-4.573984,50,111.22258,0.0
-5.029982,50,111.258101,0.0
-4.504646,50,111.408513,0.0
-4.611,50,111.444418,0.0
-4.448973,50,111.479812,0.0
-4.800395,50,111.515297,0.0
-4.173298,50,111.550495,0.0
-4.164687,50,111.585635,0.0
-4.818297,50,111.620766,0.0
-4.90968,50,111.656584,0.0
-4.157684,50,111.691985,0.0
-4.605647,50,111.727124,0.0
-5.429898,50,111.762722,0.0
-5.153684,50,111.798242,0.0
-3.952691,50,111.833333,0.0
-4.95697,50,111.868611,0.0
-5.236477,50,111.903912,0.0
-4.924934,50,111.939476,0.0
-4.789136,50,111.974602,0.0
-5.115779,50,112.009954,0.0
-4.399623,50,112.045428,0.0
-4.624202,50,112.080003,0.0
-4.699949,50,112.115237,0.0
-4.81458,50,112.150687,0.0
-4.91111,50,112.186224,0.0
-5.181049,50,112.221658,0.0
-4.892169,50,112.256626,0.0
-4.478512,50,112.291652,0.0
-4.32342,50,112.327272,0.0
-4.229683,50,112.36218,0.0
-5.302687,50,112.398023,0.0
-4.568724,50,112.433559,0.0
-4.397768,50,112.468355,0.0
-4.745241,50,112.503396,0.0
-4.446721,50,112.538451,0.0
-4.749856,50,112.573343,0.0
-4.088943,50,112.608396,0.0
-4.71238,50,112.643394,0.0
-4.487161,50,112.678606,0.0
-4.446819,50,112.713638,0.0
-4.826498,50,112.748678,0.0
-4.547667,50,112.783793,0.0
-4.674888,50,112.819009,0.0
-5.428493,50,112.970676,0.0
-4.914374,50,113.005782,0.0
-4.995436,50,113.040792,0.0
-4.567487,50,113.076328,0.0
-4.498195,50,113.111256,0.0
-4.388588,50,113.146598,0.0
-4.619283,50,113.182104,0.0
-4.934387,50,113.217368,0.0
-4.8219,50,113.252765,0.0
-5.087506,50,113.287877,0.0
-5.042286,50,113.323117,0.0
-4.703677,50,113.358427,0.0
-4.261735,50,113.394126,0.0
-4.572322,50,113.429531,0.0
-5.442764,50,113.464949,0.0
-4.023617,50,113.499978,0.0
-4.634074,50,113.534989,0.0
-4.266324,50,113.57032,0.0
-4.618953,50,113.605831,0.0
-4.774521,50,113.641055,0.0
-5.068072,50,113.676183,0.0
-4.37375,50,113.711633,0.0
-6.041479,50,113.746686,0.0
-5.007595,50,113.782089,0.0
-3.95089,50,113.817354,0.0
-4.872222,50,113.852465,0.0
-4.576743,50,113.887508,0.0
-3.755838,50,113.922893,0.0
-5.258314,50,113.957684,0.0
-4.771822,50,113.992554,0.0
-5.059904,50,114.027708,0.0
-4.59794,50,114.063151,0.0
-4.342819,50,114.098423,0.0
-3.865806,50,114.133403,0.0
-4.132964,50,114.168808,0.0
-5.233816,50,114.204141,0.0
-3.72132,50,114.239357,0.0
-4.395719,50,114.274592,0.0
-5.085103,50,114.309523,0.0
-4.886679,50,114.344643,0.0
-4.217473,50,114.380004,0.0
-4.909093,50,114.529338,0.0
-4.107461,50,114.563887,0.0
-4.327302,50,114.599102,0.0
-5.566534,50,114.634362,0.0
-3.921688,50,114.669351,0.0
-4.021793,50,114.704012,0.0
-4.838187,50,114.739303,0.0
-4.361671,50,114.774478,0.0
-3.966094,50,114.809648,0.0
-4.560844,50,114.844335,0.0
-4.728557,50,115.240282,0.0
-5.446712,50,115.275885,0.0
-5.071131,50,115.311438,0.0
-4.968088,50,115.346776,0.0
-5.290689,50,115.38198,0.0
-4.308609,50,115.417327,0.0
-5.14097,50,115.452384,0.0
-4.17397,50,115.487743,0.0
-4.481093,50,115.522977,0.0
-4.514428,50,115.557763,0.0
-4.900781,50,115.592972,0.0
-4.471508,50,115.628041,0.0
-4.199562,50,115.663879,0.0
-4.423073,50,115.699355,0.0
-5.066395,50,115.733644,0.0
-5.52072,50,115.768649,0.0
-4.390918,50,115.803694,0.0
-4.991445,50,115.839285,0.0
-4.346636,50,115.875054,0.0
-4.87848,50,115.911203,0.0
-4.073629,50,115.94633,0.0
-5.265597,50,115.981803,0.0
-4.572947,50,116.017205,0.0
-4.169495,50,116.05257,0.0
-4.338685,50,116.088248,0.0
-4.681817,50,116.124006,0.0
-4.575768,50,116.159495,0.0
-4.134447,50,116.194902,0.0
-5.463616,50,116.229757,0.0
-4.689496,50,116.264559,0.0
-4.645427,50,116.299392,0.0
-4.532622,50,116.447992,0.0
-4.276961,50,116.483209,0.0
-5.164905,50,116.518576,0.0
-5.098634,50,116.55373,0.0
-3.981002,50,116.589243,0.0
-4.939151,50,116.624601,0.0
-4.867323,50,116.660097,0.0
-4.800497,50,116.694577,0.0
-5.011046,50,116.73229,0.0
-3.932011,50,116.768516,0.0
-5.100361,50,116.803565,0.0
-4.352956,50,116.838884,0.0
-4.896138,50,116.874107,0.0
-4.747205,50,116.909521,0.0
-4.713473,50,116.944826,0.0
-4.201535,50,116.98053,0.0
-3.781282,50,117.015984,0.0
-4.420069,50,117.051818,0.0
-4.640842,50,117.087577,0.0
-4.536427,50,117.12276,0.0
-4.760258,50,117.15837,0.0
-5.053808,50,117.19372,0.0
-3.785255,50,117.228756,0.0
-3.780882,50,117.264514,0.0
-4.856562,50,117.300163,0.0
-3.987354,50,117.335678,0.0
-3.664567,50,117.371318,0.0
-5.148709,50,117.406857,0.0
-4.669358,50,117.441954,0.0
-4.239396,50,117.477103,0.0
-4.862928,50,117.512327,0.0
-5.150928,50,117.547554,0.0
-5.162641,50,117.583097,0.0
-4.027163,50,117.617652,0.0
-4.797178,50,117.653211,0.0
-4.70197,50,117.688715,0.0
-4.477013,50,117.723867,0.0
-4.859464,50,117.759116,0.0
-5.180294,50,117.794345,0.0
-5.079542,50,117.830053,0.0
-4.759491,50,117.865942,0.0
-4.498619,50,118.015025,0.0
-3.604169,50,118.051299,0.0
-4.518571,50,118.0867,0.0
-4.766335,50,118.122036,0.0
-4.718503,50,118.157163,0.0
-4.574425,50,118.193311,0.0
-5.179813,50,118.228618,0.0
-4.239741,50,118.264319,0.0
-5.289483,50,118.299636,0.0
-4.346651,50,118.334768,0.0
-4.370516,50,118.370193,0.0
-4.274258,50,118.405291,0.0
-4.429948,50,118.440267,0.0
-4.530434,50,118.475978,0.0
-4.68011,50,118.510484,0.0
-4.147252,50,118.545101,0.0
-5.357518,50,118.580761,0.0
-5.093088,50,118.616148,0.0
-4.116145,50,118.651692,0.0
-4.682631,50,118.687741,0.0
-3.642051,50,118.722989,0.0
-4.769812,50,118.758137,0.0
-4.37008,50,118.793604,0.0
-4.501898,50,118.829004,0.0
-4.59178,50,118.864747,0.0
-4.875069,50,118.900579,0.0
-4.825959,50,118.935613,0.0
-5.013687,50,118.971353,0.0
-4.095622,50,119.006476,0.0
-4.015273,50,119.042018,0.0
-4.398532,50,119.077675,0.0
-4.202897,50,119.112891,0.0
-4.140394,50,119.148627,0.0
-4.720111,50,119.184687,0.0
-4.902348,50,119.219996,0.0
-4.685236,50,119.255032,0.0
-4.789177,50,119.290198,0.0
-4.852038,50,119.325583,0.0
-4.234046,50,119.3609,0.0
-4.466256,50,119.396765,0.0
-4.019712,50,119.545414,0.0
-4.751606,50,119.58107,0.0
-4.627834,50,119.616432,0.0
-4.498458,50,119.652217,0.0
-4.660231,50,119.687935,0.0
-4.641417,50,119.723036,0.0
-4.670533,50,119.759082,0.0
-5.432228,50,119.79465,0.0
-5.060579,50,119.829484,0.0
-4.10945,50,119.865443,0.0
-3.867821,50,119.900833,0.0
-4.650696,50,119.935937,0.0
-4.976876,50,119.971173,0.0
-4.455412,50,120.007107,0.0
-4.780618,50,120.042676,0.0
-5.257195,50,120.078195,0.0
-5.18536,50,120.113673,0.0
-4.407919,50,120.14864,0.0
-4.433699,50,120.184249,0.0
-5.090213,50,120.219793,0.0
-4.700797,50,120.254628,0.0
-4.268038,50,120.289989,0.0
-4.278566,50,120.325287,0.0
-4.928567,50,120.360327,0.0
-5.247327,50,120.396384,0.0
-5.117731,50,120.431749,0.0
-4.587795,50,120.467068,0.0
-5.083254,50,120.502609,0.0
-5.329442,50,120.537864,0.0
-3.992327,50,120.57333,0.0
-4.603068,50,120.608628,0.0
-4.651376,50,120.643697,0.0
-4.513278,50,120.679238,0.0
-5.005034,50,120.715211,0.0
-4.564838,50,120.750322,0.0
-4.971363,50,120.785183,0.0
-4.254901,50,120.820531,0.0
-4.956645,50,120.856121,0.0
-4.33319,50,120.891777,0.0
-4.525811,50,120.926846,0.0
-4.945375,50,120.961891,0.0
-5.088424,50,121.110917,0.0
-4.152809,50,121.146832,0.0
-4.737855,50,121.182215,0.0
-4.210248,50,121.217734,0.0
-5.1831,50,121.252954,0.0
-4.8383,50,121.288506,0.0
-4.666263,50,121.32375,0.0
-4.192107,50,121.359093,0.0
-4.798147,50,121.394471,0.0
-4.50892,50,121.430182,0.0
-4.830059,50,121.465487,0.0
-4.023752,50,121.50091,0.0
-4.195177,50,121.536272,0.0
-4.180581,50,121.570971,0.0
-4.260009,50,121.606065,0.0
-3.883012,50,121.641232,0.0
-4.40117,50,121.676636,0.0
-4.335706,50,121.711672,0.0
-5.38635,50,121.747113,0.0
-4.489327,50,121.782533,0.0
-3.783998,50,121.817573,0.0
-5.135538,50,121.852356,0.0
-5.268298,50,121.887909,0.0
-5.031284,50,121.923247,0.0
-4.236915,50,121.958481,0.0
-4.390612,50,121.993828,0.0
-4.05571,50,122.029083,0.0
-4.094322,50,122.064443,0.0
-4.886457,50,122.099632,0.0
-4.9588,50,122.135548,0.0
-4.729482,50,122.170976,0.0
-4.989205,50,122.206381,0.0
-4.59477,50,122.241389,0.0
-3.604815,50,122.276562,0.0
-4.656184,50,122.312415,0.0
-4.042561,50,122.347658,0.0
-5.037511,50,122.38308,0.0
-4.118815,50,122.418243,0.0
-4.21408,50,122.453173,0.0
-5.106606,50,122.48848,0.0
-4.073297,50,122.523512,0.0
-4.169801,50,122.672172,0.0
-4.835123,50,122.707964,0.0
-4.927442,50,122.742735,0.0
-4.075533,50,122.777948,0.0
-4.305116,50,122.816018,0.0
-3.465728,50,122.8525,0.0
-4.307611,50,122.887765,0.0
-3.986543,50,122.924523,0.0
-4.922114,50,122.961958,0.0
-3.773728,50,123.00063,0.0
-4.373041,50,123.036634,0.0
-4.709008,50,123.0722,0.0
-4.514018,50,123.108155,0.0
-4.335059,50,123.143798,0.0
-4.285106,50,123.179509,0.0
-4.767733,50,123.21457,0.0
-4.795018,50,123.24963,0.0
-4.801109,50,123.284525,0.0
-4.857331,50,123.319963,0.0
-4.894235,50,123.355067,0.0
-4.147444,50,123.390161,0.0
-4.910017,50,123.425491,0.0
-5.27464,50,123.460454,0.0
-4.912279,50,123.495554,0.0
-4.550397,50,123.530435,0.0
-4.485102,50,123.565941,0.0
-4.763573,50,123.602383,0.0
-5.007661,50,123.637939,0.0
-4.395416,50,123.673956,0.0
-4.714022,50,123.709344,0.0
-5.183874,50,123.744757,0.0
-5.117775,50,123.780345,0.0
-4.707425,50,123.816069,0.0
-4.537706,50,123.851447,0.0
-4.257929,50,123.886784,0.0
-4.460457,50,123.922037,0.0
-4.323378,50,123.95696,0.0
-4.94001,50,123.992108,0.0
-4.387069,50,124.027799,0.0
-4.28768,50,124.062839,0.0
-3.662373,50,124.098174,0.0
-3.755441,50,124.245724,0.0
-4.32369,50,124.281024,0.0
-4.739319,50,124.316178,0.0
-4.023902,50,124.351195,0.0
-4.74958,50,124.386301,0.0
-5.103546,50,124.421359,0.0
-3.873937,50,124.455946,0.0
-4.350615,50,124.491324,0.0
-4.551593,50,124.526322,0.0
-4.349434,50,124.561526,0.0
-5.696896,50,124.597629,0.0
-4.212112,50,124.633115,0.0
-4.258491,50,124.668569,0.0
-4.416841,50,124.703566,0.0
-3.868917,50,124.739073,0.0
-5.084431,50,124.774288,0.0
-4.455758,50,124.809614,0.0
-5.498475,50,124.845218,0.0
-4.255736,50,124.880504,0.0
-4.179542,50,124.916863,0.0
-3.98978,50,124.95159,0.0
-5.021127,50,124.986751,0.0
-4.865316,50,125.022342,0.0
-4.663958,50,125.057448,0.0
-4.079106,50,125.093453,0.0
-4.496093,50,125.129496,0.0
-4.518447,50,125.164717,0.0
-4.254562,50,125.19994,0.0
-4.088427,50,125.235186,0.0
-4.770553,50,125.270711,0.0
-5.362795,50,125.305973,0.0
-4.345806,50,125.341535,0.0
-4.365449,50,125.376391,0.0
-3.637164,50,125.411645,0.0
-5.026921,50,125.446639,0.0
-4.6076,50,125.481836,0.0
-4.519702,50,125.517456,0.0
-3.865765,50,125.552754,0.0
-3.892248,50,125.588056,0.0
-4.244506,50,125.62357,0.0
-4.933584,50,125.658563,0.0
-4.7947,50,125.807327,0.0
-4.42276,50,125.842932,0.0
-4.434387,50,125.878515,0.0
-4.568412,50,125.914079,0.0
-4.225987,50,125.949346,0.0
-4.783098,50,125.984791,0.0
-4.773084,50,126.019788,0.0
-5.008446,50,126.055378,0.0
-4.697882,50,126.090971,0.0
-4.416021,50,126.126427,0.0
-5.061564,50,126.161941,0.0
-4.766979,50,126.197446,0.0
-4.283405,50,126.232413,0.0
-4.29065,50,126.267427,0.0
-4.054816,50,126.303045,0.0
-4.13636,50,126.338239,0.0
-3.964441,50,126.37402,0.0
-4.70326,50,126.409231,0.0
-5.378663,50,126.444583,0.0
-5.019275,50,126.479968,0.0
-4.959351,50,126.514976,0.0
-5.450296,50,126.549892,0.0
-5.063705,50,126.585335,0.0
-4.910938,50,126.620175,0.0
-4.317218,50,126.655468,0.0
-4.356173,50,126.691279,0.0
-4.637081,50,126.726859,0.0
-5.223492,50,126.762435,0.0
-4.87268,50,126.798695,0.0
-4.24274,50,126.833967,0.0
-4.59644,50,126.86954,0.0
-4.706328,50,126.904952,0.0
-4.563546,50,126.939989,0.0
-3.919892,50,126.975319,0.0
-4.29206,50,127.010722,0.0
-4.711941,50,127.046308,0.0
-4.520411,50,127.08174,0.0
-4.288968,50,127.11725,0.0
-4.96754,50,127.152519,0.0
-4.288141,50,127.188685,0.0
-4.598568,50,127.225839,0.0
-3.866851,50,127.377049,0.0
-4.31414,50,127.413067,0.0
-3.697538,50,127.448503,0.0
-4.237183,50,127.484979,0.0
-4.59236,50,127.52136,0.0
-4.085145,50,127.557136,0.0
-4.497669,50,127.592525,0.0
-4.421744,50,127.628336,0.0
-4.424303,50,127.665538,0.0
-3.999724,50,127.700802,0.0
-4.095541,50,127.736353,0.0
-4.818142,50,127.771999,0.0
-4.77407,50,127.808264,0.0
-3.497447,50,127.843544,0.0
-4.861915,50,127.87925,0.0
-4.515718,50,127.914683,0.0
-3.688057,50,127.950206,0.0
-5.065349,50,127.985793,0.0
-4.376825,50,128.020935,0.0
-4.522355,50,128.056728,0.0
-4.4226,50,128.09311,0.0
-4.424162,50,128.128518,0.0
-4.222938,50,128.163742,0.0
-5.002015,50,128.199156,0.0
-4.233753,50,128.234577,0.0
-4.534523,50,128.271155,0.0
-4.924593,50,128.306868,0.0
-4.91988,50,128.342335,0.0
-4.931917,50,128.37781,0.0
-3.929771,50,128.413264,0.0
-4.861495,50,128.44908,0.0
-4.243883,50,128.484675,0.0
-4.311348,50,128.520393,0.0
-4.529399,50,128.555804,0.0
-4.136996,50,128.592422,0.0
-4.768356,50,128.628126,0.0
-4.473267,50,128.663845,0.0
-4.458043,50,128.70023,0.0
-5.756842,50,128.736532,0.0
-4.253161,50,128.77225,0.0
-4.782559,50,128.807947,0.0
-3.734351,50,128.959919,0.0
-4.704764,50,128.997529,0.0
-4.938943,50,129.033448,0.0
-4.669856,50,129.069152,0.0
-4.018321,50,129.10525,0.0
-4.510632,50,129.141068,0.0
-4.976921,50,129.176691,0.0
-4.009055,50,129.212501,0.0
-4.558587,50,129.24765,0.0
-4.961002,50,129.283605,0.0
-4.758791,50,129.319074,0.0
-4.226644,50,129.354347,0.0
-4.118767,50,129.390193,0.0
-4.410764,50,129.42557,0.0
-4.747625,50,129.461046,0.0
-4.337437,50,129.497649,0.0
-4.553383,50,129.533153,0.0
-4.420673,50,129.568249,0.0
-4.285467,50,129.603975,0.0
-4.082362,50,129.639563,0.0
-4.962841,50,129.674472,0.0
-4.323096,50,129.709941,0.0
-4.970113,50,129.745576,0.0
-4.503276,50,129.780899,0.0
-4.93911,50,129.816149,0.0
-4.961228,50,129.851609,0.0
-4.734512,50,129.886597,0.0
-4.633401,50,129.921506,0.0
-4.669842,50,129.956983,0.0
-4.794763,50,129.993077,0.0
-4.785002,50,130.028054,0.0
-4.148801,50,130.064209,0.0
-4.575456,50,130.099469,0.0
-4.743869,50,130.135256,0.0
-4.740294,50,130.170656,0.0
-5.118693,50,130.205751,0.0
-5.11695,50,130.241041,0.0
-4.747669,50,130.276126,0.0
-4.78006,50,130.310986,0.0
-4.488013,50,130.346382,0.0
-4.295692,50,130.381507,0.0
-4.369681,50,130.529375,0.0
-4.183356,50,130.56441,0.0
-4.5337,50,130.599588,0.0
-4.441029,50,130.634444,0.0
-3.864082,50,130.669818,0.0
-4.73857,50,130.705341,0.0
-4.710772,50,130.740763,0.0
-4.532489,50,130.776153,0.0
-4.433166,50,130.810985,0.0
-4.329213,50,130.846558,0.0
-4.796786,50,130.881852,0.0
-4.516542,50,130.91733,0.0
-5.273248,50,130.952877,0.0
-4.216106,50,130.987561,0.0
-4.645414,50,131.022497,0.0
-5.147998,50,131.058289,0.0
-3.726733,50,131.093808,0.0
-4.453576,50,131.129349,0.0
-4.414088,50,131.164747,0.0
-4.390082,50,131.200223,0.0
-4.463405,50,131.235374,0.0
-4.703371,50,131.270502,0.0
-3.985675,50,131.305734,0.0
-4.695959,50,131.340544,0.0
-3.989709,50,131.375721,0.0
-4.165126,50,131.411941,0.0
-4.691526,50,131.448322,0.0
-4.755895,50,131.484565,0.0
-4.427234,50,131.519825,0.0
-4.207611,50,131.554715,0.0
-4.190284,50,131.589755,0.0
-3.985406,50,131.625453,0.0
-4.550941,50,131.661003,0.0
-4.456513,50,131.695604,0.0
-4.501816,50,131.730862,0.0
-5.041318,50,131.766449,0.0
-4.248988,50,131.801637,0.0
-5.460376,50,131.836952,0.0
-4.736534,50,131.87201,0.0
-4.130144,50,131.907516,0.0
-4.08267,50,131.942921,0.0
-4.607611,50,132.091479,0.0
-4.474258,50,132.127037,0.0
-4.562292,50,132.162334,0.0
-4.325889,50,132.198034,0.0
-5.001815,50,132.233501,0.0
-4.449678,50,132.268992,0.0
-4.486183,50,132.304606,0.0
-4.052557,50,132.340016,0.0
-4.595824,50,132.375224,0.0
-4.364954,50,132.410807,0.0
-4.336322,50,132.446228,0.0
-5.061367,50,132.481506,0.0
-4.473021,50,132.516365,0.0
-4.235705,50,132.551561,0.0
-5.249766,50,132.587038,0.0
-4.651078,50,132.622257,0.0
-4.936705,50,132.657459,0.0
-4.202066,50,132.693284,0.0
-4.61827,50,132.728513,0.0
-4.703659,50,132.763975,0.0
-4.0623,50,132.799442,0.0
-4.539755,50,132.834513,0.0
-4.468615,50,132.870062,0.0
-4.610727,50,132.905248,0.0
-3.783606,50,132.940795,0.0
-3.839865,50,132.976083,0.0
-5.002859,50,133.011542,0.0
-4.428177,50,133.046653,0.0
-4.352922,50,133.082279,0.0
-4.251421,50,133.117692,0.0
-3.74389,50,133.154368,0.0
-4.727425,50,133.190287,0.0
-3.976581,50,133.226052,0.0
-3.88538,50,133.261529,0.0
-4.305714,50,133.296812,0.0
-3.759425,50,133.331748,0.0
-4.046696,50,133.366729,0.0
-4.273076,50,133.402076,0.0
-4.283323,50,133.436934,0.0
-4.230289,50,133.47173,0.0
-3.828473,50,133.506832,0.0
-4.295086,50,133.656487,0.0
-4.576846,50,133.691914,0.0
-4.850764,50,133.727465,0.0
-4.321513,50,133.762853,0.0
-4.254629,50,133.798578,0.0
-4.843514,50,133.833766,0.0
-4.759565,50,133.869513,0.0
-3.898837,50,133.904567,0.0
-4.340937,50,133.939869,0.0
-4.094861,50,133.974976,0.0
-3.83767,50,134.010103,0.0
-4.813324,50,134.044922,0.0
-5.314469,50,134.079903,0.0
-3.885423,50,134.11478,0.0
-5.193067,50,134.150023,0.0
-3.889842,50,134.185261,0.0
-4.493187,50,134.220377,0.0
-4.141967,50,134.255491,0.0
-4.652616,50,134.29026,0.0
-3.685369,50,134.32527,0.0
-4.787868,50,134.360352,0.0
-4.401779,50,134.395067,0.0
-4.15871,50,134.430346,0.0
-4.070268,50,134.465222,0.0
-4.999487,50,134.50021,0.0
-4.558985,50,134.535492,0.0
-4.124615,50,134.570691,0.0
-4.49792,50,134.605588,0.0
-5.374739,50,134.641109,0.0
-4.368177,50,134.676019,0.0
-4.990609,50,134.711467,0.0
-4.063814,50,134.746848,0.0
-4.127177,50,134.782025,0.0
-3.803211,50,134.817654,0.0
-4.354979,50,134.853081,0.0
-4.352207,50,134.888263,0.0
-4.504606,50,134.923354,0.0
-4.484092,50,134.958819,0.0
-4.803412,50,134.993765,0.0
-4.501052,50,135.028745,0.0
-4.288339,50,135.063633,0.0
-4.647638,50,135.212296,0.0
-3.978566,50,135.247694,0.0
-4.079826,50,135.283373,0.0
-5.1734,50,135.318529,0.0
-4.519632,50,135.353581,0.0
-4.092411,50,135.389316,0.0
-4.715575,50,135.424426,0.0
-4.89624,50,135.459711,0.0
-4.020705,50,135.49497,0.0
-4.240236,50,135.530253,0.0
-4.362739,50,135.565481,0.0
-5.092615,50,135.600723,0.0
-4.364419,50,135.636025,0.0
-4.173407,50,135.671491,0.0
-5.006009,50,135.706642,0.0
-4.368009,50,135.742042,0.0
-4.507588,50,135.777097,0.0
-4.123596,50,135.81293,0.0
-4.705392,50,135.848591,0.0
-5.093957,50,135.883793,0.0
-4.681605,50,135.919269,0.0
-4.151958,50,135.954285,0.0
-4.126956,50,135.989769,0.0
-4.636142,50,136.024946,0.0
-3.707524,50,136.059708,0.0
-4.582893,50,136.094827,0.0
-5.124419,50,136.130337,0.0
-4.673568,50,136.165972,0.0
-4.54073,50,136.201338,0.0
-5.112812,50,136.237237,0.0
-4.528541,50,136.272463,0.0
-4.501922,50,136.308075,0.0
-4.211036,50,136.343266,0.0
-5.007637,50,136.378429,0.0
-3.925443,50,136.413731,0.0
-3.639929,50,136.44924,0.0
-4.088535,50,136.484761,0.0
-4.419241,50,136.520067,0.0
-4.776406,50,136.555699,0.0
-5.346958,50,136.590528,0.0
-4.087297,50,136.625972,0.0
-4.552606,50,136.774786,0.0
-3.735204,50,136.810657,0.0
-4.524502,50,136.846633,0.0
-5.0639,50,136.882163,0.0
-4.618529,50,136.917432,0.0
-4.97264,50,136.953056,0.0
-4.473208,50,136.988601,0.0
-4.231333,50,137.023885,0.0
-4.322603,50,137.059174,0.0
-4.365413,50,137.094545,0.0
-4.066518,50,137.129938,0.0
-4.645554,50,137.164948,0.0
-3.870902,50,137.200319,0.0
-3.902034,50,137.235964,0.0
-4.337037,50,137.271282,0.0
-3.893646,50,137.30646,0.0
-4.409385,50,137.341743,0.0
-4.659216,50,137.376727,0.0
-4.706163,50,137.41212,0.0
-3.989675,50,137.446888,0.0
-5.07472,50,137.483088,0.0
-4.160341,50,137.518317,0.0
-5.103921,50,137.553594,0.0
-4.158135,50,137.588932,0.0
-4.526088,50,137.62416,0.0
-4.231621,50,137.659507,0.0
-4.768665,50,137.694511,0.0
-4.544736,50,137.729493,0.0
-4.473553,50,137.764798,0.0
-4.056488,50,137.799677,0.0
-4.528106,50,137.834454,0.0
-3.851145,50,137.869781,0.0
-4.271679,50,137.905432,0.0
-4.951202,50,137.940284,0.0
-4.608993,50,137.975829,0.0
-3.262501,50,138.010972,0.0
-4.429685,50,138.046154,0.0
-3.87513,50,138.08116,0.0
-4.778002,50,138.116367,0.0
-3.910656,50,138.152039,0.0
-4.122408,50,138.187382,0.0
-4.604243,50,138.335536,0.0
-4.806613,50,138.370743,0.0
-4.516991,50,138.406207,0.0
-4.517171,50,138.441411,0.0
-4.049388,50,138.476597,0.0
-3.684976,50,138.511923,0.0
-4.379378,50,138.546964,0.0
-3.953429,50,138.581644,0.0
-4.012545,50,138.616627,0.0
-5.067969,50,138.65172,0.0
-4.021072,50,138.686811,0.0
-4.490669,50,138.721733,0.0
-3.975746,50,138.756536,0.0
-3.872816,50,138.791349,0.0
-4.313519,50,138.826618,0.0
-4.600058,50,138.861777,0.0
-5.512973,50,138.897126,0.0
-4.212226,50,138.9319,0.0
-3.645587,50,138.967816,0.0
-3.753381,50,139.002906,0.0
-4.521138,50,139.038074,0.0
-4.360942,50,139.073418,0.0
-5.089699,50,139.108812,0.0
-4.320152,50,139.14432,0.0
-4.533619,50,139.179621,0.0
-4.775148,50,139.215252,0.0
-3.809897,50,139.250393,0.0
-4.537413,50,139.285,0.0
-4.259536,50,139.319694,0.0
-5.420998,50,139.354605,0.0
-4.5752,50,139.389955,0.0
-4.29858,50,139.425041,0.0
-4.275454,50,139.46025,0.0
-4.418026,50,139.495541,0.0
-3.540788,50,139.530604,0.0
-4.937659,50,139.566609,0.0
-4.946451,50,139.601788,0.0
-4.379016,50,139.636796,0.0
-4.387806,50,139.672112,0.0
-4.119626,50,139.707129,0.0
-4.537306,50,139.742136,0.0
-4.336189,50,139.893724,0.0
-4.075865,50,139.928722,0.0
-4.156646,50,139.963999,0.0
-3.760509,50,139.998996,0.0
-5.197671,50,140.03397,0.0
-4.459816,50,140.06941,0.0
-4.343398,50,140.104397,0.0
-4.702324,50,140.1395,0.0
-4.419063,50,140.174603,0.0
-4.425824,50,140.20928,0.0
-4.415505,50,140.245419,0.0
-4.36887,50,140.281264,0.0
-4.273983,50,140.317163,0.0
-3.92784,50,140.3529,0.0
-4.281443,50,140.388454,0.0
-4.526621,50,140.423715,0.0
-4.947423,50,140.459309,0.0
-5.247632,50,140.494675,0.0
-4.252087,50,140.530138,0.0
-4.486643,50,140.565366,0.0
-4.467865,50,140.600389,0.0
-3.722228,50,140.636227,0.0
-4.922522,50,140.672121,0.0
-4.052112,50,140.707377,0.0
-4.211014,50,140.742764,0.0
-4.81256,50,140.778534,0.0
-4.329519,50,140.814471,0.0
-3.701326,50,140.850072,0.0
-4.648143,50,140.885307,0.0
-4.991907,50,140.920682,0.0
-5.126556,50,140.956122,0.0
-4.888885,50,140.99125,0.0
-5.269116,50,141.026015,0.0
-4.827256,50,141.061407,0.0
-4.266885,50,141.096581,0.0
-4.330828,50,141.131792,0.0
-4.034122,50,141.167065,0.0
-4.064282,50,141.202434,0.0
-4.888498,50,141.237574,0.0
-5.014676,50,141.273544,0.0
-4.333432,50,141.308551,0.0
-3.699965,50,141.457439,0.0
-5.002039,50,141.492465,0.0
-5.199833,50,141.528405,0.0
-3.707229,50,141.56392,0.0
-4.770413,50,141.599185,0.0
-4.230409,50,141.63419,0.0
-4.338259,50,141.66901,0.0
-4.292238,50,141.704015,0.0
-3.59641,50,141.739346,0.0
-3.979534,50,141.774082,0.0
-4.709251,50,141.808649,0.0
-4.726368,50,141.843219,0.0
-4.119693,50,141.87786,0.0
-4.859086,50,141.912474,0.0
-4.793595,50,141.946877,0.0
-4.332539,50,141.9816,0.0
-4.81613,50,142.016205,0.0
-5.127628,50,142.050648,0.0
-3.874233,50,142.0857,0.0
-4.069574,50,142.120585,0.0
-5.431778,50,142.155476,0.0
-4.564666,50,142.190233,0.0
-4.345067,50,142.22454,0.0
-4.541591,50,142.259155,0.0
-4.778797,50,142.293331,0.0
-4.61173,50,142.327519,0.0
-4.495725,50,142.361861,0.0
-4.042385,50,142.396108,0.0
-4.32509,50,142.430633,0.0
-4.840004,50,142.464962,0.0
-4.438388,50,142.499401,0.0
-5.247048,50,142.534499,0.0
-4.056203,50,142.569146,0.0
-4.533529,50,142.604536,0.0
-4.680447,50,142.639018,0.0
-3.887916,50,142.673824,0.0
-4.377124,50,142.70867,0.0
-4.427666,50,142.743194,0.0
-4.33422,50,142.777815,0.0
-4.598943,50,142.812568,0.0
-4.547466,50,142.847033,0.0
-4.658843,50,142.993409,0.0
-4.051728,50,143.028522,0.0
-3.619847,50,143.063601,0.0
-4.494366,50,143.098413,0.0
-3.573052,50,143.133095,0.0
-4.670297,50,143.167656,0.0
-3.949414,50,143.202045,0.0
-4.061392,50,143.236354,0.0
-4.03476,50,143.2705,0.0
-3.82738,50,143.304664,0.0
-3.492317,50,143.339228,0.0
-4.387663,50,143.373304,0.0
-3.914021,50,143.407826,0.0
-4.524947,50,143.442472,0.0
-4.531735,50,143.477278,0.0
-3.631923,50,143.511858,0.0
-5.240256,50,143.546319,0.0
-4.750202,50,143.58098,0.0
-5.120206,50,143.615272,0.0
-4.254925,50,143.649501,0.0
-3.864247,50,143.684082,0.0
-4.176969,50,143.718662,0.0
-4.50887,50,143.753076,0.0
-5.399362,50,143.787825,0.0
-4.042725,50,143.823006,0.0
-3.948074,50,143.858274,0.0
-4.556826,50,143.89287,0.0
-4.296681,50,143.927536,0.0
-5.138641,50,143.961838,0.0
-4.107954,50,143.996657,0.0
-4.974805,50,144.031256,0.0
-4.522985,50,144.065855,0.0
-4.796691,50,144.100899,0.0
-5.07595,50,144.135419,0.0
-4.739633,50,144.16978,0.0
-4.129329,50,144.20462,0.0
-4.378177,50,144.239183,0.0
-4.135919,50,144.273614,0.0
-4.278203,50,144.308638,0.0
-4.170222,50,144.343469,0.0
-4.531432,50,144.378795,0.0
-4.52356,50,144.52466,0.0
-4.318219,50,144.55896,0.0
-4.505042,50,144.59347,0.0
-4.885486,50,144.628546,0.0
-4.407349,50,144.662752,0.0
-4.381289,50,144.697413,0.0
-4.531999,50,144.732131,0.0
-4.672899,50,144.766872,0.0
-4.905018,50,144.801974,0.0
-4.680796,50,144.83676,0.0
-4.306526,50,144.871454,0.0
-4.20281,50,144.905749,0.0
-4.119946,50,144.940933,0.0
-4.197679,50,144.975769,0.0
-4.737811,50,145.010195,0.0
-3.720298,50,145.044635,0.0
-4.114011,50,145.079147,0.0
-4.168917,50,145.113756,0.0
-4.068639,50,145.148196,0.0
-4.734708,50,145.182812,0.0
-3.997947,50,145.2173,0.0
-3.838668,50,145.251646,0.0
-4.862292,50,145.286141,0.0
-3.913687,50,145.320826,0.0
-4.536608,50,145.355712,0.0
-4.620252,50,145.39027,0.0
-4.552947,50,145.424826,0.0
-4.402185,50,145.459239,0.0
-4.096328,50,145.494044,0.0
-4.583266,50,145.528769,0.0
-3.858184,50,145.563526,0.0
-4.059188,50,145.597941,0.0
-4.448661,50,145.63226,0.0
-4.201453,50,145.666682,0.0
-5.039279,50,145.701434,0.0
-4.17543,50,145.736141,0.0
-4.591111,50,145.771093,0.0
-4.664663,50,145.80582,0.0
-4.878974,50,145.84061,0.0
-4.678748,50,145.875133,0.0
-4.597809,50,145.909618,0.0
-4.550373,50,146.056173,0.0
-4.366461,50,146.090945,0.0
-4.511536,50,146.125518,0.0
-4.44427,50,146.159973,0.0
-4.16444,50,146.194541,0.0
-3.851444,50,146.22928,0.0
-4.257463,50,146.264098,0.0
-4.240397,50,146.299012,0.0
-4.106627,50,146.333997,0.0
-4.978015,50,146.368112,0.0
-4.402875,50,146.402194,0.0
-4.100549,50,146.437321,0.0
-4.485373,50,146.472508,0.0
-4.26011,50,146.508008,0.0
-5.234676,50,146.543192,0.0
-4.430756,50,146.578982,0.0
-5.063481,50,146.614559,0.0
-4.37105,50,146.650136,0.0
-5.270267,50,146.685448,0.0
-4.644447,50,146.720656,0.0
-4.285632,50,146.755832,0.0
-4.680658,50,146.790978,0.0
-4.356664,50,146.825932,0.0
-4.487846,50,146.861198,0.0
-4.494134,50,146.896132,0.0
-4.027136,50,146.930908,0.0
-4.503571,50,146.966063,0.0
-4.77311,50,147.001238,0.0
-5.213601,50,147.035872,0.0
-4.977453,50,147.071599,0.0
-4.926604,50,147.106992,0.0
-4.331774,50,147.142709,0.0
-4.869315,50,147.178666,0.0
-5.139307,50,147.213592,0.0
-4.945838,50,147.249183,0.0
-4.300808,50,147.284709,0.0
-3.506537,50,147.320202,0.0
-5.226007,50,147.355485,0.0
-4.427821,50,147.390982,0.0
-4.781725,50,147.426332,0.0
-4.569007,50,147.461415,0.0
-4.537757,50,147.609524,0.0
-4.50688,50,147.64549,0.0
-4.809889,50,147.680839,0.0
-3.975523,50,147.715955,0.0
-4.284497,50,147.751315,0.0
-3.930279,50,147.786508,0.0
-3.987787,50,147.822475,0.0
-3.96545,50,147.85795,0.0
-4.15298,50,147.893657,0.0
-4.658776,50,147.929348,0.0
-4.125684,50,147.964923,0.0
-4.45775,50,148.00024,0.0
-3.928135,50,148.035296,0.0
-5.196172,50,148.070685,0.0
-4.835153,50,148.106046,0.0
-3.674742,50,148.142101,0.0
-4.964119,50,148.177842,0.0
-4.41534,50,148.213555,0.0
-4.529777,50,148.248769,0.0
-3.662428,50,148.284036,0.0
-4.510361,50,148.319192,0.0
-5.505366,50,148.354613,0.0
-4.191426,50,148.390123,0.0
-5.392097,50,148.425258,0.0
-4.401558,50,148.461053,0.0
-5.180663,50,148.496376,0.0
-4.090157,50,148.531699,0.0
-3.928054,50,148.567054,0.0
-4.110212,50,148.602656,0.0
-4.373381,50,148.638043,0.0
-4.774592,50,148.673671,0.0
-4.190863,50,148.709015,0.0
-4.209704,50,148.744229,0.0
-3.642724,50,148.779431,0.0
-4.547506,50,148.815739,0.0
-4.194904,50,148.851039,0.0
-4.902144,50,148.886123,0.0
-4.164118,50,148.921288,0.0
-3.910223,50,148.95638,0.0
-5.350516,50,148.991783,0.0
-5.187323,50,149.026973,0.0
-4.686471,50,149.177784,0.0
-4.228871,50,149.213595,0.0
-4.234499,50,149.248846,0.0
-4.57641,50,149.284148,0.0
-4.536544,50,149.319362,0.0
-4.086207,50,149.355059,0.0
-3.886872,50,149.390634,0.0
-4.740432,50,149.425725,0.0
-3.770554,50,149.460789,0.0
-4.82147,50,149.495798,0.0
-4.556993,50,149.530684,0.0
-3.672699,50,149.565612,0.0
-4.011501,50,149.600917,0.0
-4.653663,50,149.636294,0.0
-3.95482,50,149.671707,0.0
-5.012561,50,149.706584,0.0
-4.267793,50,149.741765,0.0
-4.376489,50,149.777438,0.0
-4.495513,50,149.813041,0.0
-5.344124,50,149.848381,0.0
-4.318116,50,149.8839,0.0
-4.449044,50,149.919026,0.0
-4.176947,50,149.954114,0.0
-3.773219,50,149.988975,0.0
-4.410016,50,150.023842,0.0
-4.170942,50,150.059448,0.0
-4.913298,50,150.094297,0.0
-3.889103,50,150.129854,0.0
-4.352947,50,150.165675,0.0
-4.25999,50,150.201144,0.0
-4.602985,50,150.236493,0.0
-4.824597,50,150.272026,0.0
-3.738482,50,150.307332,0.0
-4.110973,50,150.34272,0.0
-4.160157,50,150.377656,0.0
-3.75035,50,150.412882,0.0
-4.62721,50,150.448276,0.0
-4.213302,50,150.483852,0.0
-4.652171,50,150.518872,0.0
-4.465817,50,150.554019,0.0
-4.445184,50,150.589138,0.0
-3.504385,50,150.73839,0.0
-3.887946,50,150.773404,0.0
-5.246508,50,150.808652,0.0
-5.165712,50,150.844131,0.0
-4.630625,50,150.879099,0.0
-4.719848,50,150.914247,0.0
-5.116512,50,150.949224,0.0
-4.687344,50,150.984257,0.0
-4.574061,50,151.019578,0.0
-3.720535,50,151.054689,0.0
-4.082728,50,151.090022,0.0
-4.010113,50,151.125143,0.0
-4.031852,50,151.160482,0.0
-4.471772,50,151.195724,0.0
-4.593234,50,151.231052,0.0
-4.525953,50,151.266294,0.0
-4.700784,50,151.301502,0.0
-4.197112,50,151.336471,0.0
-3.68297,50,151.371463,0.0
-3.90286,50,151.406609,0.0
-4.841385,50,151.441765,0.0
-5.308968,50,151.476766,0.0
-3.923069,50,151.511862,0.0
-4.870875,50,151.546405,0.0
-5.202874,50,151.581287,0.0
-4.592612,50,151.616494,0.0
-4.722027,50,151.651815,0.0
-4.698545,50,151.687507,0.0
-4.772361,50,151.722819,0.0
-3.750782,50,151.75798,0.0
-4.160114,50,151.793576,0.0
-4.674631,50,151.829441,0.0
-4.6471,50,151.865026,0.0
-4.766118,50,151.900283,0.0
-4.177613,50,151.935594,0.0
-4.925935,50,151.971135,0.0
-4.789787,50,152.006586,0.0
-4.588218,50,152.041586,0.0
-4.358568,50,152.076839,0.0
-4.554729,50,152.112496,0.0
-3.594614,50,152.147763,0.0
-3.931434,50,152.297328,0.0
-4.405859,50,152.332868,0.0
-3.511888,50,152.368486,0.0
-4.628403,50,152.403774,0.0
-4.14623,50,152.438819,0.0
-3.76407,50,152.473981,0.0
-3.985897,50,152.509493,0.0
-4.238939,50,152.544738,0.0
-4.239905,50,152.579692,0.0
-4.170589,50,152.615385,0.0
-4.807919,50,152.650938,0.0
-4.637998,50,152.686955,0.0
-4.371076,50,152.722152,0.0
-4.70799,50,152.757724,0.0
-4.267858,50,152.792946,0.0
-3.398953,50,152.828136,0.0
-4.262386,50,152.862918,0.0
-4.603479,50,152.89778,0.0
-3.655157,50,152.932492,0.0
-3.897457,50,152.966875,0.0
-3.972313,50,153.002042,0.0
-4.645833,50,153.036437,0.0
-4.797434,50,153.070665,0.0
-4.035614,50,153.105198,0.0
-4.429161,50,153.139724,0.0
-4.739243,50,153.174122,0.0
-3.811791,50,153.208866,0.0
-5.235361,50,153.601343,0.0
-4.255703,50,153.635851,0.0
-4.104796,50,153.670714,0.0
-4.197643,50,153.705314,0.0
-4.572543,50,153.739599,0.0
-4.690958,50,153.774122,0.0
-3.936625,50,153.808947,0.0
-4.932942,50,153.843768,0.0
-3.919718,50,153.878199,0.0
-4.322703,50,153.912792,0.0
-4.304164,50,153.947334,0.0
-4.153016,50,153.982098,0.0
-4.255824,50,154.016608,0.0
-5.147227,50,154.050917,0.0
-4.946907,50,154.198381,0.0
-4.412598,50,154.233308,0.0
-3.902304,50,154.267766,0.0
-3.741051,50,154.303019,0.0
-4.509045,50,154.337583,0.0
-4.306851,50,154.372554,0.0
-3.488091,50,154.407262,0.0
-3.997392,50,154.441653,0.0
-4.930418,50,154.47643,0.0
-4.28949,50,154.511099,0.0
-3.873947,50,154.545684,0.0
-4.097989,50,154.580429,0.0
-3.941009,50,154.614854,0.0
-4.621774,50,154.6496,0.0
-4.586992,50,154.685906,0.0
-5.344532,50,154.721479,0.0
-4.311552,50,154.756278,0.0
-4.191308,50,154.791515,0.0
-5.130907,50,154.826673,0.0
-4.243263,50,154.861347,0.0
-3.954499,50,154.896074,0.0
-4.869921,50,154.93102,0.0
-4.057945,50,154.965488,0.0
-3.385822,50,155.000783,0.0
-4.865325,50,155.035779,0.0
-4.775167,50,155.070911,0.0
-4.333936,50,155.105886,0.0
-4.635276,50,155.140385,0.0
-3.997633,50,155.175049,0.0
-4.247077,50,155.210103,0.0
-4.853029,50,155.244915,0.0
-4.263789,50,155.279745,0.0
-4.563135,50,155.314933,0.0
-4.616985,50,155.34941,0.0
-4.891926,50,155.384043,0.0
-4.555866,50,155.418599,0.0
-4.123462,50,155.45309,0.0
-4.69961,50,155.487835,0.0
-4.747495,50,155.522647,0.0
-5.002856,50,155.557109,0.0
-4.849442,50,155.591529,0.0
-4.042303,50,155.736597,0.0
-4.923837,50,155.771205,0.0
-3.743634,50,155.806506,0.0
-4.776926,50,155.841347,0.0
-3.59594,50,155.876078,0.0
-4.578219,50,155.910631,0.0
-4.685785,50,155.945669,0.0
-4.402108,50,155.980325,0.0
-5.215857,50,156.015255,0.0
-4.579238,50,156.049596,0.0
-3.958625,50,156.084225,0.0
-4.682525,50,156.118526,0.0
-4.302533,50,156.153622,0.0
-4.071509,50,156.188186,0.0
-5.028598,50,156.222781,0.0
-4.190728,50,156.257487,0.0
-4.178895,50,156.291898,0.0
-4.533649,50,156.326243,0.0
-4.869519,50,156.360862,0.0
-4.531832,50,156.395671,0.0
-4.475967,50,156.430513,0.0
-4.480063,50,156.465103,0.0
-5.370572,50,156.499483,0.0
-4.033913,50,156.533739,0.0
-4.538815,50,156.568335,0.0
-4.820532,50,156.602745,0.0
-4.369588,50,156.63737,0.0
-4.823733,50,156.67222,0.0
-4.069503,50,156.706735,0.0
-4.109745,50,156.74135,0.0
-3.799906,50,156.775949,0.0
-4.116219,50,156.811276,0.0
-4.532807,50,156.845849,0.0
-4.313612,50,156.88025,0.0
-3.997228,50,156.914686,0.0
-4.614853,50,156.949038,0.0
-3.764657,50,156.983613,0.0
-3.940172,50,157.018122,0.0
-3.930058,50,157.052409,0.0
-4.430505,50,157.087282,0.0
-3.957336,50,157.121664,0.0
-4.195973,50,157.267439,0.0
-4.757059,50,157.302615,0.0
-4.72432,50,157.337029,0.0
-4.660963,50,157.371843,0.0
-4.36873,50,157.406463,0.0
-4.374352,50,157.44083,0.0
-5.428211,50,157.475596,0.0
-4.60697,50,157.510141,0.0
-4.51796,50,157.544963,0.0
-5.093361,50,157.579646,0.0
-4.189218,50,157.614215,0.0
-4.215704,50,157.648738,0.0
-3.897783,50,157.68302,0.0
-4.805615,50,157.717361,0.0
-4.613525,50,157.751787,0.0
-4.867447,50,157.786051,0.0
-3.532679,50,157.820774,0.0
-3.96121,50,157.855172,0.0
-4.491364,50,157.889848,0.0
-4.874661,50,157.924402,0.0
-4.479895,50,157.958959,0.0
-3.880564,50,157.993592,0.0
-4.856192,50,158.028359,0.0
-4.57213,50,158.06329,0.0
-4.439289,50,158.097934,0.0
-4.251699,50,158.132485,0.0
-4.876487,50,158.167022,0.0
-4.249253,50,158.201545,0.0
-4.586803,50,158.236327,0.0
-5.195655,50,158.270556,0.0
-5.098632,50,158.305222,0.0
-4.819876,50,158.340059,0.0
-3.844859,50,158.375135,0.0
-4.030423,50,158.409842,0.0
-4.1213,50,158.44427,0.0
-3.956614,50,158.478885,0.0
-4.942483,50,158.513547,0.0
-4.683844,50,158.548733,0.0
-4.464084,50,158.583533,0.0
-3.735737,50,158.618164,0.0
-4.15107,50,158.762565,0.0
-4.103632,50,158.797528,0.0
-4.89844,50,158.832344,0.0
-4.235766,50,158.867032,0.0
-5.110557,50,158.901425,0.0
-4.235441,50,158.93599,0.0
-4.881558,50,158.970261,0.0
-4.792303,50,159.004738,0.0
-3.692015,50,159.039586,0.0
-3.771572,50,159.074159,0.0
-4.468947,50,159.108542,0.0
-4.135236,50,159.143191,0.0
-3.64687,50,159.17787,0.0
-4.195332,50,159.212749,0.0
-4.629299,50,159.247912,0.0
-4.222444,50,159.282404,0.0
-5.514142,50,159.316999,0.0
-5.309799,50,159.351765,0.0
-4.492237,50,159.38665,0.0
-4.51166,50,159.421532,0.0
-4.187727,50,159.457111,0.0
-4.47319,50,159.492492,0.0
-3.935057,50,159.5274,0.0
-4.817763,50,159.562138,0.0
-4.453715,50,159.596419,0.0
-4.313136,50,159.631047,0.0
-5.009738,50,159.666555,0.0
-4.104847,50,159.7021,0.0
-4.173771,50,159.737511,0.0
-3.983065,50,159.77241,0.0
-4.603835,50,159.80832,0.0
-4.327143,50,159.843647,0.0
-3.611907,50,159.878826,0.0
-4.308898,50,159.914101,0.0
-5.149887,50,159.949192,0.0
-4.24699,50,159.984688,0.0
-3.943309,50,160.019791,0.0
-4.087147,50,160.054839,0.0
-3.669091,50,160.090007,0.0
-4.099448,50,160.125191,0.0
-4.679119,50,160.160207,0.0
-4.612771,50,160.309191,0.0
-4.652325,50,160.344641,0.0
-4.227847,50,160.380333,0.0
-4.188462,50,160.415957,0.0
-4.261655,50,160.451054,0.0
-4.344222,50,160.486385,0.0
-4.609293,50,160.521695,0.0
-4.724718,50,160.556892,0.0
-4.732075,50,160.592379,0.0
-4.656821,50,160.627831,0.0
-4.561397,50,160.66306,0.0
-4.635729,50,160.698529,0.0
-5.556892,50,160.733842,0.0
-4.571242,50,160.769091,0.0
-5.408633,50,160.80488,0.0
-5.026001,50,160.840748,0.0
-3.433907,50,160.876192,0.0
-4.219128,50,160.91172,0.0
-4.844522,50,160.94663,0.0
-3.807573,50,160.981789,0.0
-4.469006,50,161.016707,0.0
-4.458478,50,161.051665,0.0
-4.109606,50,161.08815,0.0
-4.550844,50,161.123615,0.0
-4.431985,50,161.159096,0.0
-4.644911,50,161.194553,0.0
-3.837695,50,161.22956,0.0
-4.365636,50,161.265024,0.0
-4.445443,50,161.300573,0.0
-4.220835,50,161.33566,0.0
-4.131015,50,161.371886,0.0
-3.612676,50,161.407679,0.0
-4.687954,50,161.441987,0.0
-4.74071,50,161.477435,0.0
-4.330563,50,161.51259,0.0
-3.859843,50,161.547504,0.0
-3.995362,50,161.582943,0.0
-4.372559,50,161.617971,0.0
-4.37089,50,161.653322,0.0
-5.181932,50,161.688617,0.0
-4.411971,50,161.72439,0.0
-4.633031,50,161.871891,0.0
-4.79036,50,161.9075,0.0
-4.13686,50,161.942988,0.0
-4.506224,50,161.978789,0.0
-4.324115,50,162.014634,0.0
-4.47049,50,162.050582,0.0
-3.950366,50,162.086261,0.0
-3.912959,50,162.121901,0.0
-3.882169,50,162.157874,0.0
-4.92477,50,162.193472,0.0
-3.955814,50,162.228434,0.0
-4.513541,50,162.263924,0.0
-4.007284,50,162.299738,0.0
-4.336762,50,162.334847,0.0
-4.745049,50,162.370211,0.0
-4.34204,50,162.405709,0.0
-5.077391,50,162.441191,0.0
-4.131266,50,162.476516,0.0
-4.64042,50,162.512432,0.0
-4.740083,50,162.547936,0.0
-4.506388,50,162.583632,0.0
-4.539148,50,162.618781,0.0
-4.263273,50,162.653969,0.0
-3.822939,50,162.689222,0.0
-4.429942,50,162.723975,0.0
-4.433086,50,162.759489,0.0
-3.965054,50,162.794709,0.0
-4.295175,50,162.830201,0.0
-4.106962,50,162.865629,0.0
-3.937594,50,162.901053,0.0
-3.817576,50,162.93613,0.0
-4.929406,50,162.971536,0.0
-4.880832,50,163.006198,0.0
-4.223903,50,163.041043,0.0
-4.903377,50,163.076788,0.0
-4.836441,50,163.112014,0.0
-5.089503,50,163.147373,0.0
-4.354308,50,163.182704,0.0
-4.286952,50,163.218312,0.0
-4.910373,50,163.253423,0.0
-4.969587,50,163.288557,0.0
-4.311748,50,163.437587,0.0
-4.192087,50,163.47294,0.0
-4.373238,50,163.508219,0.0
-4.367506,50,163.543366,0.0
-4.365802,50,163.578624,0.0
-3.869963,50,163.613694,0.0
-4.146668,50,163.648908,0.0
-3.784464,50,163.684468,0.0
-3.965502,50,163.720684,0.0
-4.53265,50,163.756235,0.0
-4.102632,50,163.79177,0.0
-3.887283,50,163.827433,0.0
-3.92831,50,163.863783,0.0
-4.500667,50,163.899308,0.0
-4.646212,50,163.934619,0.0
-4.292119,50,163.96962,0.0
-4.351568,50,164.004731,0.0
-3.760991,50,164.03979,0.0
-4.167075,50,164.074997,0.0
-4.374244,50,164.110175,0.0
-4.756378,50,164.146135,0.0
-4.599037,50,164.18196,0.0
-4.597306,50,164.217516,0.0
-4.969489,50,164.253433,0.0
-4.486165,50,164.289224,0.0
-4.596293,50,164.324429,0.0
-4.082464,50,164.35979,0.0
-4.585192,50,164.395175,0.0
-4.331605,50,164.430496,0.0
-4.541546,50,164.465721,0.0
-3.973273,50,164.501651,0.0
-4.922036,50,164.537141,0.0
-4.336546,50,164.572445,0.0
-4.420727,50,164.607883,0.0
-5.50753,50,164.643033,0.0
-3.839203,50,164.678754,0.0
-3.921519,50,164.714486,0.0
-4.893491,50,164.75015,0.0
-5.594224,50,164.785459,0.0
-4.635114,50,164.821063,0.0
-4.843277,50,164.856668,0.0
-4.125785,50,165.006195,0.0
-4.852077,50,165.041796,0.0
-4.701745,50,165.077091,0.0
-4.611641,50,165.112773,0.0
-4.176652,50,165.148468,0.0
-4.064338,50,165.184414,0.0
-4.199791,50,165.219703,0.0
-4.293612,50,165.255113,0.0
-4.569003,50,165.290487,0.0
-4.234992,50,165.325529,0.0
-4.519456,50,165.360901,0.0
-3.982068,50,165.396181,0.0
-4.046957,50,165.431086,0.0
-4.827853,50,165.466107,0.0
-4.182476,50,165.501465,0.0
-5.154146,50,165.536696,0.0
-3.985611,50,165.571816,0.0
-4.193399,50,165.606528,0.0
-4.307902,50,165.641567,0.0
-4.47828,50,165.676403,0.0
-4.330949,50,165.711042,0.0
-4.367875,50,165.746039,0.0
-3.920229,50,165.781064,0.0
-4.812614,50,165.815844,0.0
-3.836743,50,165.851228,0.0
-4.230977,50,165.886415,0.0
-3.660521,50,165.921275,0.0
-4.102019,50,165.956235,0.0
-3.667109,50,165.991067,0.0
-3.953255,50,166.026231,0.0
-4.737908,50,166.061196,0.0
-4.567117,50,166.096252,0.0
-3.971845,50,166.13151,0.0
-4.678991,50,166.166426,0.0
-4.187903,50,166.201398,0.0
-5.415025,50,166.236439,0.0
-4.340304,50,166.271631,0.0
-4.605758,50,166.306838,0.0
-4.426357,50,166.342359,0.0
-4.117698,50,166.377075,0.0
-4.109154,50,166.412092,0.0
-3.975842,50,166.559696,0.0
-4.454043,50,166.594961,0.0
-4.085644,50,166.630012,0.0
-4.346383,50,166.665643,0.0
-4.317314,50,166.70067,0.0
-4.305218,50,166.736014,0.0
-4.44039,50,166.771304,0.0
-3.698011,50,166.806592,0.0
-3.413806,50,166.841597,0.0
-4.55614,50,166.877004,0.0
-4.67325,50,166.912347,0.0
-3.63331,50,166.947572,0.0
-5.045686,50,166.982802,0.0
-4.626808,50,167.017915,0.0
-4.171146,50,167.052715,0.0
-4.700873,50,167.087706,0.0
-4.661031,50,167.122946,0.0
-4.089189,50,167.157893,0.0
-5.198044,50,167.192883,0.0
-4.652738,50,167.227964,0.0
-4.577226,50,167.263971,0.0
-4.360338,50,167.299627,0.0
-4.502102,50,167.334799,0.0
-4.95148,50,167.369628,0.0
-4.847924,50,167.404789,0.0
-4.432691,50,167.439924,0.0
-4.502672,50,167.474864,0.0
-4.583539,50,167.509487,0.0
-3.848507,50,167.544579,0.0
-3.460869,50,167.57983,0.0
-5.103088,50,167.614835,0.0
-4.048003,50,167.650233,0.0
-4.867455,50,167.685262,0.0
-5.259749,50,167.720416,0.0
-4.128686,50,167.756387,0.0
-4.663107,50,167.79161,0.0
-4.749623,50,167.827869,0.0
-4.834071,50,167.863927,0.0
-4.33553,50,167.899381,0.0
-4.707169,50,167.934799,0.0
-3.811103,50,167.970644,0.0
-4.252449,50,168.119392,0.0
-4.48625,50,168.154777,0.0
-4.449498,50,168.190185,0.0
-3.7676,50,168.225846,0.0
-4.052785,50,168.261603,0.0
-3.755426,50,168.297291,0.0
-4.205116,50,168.3329,0.0
-5.348362,50,168.368267,0.0
-4.60578,50,168.403876,0.0
-4.005928,50,168.439056,0.0
-4.842891,50,168.474236,0.0
-3.893891,50,168.509542,0.0
-4.234162,50,168.544937,0.0
-3.62137,50,168.580197,0.0
-4.016322,50,168.61559,0.0
-4.308749,50,168.651926,0.0
-4.578764,50,168.687426,0.0
-3.98976,50,168.722059,0.0
-4.437969,50,168.756763,0.0
-5.051104,50,168.79158,0.0
-4.14516,50,168.826972,0.0
-4.523176,50,168.861779,0.0
-4.292203,50,168.896365,0.0
-4.697483,50,168.93141,0.0
-4.530948,50,168.965748,0.0
-4.727906,50,169.000206,0.0
-4.894628,50,169.03522,0.0
-4.751928,50,169.070411,0.0
-4.66476,50,169.105875,0.0
-4.081891,50,169.14102,0.0
-4.28611,50,169.176231,0.0
-3.874031,50,169.212857,0.0
-4.481578,50,169.248977,0.0
-4.247971,50,169.284202,0.0
-3.895692,50,169.319475,0.0
-3.699914,50,169.355026,0.0
-4.744568,50,169.390657,0.0
-4.447003,50,169.426272,0.0
-3.939611,50,169.462222,0.0
-3.923512,50,169.498592,0.0
-4.380606,50,169.53402,0.0
-4.140514,50,169.682399,0.0
-4.028521,50,169.717876,0.0
-3.773368,50,169.753677,0.0
-4.763571,50,169.789195,0.0
-3.91364,50,169.824881,0.0
-4.216468,50,169.861297,0.0
-4.56057,50,169.897087,0.0
-4.785956,50,169.932543,0.0
-4.396554,50,169.968078,0.0
-4.604078,50,170.003287,0.0
-4.568347,50,170.037997,0.0
-4.831495,50,170.07324,0.0
-4.264483,50,170.108434,0.0
-4.234958,50,170.143893,0.0
-4.221695,50,170.179264,0.0
-4.665024,50,170.214859,0.0
-4.34261,50,170.249835,0.0
-4.991367,50,170.28497,0.0
-4.372968,50,170.319978,0.0
-4.55194,50,170.354855,0.0
-4.676983,50,170.390177,0.0
-5.082403,50,170.425566,0.0
-4.610937,50,170.460775,0.0
-4.326307,50,170.495942,0.0
-5.044167,50,170.531657,0.0
-3.871164,50,170.566765,0.0
-4.013894,50,170.602044,0.0
-4.053012,50,170.637761,0.0
-4.663067,50,170.672991,0.0
-4.329462,50,170.708501,0.0
-4.281686,50,170.743682,0.0
-4.686144,50,170.779025,0.0
-4.264421,50,170.814191,0.0
-3.513572,50,170.849725,0.0
-4.191333,50,170.884781,0.0
-4.160353,50,170.920366,0.0
-4.108919,50,170.955614,0.0
-4.152334,50,170.99091,0.0
-4.400073,50,171.026431,0.0
-3.974426,50,171.061331,0.0
-4.045953,50,171.09618,0.0
-5.021121,50,171.244686,0.0
-4.592697,50,171.280466,0.0
-5.12814,50,171.315691,0.0
-4.26976,50,171.350336,0.0
-4.221062,50,171.385828,0.0
-4.643164,50,171.421487,0.0
-4.378765,50,171.4572,0.0
-4.881647,50,171.492497,0.0
-3.821493,50,171.527644,0.0
-4.445707,50,171.562878,0.0
-4.198309,50,171.598415,0.0
-4.318442,50,171.633836,0.0
-4.037772,50,171.669318,0.0
-4.358841,50,171.70487,0.0
-5.105585,50,171.739777,0.0
-5.206474,50,171.77481,0.0
-4.429307,50,171.810446,0.0
-4.210499,50,171.845892,0.0
-4.276236,50,171.881659,0.0
-4.053184,50,171.91702,0.0
-4.98578,50,171.952335,0.0
-3.643824,50,171.987425,0.0
-4.684117,50,172.022863,0.0
-4.654973,50,172.058226,0.0
-4.778831,50,172.093646,0.0
-4.586424,50,172.129233,0.0
-4.32401,50,172.164232,0.0
-4.054324,50,172.199796,0.0
-4.240298,50,172.235389,0.0
-4.408233,50,172.270802,0.0
-4.040814,50,172.306074,0.0
-4.535424,50,172.341691,0.0
-4.764713,50,172.376811,0.0
-4.805384,50,172.412523,0.0
-5.007479,50,172.447901,0.0
-4.641572,50,172.482947,0.0
-4.042193,50,172.519172,0.0
-4.154816,50,172.554508,0.0
-4.264515,50,172.589813,0.0
-4.455385,50,172.625005,0.0
-3.953278,50,172.660241,0.0
-4.953284,50,172.809581,0.0
-4.283218,50,172.845331,0.0
-4.479015,50,172.881452,0.0
-4.792886,50,172.917361,0.0
-4.137866,50,172.952564,0.0
-3.909541,50,172.987878,0.0
-4.513869,50,173.02319,0.0
-3.965637,50,173.058622,0.0
-4.791615,50,173.094015,0.0
-4.066359,50,173.129361,0.0
-3.652334,50,173.164701,0.0
-4.252739,50,173.200626,0.0
-5.112462,50,173.235878,0.0
-4.22798,50,173.271449,0.0
-4.599529,50,173.307281,0.0
-4.030541,50,173.342349,0.0
-4.408755,50,173.377246,0.0
-4.742984,50,173.412452,0.0
-4.303484,50,173.447372,0.0
-4.773083,50,173.482773,0.0
-4.071647,50,173.518425,0.0
-4.280635,50,173.553385,0.0
-4.109361,50,173.588586,0.0
-4.667395,50,173.624098,0.0
-3.590837,50,173.659817,0.0
-4.642357,50,173.695242,0.0
-4.427137,50,173.730652,0.0
-4.698883,50,173.765942,0.0
-4.245462,50,173.801462,0.0
-4.132235,50,173.836585,0.0
-4.757083,50,173.871769,0.0
-4.280253,50,173.906709,0.0
-4.61391,50,173.941871,0.0
-4.757714,50,173.97718,0.0
-4.27618,50,174.011966,0.0
-3.948639,50,174.047207,0.0
-3.997987,50,174.082125,0.0
-4.031329,50,174.117001,0.0
-3.887935,50,174.152263,0.0
-4.336139,50,174.187504,0.0
-3.746556,50,174.223057,0.0
-4.970402,50,174.370793,0.0
-3.936233,50,174.406512,0.0
-4.041511,50,174.442043,0.0
-4.798334,50,174.477193,0.0
-3.917731,50,174.513464,0.0
-4.385996,50,174.548639,0.0
-4.632963,50,174.584026,0.0
-3.877353,50,174.618681,0.0
-4.455245,50,174.654138,0.0
-4.138953,50,174.68942,0.0
-4.675845,50,174.724249,0.0
-4.234525,50,174.75949,0.0
-4.357962,50,174.794476,0.0
-4.578082,50,174.829692,0.0
-4.636578,50,174.864606,0.0
-4.664362,50,174.900019,0.0
-4.354713,50,174.935144,0.0
-4.747075,50,174.97058,0.0
-3.980538,50,175.005563,0.0
-3.877329,50,175.040338,0.0
-5.303581,50,175.075795,0.0
-4.994391,50,175.110497,0.0
-4.56834,50,175.14583,0.0
-4.2958,50,175.18132,0.0
-3.541851,50,175.216426,0.0
-5.05152,50,175.251625,0.0
-4.311779,50,175.286448,0.0
-4.624689,50,175.321377,0.0
-4.176067,50,175.355911,0.0
-4.736046,50,175.390882,0.0
-4.591553,50,175.426105,0.0
-4.765997,50,175.461032,0.0
-4.653158,50,175.496259,0.0
-3.819079,50,175.531666,0.0
-3.858063,50,175.567035,0.0
-4.798114,50,175.602275,0.0
-3.700307,50,175.637713,0.0
-4.988864,50,175.672922,0.0
-4.563789,50,175.708528,0.0
-4.153653,50,175.743678,0.0
-4.408735,50,175.779175,0.0
-4.296713,50,175.928987,0.0
-4.36904,50,175.96451,0.0
-4.520725,50,176.000101,0.0
-3.949927,50,176.035945,0.0
-3.746535,50,176.071231,0.0
-3.992972,50,176.106845,0.0
-4.224513,50,176.14205,0.0
-4.270607,50,176.177763,0.0
-3.891463,50,176.213311,0.0
-3.940875,50,176.248653,0.0
-4.030143,50,176.283934,0.0
-4.499758,50,176.319322,0.0
-4.484525,50,176.354752,0.0
-4.403499,50,176.389962,0.0
-4.090748,50,176.426931,0.0
-3.83466,50,176.46282,0.0
-3.556193,50,176.498417,0.0
-4.285168,50,176.534419,0.0
-4.373239,50,176.56995,0.0
-4.043866,50,176.605424,0.0
-4.266247,50,176.641426,0.0
-4.581753,50,176.677092,0.0
-4.329339,50,176.712509,0.0
-4.180737,50,176.748241,0.0
-4.106469,50,176.783849,0.0
-4.500045,50,176.819426,0.0
-4.417719,50,176.855409,0.0
-4.093408,50,176.890904,0.0
-3.911647,50,176.926116,0.0
-4.14662,50,176.962039,0.0
-4.167691,50,176.997409,0.0
-3.810054,50,177.032338,0.0
-4.913113,50,177.067865,0.0
-5.090492,50,177.102864,0.0
-4.519201,50,177.138002,0.0
-4.078558,50,177.173448,0.0
-4.035221,50,177.208641,0.0
-4.469589,50,177.243868,0.0
-3.712688,50,177.279371,0.0
-3.750733,50,177.314654,0.0
-3.90936,50,177.349932,0.0
-4.134348,50,177.499256,0.0
-4.561059,50,177.534784,0.0
-4.505163,50,177.570171,0.0
-4.141201,50,177.605737,0.0
-4.399533,50,177.641241,0.0
-4.129659,50,177.676431,0.0
-3.951869,50,177.712267,0.0
-4.696775,50,177.747686,0.0
-5.058828,50,177.782725,0.0
-3.962738,50,177.81783,0.0
-4.545082,50,177.852844,0.0
-3.718441,50,177.887786,0.0
-4.662178,50,177.92356,0.0
-4.112274,50,177.959291,0.0
-5.323245,50,177.994673,0.0
-4.248119,50,178.029928,0.0
-4.856156,50,178.065086,0.0
-4.676245,50,178.100412,0.0
-4.145845,50,178.13601,0.0
-4.146919,50,178.172293,0.0
-5.173466,50,178.208417,0.0
-4.641305,50,178.243914,0.0
-3.95542,50,178.27908,0.0
-4.672437,50,178.314594,0.0
-4.649633,50,178.349857,0.0
-3.631053,50,178.384933,0.0
-4.294789,50,178.420047,0.0
-4.515822,50,178.455574,0.0
-4.304782,50,178.49045,0.0
-4.432815,50,178.526129,0.0
-4.70313,50,178.561402,0.0
-4.355421,50,178.596214,0.0
-3.645761,50,178.631447,0.0
-4.370955,50,178.667134,0.0
-4.654855,50,178.702055,0.0
-4.571181,50,178.737199,0.0
-4.101205,50,178.772678,0.0
-4.756538,50,178.808508,0.0
-3.688376,50,178.844315,0.0
-4.167262,50,178.879989,0.0
-4.387567,50,178.91546,0.0
-4.210762,50,179.065114,0.0
-4.47533,50,179.100289,0.0
-4.747134,50,179.135783,0.0
-4.530224,50,179.171246,0.0
-4.383863,50,179.206451,0.0
-4.522489,50,179.241542,0.0
-3.988271,50,179.277026,0.0
-4.50397,50,179.312318,0.0
-3.941498,50,179.347599,0.0
-5.357282,50,179.382838,0.0
-4.748305,50,179.418128,0.0
-4.270798,50,179.453376,0.0
-4.343583,50,179.488359,0.0
-4.052348,50,179.523749,0.0
-4.138421,50,179.559894,0.0
-4.994733,50,179.595267,0.0
-4.514185,50,179.63088,0.0
-4.680871,50,179.666151,0.0
-4.207627,50,179.701458,0.0
-4.822833,50,179.737005,0.0
-3.987991,50,179.772032,0.0
-3.933509,50,179.807853,0.0
-4.080355,50,179.843636,0.0
-3.953407,50,179.879289,0.0
-4.108342,50,179.914209,0.0
-4.439683,50,179.949645,0.0
-4.01271,50,179.98511,0.0
-4.464245,50,180.020638,0.0
-4.535963,50,180.05584,0.0
-4.517605,50,180.091286,0.0
-4.550377,50,180.126354,0.0
-4.433689,50,180.161875,0.0
-5.504969,50,180.197284,0.0
-4.742842,50,180.232597,0.0
-4.308635,50,180.267893,0.0
-4.221727,50,180.30358,0.0
-3.956757,50,180.338978,0.0
-4.119004,50,180.374485,0.0
-4.611559,50,180.409583,0.0
-4.164483,50,180.445103,0.0
-4.631849,50,180.480896,0.0
-4.909138,50,180.628769,0.0
-5.073836,50,180.664738,0.0
-5.047617,50,180.699926,0.0
-4.85311,50,180.735271,0.0
-4.302796,50,180.770274,0.0
-5.080359,50,180.805696,0.0
-4.438339,50,180.841287,0.0
-4.64204,50,180.876751,0.0
-4.615175,50,180.91211,0.0
-4.392107,50,180.947409,0.0
-4.053767,50,180.982885,0.0
-3.612803,50,181.019648,0.0
-4.631358,50,181.056162,0.0
-4.042559,50,181.093296,0.0
-4.357742,50,181.129369,0.0
-4.12456,50,181.166634,0.0
-4.613298,50,181.20422,0.0
-5.075486,50,181.23988,0.0
-4.639125,50,181.275809,0.0
-3.39516,50,181.31134,0.0
-4.702539,50,181.346543,0.0
-4.066665,50,181.381464,0.0
-4.159072,50,181.416739,0.0
-4.181379,50,181.451991,0.0
-4.619025,50,181.486989,0.0
-4.45477,50,181.521757,0.0
-4.248045,50,181.556808,0.0
-4.23784,50,181.591805,0.0
-4.008985,50,181.627169,0.0
-4.537367,50,181.662496,0.0
-4.448319,50,181.697688,0.0
-5.070594,50,181.733089,0.0
-4.411947,50,181.769245,0.0
-4.439535,50,181.80502,0.0
-4.083194,50,181.840821,0.0
-4.978725,50,181.876302,0.0
-4.961355,50,181.912041,0.0
-4.312444,50,181.947649,0.0
-4.226964,50,181.983257,0.0
-3.734703,50,182.018537,0.0
-4.875222,50,182.053711,0.0
-4.504156,50,182.204082,0.0
-3.769641,50,182.23986,0.0
-4.518408,50,182.275313,0.0
-4.390894,50,182.310762,0.0
-3.929407,50,182.345876,0.0
-4.633547,50,182.38107,0.0
-4.078914,50,182.415957,0.0
-4.134868,50,182.450792,0.0
-4.162083,50,182.486191,0.0
-3.784762,50,182.521626,0.0
-4.5856,50,182.556918,0.0
-4.207676,50,182.592261,0.0
-4.445656,50,182.627768,0.0
-4.047631,50,182.663343,0.0
-4.318751,50,182.698697,0.0
-4.524956,50,182.733992,0.0
-3.893533,50,182.769818,0.0
-3.838643,50,182.805533,0.0
-4.030491,50,182.841015,0.0
-4.352644,50,182.876396,0.0
-4.686963,50,182.911793,0.0
-3.829332,50,182.947391,0.0
-4.484023,50,182.982413,0.0
-4.32704,50,183.017181,0.0
-4.127398,50,183.052072,0.0
-3.511399,50,183.087952,0.0
-4.019878,50,183.123923,0.0
-4.075243,50,183.159179,0.0
-4.97267,50,183.194569,0.0
-3.477986,50,183.23005,0.0
-3.956048,50,183.264941,0.0
-4.692318,50,183.300102,0.0
-4.372654,50,183.336056,0.0
-4.331079,50,183.37178,0.0
-4.741994,50,183.40716,0.0
-4.458098,50,183.44226,0.0
-4.390177,50,183.477401,0.0
-4.12237,50,183.512711,0.0
-4.612746,50,183.548092,0.0
-4.039699,50,183.583247,0.0
-3.825678,50,183.618359,0.0
-4.711036,50,183.767966,0.0
-4.54983,50,183.803409,0.0
-4.28333,50,183.839174,0.0
-4.897926,50,183.874327,0.0
-4.013659,50,183.909685,0.0
-4.388661,50,183.944875,0.0
-4.240903,50,183.980015,0.0
-4.486199,50,184.015575,0.0
-4.677482,50,184.051045,0.0
-4.289421,50,184.086741,0.0
-4.096542,50,184.121854,0.0
-3.809643,50,184.157397,0.0
-4.045111,50,184.193668,0.0
-4.589532,50,184.229679,0.0
-5.233531,50,184.265292,0.0
-4.367638,50,184.300456,0.0
-4.133701,50,184.335908,0.0
-3.720125,50,184.37088,0.0
-4.72088,50,184.406543,0.0
-4.295566,50,184.441831,0.0
-4.461414,50,184.477183,0.0
-4.47274,50,184.512585,0.0
-4.531061,50,184.547731,0.0
-4.391285,50,184.583103,0.0
-4.245897,50,184.618849,0.0
-4.661568,50,184.654401,0.0
-4.679989,50,184.689996,0.0
-4.061508,50,184.725296,0.0
-4.66029,50,184.760734,0.0
-4.376724,50,184.796005,0.0
-4.080646,50,184.831531,0.0
-3.699749,50,184.867115,0.0
-4.052948,50,184.902674,0.0
-4.223797,50,184.937822,0.0
-4.52851,50,184.973124,0.0
-4.478788,50,185.008314,0.0
-4.21499,50,185.044133,0.0
-4.53869,50,185.080109,0.0
-4.43225,50,185.115387,0.0
-3.792915,50,185.151038,0.0
-4.231131,50,185.186518,0.0
-5.544779,50,185.331882,0.0
-3.967922,50,185.366943,0.0
-4.612321,50,185.401806,0.0
-4.604999,50,185.436307,0.0
-4.164343,50,185.470598,0.0
-3.855851,50,185.505211,0.0
-4.675215,50,185.539896,0.0
-3.940993,50,185.575499,0.0
-4.108404,50,185.610511,0.0
-3.768478,50,185.645503,0.0
-3.955701,50,185.681042,0.0
-4.503681,50,185.71573,0.0
-3.971212,50,185.750447,0.0
-4.754734,50,185.785227,0.0
-4.442424,50,185.820241,0.0
-4.171905,50,185.855127,0.0
-4.744106,50,185.8906,0.0
-3.818351,50,185.926507,0.0
-5.101766,50,185.961673,0.0
-4.121423,50,185.996421,0.0
-3.923398,50,186.031416,0.0
-4.407585,50,186.066314,0.0
-3.872151,50,186.101201,0.0
-4.586506,50,186.136598,0.0
-4.187227,50,186.172598,0.0
-3.754939,50,186.209331,0.0
-4.471185,50,186.244559,0.0
-4.295726,50,186.279308,0.0
-4.343517,50,186.314782,0.0
-3.83887,50,186.350516,0.0
-3.765601,50,186.38562,0.0
-4.141275,50,186.420508,0.0
-4.009545,50,186.455439,0.0
-4.683675,50,186.490837,0.0
-4.388275,50,186.525824,0.0
-4.338392,50,186.560474,0.0
-4.27423,50,186.59544,0.0
-4.662407,50,186.63013,0.0
-3.483942,50,186.666077,0.0
-4.099654,50,186.700822,0.0
-4.077522,50,186.735538,0.0
-4.436543,50,186.882078,0.0
-4.365289,50,186.917171,0.0
-3.915143,50,186.952693,0.0
-4.61811,50,186.987168,0.0
-4.517975,50,187.022012,0.0
-4.657815,50,187.056977,0.0
-4.045979,50,187.092505,0.0
-4.249016,50,187.128652,0.0
-4.63178,50,187.163308,0.0
-3.584976,50,187.198067,0.0
-4.395157,50,187.233158,0.0
-3.958093,50,187.269108,0.0
-4.056309,50,187.303911,0.0
-4.832412,50,187.338908,0.0
-3.768543,50,187.37374,0.0
-4.782255,50,187.408937,0.0
-4.554261,50,187.443916,0.0
-4.956476,50,187.478782,0.0
-3.949703,50,187.513879,0.0
-4.414254,50,187.548897,0.0
-4.537128,50,187.583447,0.0
-4.008331,50,187.618664,0.0
-4.781046,50,187.653427,0.0
-4.290932,50,187.687869,0.0
-4.450028,50,187.722532,0.0
-3.972562,50,187.757912,0.0
-4.778883,50,187.793203,0.0
-4.854771,50,187.828013,0.0
-4.805827,50,187.863031,0.0
-4.325308,50,187.897841,0.0
-3.889324,50,187.932601,0.0
-4.524079,50,187.967259,0.0
-4.499806,50,188.002405,0.0
-4.305906,50,188.037153,0.0
-4.71222,50,188.071928,0.0
-4.299443,50,188.106295,0.0
-4.198907,50,188.141037,0.0
-4.824646,50,188.175718,0.0
-4.481888,50,188.210509,0.0
-3.877791,50,188.245587,0.0
-4.95212,50,188.280195,0.0
-3.334411,50,188.426287,0.0
-3.548169,50,188.461767,0.0
-4.017295,50,188.49628,0.0
-4.041051,50,188.531122,0.0
-4.660046,50,188.566273,0.0
-3.623067,50,188.601123,0.0
-4.238973,50,188.636161,0.0
-4.072017,50,188.670448,0.0
-4.39307,50,188.704918,0.0
-4.166223,50,188.73986,0.0
-4.561062,50,188.774718,0.0
-4.183204,50,188.809831,0.0
-3.729423,50,188.844493,0.0
-3.962805,50,188.879318,0.0
-4.324861,50,188.913948,0.0
-4.488316,50,188.948759,0.0
-4.689928,50,188.983341,0.0
-4.769851,50,189.01809,0.0
-4.331332,50,189.052816,0.0
-4.364441,50,189.08721,0.0
-3.627714,50,189.121692,0.0
-3.986357,50,189.156238,0.0
-4.785396,50,189.190965,0.0
-4.40198,50,189.225521,0.0
-4.144841,50,189.260101,0.0
-4.307814,50,189.294721,0.0
-4.607018,50,189.329133,0.0
-4.831345,50,189.363884,0.0
-4.69069,50,189.39848,0.0
-3.905657,50,189.432909,0.0
-4.116418,50,189.467438,0.0
-4.519564,50,189.501954,0.0
-3.730533,50,189.536464,0.0
-3.864775,50,189.570885,0.0
-4.944683,50,189.605271,0.0
-4.648912,50,189.639828,0.0
-3.740773,50,189.674621,0.0
-3.755226,50,189.709027,0.0
-4.591358,50,189.74366,0.0
-4.260917,50,189.77825,0.0
-4.813689,50,189.812635,0.0
-4.383115,50,189.957939,0.0
-5.349255,50,189.992773,0.0
-4.037455,50,190.027694,0.0
-4.289615,50,190.062718,0.0
-4.786047,50,190.097575,0.0
-5.018606,50,190.132232,0.0
-5.119651,50,190.166988,0.0
-4.519297,50,190.201381,0.0
-4.931578,50,190.23582,0.0
-4.855465,50,190.271032,0.0
-3.490459,50,190.306094,0.0
-4.345787,50,190.341128,0.0
-4.089123,50,190.375916,0.0
-4.175035,50,190.410616,0.0
-4.332639,50,190.445939,0.0
-4.376053,50,190.480757,0.0
-4.437427,50,190.51607,0.0
-3.765168,50,190.550818,0.0
-4.45553,50,190.585733,0.0
-4.404582,50,190.620843,0.0
-4.793391,50,190.655747,0.0
-3.922615,50,190.69038,0.0
-3.772802,50,190.725443,0.0
-4.707732,50,190.759846,0.0
-4.30852,50,190.794832,0.0
-4.808761,50,190.829804,0.0
-4.202265,50,190.864743,0.0
-5.220783,50,190.899774,0.0
-4.516931,50,190.934421,0.0
-4.729181,50,190.969294,0.0
-3.930067,50,191.004019,0.0
-4.567553,50,191.039032,0.0
-4.03106,50,191.073734,0.0
-4.017862,50,191.108375,0.0
-4.728144,50,191.143484,0.0
-4.701035,50,191.17817,0.0
-3.967111,50,191.21294,0.0
-4.137825,50,191.247455,0.0
-4.348848,50,191.282256,0.0
-4.278548,50,191.316639,0.0
-4.80415,50,191.351173,0.0
-4.395561,50,191.496811,0.0
-4.405223,50,191.531453,0.0
-4.289638,50,191.56651,0.0
-4.882702,50,191.95327,0.0
-4.617235,50,191.987827,0.0
-4.378885,50,192.022223,0.0
-4.269324,50,192.05678,0.0
-3.706325,50,192.091079,0.0
-4.380289,50,192.125845,0.0
-4.292205,50,192.160084,0.0
-4.629394,50,192.194252,0.0
-4.275791,50,192.228516,0.0
-4.056347,50,192.263022,0.0
-4.404446,50,192.297416,0.0
-3.877426,50,192.331851,0.0
-4.392578,50,192.366479,0.0
-4.641411,50,192.40117,0.0
-4.558494,50,192.435675,0.0
-3.656406,50,192.470229,0.0
-4.037494,50,192.504879,0.0
-4.233798,50,192.539408,0.0
-4.759035,50,192.574212,0.0
-4.846065,50,192.608734,0.0
-3.605329,50,192.643672,0.0
-3.59899,50,192.678429,0.0
-3.644577,50,192.713277,0.0
-4.494,50,192.747474,0.0
-4.361427,50,192.782038,0.0
-3.792598,50,192.816398,0.0
-3.869219,50,192.850587,0.0
-4.240858,50,192.884927,0.0
-3.994449,50,192.919562,0.0
-4.257168,50,192.953783,0.0
-4.627943,50,192.988285,0.0
-4.073187,50,193.022783,0.0
-5.486832,50,193.05727,0.0
-5.138975,50,193.091567,0.0
-4.041556,50,193.12675,0.0
-5.364528,50,193.162267,0.0
-4.462693,50,193.197122,0.0
-5.082908,50,193.231734,0.0
-4.653011,50,193.37761,0.0
-4.492233,50,193.412859,0.0
-4.22436,50,193.448934,0.0
-4.749484,50,193.483877,0.0
-5.15362,50,193.518822,0.0
-4.311767,50,193.55349,0.0
-3.884917,50,193.588089,0.0
-4.283249,50,193.622815,0.0
-4.514444,50,193.657543,0.0
-5.056422,50,193.692426,0.0
-4.166901,50,193.727613,0.0
-4.322753,50,193.763051,0.0
-4.052856,50,193.797944,0.0
-4.564386,50,193.832597,0.0
-4.967737,50,193.867168,0.0
-5.030793,50,193.901679,0.0
-4.701968,50,193.936224,0.0
-4.434514,50,193.970706,0.0
-4.099494,50,194.005323,0.0
-4.227856,50,194.039811,0.0
-4.289738,50,194.074772,0.0
-4.676775,50,194.109421,0.0
-4.630651,50,194.144631,0.0
-3.840516,50,194.179323,0.0
-4.214361,50,194.214684,0.0
-4.091296,50,194.249108,0.0
-4.052886,50,194.283924,0.0
-4.486205,50,194.318657,0.0
-4.284258,50,194.35339,0.0
-4.731237,50,194.388635,0.0
-3.841427,50,194.423583,0.0
-4.507711,50,194.458333,0.0
-4.655577,50,194.492927,0.0
-5.339433,50,194.52803,0.0
-4.643901,50,194.562628,0.0
-4.877807,50,194.597128,0.0
-4.555767,50,194.631804,0.0
-4.437639,50,194.666429,0.0
-4.636625,50,194.70159,0.0
-4.575508,50,194.735959,0.0
-4.606484,50,194.770182,0.0
-3.760744,50,194.919289,0.0
-3.243931,50,194.954079,0.0
-4.513925,50,194.988622,0.0
-4.287748,50,195.023203,0.0
-4.129216,50,195.057576,0.0
-4.81766,50,195.092134,0.0
-4.219974,50,195.126579,0.0
-4.244608,50,195.160819,0.0
-3.744522,50,195.195417,0.0
-4.549353,50,195.229985,0.0
-4.84189,50,195.265237,0.0
-4.073081,50,195.30052,0.0
-4.235818,50,195.335505,0.0
-4.048548,50,195.370585,0.0
-3.917324,50,195.405253,0.0
-3.959523,50,195.439926,0.0
-3.974443,50,195.474786,0.0
-4.560006,50,195.50965,0.0
-3.954317,50,195.54453,0.0
-4.647945,50,195.579317,0.0
-4.189687,50,195.614891,0.0
-3.828744,50,195.649407,0.0
-4.793287,50,195.684374,0.0
-4.333928,50,195.719005,0.0
-4.290146,50,195.753618,0.0
-4.451738,50,195.788168,0.0
-5.208178,50,195.822603,0.0
-4.599412,50,195.856935,0.0
-3.845295,50,195.891641,0.0
-3.865835,50,195.926289,0.0
-4.382936,50,195.960965,0.0
-4.298411,50,195.995387,0.0
-4.417459,50,196.029918,0.0
-4.619652,50,196.064582,0.0
-4.240799,50,196.099305,0.0
-5.160454,50,196.134273,0.0
-3.891125,50,196.168885,0.0
-4.178815,50,196.203508,0.0
-4.184212,50,196.23852,0.0
-3.64856,50,196.273323,0.0
-3.529764,50,196.308371,0.0
-4.618043,50,196.454223,0.0
-4.194762,50,196.488827,0.0
-3.541889,50,196.523335,0.0
-4.318215,50,196.558538,0.0
-4.251276,50,196.593637,0.0
-3.872534,50,196.628698,0.0
-4.245822,50,196.663353,0.0
-4.240916,50,196.698197,0.0
-4.334859,50,196.733101,0.0
-3.775942,50,196.767796,0.0
-3.606331,50,196.802309,0.0
-4.456758,50,196.836873,0.0
-4.583888,50,196.871571,0.0
-4.590679,50,196.906058,0.0
-4.908337,50,196.940392,0.0
-4.162533,50,196.975283,0.0
-5.192139,50,197.009762,0.0
-3.876828,50,197.044409,0.0
-3.872222,50,197.079161,0.0
-5.140033,50,197.113729,0.0
-4.148601,50,197.148366,0.0
-4.848152,50,197.18418,0.0
-4.191677,50,197.219229,0.0
-4.487646,50,197.254054,0.0
-4.56805,50,197.288956,0.0
-4.078279,50,197.323552,0.0
-4.417073,50,197.35802,0.0
-3.415934,50,197.392845,0.0
-3.795071,50,197.42748,0.0
-4.415768,50,197.461872,0.0
-4.391116,50,197.49638,0.0
-4.028917,50,197.531012,0.0
-4.617966,50,197.565765,0.0
-4.259191,50,197.600567,0.0
-5.341497,50,197.63495,0.0
-3.927894,50,197.669299,0.0
-3.781199,50,197.704171,0.0
-4.688474,50,197.738814,0.0
-4.002475,50,197.773644,0.0
-4.885897,50,197.807911,0.0
-4.657475,50,197.953418,0.0
-3.706714,50,197.988023,0.0
-3.721806,50,198.022937,0.0
-3.71693,50,198.057955,0.0
-4.274838,50,198.092702,0.0
-4.179916,50,198.127806,0.0
-4.168644,50,198.162278,0.0
-4.397483,50,198.197107,0.0
-4.487141,50,198.231791,0.0
-5.158706,50,198.266664,0.0
-4.331614,50,198.301721,0.0
-4.323397,50,198.336574,0.0
-4.713686,50,198.371145,0.0
-4.269398,50,198.406301,0.0
-3.912787,50,198.440826,0.0
-4.218246,50,198.475425,0.0
-3.982477,50,198.510563,0.0
-4.900853,50,198.545193,0.0
-4.012381,50,198.579909,0.0
-3.664984,50,198.614423,0.0
-4.039164,50,198.648859,0.0
-4.052611,50,198.683881,0.0
-4.120318,50,198.71854,0.0
-4.011309,50,198.753325,0.0
-4.850503,50,198.788119,0.0
-4.44426,50,198.82266,0.0
-3.78455,50,198.857109,0.0
-4.673244,50,198.892018,0.0
-4.401945,50,198.926858,0.0
-4.458601,50,198.961612,0.0
-3.872017,50,198.99666,0.0
-4.328465,50,199.031441,0.0
-4.493472,50,199.066385,0.0
-4.111377,50,199.101375,0.0
-3.933887,50,199.136014,0.0
-5.002683,50,199.170561,0.0
-3.995961,50,199.205248,0.0
-4.066164,50,199.24019,0.0
-4.404955,50,199.274707,0.0
-4.863642,50,199.310041,0.0
-3.865486,50,199.344769,0.0
-4.54815,50,199.490043,0.0
-3.786727,50,199.525462,0.0
-4.991858,50,199.560215,0.0
-4.505215,50,199.595333,0.0
-3.588934,50,199.629859,0.0
-4.111412,50,199.664638,0.0
-3.83062,50,199.699096,0.0
-4.442818,50,199.734319,0.0
-3.998296,50,199.769779,0.0
-3.936656,50,199.804279,0.0
-3.86261,50,199.839047,0.0
-3.916022,50,199.87362,0.0
-3.784139,50,199.908367,0.0
-4.697442,50,199.942895,0.0
-4.067769,50,199.977669,0.0
-4.322491,50,200.012472,0.0
-4.112126,50,200.047254,0.0
-4.205387,50,200.082101,0.0
-3.897115,50,200.116437,0.0
-4.642219,50,200.151086,0.0
-4.869519,50,200.185376,0.0
-4.230392,50,200.220267,0.0
-4.435268,50,200.254788,0.0
-4.547779,50,200.289628,0.0
-4.556936,50,200.323855,0.0
-4.652365,50,200.358255,0.0
-4.180012,50,200.392992,0.0
-4.257492,50,200.427376,0.0
-3.963322,50,200.461911,0.0
-4.057101,50,200.496899,0.0
-3.986764,50,200.531633,0.0
-3.805041,50,200.566538,0.0
-5.066325,50,200.601658,0.0
-3.999216,50,200.636465,0.0
-4.457093,50,200.671339,0.0
-4.425128,50,200.705965,0.0
-4.438706,50,200.740741,0.0
-3.894309,50,200.77527,0.0
-4.13333,50,200.809767,0.0
-4.383949,50,200.844019,0.0
-3.730979,50,200.878929,0.0
-4.628156,50,201.0245,0.0
-4.365847,50,201.059801,0.0
-3.853997,50,201.094929,0.0
-4.341795,50,201.130103,0.0
-4.850735,50,201.164985,0.0
-4.420416,50,201.19938,0.0
-4.462032,50,201.233988,0.0
-4.348676,50,201.269076,0.0
-4.784649,50,201.303778,0.0
-4.816998,50,201.338518,0.0
-4.253711,50,201.372806,0.0
-5.032512,50,201.407637,0.0
-4.872638,50,201.44228,0.0
-3.926731,50,201.477136,0.0
-4.449723,50,201.511885,0.0
-4.614519,50,201.546472,0.0
-3.367299,50,201.581149,0.0
-4.589073,50,201.615801,0.0
-4.386363,50,201.650912,0.0
-4.032158,50,201.685707,0.0
-4.699723,50,201.720618,0.0
-3.91995,50,201.755766,0.0
-4.161025,50,201.790644,0.0
-4.443761,50,201.825324,0.0
-4.268662,50,201.860271,0.0
-3.920989,50,201.894956,0.0
-3.730227,50,201.930136,0.0
-5.409651,50,201.965005,0.0
-3.947663,50,201.999677,0.0
-4.565206,50,202.034483,0.0
-4.448008,50,202.069224,0.0
-4.439034,50,202.103747,0.0
-4.19022,50,202.138394,0.0
-4.299774,50,202.172898,0.0
-4.274634,50,202.207724,0.0
-4.610517,50,202.242204,0.0
-3.992214,50,202.277153,0.0
-3.755992,50,202.311748,0.0
-4.353299,50,202.346799,0.0
-4.713361,50,202.381667,0.0
-5.178582,50,202.416531,0.0
-4.928314,50,202.562631,0.0
-3.628432,50,202.598232,0.0
-4.178683,50,202.633394,0.0
-3.874836,50,202.668255,0.0
-3.603606,50,202.703644,0.0
-4.321432,50,202.739022,0.0
-4.410999,50,202.774054,0.0
-4.466727,50,202.808907,0.0
-3.980394,50,202.843254,0.0
-4.0252,50,202.878252,0.0
-4.917709,50,202.913236,0.0
-4.387942,50,202.947634,0.0
-4.981202,50,202.982468,0.0
-4.223385,50,203.017285,0.0
-4.717571,50,203.05204,0.0
-4.441591,50,203.086564,0.0
-4.932967,50,203.121147,0.0
-4.678081,50,203.156283,0.0
-4.36089,50,203.191468,0.0
-4.565742,50,203.226218,0.0
-3.871967,50,203.261065,0.0
-3.938465,50,203.295742,0.0
-3.889043,50,203.330527,0.0
-4.318743,50,203.365201,0.0
-3.929377,50,203.400673,0.0
-4.545865,50,203.435585,0.0
-4.530664,50,203.469993,0.0
-4.615564,50,203.505501,0.0
-3.887367,50,203.540621,0.0
-5.062928,50,203.575211,0.0
-4.485927,50,203.609871,0.0
-4.54236,50,203.644609,0.0
-3.842791,50,203.679445,0.0
-4.89161,50,203.714141,0.0
-4.963255,50,203.749009,0.0
-4.978213,50,203.784106,0.0
-4.668082,50,203.818658,0.0
-4.539684,50,203.853503,0.0
-4.338008,50,203.888276,0.0
-4.113828,50,203.922895,0.0
-4.041497,50,203.957765,0.0
-4.176485,50,204.102595,0.0
-4.151302,50,204.137662,0.0
-4.199104,50,204.172737,0.0
-4.954622,50,204.207705,0.0
-3.557663,50,204.242485,0.0
-4.397112,50,204.277119,0.0
-4.726243,50,204.312223,0.0
-4.323561,50,204.347329,0.0
-3.887508,50,204.38197,0.0
-4.238805,50,204.416331,0.0
-4.502057,50,204.451233,0.0
-5.02632,50,204.486149,0.0
-4.701781,50,204.520891,0.0
-4.366174,50,204.556073,0.0
-3.441214,50,204.591245,0.0
-4.493405,50,204.626436,0.0
-3.673209,50,204.661476,0.0
-3.892478,50,204.696737,0.0
-4.799115,50,204.731473,0.0
-4.8374,50,204.766024,0.0
-5.018222,50,204.800673,0.0
-4.644378,50,204.834974,0.0
-4.241868,50,204.869709,0.0
-4.454576,50,204.904817,0.0
-4.273002,50,204.938726,0.0
-4.044472,50,204.973357,0.0
-5.027326,50,205.007959,0.0
-4.346898,50,205.042255,0.0
-4.136393,50,205.077117,0.0
-4.693518,50,205.111721,0.0
-4.32974,50,205.146622,0.0
-4.00468,50,205.181134,0.0
-4.286133,50,205.215549,0.0
-3.995583,50,205.2501,0.0
-3.757443,50,205.284612,0.0
-4.632134,50,205.319281,0.0
-4.384064,50,205.354261,0.0
-4.156405,50,205.389042,0.0
-4.797895,50,205.423406,0.0
-3.798915,50,205.457935,0.0
-5.26356,50,205.492936,0.0
-3.800812,50,205.639254,0.0
-4.653002,50,205.674181,0.0
-4.264847,50,205.708581,0.0
-4.410362,50,205.743656,0.0
-4.275527,50,205.778712,0.0
-4.075964,50,205.813711,0.0
-4.779242,50,205.848222,0.0
-3.83757,50,205.883193,0.0
-4.287208,50,205.917936,0.0
-4.229418,50,205.952622,0.0
-4.381987,50,205.987507,0.0
-4.298959,50,206.022306,0.0
-4.234898,50,206.056901,0.0
-4.451705,50,206.091565,0.0
-4.330672,50,206.126104,0.0
-4.391228,50,206.160902,0.0
-3.907491,50,206.195424,0.0
-3.963826,50,206.230179,0.0
-3.792418,50,206.264749,0.0
-4.224571,50,206.29972,0.0
-4.374707,50,206.334596,0.0
-4.778085,50,206.369187,0.0
-4.095141,50,206.403529,0.0
-3.922199,50,206.437958,0.0
-3.857056,50,206.472419,0.0
-3.828403,50,206.507621,0.0
-4.497367,50,206.542845,0.0
-4.249109,50,206.577305,0.0
-4.576105,50,206.612222,0.0
-4.112768,50,206.647098,0.0
-4.873203,50,206.681886,0.0
-3.827146,50,206.71648,0.0
-4.107612,50,206.751179,0.0
-4.157414,50,206.786259,0.0
-3.972174,50,206.820568,0.0
-4.161681,50,206.855986,0.0
-5.142307,50,206.890679,0.0
-3.736827,50,206.925462,0.0
-4.37562,50,206.960052,0.0
-4.817584,50,206.994389,0.0
-3.908678,50,207.028985,0.0
-4.629803,50,207.175282,0.0
-4.120335,50,207.210326,0.0
-3.813888,50,207.245454,0.0
-3.795715,50,207.280297,0.0
-4.053241,50,207.315209,0.0
-3.802578,50,207.350495,0.0
-4.903191,50,207.384827,0.0
-4.009561,50,207.419515,0.0
-4.342635,50,207.454688,0.0
-4.037741,50,207.489681,0.0
-4.498796,50,207.52491,0.0
-4.361502,50,207.559556,0.0
-4.269198,50,207.594202,0.0
-3.983951,50,207.629575,0.0
-4.297756,50,207.665105,0.0
-4.682453,50,207.700324,0.0
-4.021916,50,207.735727,0.0
-4.747808,50,207.771192,0.0
-4.449034,50,207.806102,0.0
-4.935375,50,207.842041,0.0
-4.694659,50,207.877745,0.0
-4.299156,50,207.913172,0.0
-4.154622,50,207.948502,0.0
-5.231437,50,207.984144,0.0
-3.950363,50,208.01943,0.0
-4.463138,50,208.054349,0.0
-3.868009,50,208.089578,0.0
-4.964426,50,208.124989,0.0
-4.746105,50,208.160518,0.0
-4.809841,50,208.195311,0.0
-5.055503,50,208.230735,0.0
-4.207398,50,208.26609,0.0
-4.624571,50,208.301634,0.0
-4.57999,50,208.336784,0.0
-4.229238,50,208.3723,0.0
-4.423369,50,208.407902,0.0
-3.93265,50,208.443496,0.0
-3.882568,50,208.478925,0.0
-4.444842,50,208.514858,0.0
-4.426409,50,208.550627,0.0
-3.432771,50,208.586007,0.0
-3.752816,50,208.735663,0.0
-4.562444,50,208.771464,0.0
-5.187521,50,208.806685,0.0
-4.243745,50,208.841938,0.0
-4.135075,50,208.877387,0.0
-3.89269,50,208.912435,0.0
-4.161012,50,208.947451,0.0
-4.159554,50,208.983026,0.0
-3.983264,50,209.018154,0.0
-4.624715,50,209.053473,0.0
-4.257678,50,209.088725,0.0
-4.062033,50,209.124163,0.0
-3.835006,50,209.159746,0.0
-3.998508,50,209.194831,0.0
-3.519974,50,209.230468,0.0
-4.555257,50,209.266123,0.0
-3.593969,50,209.301256,0.0
-4.276305,50,209.336424,0.0
-4.086161,50,209.371996,0.0
-4.178539,50,209.40792,0.0
-4.175542,50,209.44347,0.0
-4.257038,50,209.479346,0.0
-4.764842,50,209.514891,0.0
-4.66246,50,209.550219,0.0
-4.32921,50,209.585521,0.0
-4.729391,50,209.620785,0.0
-4.510288,50,209.655727,0.0
-3.785639,50,209.691001,0.0
-5.352823,50,209.726352,0.0
-4.187011,50,209.761597,0.0
-4.234702,50,209.796629,0.0
-4.211783,50,209.831471,0.0
-4.372308,50,209.866595,0.0
-3.729835,50,209.901509,0.0
-4.234728,50,209.936621,0.0
-4.47542,50,209.972416,0.0
-4.482128,50,210.007502,0.0
-4.342236,50,210.042701,0.0
-4.380172,50,210.077711,0.0
-4.09468,50,210.113126,0.0
-4.673507,50,210.148762,0.0
-4.142872,50,210.298053,0.0
-4.2922,50,210.334397,0.0
-3.882335,50,210.369826,0.0
-4.115878,50,210.405359,0.0
-4.444136,50,210.441053,0.0
-4.869864,50,210.476538,0.0
-4.10602,50,210.511904,0.0
-4.264384,50,210.547519,0.0
-4.02084,50,210.583221,0.0
-4.218291,50,210.618733,0.0
-3.928085,50,210.654215,0.0
-4.071821,50,210.689036,0.0
-3.585481,50,210.724703,0.0
-3.871359,50,210.760485,0.0
-5.162917,50,210.795566,0.0
-3.874396,50,210.831035,0.0
-3.930837,50,210.866509,0.0
-4.419244,50,210.90195,0.0
-4.788762,50,210.937421,0.0
-4.967486,50,210.973184,0.0
-4.482358,50,211.008458,0.0
-4.749293,50,211.043696,0.0
-4.498971,50,211.079371,0.0
-4.324956,50,211.114711,0.0
-4.800677,50,211.149954,0.0
-4.180422,50,211.185101,0.0
-4.666243,50,211.220125,0.0
-5.571771,50,211.255763,0.0
-4.943692,50,211.291446,0.0
-4.581606,50,211.327021,0.0
-3.907702,50,211.362307,0.0
-4.626588,50,211.397627,0.0
-3.646454,50,211.432724,0.0
-4.118727,50,211.468231,0.0
-4.495407,50,211.504223,0.0
-4.352719,50,211.540035,0.0
-4.114693,50,211.575585,0.0
-4.774086,50,211.611404,0.0
-4.359331,50,211.647341,0.0
-4.463322,50,211.682728,0.0
-4.432382,50,211.718186,0.0
-4.775012,50,211.867154,0.0
-3.968851,50,211.902896,0.0
-4.369916,50,211.938597,0.0
-3.622552,50,211.973988,0.0
-4.098691,50,212.009299,0.0
-4.011648,50,212.044609,0.0
-4.268993,50,212.080633,0.0
-4.476073,50,212.115858,0.0
-4.535626,50,212.151828,0.0
-4.166698,50,212.18793,0.0
-4.346042,50,212.223256,0.0
-4.725995,50,212.258586,0.0
-4.331186,50,212.293898,0.0
-4.563099,50,212.328381,0.0
-4.251643,50,212.36391,0.0
-3.419492,50,212.399524,0.0
-4.367209,50,212.434765,0.0
-4.405114,50,212.469911,0.0
-3.742154,50,212.505312,0.0
-4.085322,50,212.540656,0.0
-5.150864,50,212.575843,0.0
-4.868674,50,212.61126,0.0
-4.031823,50,212.646713,0.0
-4.029402,50,212.682558,0.0
-4.71805,50,212.717741,0.0
-4.951484,50,212.752646,0.0
-4.242646,50,212.787791,0.0
-4.257779,50,212.823278,0.0
-4.099103,50,212.858783,0.0
-4.596992,50,212.89425,0.0
-4.419849,50,212.929149,0.0
-4.684206,50,212.964462,0.0
-4.397077,50,212.999745,0.0
-5.112753,50,213.034788,0.0
-4.281748,50,213.070095,0.0
-4.282503,50,213.105206,0.0
-4.187731,50,213.140298,0.0
-4.796347,50,213.175424,0.0
-4.257006,50,213.21061,0.0
-4.102545,50,213.245637,0.0
-4.596788,50,213.280798,0.0
-4.082293,50,213.429603,0.0
-3.74748,50,213.464617,0.0
-3.766639,50,213.499746,0.0
-4.239774,50,213.534756,0.0
-4.496861,50,213.569485,0.0
-4.379416,50,213.604541,0.0
-3.915872,50,213.640378,0.0
-4.276341,50,213.675978,0.0
-4.859994,50,213.711686,0.0
-4.03296,50,213.747655,0.0
-3.94598,50,213.783244,0.0
-4.007217,50,213.818187,0.0
-4.634687,50,213.853756,0.0
-4.628203,50,213.888954,0.0
-4.82557,50,213.924016,0.0
-4.300372,50,213.959574,0.0
-3.967044,50,213.994821,0.0
-3.77132,50,214.030293,0.0
-3.691632,50,214.065874,0.0
-3.900552,50,214.101353,0.0
-3.785143,50,214.136741,0.0
-4.117702,50,214.172364,0.0
-4.506017,50,214.207625,0.0
-4.2651,50,214.242773,0.0
-4.506753,50,214.278138,0.0
-4.478676,50,214.313137,0.0
-4.596529,50,214.348543,0.0
-4.131464,50,214.383646,0.0
-3.640756,50,214.418536,0.0
-4.380498,50,214.453937,0.0
-4.33472,50,214.489234,0.0
-4.348767,50,214.524827,0.0
-4.222751,50,214.560637,0.0
-4.619539,50,214.595948,0.0
-4.366096,50,214.631824,0.0
-3.997992,50,214.666934,0.0
-3.949843,50,214.701927,0.0
-4.014707,50,214.737054,0.0
-4.381825,50,214.772235,0.0
-3.604635,50,214.807477,0.0
-4.17881,50,214.843062,0.0
-4.019639,50,214.992568,0.0
-4.336645,50,215.028607,0.0
-4.287922,50,215.064097,0.0
-4.416,50,215.099455,0.0
-3.859976,50,215.135102,0.0
-4.358097,50,215.170797,0.0
-4.503855,50,215.206244,0.0
-4.336998,50,215.242436,0.0
-4.543939,50,215.278146,0.0
-3.606964,50,215.313477,0.0
-3.964673,50,215.349093,0.0
-3.808616,50,215.384457,0.0
-4.09138,50,215.419747,0.0
-4.007606,50,215.45485,0.0
-3.752413,50,215.49039,0.0
-4.251083,50,215.525893,0.0
-4.397411,50,215.561124,0.0
-4.011449,50,215.5962,0.0
-4.392432,50,215.631735,0.0
-4.698949,50,215.666899,0.0
-4.203426,50,215.702387,0.0
-4.739887,50,215.737771,0.0
-4.237407,50,215.773488,0.0
-4.736363,50,215.808947,0.0
-4.087884,50,215.844237,0.0
-4.191224,50,215.879575,0.0
-4.124955,50,215.91466,0.0
-3.970252,50,215.949803,0.0
-4.149896,50,215.985317,0.0
-4.086502,50,216.020424,0.0
-4.401945,50,216.055624,0.0
-4.572805,50,216.09068,0.0
-4.080216,50,216.126273,0.0
-4.884772,50,216.161887,0.0
-3.459463,50,216.197557,0.0
-4.232783,50,216.232951,0.0
-4.316035,50,216.268419,0.0
-3.995533,50,216.303767,0.0
-3.984023,50,216.339314,0.0
-4.116862,50,216.374583,0.0
-4.044392,50,216.410082,0.0
-3.692665,50,216.559407,0.0
-4.0985,50,216.594939,0.0
-3.910569,50,216.630531,0.0
-3.955771,50,216.666039,0.0
-4.465319,50,216.701339,0.0
-4.125857,50,216.737754,0.0
-4.245259,50,216.773763,0.0
-4.254099,50,216.808983,0.0
-4.003485,50,216.844821,0.0
-4.475957,50,216.880014,0.0
-5.014714,50,216.91559,0.0
-4.533519,50,216.951243,0.0
-4.223392,50,216.986817,0.0
-4.054671,50,217.02184,0.0
-3.833691,50,217.05752,0.0
-4.674265,50,217.093229,0.0
-4.100764,50,217.128463,0.0
-4.425819,50,217.164021,0.0
-4.093393,50,217.199576,0.0
-4.385963,50,217.234534,0.0
-5.160496,50,217.269572,0.0
-4.391,50,217.30486,0.0
-4.828768,50,217.340525,0.0
-4.309009,50,217.376053,0.0
-4.724385,50,217.411431,0.0
-3.962471,50,217.447134,0.0
-4.49047,50,217.482819,0.0
-3.860112,50,217.51802,0.0
-4.368519,50,217.553824,0.0
-3.853938,50,217.589035,0.0
-4.028475,50,217.624516,0.0
-4.809173,50,217.660271,0.0
-3.821023,50,217.695523,0.0
-4.528044,50,217.730486,0.0
-4.530456,50,217.765579,0.0
-4.367856,50,217.800793,0.0
-4.173824,50,217.835966,0.0
-4.227868,50,217.871388,0.0
-4.291566,50,217.906848,0.0
-4.219427,50,217.942227,0.0
-3.890861,50,217.977532,0.0
-4.378159,50,218.125532,0.0
-4.129762,50,218.16128,0.0
-3.799087,50,218.196955,0.0
-4.859955,50,218.23235,0.0
-4.312891,50,218.266795,0.0
-4.492738,50,218.301506,0.0
-4.090637,50,218.336546,0.0
-4.962732,50,218.371347,0.0
-4.573786,50,218.405774,0.0
-4.787473,50,218.440871,0.0
-3.54962,50,218.47603,0.0
-4.065332,50,218.51116,0.0
-5.08094,50,218.546255,0.0
-3.941381,50,218.580917,0.0
-4.07202,50,218.616268,0.0
-3.828149,50,218.652115,0.0
-4.543606,50,218.687565,0.0
-4.137146,50,218.723479,0.0
-4.158383,50,218.758927,0.0
-4.260321,50,218.79423,0.0
-4.005564,50,218.829858,0.0
-4.629385,50,218.865158,0.0
-4.487615,50,218.900663,0.0
-3.814384,50,218.935833,0.0
-4.370947,50,218.971447,0.0
-5.118955,50,219.006777,0.0
-3.758391,50,219.042069,0.0
-4.143593,50,219.077219,0.0
-4.320828,50,219.112646,0.0
-4.432513,50,219.148187,0.0
-5.059979,50,219.183401,0.0
-3.89389,50,219.218886,0.0
-4.035839,50,219.254314,0.0
-4.207779,50,219.289599,0.0
-4.90003,50,219.324899,0.0
-4.188077,50,219.36038,0.0
-3.942863,50,219.395569,0.0
-4.108352,50,219.43091,0.0
-4.474034,50,219.466723,0.0
-3.798992,50,219.502654,0.0
-4.403373,50,219.538396,0.0
-4.613065,50,219.687508,0.0
-3.816323,50,219.7231,0.0
-4.401226,50,219.758205,0.0
-4.825224,50,219.793413,0.0
-4.048737,50,219.829001,0.0
-3.797975,50,219.864602,0.0
-4.349362,50,219.900171,0.0
-4.14922,50,219.935521,0.0
-4.581492,50,219.970806,0.0
-4.690561,50,220.006129,0.0
-4.755801,50,220.041723,0.0
-4.288177,50,220.077201,0.0
-4.088993,50,220.112781,0.0
-3.767729,50,220.148424,0.0
-4.387023,50,220.183817,0.0
-4.226863,50,220.219566,0.0
-4.084005,50,220.255223,0.0
-4.19218,50,220.290259,0.0
-3.761552,50,220.325465,0.0
-4.45045,50,220.360921,0.0
-4.075956,50,220.395624,0.0
-5.148592,50,220.431078,0.0
-4.518425,50,220.466174,0.0
-3.627717,50,220.50118,0.0
-3.999265,50,220.536699,0.0
-3.489958,50,220.571905,0.0
-3.893275,50,220.607167,0.0
-4.034246,50,220.642613,0.0
-4.135422,50,220.677957,0.0
-3.760165,50,220.713381,0.0
-4.231589,50,220.748842,0.0
-4.64944,50,220.784158,0.0
-4.318288,50,220.819386,0.0
-3.649864,50,220.854576,0.0
-4.287823,50,220.889941,0.0
-3.747124,50,220.925243,0.0
-3.999262,50,220.960668,0.0
-4.239826,50,220.995605,0.0
-4.454945,50,221.031,0.0
-4.431139,50,221.066168,0.0
-3.823313,50,221.101341,0.0
-4.154417,50,221.250602,0.0
-4.694109,50,221.28671,0.0
-4.598847,50,221.322567,0.0
-4.068062,50,221.357701,0.0
-4.551304,50,221.393052,0.0
-4.160505,50,221.428453,0.0
-4.290596,50,221.463748,0.0
-4.754605,50,221.499274,0.0
-3.728645,50,221.534455,0.0
-4.578476,50,221.569553,0.0
-4.078102,50,221.604582,0.0
-4.294592,50,221.639843,0.0
-4.367064,50,221.674812,0.0
-3.637649,50,221.709905,0.0
-3.594126,50,221.745015,0.0
-4.055411,50,221.780958,0.0
-4.193054,50,221.816064,0.0
-3.809639,50,221.851194,0.0
-4.095624,50,221.88679,0.0
-4.421674,50,221.922723,0.0
-3.76238,50,221.958076,0.0
-4.622671,50,221.993389,0.0
-4.235894,50,222.028545,0.0
-3.879826,50,222.063549,0.0
-4.262325,50,222.099175,0.0
-4.483776,50,222.134803,0.0
-4.130967,50,222.169927,0.0
-4.897626,50,222.205263,0.0
-3.962191,50,222.240473,0.0
-4.808334,50,222.276007,0.0
-3.764588,50,222.311592,0.0
-4.460972,50,222.34678,0.0
-4.467951,50,222.382058,0.0
-3.982696,50,222.417117,0.0
-5.073533,50,222.452233,0.0
-3.655137,50,222.487464,0.0
-4.217932,50,222.523116,0.0
-4.570843,50,222.558474,0.0
-3.889688,50,222.593936,0.0
-4.742581,50,222.629706,0.0
-4.265509,50,222.665151,0.0
-4.235854,50,222.81416,0.0
-4.195975,50,222.849888,0.0
-3.580769,50,222.885475,0.0
-3.825797,50,222.921029,0.0
-4.59099,50,222.956038,0.0
-4.572751,50,222.991285,0.0
-4.278485,50,223.027014,0.0
-4.731895,50,223.062793,0.0
-3.789292,50,223.098879,0.0
-4.672513,50,223.134408,0.0
-3.981033,50,223.170028,0.0
-4.032321,50,223.205536,0.0
-4.348136,50,223.240978,0.0
-4.397758,50,223.276311,0.0
-3.977081,50,223.31174,0.0
-4.6247,50,223.347641,0.0
-4.130657,50,223.382952,0.0
-4.034889,50,223.418237,0.0
-4.331947,50,223.453427,0.0
-3.984996,50,223.488899,0.0
-4.170803,50,223.524956,0.0
-4.021338,50,223.560586,0.0
-4.176082,50,223.595978,0.0
-3.673729,50,223.631906,0.0
-4.162861,50,223.667343,0.0
-5.041287,50,223.702833,0.0
-4.170097,50,223.737868,0.0
-3.988995,50,223.772793,0.0
-4.276729,50,223.807751,0.0
-3.80998,50,223.843289,0.0
-5.155665,50,223.878686,0.0
-4.749387,50,223.914358,0.0
-3.954003,50,223.949545,0.0
-3.807926,50,223.984664,0.0
-3.789042,50,224.019917,0.0
-4.540117,50,224.055324,0.0
-5.016675,50,224.090544,0.0
-4.258027,50,224.126059,0.0
-3.800027,50,224.161441,0.0
-4.115181,50,224.196374,0.0
-3.68871,50,224.231407,0.0
-3.759421,50,224.380394,0.0
-3.986396,50,224.415849,0.0
-4.710439,50,224.451233,0.0
-3.497231,50,224.48662,0.0
-4.049692,50,224.521836,0.0
-4.068528,50,224.557394,0.0
-4.072314,50,224.592669,0.0
-4.1095,50,224.628206,0.0
-4.056204,50,224.663417,0.0
-4.979364,50,224.698667,0.0
-4.18318,50,224.733639,0.0
-3.903666,50,224.769012,0.0
-4.04815,50,224.804047,0.0
-4.296984,50,224.839276,0.0
-4.876477,50,224.874393,0.0
-4.167579,50,224.909364,0.0
-4.317495,50,224.944437,0.0
-3.63733,50,224.979973,0.0
-4.155085,50,225.015147,0.0
-3.883855,50,225.049941,0.0
-3.868609,50,225.085234,0.0
-4.228502,50,225.120281,0.0
-4.021523,50,225.155386,0.0
-4.498464,50,225.191068,0.0
-4.370205,50,225.226167,0.0
-4.105346,50,225.261447,0.0
-3.61515,50,225.296627,0.0
-3.720028,50,225.331937,0.0
-4.391147,50,225.367211,0.0
-5.257503,50,225.403242,0.0
-4.37256,50,225.438379,0.0
-4.35106,50,225.473646,0.0
-4.400129,50,225.508923,0.0
-3.518535,50,225.543842,0.0
-5.070706,50,225.578783,0.0
-4.087051,50,225.614184,0.0
-4.106798,50,225.649842,0.0
-4.679936,50,225.685492,0.0
-4.374555,50,225.721324,0.0
-4.000861,50,225.756529,0.0
-3.727606,50,225.792045,0.0
-4.519428,50,225.941653,0.0
-4.377789,50,225.977232,0.0
-4.119993,50,226.012648,0.0
-3.959845,50,226.0485,0.0
-3.899788,50,226.083677,0.0
-5.293562,50,226.118649,0.0
-4.217115,50,226.154192,0.0
-3.710859,50,226.189784,0.0
-4.123138,50,226.22557,0.0
-3.509746,50,226.260872,0.0
-5.017963,50,226.296179,0.0
-3.954414,50,226.33115,0.0
-4.730532,50,226.366683,0.0
-4.369034,50,226.401947,0.0
-5.280416,50,226.437422,0.0
-3.756567,50,226.472897,0.0
-4.006827,50,226.508666,0.0
-3.783533,50,226.544091,0.0
-4.449037,50,226.579583,0.0
-4.352069,50,226.614814,0.0
-3.640224,50,226.649944,0.0
-3.891487,50,226.685474,0.0
-4.715446,50,226.720724,0.0
-3.894751,50,226.755731,0.0
-4.169925,50,226.791243,0.0
-3.862689,50,226.826665,0.0
-3.975746,50,226.862082,0.0
-3.913422,50,226.897186,0.0
-4.051402,50,226.932015,0.0
-4.105585,50,226.966824,0.0
-3.741348,50,227.002168,0.0
-3.851821,50,227.037412,0.0
-3.759077,50,227.072719,0.0
-3.85845,50,227.107931,0.0
-3.81126,50,227.143198,0.0
-4.687122,50,227.178916,0.0
-4.148532,50,227.214733,0.0
-4.703939,50,227.250575,0.0
-4.836852,50,227.286161,0.0
-4.224123,50,227.321526,0.0
-4.835089,50,227.357014,0.0
-3.792318,50,227.507022,0.0
-3.945331,50,227.542491,0.0
-3.552009,50,227.578093,0.0
-4.516247,50,227.613323,0.0
-4.031661,50,227.648926,0.0
-5.255294,50,227.684374,0.0
-4.073703,50,227.719348,0.0
-3.971951,50,227.754774,0.0
-3.51405,50,227.790057,0.0
-3.942595,50,227.825083,0.0
-4.788977,50,227.860182,0.0
-3.611568,50,227.895547,0.0
-4.140614,50,227.930875,0.0
-4.618124,50,227.966458,0.0
-4.194552,50,228.001595,0.0
-4.05769,50,228.036552,0.0
-4.436381,50,228.072163,0.0
-4.441523,50,228.107671,0.0
-3.597014,50,228.143387,0.0
-4.572802,50,228.179196,0.0
-4.306276,50,228.214806,0.0
-4.33453,50,228.25001,0.0
-4.370247,50,228.285544,0.0
-4.533804,50,228.320652,0.0
-3.91903,50,228.355891,0.0
-3.937416,50,228.391077,0.0
-4.689839,50,228.426378,0.0
-3.498284,50,228.46163,0.0
-3.980171,50,228.496724,0.0
-3.460602,50,228.531858,0.0
-4.321872,50,228.566903,0.0
-4.225181,50,228.602298,0.0
-4.416748,50,228.637866,0.0
-4.542238,50,228.673541,0.0
-3.742669,50,228.709205,0.0
-3.813617,50,228.744218,0.0
-4.339246,50,228.779791,0.0
-3.859239,50,228.814972,0.0
-4.509208,50,228.850367,0.0
-4.354443,50,228.886124,0.0
-4.097734,50,228.921705,0.0
-3.904676,50,229.071547,0.0
-4.087896,50,229.106914,0.0
-3.918684,50,229.142152,0.0
-4.519403,50,229.177728,0.0
-4.105157,50,229.212999,0.0
-3.836362,50,229.248033,0.0
-4.477704,50,229.283236,0.0
-4.314462,50,229.318236,0.0
-3.904327,50,229.353607,0.0
-3.960975,50,229.388729,0.0
-4.463551,50,229.424012,0.0
-4.200647,50,229.459178,0.0
-3.866969,50,229.494297,0.0
-4.41389,50,229.529235,0.0
-4.74024,50,229.564576,0.0
-3.726436,50,229.599331,0.0
-4.344813,50,229.634569,0.0
-4.391908,50,229.669822,0.0
-3.671907,50,229.704593,0.0
-4.147635,50,229.740164,0.0
-4.025494,50,230.140123,0.0
-4.222315,50,230.175582,0.0
-4.496192,50,230.210959,0.0
-3.609625,50,230.246155,0.0
-4.391042,50,230.281568,0.0
-4.087356,50,230.317048,0.0
-4.327801,50,230.352379,0.0
-3.93166,50,230.387812,0.0
-3.900743,50,230.423054,0.0
-3.737112,50,230.458313,0.0
-4.512562,50,230.493398,0.0
-4.18148,50,230.529069,0.0
-4.338348,50,230.564606,0.0
-4.421841,50,230.599852,0.0
-4.865592,50,230.635359,0.0
-3.921348,50,230.670794,0.0
-4.362213,50,230.706121,0.0
-4.341583,50,230.741621,0.0
-3.681867,50,230.776455,0.0
-4.188154,50,230.811737,0.0
-3.772403,50,230.847477,0.0
-4.089338,50,230.996461,0.0
-3.897024,50,231.032248,0.0
-4.593054,50,231.067441,0.0
-4.124843,50,231.1029,0.0
-4.301436,50,231.138358,0.0
-3.923041,50,231.174227,0.0
-3.772911,50,231.209674,0.0
-4.487971,50,231.244939,0.0
-3.874477,50,231.280211,0.0
-3.699075,50,231.315902,0.0
-3.89285,50,231.350849,0.0
-3.760499,50,231.387133,0.0
-3.65077,50,231.422315,0.0
-3.76125,50,231.457954,0.0
-4.492006,50,231.49366,0.0
-4.73472,50,231.529759,0.0
-4.522963,50,231.565305,0.0
-4.260202,50,231.600938,0.0
-3.774907,50,231.636109,0.0
-4.25273,50,231.671727,0.0
-4.495283,50,231.706809,0.0
-4.444644,50,231.742087,0.0
-4.726538,50,231.777591,0.0
-5.401256,50,231.813321,0.0
-4.760188,50,231.849118,0.0
-3.639535,50,231.884213,0.0
-4.35619,50,231.919562,0.0
-4.127892,50,231.954989,0.0
-4.45373,50,231.990447,0.0
-4.632111,50,232.025762,0.0
-4.498952,50,232.060835,0.0
-4.334417,50,232.095856,0.0
-4.577212,50,232.130965,0.0
-4.090174,50,232.166438,0.0
-4.122803,50,232.201678,0.0
-4.244297,50,232.237483,0.0
-4.306698,50,232.272825,0.0
-4.742154,50,232.307587,0.0
-4.21784,50,232.342611,0.0
-4.309435,50,232.377888,0.0
-3.624452,50,232.413076,0.0
-4.268941,50,232.563611,0.0
-4.935285,50,232.598878,0.0
-4.378382,50,232.63461,0.0
-3.904985,50,232.669918,0.0
-3.969132,50,232.705478,0.0
-4.320691,50,232.74147,0.0
-3.947775,50,232.778099,0.0
-4.285942,50,232.814437,0.0
-3.618571,50,232.850026,0.0
-4.427313,50,232.885456,0.0
-5.165536,50,232.920645,0.0
-4.09898,50,232.956076,0.0
-4.763361,50,232.991301,0.0
-4.064119,50,233.026309,0.0
-4.973724,50,233.06143,0.0
-4.780437,50,233.096555,0.0
-4.073888,50,233.131854,0.0
-4.713235,50,233.16747,0.0
-4.369587,50,233.202772,0.0
-3.185641,50,233.238074,0.0
-4.114773,50,233.274215,0.0
-4.366318,50,233.309537,0.0
-3.679084,50,233.345192,0.0
-5.00569,50,233.380496,0.0
-4.031059,50,233.415642,0.0
-3.675818,50,233.450884,0.0
-4.019996,50,233.486308,0.0
-4.104656,50,233.521533,0.0
-4.59317,50,233.556992,0.0
-4.263958,50,233.592783,0.0
-3.855699,50,233.628102,0.0
-3.790757,50,233.663732,0.0
-4.257047,50,233.699489,0.0
-4.347237,50,233.73486,0.0
-4.416456,50,233.77006,0.0
-4.868584,50,233.805351,0.0
-3.481215,50,233.840705,0.0
-4.271355,50,233.876398,0.0
-3.614967,50,233.911648,0.0
-3.957561,50,233.946913,0.0
-4.061748,50,233.982236,0.0
-3.78567,50,234.132182,0.0
-4.020725,50,234.168233,0.0
-4.590645,50,234.203774,0.0
-4.351768,50,234.23924,0.0
-3.880946,50,234.27478,0.0
-4.044585,50,234.310504,0.0
-4.292831,50,234.34592,0.0
-4.916264,50,234.381547,0.0
-4.293419,50,234.417152,0.0
-4.309182,50,234.452733,0.0
-4.028067,50,234.488582,0.0
-4.119604,50,234.525116,0.0
-3.586463,50,234.560763,0.0
-3.621975,50,234.596968,0.0
-3.659924,50,234.632439,0.0
-4.149568,50,234.667964,0.0
-4.614702,50,234.703459,0.0
-3.664781,50,234.739296,0.0
-3.810626,50,234.774401,0.0
-4.13987,50,234.809236,0.0
-4.035437,50,234.84468,0.0
-4.670768,50,234.880352,0.0
-3.595512,50,234.916037,0.0
-4.314013,50,234.951026,0.0
-3.93697,50,234.986164,0.0
-3.943165,50,235.021597,0.0
-4.255652,50,235.056973,0.0
-4.400045,50,235.092036,0.0
-4.669831,50,235.12742,0.0
-3.973023,50,235.162888,0.0
-3.74172,50,235.198728,0.0
-5.027985,50,235.234389,0.0
-4.758825,50,235.27013,0.0
-4.04456,50,235.305765,0.0
-4.435889,50,235.340985,0.0
-3.515427,50,235.376138,0.0
-4.484737,50,235.411378,0.0
-4.922276,50,235.446794,0.0
-4.129862,50,235.481881,0.0
-3.887076,50,235.51791,0.0
-4.160294,50,235.553591,0.0
-4.17804,50,235.704318,0.0
-3.668799,50,235.739917,0.0
-3.172475,50,235.775198,0.0
-4.378299,50,235.810639,0.0
-3.950711,50,235.846014,0.0
-3.734318,50,235.88134,0.0
-3.861004,50,235.916784,0.0
-4.698687,50,235.951588,0.0
-3.724805,50,235.986686,0.0
-4.89793,50,236.022707,0.0
-4.514443,50,236.05798,0.0
-4.066429,50,236.093575,0.0
-3.978716,50,236.12902,0.0
-4.456569,50,236.164196,0.0
-4.223459,50,236.199477,0.0
-4.393389,50,236.234626,0.0
-3.85482,50,236.269704,0.0
-4.691906,50,236.304586,0.0
-3.728434,50,236.34047,0.0
-5.180031,50,236.375389,0.0
-4.749819,50,236.411283,0.0
-4.439395,50,236.447006,0.0
-4.967521,50,236.482054,0.0
-4.393884,50,236.517217,0.0
-4.3727,50,236.552313,0.0
-4.255678,50,236.587447,0.0
-4.49238,50,236.622589,0.0
-4.934474,50,236.657729,0.0
-4.921474,50,236.693173,0.0
-4.254166,50,236.728605,0.0
-4.090011,50,236.763573,0.0
-4.024705,50,236.798982,0.0
-3.554863,50,236.834203,0.0
-4.394605,50,236.869169,0.0
-3.947407,50,236.904303,0.0
-4.202907,50,236.939503,0.0
-3.33132,50,236.974816,0.0
-4.362973,50,237.010029,0.0
-4.038668,50,237.044861,0.0
-3.921964,50,237.080336,0.0
-4.949624,50,237.227934,0.0
-4.616241,50,237.263977,0.0
-4.324537,50,237.299293,0.0
-3.627741,50,237.334518,0.0
-4.135215,50,237.370148,0.0
-3.88541,50,237.405355,0.0
-3.808292,50,237.440712,0.0
-4.563103,50,237.475992,0.0
-4.614222,50,237.511751,0.0
-4.444044,50,237.5475,0.0
-4.550074,50,237.582905,0.0
-4.571296,50,237.618604,0.0
-4.69337,50,237.654046,0.0
-3.860849,50,237.689558,0.0
-5.006689,50,237.725405,0.0
-4.1484,50,237.760787,0.0
-3.802809,50,237.796057,0.0
-4.541256,50,237.831635,0.0
-3.977954,50,237.867064,0.0
-4.160269,50,237.902101,0.0
-4.430988,50,237.937272,0.0
-4.275517,50,237.972746,0.0
-4.576484,50,238.00799,0.0
-3.878741,50,238.043159,0.0
-4.202931,50,238.07837,0.0
-4.439871,50,238.113555,0.0
-4.932905,50,238.148969,0.0
-3.973984,50,238.184116,0.0
-4.431564,50,238.219137,0.0
-4.710908,50,238.254342,0.0
-3.981174,50,238.289824,0.0
-4.269018,50,238.324862,0.0
-4.265612,50,238.3603,0.0
-4.178239,50,238.395655,0.0
-3.897403,50,238.430616,0.0
-4.636671,50,238.465806,0.0
-4.356833,50,238.500101,0.0
-3.564491,50,238.535814,0.0
-3.876163,50,238.570949,0.0
-3.960217,50,238.606491,0.0
-4.549891,50,238.64247,0.0
-4.097043,50,238.792012,0.0
-4.052979,50,238.828951,0.0
-4.273651,50,238.865114,0.0
-4.376503,50,238.900875,0.0
-3.948474,50,238.936551,0.0
-3.9553,50,238.97235,0.0
-3.965731,50,239.008062,0.0
-4.493554,50,239.044196,0.0
-4.149183,50,239.079694,0.0
-3.616693,50,239.115273,0.0
-3.756088,50,239.15095,0.0
-4.558691,50,239.186531,0.0
-3.693975,50,239.222372,0.0
-4.682822,50,239.258612,0.0
-3.882712,50,239.294254,0.0
-4.09574,50,239.330153,0.0
-4.744803,50,239.365436,0.0
-4.479827,50,239.400591,0.0
-4.900876,50,239.435938,0.0
-5.471812,50,239.471312,0.0
-3.939721,50,239.507365,0.0
-4.83924,50,239.543225,0.0
-3.495421,50,239.578708,0.0
-4.902942,50,239.614403,0.0
-3.774791,50,239.65029,0.0
-3.976921,50,239.685948,0.0
-3.945885,50,239.721581,0.0
-3.62515,50,239.756537,0.0
-3.823312,50,239.791445,0.0
-4.370638,50,239.826806,0.0
-4.066226,50,239.862241,0.0
-4.092766,50,239.897797,0.0
-4.4071,50,239.932851,0.0
-4.611868,50,239.967911,0.0
-4.504404,50,240.00296,0.0
-4.918982,50,240.038329,0.0
-4.816642,50,240.073092,0.0
-3.402438,50,240.108317,0.0
-3.537287,50,240.144198,0.0
-4.692905,50,240.17991,0.0
-4.339182,50,240.215279,0.0
-3.987659,50,240.363785,0.0
-3.537821,50,240.399433,0.0
-3.975035,50,240.435261,0.0
-3.995129,50,240.47064,0.0
-4.187812,50,240.506468,0.0
-3.497305,50,240.541907,0.0
-4.038892,50,240.577612,0.0
-4.145162,50,240.613127,0.0
-4.820787,50,240.648889,0.0
-3.790408,50,240.684423,0.0
-3.678684,50,240.71959,0.0
-3.978314,50,240.754407,0.0
-4.032924,50,240.789485,0.0
-4.0605,50,240.824984,0.0
-4.398066,50,240.860327,0.0
-4.22932,50,240.896039,0.0
-4.149725,50,240.933408,0.0
-4.343245,50,240.969165,0.0
-4.16768,50,241.0047,0.0
-3.505064,50,241.041189,0.0
-4.147357,50,241.077147,0.0
-3.882424,50,241.112574,0.0
-4.687162,50,241.148858,0.0
-4.610988,50,241.184294,0.0
-3.897536,50,241.219426,0.0
-5.133141,50,241.256505,0.0
-3.637599,50,241.294212,0.0
-3.281069,50,241.330656,0.0
-4.749335,50,241.367228,0.0
-3.631491,50,241.40289,0.0
-4.478114,50,241.441076,0.0
-3.578165,50,241.478025,0.0
-3.6072,50,241.514349,0.0
-3.551077,50,241.55143,0.0
-4.16659,50,241.586708,0.0
-3.967984,50,241.622564,0.0
-3.188315,50,241.658337,0.0
-3.674847,50,241.693951,0.0
-3.621166,50,241.729327,0.0
-4.429082,50,241.765107,0.0
-5.360279,50,241.8004,0.0
-3.425574,50,241.950566,0.0
-4.537335,50,241.986612,0.0
-4.594098,50,242.02249,0.0
-3.69646,50,242.059941,0.0
-4.385039,50,242.095598,0.0
-3.346596,50,242.131367,0.0
-4.018437,50,242.166874,0.0
-3.575622,50,242.202877,0.0
-4.619387,50,242.23796,0.0
-4.413154,50,242.273804,0.0
-3.882299,50,242.309446,0.0
-4.087634,50,242.344917,0.0
-4.539077,50,242.380416,0.0
-4.524591,50,242.41552,0.0
-4.202476,50,242.451405,0.0
-3.778328,50,242.486618,0.0
-3.940424,50,242.521908,0.0
-3.915212,50,242.557305,0.0
-4.430446,50,242.592666,0.0
-3.652806,50,242.628176,0.0
-4.014523,50,242.663783,0.0
-4.570137,50,242.699262,0.0
-4.074781,50,242.734897,0.0
-4.548761,50,242.770192,0.0
-4.142423,50,242.80569,0.0
-4.126879,50,242.841143,0.0
-4.248558,50,242.876633,0.0
-4.104974,50,242.911985,0.0
-3.764036,50,242.947152,0.0
-4.067687,50,242.982799,0.0
-3.82539,50,243.018459,0.0
-4.690755,50,243.05433,0.0
-4.463895,50,243.089938,0.0
-4.112265,50,243.125393,0.0
-4.547372,50,243.161218,0.0
-3.98622,50,243.196247,0.0
-4.819346,50,243.231534,0.0
-4.258902,50,243.26745,0.0
-5.027717,50,243.303454,0.0
-4.299404,50,243.339241,0.0
-3.643729,50,243.374461,0.0
-4.389487,50,243.522891,0.0
-4.085226,50,243.558886,0.0
-4.072467,50,243.594496,0.0
-4.442954,50,243.630142,0.0
-4.756453,50,243.665711,0.0
-3.68369,50,243.701285,0.0
-4.025976,50,243.736668,0.0
-4.252937,50,243.772141,0.0
-4.481028,50,243.807416,0.0
-3.994624,50,243.84291,0.0
-3.836705,50,243.878252,0.0
-4.62403,50,243.913909,0.0
-4.498219,50,243.949316,0.0
-3.698928,50,243.98556,0.0
-4.488834,50,244.021184,0.0
-3.874899,50,244.057029,0.0
-3.966958,50,244.092968,0.0
-3.997575,50,244.128751,0.0
-4.687181,50,244.164268,0.0
-4.664775,50,244.200033,0.0
-4.489543,50,244.235429,0.0
-3.806951,50,244.270487,0.0
-3.756328,50,244.305871,0.0
-4.133633,50,244.340752,0.0
-4.005471,50,244.376057,0.0
-4.419417,50,244.411569,0.0
-3.982321,50,244.446712,0.0
-3.851582,50,244.481608,0.0
-3.729778,50,244.516645,0.0
-4.266653,50,244.551538,0.0
-4.951127,50,244.587981,0.0
-4.689869,50,244.623843,0.0
-4.627394,50,244.659032,0.0
-4.363777,50,244.694622,0.0
-4.062478,50,244.731768,0.0
-4.117001,50,244.767876,0.0
-3.98478,50,244.803439,0.0
-3.984477,50,244.839055,0.0
-4.270757,50,244.874918,0.0
-4.474787,50,244.911177,0.0
-4.396127,50,244.946672,0.0
-4.477863,50,245.098256,0.0
-4.087177,50,245.134632,0.0
-4.836381,50,245.170488,0.0
-4.053995,50,245.20612,0.0
-4.080506,50,245.241383,0.0
-4.369682,50,245.277343,0.0
-4.559187,50,245.313422,0.0
-3.599599,50,245.349508,0.0
-4.501683,50,245.385335,0.0
-4.236736,50,245.42079,0.0
-4.08405,50,245.456776,0.0
-3.816384,50,245.493051,0.0
-4.327859,50,245.528639,0.0
-4.682464,50,245.563977,0.0
-3.760263,50,245.599747,0.0
-5.088772,50,245.635003,0.0
-4.51948,50,245.671292,0.0
-4.519351,50,245.707825,0.0
-3.854417,50,245.743293,0.0
-4.486855,50,245.778845,0.0
-3.981777,50,245.814371,0.0
-3.982609,50,245.850386,0.0
-3.723447,50,245.886366,0.0
-4.553874,50,245.921917,0.0
-3.812269,50,245.957087,0.0
-4.022952,50,245.993779,0.0
-4.627478,50,246.029179,0.0
-4.645879,50,246.064756,0.0
-4.555995,50,246.100265,0.0
-3.843623,50,246.136123,0.0
-3.763333,50,246.171759,0.0
-4.076009,50,246.20732,0.0
-4.603822,50,246.242554,0.0
-3.966632,50,246.278072,0.0
-3.834073,50,246.313715,0.0
-4.161231,50,246.349598,0.0
-4.27209,50,246.384771,0.0
-4.472325,50,246.419984,0.0
-4.140677,50,246.45586,0.0
-3.793243,50,246.49164,0.0
-4.925143,50,246.526983,0.0
-4.291564,50,246.677853,0.0
-4.099213,50,246.713828,0.0
-4.496568,50,246.749492,0.0
-4.128751,50,246.785456,0.0
-3.853779,50,246.821434,0.0
-3.738098,50,246.857127,0.0
-4.19531,50,246.892495,0.0
-4.305358,50,246.928316,0.0
-3.881684,50,246.963625,0.0
-4.367064,50,246.998899,0.0
-3.485607,50,247.034194,0.0
-4.108952,50,247.069272,0.0
-3.731158,50,247.104596,0.0
-4.192647,50,247.140291,0.0
-4.154779,50,247.175708,0.0
-3.76035,50,247.210812,0.0
-4.078225,50,247.246518,0.0
-4.290182,50,247.282286,0.0
-3.975216,50,247.317778,0.0
-4.327291,50,247.353151,0.0
-3.658589,50,247.389844,0.0
-3.851926,50,247.426444,0.0
-4.146276,50,247.46239,0.0
-4.193392,50,247.498169,0.0
-3.913508,50,247.533706,0.0
-4.533448,50,247.568659,0.0
-4.091997,50,247.603979,0.0
-4.229091,50,247.639551,0.0
-3.98933,50,247.674867,0.0
-4.202398,50,247.710349,0.0
-4.066153,50,247.745812,0.0
-4.074227,50,247.781092,0.0
-3.976718,50,247.816786,0.0
-4.167819,50,247.85251,0.0
-4.616683,50,247.88771,0.0
-4.141342,50,247.922819,0.0
-4.205976,50,247.957894,0.0
-4.746413,50,247.993322,0.0
-4.676744,50,248.028783,0.0
-3.60649,50,248.064141,0.0
-3.89576,50,248.099409,0.0
-3.781867,50,248.248509,0.0
-4.675002,50,248.283977,0.0
-3.847305,50,248.319567,0.0
-4.178874,50,248.354695,0.0
-4.27576,50,248.389833,0.0
-3.952889,50,248.425008,0.0
-4.936235,50,248.460283,0.0
-4.233126,50,248.495771,0.0
-4.194297,50,248.530983,0.0
-4.926561,50,248.566463,0.0
-4.937727,50,248.60189,0.0
-4.002037,50,248.637215,0.0
-3.557851,50,248.673053,0.0
-3.838495,50,248.708861,0.0
-4.383638,50,248.743804,0.0
-4.199614,50,248.778589,0.0
-4.232848,50,248.814381,0.0
-4.605476,50,248.84957,0.0
-4.118513,50,248.884654,0.0
-4.73069,50,248.920233,0.0
-3.508993,50,248.955393,0.0
-4.660911,50,248.990384,0.0
-3.8938,50,249.025534,0.0
-4.392232,50,249.060646,0.0
-4.290076,50,249.095953,0.0
-3.95695,50,249.131598,0.0
-3.425237,50,249.166851,0.0
-3.597955,50,249.202347,0.0
-4.789945,50,249.237737,0.0
-4.082122,50,249.273053,0.0
-4.019249,50,249.308969,0.0
-4.085811,50,249.344888,0.0
-4.078537,50,249.380233,0.0
-4.025988,50,249.41577,0.0
-3.994534,50,249.451062,0.0
-4.771911,50,249.486363,0.0
-4.578776,50,249.522207,0.0
-3.946575,50,249.557683,0.0
-4.440285,50,249.593222,0.0
-4.202108,50,249.628463,0.0
-4.011088,50,249.663966,0.0
-4.656681,50,249.812779,0.0
-4.33542,50,249.848317,0.0
-3.810574,50,249.883718,0.0
-4.161192,50,249.919267,0.0
-4.235064,50,249.954349,0.0
-3.258694,50,249.989338,0.0
-4.712348,50,250.024897,0.0
-3.959843,50,250.060134,0.0
-4.082481,50,250.095425,0.0
-3.988517,50,250.131339,0.0
-4.174668,50,250.166525,0.0
-3.91922,50,250.2019,0.0
-3.418622,50,250.236845,0.0
-4.533737,50,250.272467,0.0
-3.592618,50,250.308202,0.0
-3.859033,50,250.343235,0.0
-4.062048,50,250.378793,0.0
-4.398459,50,250.414502,0.0
-3.923107,50,250.449788,0.0
-3.778996,50,250.485005,0.0
-3.898809,50,250.520576,0.0
-3.562029,50,250.55548,0.0
-4.673551,50,250.59058,0.0
-3.801861,50,250.626123,0.0
-3.581764,50,250.661617,0.0
-3.64376,50,250.696692,0.0
-3.837562,50,250.731876,0.0
-4.62265,50,250.767008,0.0
-4.621764,50,250.802319,0.0
-4.633554,50,250.837868,0.0
-3.91342,50,250.873033,0.0
-4.672709,50,250.908307,0.0
-4.045679,50,250.943457,0.0
-4.026313,50,250.979067,0.0
-4.02329,50,251.015359,0.0
-3.873472,50,251.050648,0.0
-3.824977,50,251.086201,0.0
-5.265442,50,251.121922,0.0
-4.620005,50,251.157562,0.0
-4.095412,50,251.193035,0.0
-3.966148,50,251.22861,0.0
-4.395219,50,251.375244,0.0
-4.321948,50,251.409935,0.0
-4.140058,50,251.444873,0.0
-4.280303,50,251.479704,0.0
-3.392055,50,251.513866,0.0
-4.178976,50,251.548688,0.0
-3.733077,50,251.583166,0.0
-3.93422,50,251.617692,0.0
-4.677651,50,251.652344,0.0
-4.607945,50,251.687283,0.0
-3.084737,50,251.721638,0.0
-4.621394,50,251.756216,0.0
-4.702293,50,251.790831,0.0
-3.778276,50,251.825321,0.0
-4.02974,50,251.859627,0.0
-4.214429,50,251.894134,0.0
-3.886554,50,251.929202,0.0
-3.323809,50,251.963813,0.0
-4.712705,50,251.998465,0.0
-4.941579,50,252.032873,0.0
-3.950873,50,252.068082,0.0
-4.192842,50,252.102737,0.0
-4.57575,50,252.137138,0.0
-4.174106,50,252.171861,0.0
-4.429016,50,252.206273,0.0
-3.740082,50,252.24094,0.0
-4.249325,50,252.2758,0.0
-4.581439,50,252.310249,0.0
-3.937227,50,252.344917,0.0
-4.536848,50,252.379609,0.0
-4.409527,50,252.414173,0.0
-4.126981,50,252.448268,0.0
-4.512948,50,252.482907,0.0
-3.937505,50,252.517491,0.0
-4.695014,50,252.551941,0.0
-3.925127,50,252.586233,0.0
-4.444299,50,252.62055,0.0
-4.596954,50,252.655186,0.0
-3.867205,50,252.690115,0.0
-4.603459,50,252.724977,0.0
-4.204111,50,252.759748,0.0
-4.241158,50,252.906661,0.0
-4.051268,50,252.94171,0.0
-5.303036,50,252.976504,0.0
-4.651426,50,253.010715,0.0
-3.785519,50,253.045367,0.0
-3.718992,50,253.079953,0.0
-4.356976,50,253.115077,0.0
-4.102706,50,253.149852,0.0
-4.917449,50,253.184295,0.0
-4.047042,50,253.21931,0.0
-3.807222,50,253.253744,0.0
-3.748,50,253.288302,0.0
-3.702608,50,253.32343,0.0
-4.028209,50,253.358068,0.0
-4.156633,50,253.392946,0.0
-4.052589,50,253.427855,0.0
-3.486875,50,253.462641,0.0
-4.065431,50,253.497108,0.0
-4.059271,50,253.531686,0.0
-3.735611,50,253.566377,0.0
-3.682463,50,253.601156,0.0
-3.841173,50,253.635746,0.0
-4.445465,50,253.670459,0.0
-3.960606,50,253.705336,0.0
-3.871328,50,253.740026,0.0
-4.202019,50,253.774658,0.0
-3.827781,50,253.809338,0.0
-4.361909,50,253.844448,0.0
-4.54134,50,253.879112,0.0
-4.208174,50,253.913726,0.0
-3.999018,50,253.948246,0.0
-4.23995,50,253.982764,0.0
-4.962731,50,254.017327,0.0
-4.421347,50,254.052073,0.0
-4.04952,50,254.086805,0.0
-4.184002,50,254.121532,0.0
-3.880848,50,254.156226,0.0
-3.978325,50,254.19087,0.0
-4.303093,50,254.226057,0.0
-3.563485,50,254.261106,0.0
-3.786579,50,254.295949,0.0
-5.065594,50,254.441696,0.0
-5.143303,50,254.476279,0.0
-3.781064,50,254.510732,0.0
-4.190722,50,254.54539,0.0
-4.161031,50,254.579985,0.0
-4.475715,50,254.614584,0.0
-4.583297,50,254.648917,0.0
-4.270179,50,254.683646,0.0
-4.163794,50,254.718362,0.0
-3.733219,50,254.752753,0.0
-4.18365,50,254.78721,0.0
-4.124068,50,254.821531,0.0
-3.701321,50,254.85573,0.0
-3.976417,50,254.890871,0.0
-3.915397,50,254.92626,0.0
-4.18253,50,254.961216,0.0
-4.56,50,254.995935,0.0
-4.433436,50,255.030514,0.0
-4.068293,50,255.065146,0.0
-3.767362,50,255.099777,0.0
-4.240784,50,255.134531,0.0
-4.192882,50,255.168806,0.0
-4.696384,50,255.203399,0.0
-4.764163,50,255.237896,0.0
-4.109039,50,255.272743,0.0
-4.464411,50,255.30744,0.0
-4.291789,50,255.341783,0.0
-4.519866,50,255.376316,0.0
-3.842816,50,255.410594,0.0
-4.565937,50,255.445416,0.0
-3.989694,50,255.480256,0.0
-3.878832,50,255.514808,0.0
-4.537863,50,255.549675,0.0
-4.30153,50,255.584263,0.0
-3.552061,50,255.619055,0.0
-4.074896,50,255.653833,0.0
-4.362929,50,255.688488,0.0
-3.772317,50,255.723255,0.0
-3.891052,50,255.758578,0.0
-4.150902,50,255.79409,0.0
-3.899259,50,255.82943,0.0
-4.494099,50,255.978483,0.0
-4.053668,50,256.013679,0.0
-4.547852,50,256.048881,0.0
-3.692189,50,256.084343,0.0
-3.671654,50,256.119525,0.0
-4.280176,50,256.15495,0.0
-4.546348,50,256.190542,0.0
-3.774057,50,256.225672,0.0
-3.367748,50,256.26087,0.0
-4.273529,50,256.295807,0.0
-4.230269,50,256.331043,0.0
-4.331396,50,256.366144,0.0
-4.490486,50,256.40103,0.0
-4.284325,50,256.435955,0.0
-4.337147,50,256.471219,0.0
-4.298879,50,256.505744,0.0
-3.80448,50,256.540912,0.0
-4.335831,50,256.576264,0.0
-4.310365,50,256.61113,0.0
-3.657885,50,256.64674,0.0
-4.650209,50,256.682323,0.0
-4.294256,50,256.717303,0.0
-3.771668,50,256.752541,0.0
-3.463534,50,256.787735,0.0
-3.807766,50,256.822909,0.0
-3.521169,50,256.858267,0.0
-3.946909,50,256.893611,0.0
-4.708312,50,256.928762,0.0
-4.646403,50,256.963646,0.0
-4.05722,50,256.998369,0.0
-4.01079,50,257.033427,0.0
-4.296205,50,257.068687,0.0
-3.909018,50,257.103557,0.0
-4.514534,50,257.139102,0.0
-4.590198,50,257.174538,0.0
-4.203646,50,257.210337,0.0
-4.176985,50,257.245919,0.0
-4.43035,50,257.281229,0.0
-4.52729,50,257.316486,0.0
-4.178229,50,257.351953,0.0
-4.079493,50,257.386836,0.0
-4.249595,50,257.536762,0.0
-3.687785,50,257.572156,0.0
-3.636167,50,257.606973,0.0
-4.498824,50,257.642852,0.0
-3.906878,50,257.678112,0.0
-3.8352,50,257.713592,0.0
-4.053331,50,257.748934,0.0
-3.871692,50,257.784235,0.0
-4.353722,50,257.819667,0.0
-4.009581,50,257.85539,0.0
-4.140786,50,257.891217,0.0
-4.422794,50,257.926946,0.0
-3.825503,50,257.962582,0.0
-3.678165,50,257.997874,0.0
-3.689329,50,258.033552,0.0
-3.884797,50,258.068942,0.0
-3.721108,50,258.104215,0.0
-4.241282,50,258.139707,0.0
-3.63224,50,258.174926,0.0
-4.034517,50,258.209968,0.0
-4.284844,50,258.245562,0.0
-3.385746,50,258.280913,0.0
-3.538709,50,258.316762,0.0
-4.05743,50,258.35208,0.0
-4.538567,50,258.387627,0.0
-4.072876,50,258.422354,0.0
-4.476823,50,258.457664,0.0
-4.14257,50,258.492884,0.0
-3.911089,50,258.528212,0.0
-4.130097,50,258.563364,0.0
-3.69445,50,258.598279,0.0
-4.516821,50,258.633938,0.0
-3.96981,50,258.669054,0.0
-3.984499,50,258.704321,0.0
-3.999764,50,258.73921,0.0
-3.964648,50,258.774074,0.0
-4.237368,50,258.809576,0.0
-4.064286,50,258.845044,0.0
-3.941637,50,258.88011,0.0
-4.264435,50,258.915429,0.0
-3.904196,50,258.950422,0.0
-4.802679,50,259.099403,0.0
-4.300102,50,259.134942,0.0
-3.606751,50,259.170357,0.0
-3.619204,50,259.205825,0.0
-3.784121,50,259.242086,0.0
-4.068259,50,259.277636,0.0
-3.781431,50,259.313145,0.0
-4.60181,50,259.34835,0.0
-5.080788,50,259.383437,0.0
-4.855828,50,259.418752,0.0
-3.785628,50,259.454164,0.0
-4.476417,50,259.489399,0.0
-3.812617,50,259.524653,0.0
-3.516556,50,259.559798,0.0
-3.71188,50,259.59458,0.0
-4.027811,50,259.62972,0.0
-3.991958,50,259.664698,0.0
-3.928246,50,259.699692,0.0
-4.41773,50,259.734459,0.0
-4.727379,50,259.769213,0.0
-3.742262,50,259.804468,0.0
-4.434337,50,259.839409,0.0
-4.638435,50,259.874951,0.0
-4.370374,50,259.910223,0.0
-4.241845,50,259.945073,0.0
-4.210578,50,259.98049,0.0
-3.681145,50,260.01573,0.0
-3.794818,50,260.050918,0.0
-4.374882,50,260.085851,0.0
-3.951381,50,260.12127,0.0
-4.805359,50,260.157259,0.0
-4.752689,50,260.192982,0.0
-3.739696,50,260.228378,0.0
-3.848816,50,260.263744,0.0
-4.116943,50,260.298629,0.0
-4.056042,50,260.333773,0.0
-4.153374,50,260.368966,0.0
-3.729183,50,260.404154,0.0
-3.737134,50,260.439296,0.0
-3.678812,50,260.474289,0.0
-4.499647,50,260.509237,0.0
-4.998298,50,260.659278,0.0
-4.110289,50,260.694678,0.0
-4.176215,50,260.729651,0.0
-3.863234,50,260.765261,0.0
-3.540646,50,260.800436,0.0
-4.322048,50,260.836091,0.0
-3.873914,50,260.872358,0.0
-4.168187,50,260.908066,0.0
-3.940455,50,260.943183,0.0
-4.378239,50,260.978565,0.0
-3.698935,50,261.013665,0.0
-4.089063,50,261.0493,0.0
-3.940865,50,261.084841,0.0
-3.581485,50,261.120012,0.0
-3.389011,50,261.155506,0.0
-4.19138,50,261.190989,0.0
-3.913545,50,261.226419,0.0
-3.985669,50,261.261636,0.0
-3.769584,50,261.297299,0.0
-4.783574,50,261.332874,0.0
-4.211921,50,261.368415,0.0
-4.51144,50,261.404192,0.0
-4.515267,50,261.439362,0.0
-3.93014,50,261.475248,0.0
-4.207743,50,261.511,0.0
-3.934221,50,261.546253,0.0
-4.745437,50,261.581655,0.0
-3.838968,50,261.61725,0.0
-3.768353,50,261.652502,0.0
-4.26926,50,261.688242,0.0
-4.302472,50,261.72361,0.0
-4.12689,50,261.758784,0.0
-4.285925,50,261.79433,0.0
-4.365411,50,261.82969,0.0
-4.309475,50,261.864928,0.0
-4.069478,50,261.900286,0.0
-4.103711,50,261.935931,0.0
-4.219884,50,261.971107,0.0
-3.888626,50,262.006764,0.0
-4.502831,50,262.041993,0.0
-3.572387,50,262.077524,0.0
-4.83443,50,262.228015,0.0
-4.346764,50,262.26343,0.0
-3.832649,50,262.299217,0.0
-3.898198,50,262.334818,0.0
-3.699927,50,262.370218,0.0
-4.046132,50,262.406507,0.0
-4.737116,50,262.441942,0.0
-4.364463,50,262.477251,0.0
-4.009271,50,262.512592,0.0
-3.992955,50,262.547559,0.0
-3.908844,50,262.582285,0.0
-4.130988,50,262.618081,0.0
-4.08189,50,262.653777,0.0
-4.944215,50,262.689624,0.0
-3.835668,50,262.725278,0.0
-3.545828,50,262.760574,0.0
-3.912607,50,262.795584,0.0
-4.341808,50,262.83092,0.0
-3.881832,50,262.865774,0.0
-4.06814,50,262.901,0.0
-4.97048,50,262.936664,0.0
-3.91122,50,262.971699,0.0
-3.913749,50,263.006962,0.0
-4.591262,50,263.041961,0.0
-4.137408,50,263.077116,0.0
-3.788346,50,263.112557,0.0
-5.148301,50,263.147899,0.0
-3.795019,50,263.183601,0.0
-4.139022,50,263.218916,0.0
-3.744329,50,263.253882,0.0
-3.669394,50,263.288992,0.0
-3.918268,50,263.324356,0.0
-4.477939,50,263.359859,0.0
-4.610874,50,263.395038,0.0
-3.719555,50,263.430942,0.0
-3.954514,50,263.465908,0.0
-4.593197,50,263.501477,0.0
-3.956485,50,263.536884,0.0
-4.23365,50,263.572003,0.0
-4.480068,50,263.607383,0.0
-4.532892,50,263.642499,0.0
-3.926986,50,263.791597,0.0
-4.025398,50,263.826833,0.0
-4.405092,50,263.862225,0.0
-3.943824,50,263.897603,0.0
-3.289396,50,263.932505,0.0
-3.896267,50,263.967976,0.0
-4.344404,50,264.003244,0.0
-3.797745,50,264.03826,0.0
-4.750548,50,264.073,0.0
-4.06394,50,264.108434,0.0
-4.763664,50,264.144191,0.0
-4.190761,50,264.179715,0.0
-4.421664,50,264.215603,0.0
-4.403007,50,264.251109,0.0
-4.237726,50,264.286792,0.0
-3.970946,50,264.32144,0.0
-4.078668,50,264.356274,0.0
-4.099857,50,264.391534,0.0
-4.095661,50,264.426983,0.0
-3.997497,50,264.462214,0.0
-4.530548,50,264.497659,0.0
-3.80332,50,264.532927,0.0
-4.576259,50,264.568133,0.0
-4.241376,50,264.603389,0.0
-4.17084,50,264.638777,0.0
-4.185105,50,264.674207,0.0
-4.372299,50,264.709768,0.0
-4.307741,50,264.74494,0.0
-4.04194,50,264.780725,0.0
-3.763539,50,264.815772,0.0
-3.808781,50,264.851296,0.0
-3.802665,50,264.886873,0.0
-4.147952,50,264.922054,0.0
-4.235541,50,264.957552,0.0
-4.355518,50,264.993146,0.0
-3.87835,50,265.028264,0.0
-4.114944,50,265.063499,0.0
-4.290185,50,265.098814,0.0
-3.827325,50,265.134294,0.0
-3.93483,50,265.169599,0.0
-4.185595,50,265.205388,0.0
-3.984014,50,265.355193,0.0
-3.685452,50,265.390612,0.0
-4.723452,50,265.425785,0.0
-4.097248,50,265.461321,0.0
-3.652439,50,265.496459,0.0
-3.919588,50,265.531724,0.0
-4.051351,50,265.567235,0.0
-4.758582,50,265.602086,0.0
-4.275873,50,265.637866,0.0
-4.122319,50,265.673258,0.0
-4.55687,50,265.708512,0.0
-4.250877,50,265.743447,0.0
-4.334696,50,265.778855,0.0
-4.000602,50,265.814119,0.0
-3.881026,50,265.849249,0.0
-4.592577,50,265.884193,0.0
-3.892814,50,265.919549,0.0
-4.246543,50,265.955113,0.0
-3.666931,50,265.990305,0.0
-4.151178,50,266.025166,0.0
-4.339405,50,266.060489,0.0
-3.724668,50,266.095432,0.0
-4.024563,50,266.131522,0.0
-4.17965,50,266.16689,0.0
-3.838731,50,266.202499,0.0
-4.159665,50,266.237998,0.0
-4.062136,50,266.273132,0.0
-4.551479,50,266.308824,0.0
-4.02771,50,266.344651,0.0
-4.016847,50,266.380106,0.0
-4.312683,50,266.415815,0.0
-4.502015,50,266.45125,0.0
-3.850018,50,266.486513,0.0
-4.468464,50,266.521235,0.0
-4.332408,50,266.556299,0.0
-3.824314,50,266.591428,0.0
-3.999546,50,266.626309,0.0
-4.378626,50,266.661551,0.0
-3.338888,50,266.696751,0.0
-3.8068,50,266.73205,0.0
-3.8229,50,266.767487,0.0
-4.372249,50,266.916622,0.0
-3.797511,50,266.951901,0.0
-4.048362,50,266.986647,0.0
-3.746499,50,267.022287,0.0
-3.638358,50,267.057402,0.0
-3.755006,50,267.092562,0.0
-4.230915,50,267.128006,0.0
-4.151058,50,267.163311,0.0
-4.27043,50,267.199004,0.0
-4.166882,50,267.234242,0.0
-3.929389,50,267.269473,0.0
-4.625926,50,267.304508,0.0
-3.419473,50,267.339826,0.0
-3.670595,50,267.375234,0.0
-4.127479,50,267.410328,0.0
-4.567707,50,267.445576,0.0
-3.615287,50,267.481051,0.0
-4.156694,50,267.515883,0.0
-3.893346,50,267.550929,0.0
-3.954072,50,267.585721,0.0
-4.469951,50,267.621183,0.0
-4.070269,50,267.656175,0.0
-3.708553,50,267.69142,0.0
-3.996691,50,267.726902,0.0
-4.035895,50,267.761939,0.0
-4.872668,50,267.796989,0.0
-4.300037,50,267.832427,0.0
-3.783269,50,267.867627,0.0
-4.325522,50,267.901899,0.0
-4.549364,50,267.936546,0.0
-3.761417,50,267.971407,0.0
-4.150716,50,268.006225,0.0
-3.589438,50,268.040627,0.0
-3.560815,50,268.075386,0.0
-4.284943,50,268.109871,0.0
-4.108855,50,268.144848,0.0
-4.07041,50,268.179224,0.0
-4.49462,50,268.564756,0.0
-4.029468,50,268.599782,0.0
-3.734824,50,268.634007,0.0
-4.156248,50,268.668231,0.0
-4.419001,50,268.812966,0.0
-3.79814,50,268.847541,0.0
-3.675127,50,268.88216,0.0
-3.678126,50,268.916978,0.0
-3.953305,50,268.952052,0.0
-3.591268,50,268.986784,0.0
-3.502965,50,269.021354,0.0
-3.694907,50,269.055734,0.0
-4.131489,50,269.090332,0.0
-3.562419,50,269.125129,0.0
-3.914289,50,269.159795,0.0
-3.976842,50,269.194428,0.0
-3.681642,50,269.228645,0.0
-3.713065,50,269.263046,0.0
-4.362678,50,269.297378,0.0
-4.244716,50,269.334824,0.0
-4.147236,50,269.369469,0.0
-4.241512,50,269.40401,0.0
-3.806736,50,269.438972,0.0
-4.163475,50,269.473541,0.0
-4.206908,50,269.507807,0.0
-3.883439,50,269.542006,0.0
-4.253059,50,269.576344,0.0
-3.944691,50,269.6108,0.0
-4.300063,50,269.646083,0.0
-3.640779,50,269.68049,0.0
-3.494966,50,269.715136,0.0
-4.006953,50,269.74978,0.0
-3.833892,50,269.784158,0.0
-4.139822,50,269.818518,0.0
-4.022898,50,269.85295,0.0
-4.683055,50,269.887257,0.0
-3.94221,50,269.921783,0.0
-5.251245,50,269.956636,0.0
-4.557216,50,269.991059,0.0
-3.972054,50,270.025897,0.0
-4.279645,50,270.060407,0.0
-3.715447,50,270.0951,0.0
-5.051776,50,270.130195,0.0
-3.941783,50,270.165203,0.0
-3.91686,50,270.200295,0.0
-4.480898,50,270.347905,0.0
-3.79726,50,270.382568,0.0
-4.074037,50,270.416852,0.0
-3.761945,50,270.4516,0.0
-4.496668,50,270.485881,0.0
-3.592673,50,270.520226,0.0
-4.013294,50,270.554881,0.0
-4.724891,50,270.588934,0.0
-4.142901,50,270.623367,0.0
-4.865125,50,270.657347,0.0
-4.70989,50,270.69172,0.0
-4.149125,50,270.726473,0.0
-3.972193,50,270.760847,0.0
-3.884618,50,270.795497,0.0
-3.908391,50,270.829783,0.0
-4.301087,50,270.864163,0.0
-4.168738,50,270.89839,0.0
-4.242825,50,270.932914,0.0
-4.128199,50,270.967446,0.0
-4.133206,50,271.001474,0.0
-4.261552,50,271.035925,0.0
-3.384529,50,271.070076,0.0
-3.962335,50,271.10481,0.0
-4.123665,50,271.139242,0.0
-4.227651,50,271.173046,0.0
-4.025341,50,271.207552,0.0
-4.259391,50,271.242337,0.0
-4.173083,50,271.276866,0.0
-4.413849,50,271.311336,0.0
-3.742758,50,271.346187,0.0
-4.284237,50,271.380736,0.0
-3.846496,50,271.415006,0.0
-3.914436,50,271.44931,0.0
-4.580365,50,271.483446,0.0
-3.734034,50,271.518294,0.0
-4.895146,50,271.55303,0.0
-3.94903,50,271.587407,0.0
-4.386615,50,271.621931,0.0
-3.794222,50,271.656345,0.0
-3.866423,50,271.690946,0.0
-4.010187,50,271.725358,0.0
-4.806035,50,271.870971,0.0
-3.221002,50,271.905847,0.0
-4.46641,50,271.94042,0.0
-3.802293,50,271.975132,0.0
-3.922603,50,272.010014,0.0
-4.292462,50,272.044702,0.0
-4.140892,50,272.079118,0.0
-4.185916,50,272.113632,0.0
-3.668659,50,272.148316,0.0
-3.5677,50,272.183531,0.0
-3.653192,50,272.218133,0.0
-4.278022,50,272.252622,0.0
-4.069168,50,272.287309,0.0
-3.89581,50,272.321355,0.0
-4.020342,50,272.355896,0.0
-3.82682,50,272.390177,0.0
-3.568773,50,272.424766,0.0
-3.921989,50,272.459434,0.0
-4.138135,50,272.493678,0.0
-4.36695,50,272.528057,0.0
-4.252186,50,272.562181,0.0
-3.650025,50,272.596538,0.0
-4.190477,50,272.630857,0.0
-4.200509,50,272.665242,0.0
-4.143095,50,272.699806,0.0
-3.100897,50,272.734192,0.0
-3.852582,50,272.768747,0.0
-4.322555,50,272.803084,0.0
-3.662451,50,272.83734,0.0
-4.351704,50,272.872395,0.0
-4.784379,50,272.907105,0.0
-3.991682,50,272.941548,0.0
-3.593111,50,272.975786,0.0
-3.677212,50,273.01013,0.0
-4.096714,50,273.044428,0.0
-4.330279,50,273.079114,0.0
-3.942995,50,273.113908,0.0
-3.95405,50,273.148594,0.0
-3.514546,50,273.18389,0.0
-4.301421,50,273.218345,0.0
-3.932359,50,273.253213,0.0
-3.88246,50,273.399827,0.0
-3.905264,50,273.434231,0.0
-4.189317,50,273.46883,0.0
-3.849335,50,273.50322,0.0
-3.441591,50,273.537327,0.0
-3.637769,50,273.571801,0.0
-4.124037,50,273.606603,0.0
-4.548124,50,273.641137,0.0
-4.103759,50,273.675627,0.0
-3.824052,50,273.709985,0.0
-3.757424,50,273.744462,0.0
-3.591599,50,273.779011,0.0
-3.983962,50,273.813606,0.0
-3.695187,50,273.847839,0.0
-4.365591,50,273.882572,0.0
-3.595248,50,273.91694,0.0
-4.316193,50,273.952177,0.0
-3.827682,50,273.98666,0.0
-3.615827,50,274.021038,0.0
-3.675628,50,274.055645,0.0
-4.124009,50,274.090537,0.0
-4.07368,50,274.125004,0.0
-4.410219,50,274.159551,0.0
-4.283334,50,274.194082,0.0
-3.957198,50,274.228484,0.0
-4.122219,50,274.263118,0.0
-4.153464,50,274.297768,0.0
-4.601812,50,274.332259,0.0
-4.63911,50,274.36683,0.0
-4.183198,50,274.401421,0.0
-4.190349,50,274.43625,0.0
-4.063469,50,274.470808,0.0
-4.847566,50,274.505093,0.0
-3.425698,50,274.5393,0.0
-3.979248,50,274.573649,0.0
-4.023236,50,274.607624,0.0
-4.402356,50,274.641825,0.0
-3.920973,50,274.676483,0.0
-4.701751,50,274.710737,0.0
-3.610708,50,274.745256,0.0
-4.096496,50,274.779672,0.0
-4.861442,50,274.927471,0.0
-4.362574,50,274.962782,0.0
-3.648228,50,274.99813,0.0
-3.708653,50,275.033555,0.0
-4.018028,50,275.068287,0.0
-4.477795,50,275.103527,0.0
-3.833988,50,275.139163,0.0
-4.262608,50,275.174337,0.0
-4.212804,50,275.209719,0.0
-4.503124,50,275.2449,0.0
-3.868687,50,275.280474,0.0
-3.876739,50,275.316139,0.0
-3.988865,50,275.351607,0.0
-4.323513,50,275.387166,0.0
-3.637289,50,275.422351,0.0
-4.339486,50,275.457274,0.0
-4.814312,50,275.492162,0.0
-4.135863,50,275.527411,0.0
-3.702413,50,275.562267,0.0
-3.896338,50,275.597505,0.0
-4.564954,50,275.633082,0.0
-3.882766,50,275.668241,0.0
-3.982267,50,275.703907,0.0
-4.553596,50,275.738922,0.0
-4.090818,50,275.774222,0.0
-3.696409,50,275.809818,0.0
-3.951887,50,275.845003,0.0
-4.283929,50,275.880289,0.0
-4.5144,50,275.915406,0.0
-3.678631,50,275.95038,0.0
-4.498691,50,275.985397,0.0
-4.135528,50,276.02036,0.0
-4.420933,50,276.055493,0.0
-4.096021,50,276.091052,0.0
-4.247237,50,276.126286,0.0
-4.586076,50,276.161846,0.0
-4.552575,50,276.197033,0.0
-4.136889,50,276.232096,0.0
-5.259017,50,276.268506,0.0
-3.676309,50,276.303807,0.0
-3.916045,50,276.451878,0.0
-4.620608,50,276.48749,0.0
-4.247021,50,276.522852,0.0
-4.162475,50,276.558358,0.0
-4.683914,50,276.593405,0.0
-3.478258,50,276.628464,0.0
-4.039292,50,276.664036,0.0
-3.728919,50,276.699152,0.0
-3.796221,50,276.734411,0.0
-4.236789,50,276.769773,0.0
-3.812272,50,276.804805,0.0
-4.612257,50,276.840478,0.0
-4.034318,50,276.875781,0.0
-4.253667,50,276.910389,0.0
-3.64452,50,276.945575,0.0
-3.970914,50,276.98054,0.0
-4.25046,50,277.015904,0.0
-3.825979,50,277.051168,0.0
-3.513585,50,277.08616,0.0
-4.169021,50,277.121092,0.0
-4.075799,50,277.156658,0.0
-4.03375,50,277.191172,0.0
-3.790742,50,277.226365,0.0
-4.18646,50,277.261372,0.0
-4.022582,50,277.297147,0.0
-3.239103,50,277.332717,0.0
-3.882395,50,277.367833,0.0
-3.896088,50,277.40266,0.0
-4.570526,50,277.438019,0.0
-3.72047,50,277.472853,0.0
-4.419508,50,277.508055,0.0
-3.958362,50,277.543558,0.0
-3.918044,50,277.578771,0.0
-4.675558,50,277.613792,0.0
-3.815293,50,277.64924,0.0
-4.666297,50,277.68383,0.0
-4.458339,50,277.719692,0.0
-4.384535,50,277.754756,0.0
-4.184657,50,277.790026,0.0
-3.969045,50,277.825013,0.0
-4.120594,50,277.860269,0.0
-3.524408,50,278.009599,0.0
-4.553603,50,278.045456,0.0
-4.748152,50,278.080793,0.0
-3.894746,50,278.116648,0.0
-4.264273,50,278.15282,0.0
-3.823288,50,278.187982,0.0
-4.274698,50,278.223006,0.0
-4.532876,50,278.258313,0.0
-4.112759,50,278.29379,0.0
-4.026242,50,278.329093,0.0
-3.865889,50,278.364106,0.0
-3.973886,50,278.399063,0.0
-5.043293,50,278.433959,0.0
-4.232539,50,278.469383,0.0
-3.818093,50,278.504406,0.0
-4.806447,50,278.53928,0.0
-4.104232,50,278.574169,0.0
-4.084758,50,278.609543,0.0
-4.085156,50,278.644784,0.0
-4.315602,50,278.679922,0.0
-3.856648,50,278.715108,0.0
-4.561082,50,278.749971,0.0
-3.705064,50,278.78505,0.0
-4.443973,50,278.820011,0.0
-4.27845,50,278.855219,0.0
-4.655886,50,278.890459,0.0
-4.304177,50,278.925699,0.0
-4.053303,50,278.961053,0.0
-3.878164,50,278.99629,0.0
-4.112978,50,279.031388,0.0
-3.161646,50,279.066913,0.0
-4.284325,50,279.102074,0.0
-4.021197,50,279.137346,0.0
-3.541784,50,279.172769,0.0
-4.233062,50,279.207676,0.0
-4.507494,50,279.243217,0.0
-3.580887,50,279.278812,0.0
-4.514051,50,279.31399,0.0
-4.396599,50,279.349368,0.0
-4.132653,50,279.384605,0.0
-3.961462,50,279.419621,0.0
-3.796457,50,279.568191,0.0
-4.25527,50,279.603489,0.0
-4.046976,50,279.63868,0.0
-3.697059,50,279.673896,0.0
-3.896745,50,279.709083,0.0
-4.430932,50,279.74435,0.0
-4.124257,50,279.779386,0.0
-3.737145,50,279.814953,0.0
-3.977617,50,279.850498,0.0
-3.425982,50,279.885533,0.0
-4.367411,50,279.920682,0.0
-3.417074,50,279.955458,0.0
-4.239782,50,279.990685,0.0
-4.04035,50,280.025948,0.0
-4.198328,50,280.060921,0.0
-4.392089,50,280.095961,0.0
-4.003072,50,280.131153,0.0
-3.323223,50,280.165938,0.0
-3.715778,50,280.200984,0.0
-3.679858,50,280.235978,0.0
-4.732191,50,280.270989,0.0
-3.584173,50,280.30683,0.0
-4.281247,50,280.341475,0.0
-4.1149,50,280.37653,0.0
-4.132771,50,280.411418,0.0
-4.485074,50,280.446704,0.0
-3.935557,50,280.481707,0.0
-4.322636,50,280.516962,0.0
-4.276876,50,280.551777,0.0
-3.858271,50,280.586828,0.0
-3.70784,50,280.621766,0.0
-4.031694,50,280.657329,0.0
-4.080015,50,280.692687,0.0
-4.373379,50,280.728131,0.0
-4.239242,50,280.763154,0.0
-4.361782,50,280.798428,0.0
-4.628512,50,280.833589,0.0
-4.093181,50,280.869049,0.0
-4.187974,50,280.904526,0.0
-4.343566,50,280.939851,0.0
-4.62304,50,280.975218,0.0
-3.993071,50,281.123092,0.0
-4.523187,50,281.158304,0.0
-4.103919,50,281.19333,0.0
-3.737744,50,281.22841,0.0
-4.426478,50,281.263368,0.0
-4.182398,50,281.299125,0.0
-4.086882,50,281.334641,0.0
-4.477494,50,281.36956,0.0
-3.685629,50,281.404965,0.0
-3.596933,50,281.440117,0.0
-4.078222,50,281.474762,0.0
-3.583979,50,281.510044,0.0
-4.156449,50,281.545201,0.0
-3.801443,50,281.58038,0.0
-4.683475,50,281.615376,0.0
-4.379807,50,281.650686,0.0
-3.41771,50,281.686213,0.0
-3.967831,50,281.721945,0.0
-3.85528,50,281.757568,0.0
-3.681891,50,281.792847,0.0
-3.76961,50,281.828186,0.0
-4.188529,50,281.86339,0.0
-4.138188,50,281.898576,0.0
-3.730445,50,281.934377,0.0
-4.382803,50,281.969548,0.0
-4.003195,50,282.004705,0.0
-4.288553,50,282.040195,0.0
-3.777974,50,282.075132,0.0
-3.600734,50,282.110238,0.0
-3.876244,50,282.146223,0.0
-3.960932,50,282.181162,0.0
-3.686739,50,282.21657,0.0
-3.695662,50,282.251773,0.0
-3.814024,50,282.287006,0.0
-3.273839,50,282.322871,0.0
-3.803978,50,282.358227,0.0
-3.65865,50,282.393267,0.0
-4.135548,50,282.428233,0.0
-4.226073,50,282.46302,0.0
-4.118451,50,282.497844,0.0
-4.259669,50,282.532808,0.0
-4.557522,50,282.681253,0.0
-3.878551,50,282.716793,0.0
-4.297678,50,282.751707,0.0
-4.613021,50,282.78673,0.0
-5.084041,50,282.821645,0.0
-3.926077,50,282.856659,0.0
-3.972807,50,282.891548,0.0
-3.632346,50,282.926751,0.0
-3.768957,50,282.961972,0.0
-4.834578,50,282.997153,0.0
-4.424166,50,283.03213,0.0
-4.067601,50,283.06721,0.0
-4.754357,50,283.102259,0.0
-3.856757,50,283.137088,0.0
-4.069296,50,283.172352,0.0
-5.312074,50,283.20775,0.0
-3.979429,50,283.242948,0.0
-3.682427,50,283.278386,0.0
-4.703423,50,283.313199,0.0
-4.165097,50,283.348229,0.0
-4.332199,50,283.383388,0.0
-3.690987,50,283.418602,0.0
-3.612265,50,283.454423,0.0
-4.85663,50,283.489642,0.0
-3.553371,50,283.52473,0.0
-3.741028,50,283.559964,0.0
-4.075391,50,283.594861,0.0
-3.965025,50,283.630278,0.0
-3.592703,50,283.665418,0.0
-4.075497,50,283.700282,0.0
-4.094221,50,283.735465,0.0
-3.910012,50,283.771381,0.0
-3.959963,50,283.806929,0.0
-4.720437,50,283.842571,0.0
-4.442609,50,283.877609,0.0
-4.265216,50,283.912291,0.0
-3.974225,50,283.94699,0.0
-3.619489,50,283.981931,0.0
-4.216299,50,284.016932,0.0
-3.895174,50,284.051794,0.0
-3.938478,50,284.086993,0.0
-4.016258,50,284.235646,0.0
-3.742772,50,284.271081,0.0
-3.897145,50,284.306951,0.0
-3.819831,50,284.341908,0.0
-4.005417,50,284.377238,0.0
-4.350266,50,284.41262,0.0
-3.943579,50,284.447118,0.0
-4.10498,50,284.481992,0.0
-4.247826,50,284.516652,0.0
-3.554004,50,284.551322,0.0
-3.428524,50,284.586532,0.0
-3.916526,50,284.621092,0.0
-4.353064,50,284.655886,0.0
-4.090105,50,284.691056,0.0
-3.627176,50,284.726436,0.0
-4.082718,50,284.761702,0.0
-3.731959,50,284.79646,0.0
-4.857443,50,284.831469,0.0
-3.996712,50,284.866555,0.0
-4.766273,50,284.90162,0.0
-4.598397,50,284.936405,0.0
-3.798848,50,284.97148,0.0
-4.496478,50,285.006341,0.0
-3.715161,50,285.041393,0.0
-4.001198,50,285.076157,0.0
-4.023839,50,285.111239,0.0
-4.323672,50,285.146297,0.0
-4.026172,50,285.181604,0.0
-4.586157,50,285.216477,0.0
-4.876204,50,285.251511,0.0
-3.925125,50,285.286681,0.0
-3.957196,50,285.322555,0.0
-4.174051,50,285.357938,0.0
-3.526359,50,285.393265,0.0
-3.978143,50,285.427967,0.0
-4.554235,50,285.462583,0.0
-4.028225,50,285.497795,0.0
-4.058196,50,285.533145,0.0
-3.707878,50,285.56813,0.0
-4.015309,50,285.603476,0.0
-4.314302,50,285.638679,0.0
-3.982828,50,285.787049,0.0
-3.907412,50,285.82203,0.0
-4.152922,50,285.857301,0.0
-3.869822,50,285.892411,0.0
-3.455727,50,285.927384,0.0
-3.674195,50,285.962493,0.0
-3.796183,50,285.9976,0.0
-4.015801,50,286.03293,0.0
-4.041213,50,286.068287,0.0
-3.734876,50,286.102951,0.0
-4.001819,50,286.138352,0.0
-3.82943,50,286.173506,0.0
-4.430203,50,286.208682,0.0
-4.775245,50,286.244051,0.0
-4.540372,50,286.278853,0.0
-4.210602,50,286.314424,0.0
-3.774807,50,286.350363,0.0
-3.931465,50,286.385563,0.0
-4.426847,50,286.4208,0.0
-4.040085,50,286.455757,0.0
-3.757216,50,286.49057,0.0
-4.237828,50,286.525164,0.0
-4.518408,50,286.560094,0.0
-4.46243,50,286.595056,0.0
-4.006098,50,286.630231,0.0
-3.761935,50,286.665352,0.0
-4.06121,50,286.700669,0.0
-4.52081,50,286.736064,0.0
-4.194747,50,286.770945,0.0
-4.00022,50,286.805546,0.0
-3.930887,50,286.840312,0.0
-3.819822,50,286.875308,0.0
-3.656564,50,286.910144,0.0
-3.877464,50,286.945079,0.0
-3.758878,50,286.979968,0.0
-3.765936,50,287.014604,0.0
-4.361483,50,287.049318,0.0
-3.798276,50,287.084147,0.0
-3.584088,50,287.119343,0.0
-4.522033,50,287.154639,0.0
-3.747417,50,287.189807,0.0
-4.609838,50,287.338751,0.0
-4.089772,50,287.374252,0.0
-3.80006,50,287.409303,0.0
-4.055384,50,287.44459,0.0
-4.092007,50,287.480086,0.0
-3.503395,50,287.515765,0.0
-4.239324,50,287.55083,0.0
-4.148976,50,287.586014,0.0
-3.633839,50,287.621181,0.0
-4.226127,50,287.656729,0.0
-3.738393,50,287.69209,0.0
-4.340267,50,287.727321,0.0
-4.208593,50,287.763194,0.0
-4.011248,50,287.798717,0.0
-3.851721,50,287.833815,0.0
-4.509306,50,287.869143,0.0
-4.004559,50,287.90444,0.0
-3.680422,50,287.940025,0.0
-3.737025,50,287.975396,0.0
-4.016898,50,288.009955,0.0
-3.939044,50,288.044897,0.0
-4.007277,50,288.079654,0.0
-4.414087,50,288.114804,0.0
-4.196887,50,288.150129,0.0
-3.976446,50,288.184857,0.0
-4.293591,50,288.220047,0.0
-4.610686,50,288.255453,0.0
-4.425364,50,288.290479,0.0
-4.371056,50,288.325224,0.0
-4.338981,50,288.360515,0.0
-3.587487,50,288.395732,0.0
-3.985967,50,288.431296,0.0
-3.707492,50,288.466525,0.0
-4.106299,50,288.501163,0.0
-3.730929,50,288.536161,0.0
-4.18752,50,288.571088,0.0
-3.884804,50,288.606372,0.0
-3.834647,50,288.641555,0.0
-3.773549,50,288.676311,0.0
-3.872499,50,288.71149,0.0
-4.120569,50,288.746709,0.0
-4.229054,50,288.895168,0.0
-4.139,50,288.930671,0.0
-4.11786,50,288.966075,0.0
-3.767535,50,289.001504,0.0
-3.92089,50,289.036512,0.0
-4.702257,50,289.071726,0.0
-4.111944,50,289.107031,0.0
-4.164618,50,289.142077,0.0
-3.842878,50,289.177316,0.0
-4.71944,50,289.212707,0.0
-3.740561,50,289.247724,0.0
-4.639664,50,289.282777,0.0
-4.551359,50,289.318235,0.0
-3.578756,50,289.353814,0.0
-4.725297,50,289.389877,0.0
-3.65914,50,289.424981,0.0
-4.096382,50,289.460016,0.0
-4.518266,50,289.495036,0.0
-3.968544,50,289.530062,0.0
-3.468176,50,289.565222,0.0
-4.264608,50,289.600409,0.0
-4.169329,50,289.636257,0.0
-4.299796,50,289.67143,0.0
-4.427,50,289.706864,0.0
-3.774284,50,289.74224,0.0
-4.599674,50,289.778081,0.0
-3.430706,50,289.813325,0.0
-3.893946,50,289.848647,0.0
-4.22401,50,289.88425,0.0
-3.468134,50,289.91947,0.0
-3.775977,50,289.954847,0.0
-3.883054,50,289.990636,0.0
-3.876434,50,290.02595,0.0
-3.741744,50,290.061184,0.0
-3.835027,50,290.096685,0.0
-3.762608,50,290.131953,0.0
-3.926402,50,290.167152,0.0
-4.115224,50,290.202418,0.0
-4.491343,50,290.23777,0.0
-4.093244,50,290.273295,0.0
-3.748304,50,290.309001,0.0
-4.088218,50,290.457862,0.0
-4.667608,50,290.493085,0.0
-3.849741,50,290.527394,0.0
-3.964475,50,290.56304,0.0
-3.720952,50,290.598315,0.0
-4.488227,50,290.633527,0.0
-4.702553,50,290.668796,0.0
-3.800322,50,290.703997,0.0
-3.963509,50,290.739417,0.0
-4.287792,50,290.774913,0.0
-4.528656,50,290.809969,0.0
-3.842439,50,290.845138,0.0
-3.725073,50,290.880241,0.0
-4.492462,50,290.915762,0.0
-3.547732,50,290.95152,0.0
-3.430439,50,290.98671,0.0
-3.750821,50,291.021148,0.0
-4.081988,50,291.056338,0.0
-4.212,50,291.091603,0.0
-3.729031,50,291.126773,0.0
-4.27261,50,291.162189,0.0
-4.078962,50,291.197521,0.0
-4.081226,50,291.232334,0.0
-3.951499,50,291.268176,0.0
-3.097683,50,291.30362,0.0
-4.014159,50,291.339313,0.0
-4.094994,50,291.374693,0.0
-3.588143,50,291.410023,0.0
-4.210281,50,291.445691,0.0
-4.886029,50,291.480784,0.0
-4.352156,50,291.516303,0.0
-3.918324,50,291.551538,0.0
-3.989745,50,291.586799,0.0
-4.003255,50,291.62224,0.0
-3.958724,50,291.657712,0.0
-3.60043,50,291.692648,0.0
-3.720322,50,291.727754,0.0
-3.673085,50,291.763159,0.0
-4.137992,50,291.797967,0.0
-4.5437,50,291.833164,0.0
-3.705853,50,291.868408,0.0
-4.067088,50,292.016821,0.0
-3.335975,50,292.051731,0.0
-4.063779,50,292.086791,0.0
-3.677875,50,292.122135,0.0
-3.952335,50,292.157358,0.0
-3.919409,50,292.192959,0.0
-4.168955,50,292.228026,0.0
-4.121404,50,292.263941,0.0
-4.216543,50,292.298794,0.0
-3.459459,50,292.333718,0.0
-4.10059,50,292.368544,0.0
-4.468778,50,292.404477,0.0
-4.196455,50,292.439731,0.0
-4.49914,50,292.474892,0.0
-3.814692,50,292.50969,0.0
-4.231508,50,292.544573,0.0
-4.111984,50,292.579657,0.0
-3.568244,50,292.614832,0.0
-4.192493,50,292.650343,0.0
-4.664729,50,292.685577,0.0
-3.958898,50,292.720849,0.0
-3.539745,50,292.755971,0.0
-4.072667,50,292.791263,0.0
-4.602661,50,292.827113,0.0
-4.069441,50,292.863005,0.0
-3.746911,50,292.898383,0.0
-4.329022,50,292.933272,0.0
-4.437328,50,292.96867,0.0
-4.136081,50,293.004045,0.0
-3.543704,50,293.039474,0.0
-4.324317,50,293.074433,0.0
-3.353802,50,293.10961,0.0
-4.072222,50,293.145242,0.0
-3.673116,50,293.180359,0.0
-3.505119,50,293.215601,0.0
-4.225275,50,293.250759,0.0
-4.145431,50,293.286198,0.0
-4.127266,50,293.322047,0.0
-4.136674,50,293.357505,0.0
-4.104139,50,293.393003,0.0
-4.494638,50,293.428572,0.0
-3.56211,50,293.577472,0.0
-3.811443,50,293.61293,0.0
-4.150817,50,293.648885,0.0
-3.470539,50,293.684321,0.0
-3.872978,50,293.71963,0.0
-3.82501,50,293.754992,0.0
-4.281581,50,293.790471,0.0
-4.109329,50,293.825657,0.0
-3.915392,50,293.860875,0.0
-3.743958,50,293.896592,0.0
-3.631043,50,293.931905,0.0
-4.075922,50,293.967145,0.0
-4.183194,50,294.002482,0.0
-4.517737,50,294.037322,0.0
-3.632506,50,294.073062,0.0
-4.07856,50,294.108157,0.0
-3.612307,50,294.143505,0.0
-3.955892,50,294.178507,0.0
-4.59421,50,294.213598,0.0
-4.840755,50,294.248747,0.0
-3.67838,50,294.284299,0.0
-3.910677,50,294.320044,0.0
-4.066219,50,294.355327,0.0
-3.933651,50,294.390525,0.0
-3.633131,50,294.425726,0.0
-3.936422,50,294.461071,0.0
-4.545959,50,294.49616,0.0
-3.499993,50,294.531449,0.0
-4.288542,50,294.567102,0.0
-3.999867,50,294.602378,0.0
-3.842203,50,294.637725,0.0
-3.83345,50,294.672956,0.0
-3.955512,50,294.708235,0.0
-4.363357,50,294.743216,0.0
-3.96304,50,294.778555,0.0
-4.267548,50,294.813524,0.0
-4.005374,50,294.848399,0.0
-3.524549,50,294.883322,0.0
-3.681667,50,294.9182,0.0
-3.919841,50,294.952969,0.0
-3.619684,50,294.987776,0.0
-4.178924,50,295.135986,0.0
-4.541159,50,295.171817,0.0
-3.714603,50,295.206962,0.0
-3.890282,50,295.241719,0.0
-4.03807,50,295.277086,0.0
-4.82442,50,295.312395,0.0
-3.954566,50,295.347241,0.0
-4.082231,50,295.382461,0.0
-3.828737,50,295.417902,0.0
-4.516741,50,295.453275,0.0
-4.407024,50,295.488456,0.0
-4.383861,50,295.523925,0.0
-4.283446,50,295.558795,0.0
-4.233086,50,295.593979,0.0
-4.016062,50,295.629231,0.0
-5.088631,50,295.66459,0.0
-4.251084,50,295.700499,0.0
-3.471765,50,295.736026,0.0
-3.51537,50,295.771299,0.0
-4.146837,50,295.806315,0.0
-3.991017,50,295.841935,0.0
-4.341048,50,295.876888,0.0
-4.317873,50,295.91202,0.0
-4.202859,50,295.946943,0.0
-4.953837,50,295.981962,0.0
-3.356079,50,296.017178,0.0
-4.560435,50,296.0519,0.0
-5.249432,50,296.086564,0.0
-4.326668,50,296.121713,0.0
-4.007385,50,296.156665,0.0
-4.121386,50,296.191967,0.0
-3.971121,50,296.22735,0.0
-3.814466,50,296.262876,0.0
-3.932592,50,296.298345,0.0
-4.44837,50,296.333332,0.0
-4.371529,50,296.368398,0.0
-3.861603,50,296.403645,0.0
-3.51398,50,296.438725,0.0
-3.954031,50,296.473647,0.0
-3.846105,50,296.509037,0.0
-3.518673,50,296.544435,0.0
-4.391972,50,296.693778,0.0
-3.670234,50,296.729289,0.0
-4.512252,50,296.764725,0.0
-3.961402,50,296.79993,0.0
-3.906315,50,296.835234,0.0
-4.355161,50,296.870386,0.0
-3.248635,50,296.905469,0.0
-3.62651,50,296.940726,0.0
-3.971286,50,296.975434,0.0
-4.293747,50,297.010566,0.0
-4.151391,50,297.045823,0.0
-4.504373,50,297.080602,0.0
-4.701317,50,297.116011,0.0
-4.275241,50,297.151319,0.0
-3.976184,50,297.186573,0.0
-3.697936,50,297.221942,0.0
-4.008719,50,297.257723,0.0
-4.067527,50,297.293996,0.0
-4.227289,50,297.329336,0.0
-4.913745,50,297.364916,0.0
-4.200012,50,297.399924,0.0
-3.494594,50,297.434885,0.0
-3.958647,50,297.469732,0.0
-3.983541,50,297.504637,0.0
-4.035882,50,297.540433,0.0
-3.888292,50,297.575566,0.0
-4.526892,50,297.610712,0.0
-4.249112,50,297.646378,0.0
-3.576868,50,297.681327,0.0
-3.663258,50,297.716406,0.0
-3.710593,50,297.751599,0.0
-4.020636,50,297.786627,0.0
-3.99101,50,297.821351,0.0
-4.169804,50,297.856353,0.0
-4.278591,50,297.891317,0.0
-3.82157,50,297.926247,0.0
-3.759235,50,297.961367,0.0
-4.173126,50,297.996256,0.0
-3.852895,50,298.031413,0.0
-3.866483,50,298.066483,0.0
-3.873099,50,298.1023,0.0
-3.912967,50,298.252548,0.0
-4.255034,50,298.28834,0.0
-4.538322,50,298.324142,0.0
-4.416759,50,298.359703,0.0
-4.050611,50,298.395052,0.0
-4.240665,50,298.430431,0.0
-4.046357,50,298.465586,0.0
-4.352847,50,298.500168,0.0
-3.818528,50,298.53449,0.0
-3.837456,50,298.569483,0.0
-4.569366,50,298.604579,0.0
-3.950147,50,298.639822,0.0
-4.029572,50,298.675249,0.0
-4.412436,50,298.710451,0.0
-3.558704,50,298.745887,0.0
-4.21935,50,298.781458,0.0
-3.667406,50,298.817138,0.0
-4.054262,50,298.852221,0.0
-3.767974,50,298.88759,0.0
-4.463237,50,298.922573,0.0
-4.222588,50,298.957628,0.0
-4.539552,50,298.993022,0.0
-4.431106,50,299.02799,0.0
-4.030111,50,299.06347,0.0
-3.592522,50,299.098531,0.0
-4.738898,50,299.13463,0.0
-3.991982,50,299.171475,0.0
-4.371422,50,299.208388,0.0
-4.477377,50,299.244683,0.0
-3.241171,50,299.280529,0.0
-3.463552,50,299.316644,0.0
-4.507506,50,299.353987,0.0
-4.478277,50,299.390035,0.0
-3.467222,50,299.425671,0.0
-4.116656,50,299.461567,0.0
-3.816075,50,299.497168,0.0
-3.66677,50,299.532679,0.0
-4.307226,50,299.56786,0.0
-3.846755,50,299.602972,0.0
-3.766736,50,299.638037,0.0
-3.799905,50,299.673952,0.0
-4.128694,50,299.827451,0.0
-3.343666,50,299.862648,0.0
-3.864468,50,299.89806,0.0
-3.801534,50,299.933142,0.0
-2.96897,50,299.968948,0.0
-4.399941,50,300.004173,0.0
-3.889475,50,300.039814,0.0
-3.371793,50,300.075686,0.0
-3.963512,50,300.111373,0.0
-4.089644,50,300.146666,0.0
-3.585492,50,300.181943,0.0
-4.172165,50,300.216962,0.0
-4.207551,50,300.252574,0.0
-4.094077,50,300.288079,0.0
-3.743822,50,300.323664,0.0
-3.614729,50,300.359207,0.0
-3.780082,50,300.394483,0.0
-4.392806,50,300.428805,0.0
-4.370213,50,300.463702,0.0
-4.100959,50,300.498958,0.0
-3.974698,50,300.53369,0.0
-4.245132,50,300.56875,0.0
-3.95244,50,300.603469,0.0
-4.352143,50,300.638645,0.0
-3.50265,50,300.673809,0.0
-4.661199,50,300.708874,0.0
-3.834777,50,300.743373,0.0
-4.092275,50,300.77776,0.0
-3.815331,50,300.81274,0.0
-4.282662,50,300.847779,0.0
-4.316881,50,300.882924,0.0
-4.283927,50,300.918086,0.0
-3.728881,50,300.954029,0.0
-4.710465,50,300.98925,0.0
-3.864232,50,301.023746,0.0
-3.618616,50,301.058226,0.0
-4.210078,50,301.092325,0.0
-4.06551,50,301.126756,0.0
-3.873391,50,301.161359,0.0
-4.139637,50,301.195859,0.0
-3.935689,50,301.229949,0.0
-4.042232,50,301.375357,0.0
-4.053417,50,301.410118,0.0
-4.070051,50,301.445502,0.0
-3.888804,50,301.480511,0.0
-3.88652,50,301.515446,0.0
-3.880609,50,301.5507,0.0
-3.663484,50,301.585678,0.0
-4.164273,50,301.620635,0.0
-4.592304,50,301.655514,0.0
-4.726338,50,301.690442,0.0
-3.712811,50,301.726095,0.0
-3.198451,50,301.76101,0.0
-3.93673,50,301.79615,0.0
-4.000577,50,301.83103,0.0
-3.951695,50,301.86601,0.0
-3.682763,50,301.900496,0.0
-3.989038,50,301.934826,0.0
-4.231632,50,301.969361,0.0
-3.482552,50,302.004024,0.0
-3.792559,50,302.038601,0.0
-4.660251,50,302.072959,0.0
-4.132647,50,302.107431,0.0
-4.022332,50,302.142291,0.0
-4.421511,50,302.176769,0.0
-4.199691,50,302.211502,0.0
-4.140147,50,302.245974,0.0
-3.844574,50,302.280714,0.0
-4.076018,50,302.315836,0.0
-4.114877,50,302.350688,0.0
-4.038467,50,302.385392,0.0
-4.069568,50,302.420208,0.0
-4.515341,50,302.454587,0.0
-3.79189,50,302.489314,0.0
-4.238711,50,302.523843,0.0
-3.661948,50,302.558639,0.0
-4.010924,50,302.59287,0.0
-4.084774,50,302.627344,0.0
-3.807024,50,302.662232,0.0
-3.587006,50,302.696767,0.0
-4.428709,50,302.731413,0.0
-3.483769,50,302.766159,0.0
-4.135382,50,302.91281,0.0
-3.980093,50,302.947767,0.0
-4.269432,50,302.982663,0.0
-3.893607,50,303.017063,0.0
-4.270877,50,303.051942,0.0
-3.715815,50,303.086459,0.0
-3.825808,50,303.120886,0.0
-3.736837,50,303.155214,0.0
-4.470846,50,303.189415,0.0
-4.506362,50,303.224397,0.0
-4.949663,50,303.259671,0.0
-4.698809,50,303.294743,0.0
-4.167615,50,303.330638,0.0
-4.175664,50,303.366242,0.0
-4.549732,50,303.401399,0.0
-4.31858,50,303.436513,0.0
-3.659156,50,303.472113,0.0
-3.825044,50,303.507045,0.0
-4.712291,50,303.542011,0.0
-3.97229,50,303.577411,0.0
-4.453759,50,303.612613,0.0
-4.281079,50,303.647973,0.0
-3.669195,50,303.683269,0.0
-4.357619,50,303.718395,0.0
-3.661973,50,303.753407,0.0
-4.642722,50,303.78853,0.0
-4.220157,50,303.823837,0.0
-3.911084,50,303.858887,0.0
-4.347694,50,303.894062,0.0
-4.490265,50,303.929383,0.0
-4.526657,50,303.964445,0.0
-3.738924,50,303.999393,0.0
-4.347633,50,304.034497,0.0
-3.783908,50,304.069429,0.0
-4.936446,50,304.10463,0.0
-4.184721,50,304.140171,0.0
-3.604867,50,304.17529,0.0
-4.342403,50,304.210398,0.0
-3.842943,50,304.245377,0.0
-4.221475,50,304.279761,0.0
-3.975563,50,304.315022,0.0
-4.29747,50,304.464703,0.0
-3.891385,50,304.500055,0.0
-4.311223,50,304.535244,0.0
-4.18559,50,304.570549,0.0
-3.452967,50,304.605561,0.0
-4.44486,50,304.640696,0.0
-3.889453,50,304.676275,0.0
-4.583581,50,304.711515,0.0
-3.370322,50,304.746415,0.0
-3.820939,50,304.781668,0.0
-3.767878,50,304.816609,0.0
-4.279438,50,304.851205,0.0
-4.770314,50,304.88627,0.0
-3.724555,50,304.92157,0.0
-4.102222,50,304.956621,0.0
-3.640836,50,304.99188,0.0
-3.853013,50,305.026524,0.0
-3.873724,50,305.061427,0.0
-3.84626,50,305.096209,0.0
-3.933964,50,305.132142,0.0
-3.98539,50,305.167574,0.0
-4.016611,50,305.202653,0.0
-4.376528,50,305.237713,0.0
-4.213558,50,305.272908,0.0
-4.484271,50,305.308182,0.0
-3.884617,50,305.343189,0.0
-3.707707,50,305.378183,0.0
-3.444228,50,305.413461,0.0
-4.037973,50,305.448868,0.0
-3.843436,50,305.484492,0.0
-3.750914,50,305.519537,0.0
-4.035013,50,305.554848,0.0
-4.422931,50,305.59005,0.0
-4.662601,50,305.625342,0.0
-3.936394,50,305.660591,0.0
-3.902933,50,305.695718,0.0
-3.699365,50,305.73149,0.0
-4.573341,50,305.76748,0.0
-3.74947,50,305.803306,0.0
-4.366441,50,305.839161,0.0
-4.451695,50,305.874839,0.0
-4.15346,50,306.024495,0.0
-3.899917,50,306.060155,0.0
-3.850864,50,306.095442,0.0
-4.752548,50,306.130597,0.0
-4.131866,50,306.167014,0.0
-4.538106,50,306.202727,0.0
-3.561906,50,306.238442,0.0
-4.03055,50,306.273523,0.0
-3.863738,50,306.309131,0.0
-4.016545,50,306.345137,0.0
-3.775486,50,306.380731,0.0
-4.268076,50,306.415813,0.0
-3.831286,50,306.451143,0.0
-4.083479,50,306.857262,0.0
-4.483476,50,306.893239,0.0
-3.802366,50,306.930131,0.0
-4.171317,50,306.967592,0.0
-4.48056,50,307.003452,0.0
-4.402374,50,307.038919,0.0
-3.537994,50,307.074768,0.0
-3.951068,50,307.11077,0.0
-4.279438,50,307.147016,0.0
-4.52749,50,307.18275,0.0
-3.532958,50,307.218002,0.0
-3.965814,50,307.25384,0.0
-3.179838,50,307.28923,0.0
-4.07738,50,307.3244,0.0
-3.762578,50,307.360301,0.0
-4.051357,50,307.395799,0.0
-4.238973,50,307.430739,0.0
-3.461191,50,307.466199,0.0
-4.13833,50,307.502681,0.0
-4.507919,50,307.53811,0.0
-4.204521,50,307.573466,0.0
-4.339316,50,307.608832,0.0
-3.873324,50,307.644296,0.0
-4.4745,50,307.679501,0.0
-5.097364,50,307.715014,0.0
-3.698951,50,307.750284,0.0
-4.412914,50,307.7854,0.0
-4.239022,50,307.82105,0.0
-3.912148,50,307.974362,0.0
-3.753882,50,308.010046,0.0
-3.827501,50,308.044851,0.0
-3.616394,50,308.079355,0.0
-3.178879,50,308.113936,0.0
-4.42393,50,308.150172,0.0
-3.623251,50,308.185921,0.0
-4.533689,50,308.221783,0.0
-3.724139,50,308.257165,0.0
-4.748698,50,308.292359,0.0
-3.966478,50,308.327611,0.0
-4.238587,50,308.362441,0.0
-4.206806,50,308.397901,0.0
-4.717928,50,308.433068,0.0
-4.706868,50,308.468257,0.0
-3.913745,50,308.503053,0.0
-4.163272,50,308.539086,0.0
-4.467999,50,308.57567,0.0
-4.271291,50,308.611175,0.0
-3.81884,50,308.646368,0.0
-4.460035,50,308.68132,0.0
-4.423932,50,308.716421,0.0
-3.960409,50,308.751338,0.0
-3.753418,50,308.786312,0.0
-4.056913,50,308.824,0.0
-4.395248,50,308.859684,0.0
-4.192964,50,308.894879,0.0
-3.616689,50,308.930665,0.0
-3.84083,50,308.966173,0.0
-4.300494,50,309.001721,0.0
-3.517668,50,309.036621,0.0
-3.550158,50,309.071933,0.0
-4.467687,50,309.10751,0.0
-3.930396,50,309.143513,0.0
-4.328938,50,309.179624,0.0
-3.772481,50,309.21534,0.0
-4.179776,50,309.250798,0.0
-4.10611,50,309.285785,0.0
-3.573516,50,309.321344,0.0
-3.977323,50,309.356472,0.0
-3.854235,50,309.391905,0.0
-3.879511,50,309.542396,0.0
-3.929829,50,309.57778,0.0
-4.292565,50,309.613411,0.0
-3.963145,50,309.64905,0.0
-3.876119,50,309.684215,0.0
-4.287411,50,309.719425,0.0
-3.894459,50,309.755497,0.0
-4.063085,50,309.790922,0.0
-4.045079,50,309.826129,0.0
-4.292429,50,309.861522,0.0
-4.06066,50,309.896917,0.0
-4.083088,50,309.932816,0.0
-4.085781,50,309.96833,0.0
-3.937631,50,310.003413,0.0
-3.838964,50,310.038582,0.0
-4.023582,50,310.073519,0.0
-4.275775,50,310.108603,0.0
-4.006577,50,310.144103,0.0
-4.781348,50,310.179449,0.0
-4.127967,50,310.214906,0.0
-3.939804,50,310.250174,0.0
-3.820825,50,310.285159,0.0
-4.338086,50,310.32013,0.0
-3.817835,50,310.356102,0.0
-4.79212,50,310.391749,0.0
-4.348599,50,310.427053,0.0
-3.755552,50,310.462125,0.0
-4.170933,50,310.497621,0.0
-4.692292,50,310.533925,0.0
-4.426503,50,310.569759,0.0
-3.926545,50,310.605058,0.0
-3.601773,50,310.640879,0.0
-3.985012,50,310.676384,0.0
-4.043774,50,310.712107,0.0
-3.967915,50,310.747423,0.0
-4.119895,50,310.78276,0.0
-3.751054,50,310.818285,0.0
-4.131022,50,310.853515,0.0
-4.162056,50,310.888972,0.0
-4.14601,50,310.92425,0.0
-4.831927,50,310.959495,0.0
-4.249502,50,311.109761,0.0
-4.630316,50,311.14546,0.0
-4.857452,50,311.18115,0.0
-4.312955,50,311.216576,0.0
-4.17564,50,311.252668,0.0
-3.600826,50,311.28808,0.0
-4.078213,50,311.323374,0.0
-4.108791,50,311.35917,0.0
-3.994826,50,311.394229,0.0
-4.100248,50,311.429731,0.0
-4.275733,50,311.465427,0.0
-4.400617,50,311.500611,0.0
-4.207732,50,311.535762,0.0
-4.251222,50,311.571372,0.0
-4.881402,50,311.606705,0.0
-3.298002,50,311.642219,0.0
-3.549901,50,311.677594,0.0
-4.27202,50,311.712705,0.0
-4.01799,50,311.748233,0.0
-4.05206,50,311.783996,0.0
-4.35601,50,311.819141,0.0
-4.451787,50,311.854028,0.0
-4.150625,50,311.889286,0.0
-4.873405,50,311.924289,0.0
-3.579832,50,311.959933,0.0
-4.687092,50,311.995123,0.0
-3.790264,50,312.030725,0.0
-4.062925,50,312.066963,0.0
-3.99799,50,312.102912,0.0
-4.368359,50,312.138091,0.0
-4.41061,50,312.173609,0.0
-4.426201,50,312.209239,0.0
-4.641325,50,312.244147,0.0
-4.330335,50,312.279333,0.0
-4.252127,50,312.314461,0.0
-4.412676,50,312.349535,0.0
-3.776087,50,312.384745,0.0
-4.107743,50,312.419959,0.0
-4.010002,50,312.455198,0.0
-3.888327,50,312.490491,0.0
-4.216605,50,312.525527,0.0
-3.954819,50,312.675088,0.0
-4.419585,50,312.710193,0.0
-4.435749,50,312.74579,0.0
-3.948499,50,312.780897,0.0
-4.037066,50,312.816104,0.0
-5.026878,50,312.851484,0.0
-4.037912,50,312.886343,0.0
-4.272336,50,312.921331,0.0
-4.715626,50,312.956548,0.0
-4.542353,50,312.991636,0.0
-4.052696,50,313.026812,0.0
-3.606489,50,313.062013,0.0
-4.362251,50,313.097252,0.0
-4.186548,50,313.132469,0.0
-4.087361,50,313.167605,0.0
-4.579091,50,313.202573,0.0
-4.689257,50,313.237726,0.0
-3.86463,50,313.27273,0.0
-4.225503,50,313.307712,0.0
-3.990035,50,313.342469,0.0
-3.704518,50,313.377202,0.0
-4.146783,50,313.412291,0.0
-4.410234,50,313.447101,0.0
-3.913941,50,313.482038,0.0
-4.558767,50,313.517244,0.0
-4.177092,50,313.552287,0.0
-3.73385,50,313.587707,0.0
-4.771232,50,313.623415,0.0
-4.098797,50,313.658459,0.0
-3.433178,50,313.69367,0.0
-3.576938,50,313.72905,0.0
-4.115371,50,313.764327,0.0
-4.54789,50,313.799573,0.0
-4.278048,50,313.835386,0.0
-3.865144,50,313.870571,0.0
-3.819176,50,313.905568,0.0
-3.742578,50,313.940685,0.0
-4.000462,50,313.975691,0.0
-4.076047,50,314.010596,0.0
-4.226573,50,314.045611,0.0
-3.687293,50,314.081523,0.0
-3.422492,50,314.231041,0.0
-3.906704,50,314.266738,0.0
-4.735561,50,314.302109,0.0
-4.300342,50,314.337214,0.0
-4.06593,50,314.373492,0.0
-4.020799,50,314.409185,0.0
-4.441092,50,314.444624,0.0
-3.914204,50,314.480184,0.0
-3.796564,50,314.515434,0.0
-3.915752,50,314.550437,0.0
-3.287073,50,314.585954,0.0
-4.442455,50,314.621398,0.0
-4.41812,50,314.656828,0.0
-3.769579,50,314.692182,0.0
-4.450008,50,314.727579,0.0
-4.520268,50,314.762494,0.0
-3.559477,50,314.798283,0.0
-3.916822,50,314.833375,0.0
-4.224456,50,314.868538,0.0
-4.316242,50,314.903778,0.0
-4.419583,50,314.938959,0.0
-4.10672,50,314.974324,0.0
-4.396776,50,315.010165,0.0
-3.990781,50,315.045681,0.0
-4.840267,50,315.080688,0.0
-4.077857,50,315.115902,0.0
-3.547691,50,315.151289,0.0
-4.005394,50,315.187039,0.0
-4.416959,50,315.222618,0.0
-5.421008,50,315.257774,0.0
-4.175939,50,315.293017,0.0
-3.547565,50,315.328,0.0
-4.285105,50,315.363688,0.0
-3.978213,50,315.399161,0.0
-3.446265,50,315.434763,0.0
-3.91911,50,315.470118,0.0
-3.876274,50,315.505658,0.0
-4.190891,50,315.540618,0.0
-4.160156,50,315.57588,0.0
-3.518684,50,315.611688,0.0
-3.759405,50,315.760965,0.0
-4.439315,50,315.796641,0.0
-4.054346,50,315.831806,0.0
-3.790112,50,315.867499,0.0
-4.038033,50,315.902763,0.0
-4.066866,50,315.937598,0.0
-3.711331,50,315.972685,0.0
-3.820938,50,316.007924,0.0
-4.269376,50,316.042954,0.0
-3.643378,50,316.078456,0.0
-3.681692,50,316.11324,0.0
-3.975541,50,316.148794,0.0
-5.007781,50,316.184219,0.0
-3.891174,50,316.219351,0.0
-4.158642,50,316.25442,0.0
-4.148647,50,316.289643,0.0
-4.115771,50,316.324958,0.0
-3.641132,50,316.360389,0.0
-4.084415,50,316.39552,0.0
-3.840288,50,316.430881,0.0
-4.350744,50,316.466432,0.0
-3.625768,50,316.501763,0.0
-3.707474,50,316.537447,0.0
-4.283723,50,316.572645,0.0
-4.134223,50,316.608062,0.0
-4.681579,50,316.643073,0.0
-4.544413,50,316.678369,0.0
-4.54722,50,316.71387,0.0
-4.065453,50,316.748978,0.0
-3.609851,50,316.783924,0.0
-3.655162,50,316.818727,0.0
-3.958262,50,316.853535,0.0
-4.013035,50,316.888422,0.0
-4.60422,50,316.923465,0.0
-4.026522,50,316.9585,0.0
-3.814065,50,316.993343,0.0
-3.566902,50,317.029264,0.0
-3.777231,50,317.064617,0.0
-4.021748,50,317.100017,0.0
-3.837885,50,317.135873,0.0
-3.712172,50,317.171684,0.0
-3.988183,50,317.321041,0.0
-4.093597,50,317.356602,0.0
-3.835303,50,317.391696,0.0
-4.343307,50,317.427047,0.0
-4.403919,50,317.462108,0.0
-3.871692,50,317.49742,0.0
-4.046659,50,317.532668,0.0
-4.423003,50,317.567546,0.0
-4.153994,50,317.60228,0.0
-4.076749,50,317.637276,0.0
-3.224531,50,317.672488,0.0
-4.228065,50,317.707525,0.0
-4.177349,50,317.742054,0.0
-4.494063,50,317.776663,0.0
-3.70198,50,317.811534,0.0
-4.066089,50,317.846199,0.0
-3.976802,50,317.880613,0.0
-4.581389,50,317.915474,0.0
-4.540967,50,317.950521,0.0
-4.17425,50,317.985278,0.0
-4.17802,50,318.020162,0.0
-3.682138,50,318.055188,0.0
-3.600694,50,318.090242,0.0
-3.73411,50,318.125628,0.0
-4.138769,50,318.160665,0.0
-4.755235,50,318.195256,0.0
-4.307659,50,318.23009,0.0
-4.019477,50,318.2648,0.0
-4.064837,50,318.299866,0.0
-3.943942,50,318.335,0.0
-4.470574,50,318.370129,0.0
-4.261456,50,318.405137,0.0
-4.516952,50,318.440078,0.0
-4.754984,50,318.47452,0.0
-3.786112,50,318.509396,0.0
-3.94129,50,318.544485,0.0
-3.626012,50,318.579861,0.0
-4.172358,50,318.615408,0.0
-4.091921,50,318.650648,0.0
-3.910831,50,318.685524,0.0
-4.686518,50,318.720544,0.0
-4.068723,50,318.867275,0.0
-4.267784,50,318.901947,0.0
-3.643491,50,318.93668,0.0
-3.581407,50,318.971504,0.0
-4.057458,50,319.006301,0.0
-3.679406,50,319.040807,0.0
-3.58863,50,319.075841,0.0
-4.758151,50,319.110876,0.0
-3.695619,50,319.146387,0.0
-4.187369,50,319.180785,0.0
-4.056681,50,319.215425,0.0
-4.255086,50,319.250232,0.0
-3.729038,50,319.285366,0.0
-4.17774,50,319.320762,0.0
-3.683099,50,319.356103,0.0
-3.93584,50,319.391049,0.0
-4.52849,50,319.425856,0.0
-3.980114,50,319.460748,0.0
-4.258958,50,319.495774,0.0
-3.950095,50,319.531118,0.0
-3.929791,50,319.566068,0.0
-4.184043,50,319.601009,0.0
-4.295085,50,319.636077,0.0
-4.509966,50,319.671447,0.0
-4.455545,50,319.706783,0.0
-3.876961,50,319.742051,0.0
-4.297234,50,319.776688,0.0
-4.124023,50,319.811744,0.0
-3.7606,50,319.846785,0.0
-4.548936,50,319.882216,0.0
-4.459989,50,319.917176,0.0
-3.868041,50,319.951785,0.0
-3.981903,50,319.986776,0.0
-4.355037,50,320.021435,0.0
-3.745603,50,320.056123,0.0
-4.441441,50,320.090744,0.0
-4.627179,50,320.125624,0.0
-3.357553,50,320.160946,0.0
-3.730045,50,320.195242,0.0
-3.750373,50,320.229902,0.0
-3.856232,50,320.265952,0.0
-4.386969,50,320.414876,0.0
-3.814762,50,320.449899,0.0
-3.870945,50,320.484657,0.0
-4.168028,50,320.519229,0.0
-3.639723,50,320.553495,0.0
-4.745678,50,320.588106,0.0
-3.704524,50,320.622678,0.0
-3.483891,50,320.657427,0.0
-4.578644,50,320.692138,0.0
-4.567725,50,320.726504,0.0
-4.465039,50,320.760805,0.0
-3.46162,50,320.795368,0.0
-3.907319,50,320.830303,0.0
-4.025113,50,320.864989,0.0
-4.202864,50,320.89975,0.0
-4.149768,50,320.934463,0.0
-3.784587,50,320.96935,0.0
-4.606553,50,321.004177,0.0
-4.081926,50,321.038984,0.0
-3.654203,50,321.073723,0.0
-3.676128,50,321.108741,0.0
-3.526114,50,321.143535,0.0
-3.937293,50,321.178002,0.0
-3.788561,50,321.212925,0.0
-3.63742,50,321.247551,0.0
-4.498468,50,321.282409,0.0
-3.647831,50,321.317321,0.0
-4.204297,50,321.35212,0.0
-4.111603,50,321.386898,0.0
-4.475309,50,321.422428,0.0
-3.94814,50,321.458142,0.0
-3.677288,50,321.493984,0.0
-3.632352,50,321.529045,0.0
-3.556847,50,321.564388,0.0
-4.344816,50,321.599043,0.0
-4.21306,50,321.634333,0.0
-3.728666,50,321.669413,0.0
-4.528715,50,321.704259,0.0
-4.468575,50,321.738914,0.0
-4.122019,50,321.773628,0.0
-4.2779,50,321.808208,0.0
-3.944687,50,321.954086,0.0
-4.08314,50,321.988921,0.0
-3.993195,50,322.023482,0.0
-4.033733,50,322.057733,0.0
-3.663204,50,322.092587,0.0
-3.842424,50,322.127233,0.0
-4.475079,50,322.161932,0.0
-3.833479,50,322.197049,0.0
-3.89119,50,322.231464,0.0
-4.795131,50,322.266098,0.0
-3.946159,50,322.30043,0.0
-4.006238,50,322.335201,0.0
-3.551508,50,322.370264,0.0
-4.353313,50,322.404699,0.0
-3.858178,50,322.439045,0.0
-4.374597,50,322.474034,0.0
-4.093179,50,322.509865,0.0
-3.658909,50,322.544515,0.0
-4.582412,50,322.579079,0.0
-4.079767,50,322.61398,0.0
-4.05169,50,322.649164,0.0
-4.362297,50,322.683733,0.0
-4.175861,50,322.718468,0.0
-4.282182,50,322.752996,0.0
-4.260088,50,322.787896,0.0
-3.942662,50,322.822281,0.0
-4.01272,50,322.857202,0.0
-4.034246,50,322.891881,0.0
-3.956746,50,322.926177,0.0
-3.952359,50,322.960955,0.0
-3.967712,50,322.99569,0.0
-3.738528,50,323.030342,0.0
-4.322809,50,323.064833,0.0
-3.82187,50,323.099422,0.0
-3.614539,50,323.134668,0.0
-4.161727,50,323.16911,0.0
-3.834922,50,323.203722,0.0
-4.141348,50,323.23807,0.0
-3.990615,50,323.272736,0.0
-3.419842,50,323.307425,0.0
-4.297693,50,323.342517,0.0
-4.059494,50,323.49025,0.0
-3.586775,50,323.525595,0.0
-3.590019,50,323.560385,0.0
-4.096821,50,323.594713,0.0
-4.252539,50,323.629424,0.0
-4.126549,50,323.665216,0.0
-4.488971,50,323.699928,0.0
-4.100824,50,323.734607,0.0
-4.467912,50,323.769761,0.0
-4.521601,50,323.804506,0.0
-3.943691,50,323.839414,0.0
-4.485979,50,323.874733,0.0
-4.025547,50,323.91,0.0
-3.897329,50,323.945099,0.0
-4.427403,50,323.980819,0.0
-3.863978,50,324.015881,0.0
-4.485231,50,324.050807,0.0
-3.612448,50,324.085953,0.0
-3.667447,50,324.12078,0.0
-3.834015,50,324.155808,0.0
-3.917044,50,324.190427,0.0
-3.946923,50,324.225272,0.0
-4.344258,50,324.259756,0.0
-4.546753,50,324.294473,0.0
-3.792634,50,324.328619,0.0
-3.413156,50,324.363082,0.0
-4.125868,50,324.397251,0.0
-3.662785,50,324.431529,0.0
-4.419628,50,324.466055,0.0
-3.953502,50,324.500249,0.0
-3.722189,50,324.534999,0.0
-3.859739,50,324.569271,0.0
-4.107994,50,324.60413,0.0
-4.871755,50,324.638672,0.0
-4.197948,50,324.673732,0.0
-3.712418,50,324.708408,0.0
-4.550366,50,324.74273,0.0
-3.675782,50,324.777357,0.0
-4.530746,50,324.812436,0.0
-3.77881,50,324.847191,0.0
-4.261036,50,324.881597,0.0
-3.674705,50,325.027924,0.0
-3.756048,50,325.063747,0.0
-4.422498,50,325.09896,0.0
-4.539909,50,325.134602,0.0
-3.796561,50,325.170329,0.0
-4.718652,50,325.205053,0.0
-3.746916,50,325.239685,0.0
-4.223978,50,325.273953,0.0
-3.521551,50,325.308495,0.0
-3.825973,50,325.342941,0.0
-4.325214,50,325.37735,0.0
-4.51935,50,325.411975,0.0
-5.036912,50,325.446357,0.0
-4.046417,50,325.480738,0.0
-4.176755,50,325.514986,0.0
-4.375837,50,325.549688,0.0
-4.114342,50,325.584492,0.0
-3.862445,50,325.619345,0.0
-3.546108,50,325.653923,0.0
-4.798287,50,325.688645,0.0
-3.762686,50,325.72335,0.0
-3.666386,50,325.757932,0.0
-4.403562,50,325.792789,0.0
-3.523108,50,325.827125,0.0
-3.770478,50,325.862036,0.0
-3.715627,50,325.897196,0.0
-4.357254,50,325.931821,0.0
-4.692432,50,325.966269,0.0
-3.492759,50,326.001496,0.0
-3.756138,50,326.036491,0.0
-4.015884,50,326.071001,0.0
-3.807095,50,326.105811,0.0
-4.146353,50,326.140102,0.0
-4.081265,50,326.174704,0.0
-4.247733,50,326.209033,0.0
-3.802758,50,326.243634,0.0
-4.83244,50,326.277798,0.0
-4.441804,50,326.313046,0.0
-3.496123,50,326.348109,0.0
-4.184743,50,326.382932,0.0
-3.910218,50,326.417748,0.0
-4.274843,50,326.564604,0.0
-3.574749,50,326.599824,0.0
-4.041997,50,326.634609,0.0
-4.117776,50,326.669758,0.0
-3.857899,50,326.704618,0.0
-3.593136,50,326.739095,0.0
-3.170519,50,326.77384,0.0
-4.458682,50,326.808516,0.0
-3.405191,50,326.84304,0.0
-4.290328,50,326.877362,0.0
-3.772462,50,326.912467,0.0
-3.979546,50,326.947379,0.0
-5.094577,50,326.98206,0.0
-4.344754,50,327.016831,0.0
-4.191549,50,327.052214,0.0
-4.361909,50,327.087393,0.0
-3.71089,50,327.122213,0.0
-4.30182,50,327.157209,0.0
-3.856188,50,327.192181,0.0
-3.515558,50,327.227177,0.0
-4.68922,50,327.26181,0.0
-4.086836,50,327.296737,0.0
-3.654705,50,327.33131,0.0
-4.079171,50,327.366605,0.0
-3.982544,50,327.401509,0.0
-4.773878,50,327.435822,0.0
-3.729994,50,327.471141,0.0
-3.606294,50,327.506463,0.0
-4.110093,50,327.541432,0.0
-4.160637,50,327.576339,0.0
-3.463452,50,327.611249,0.0
-4.318057,50,327.646135,0.0
-3.980271,50,327.680812,0.0
-4.036899,50,327.715332,0.0
-4.618926,50,327.75003,0.0
-4.349283,50,327.784664,0.0
-4.50113,50,327.819529,0.0
-3.452408,50,327.854377,0.0
-3.819268,50,327.889524,0.0
-4.303954,50,327.92439,0.0
-3.975191,50,327.959023,0.0
-3.621261,50,328.105921,0.0
-3.696409,50,328.141153,0.0
-4.21406,50,328.176178,0.0
-4.206333,50,328.211106,0.0
-4.134769,50,328.245597,0.0
-4.059551,50,328.280244,0.0
-4.354703,50,328.314972,0.0
-4.6912,50,328.349773,0.0
-3.948838,50,328.384764,0.0
-3.593757,50,328.419418,0.0
-4.007043,50,328.454737,0.0
-4.273124,50,328.489556,0.0
-3.357041,50,328.524386,0.0
-3.996851,50,328.559178,0.0
-4.064109,50,328.593976,0.0
-3.630895,50,328.628736,0.0
-4.473023,50,328.663815,0.0
-3.97707,50,328.699261,0.0
-4.23446,50,328.734198,0.0
-4.800561,50,328.769098,0.0
-3.76383,50,328.804141,0.0
-3.677008,50,328.838653,0.0
-4.119443,50,328.873452,0.0
-4.262201,50,328.908234,0.0
-3.219698,50,328.942878,0.0
-4.0186,50,328.97743,0.0
-3.84009,50,329.012019,0.0
-3.998801,50,329.047111,0.0
-4.119008,50,329.081966,0.0
-3.612155,50,329.116528,0.0
-3.961921,50,329.151476,0.0
-4.447313,50,329.186129,0.0
-3.906511,50,329.221127,0.0
-4.001424,50,329.256023,0.0
-4.41209,50,329.290426,0.0
-3.765024,50,329.325083,0.0
-4.254467,50,329.360002,0.0
-3.894971,50,329.394648,0.0
-4.240993,50,329.429269,0.0
-4.086234,50,329.463774,0.0
-4.424579,50,329.498662,0.0
-3.624667,50,329.644993,0.0
-3.926058,50,329.680193,0.0
-3.997794,50,329.715472,0.0
-4.141635,50,329.750245,0.0
-3.911248,50,329.784931,0.0
-3.727318,50,329.819433,0.0
-4.065465,50,329.8542,0.0
-4.314924,50,329.889235,0.0
-4.302945,50,329.924645,0.0
-4.296803,50,329.959686,0.0
-4.313478,50,329.994644,0.0
-4.130341,50,330.029641,0.0
-3.871455,50,330.063998,0.0
-3.156168,50,330.098912,0.0
-4.010335,50,330.133796,0.0
-3.415968,50,330.168713,0.0
-4.643159,50,330.203433,0.0
-4.918989,50,330.23756,0.0
-3.589804,50,330.272304,0.0
-4.188804,50,330.307143,0.0
-4.608968,50,330.34231,0.0
-4.123145,50,330.377365,0.0
-3.707099,50,330.412167,0.0
-4.270475,50,330.44728,0.0
-4.339599,50,330.482355,0.0
-3.639948,50,330.517116,0.0
-3.813594,50,330.552347,0.0
-3.646865,50,330.587734,0.0
-3.601278,50,330.622877,0.0
-3.914228,50,330.657527,0.0
-5.134446,50,330.6926,0.0
-3.882802,50,330.727009,0.0
-4.083248,50,330.76163,0.0
-3.765018,50,330.796311,0.0
-4.995743,50,330.830683,0.0
-4.286513,50,330.865396,0.0
-3.478087,50,330.900267,0.0
-3.758774,50,330.934804,0.0
-4.170316,50,330.969063,0.0
-4.080107,50,331.003726,0.0
-3.85585,50,331.038743,0.0
-4.573981,50,331.185923,0.0
-4.141556,50,331.220964,0.0
-3.769203,50,331.255907,0.0
-3.455324,50,331.290062,0.0
-4.367737,50,331.324721,0.0
-4.073349,50,331.359824,0.0
-4.295134,50,331.394774,0.0
-4.389413,50,331.430307,0.0
-3.640389,50,331.465133,0.0
-3.86986,50,331.500363,0.0
-4.304869,50,331.534974,0.0
-4.410522,50,331.569745,0.0
-3.957322,50,331.604447,0.0
-3.450142,50,331.639138,0.0
-4.154314,50,331.674048,0.0
-4.218823,50,331.708383,0.0
-4.439087,50,331.742821,0.0
-3.891626,50,331.777182,0.0
-3.745894,50,331.811352,0.0
-3.767093,50,331.846448,0.0
-3.813135,50,331.880889,0.0
-4.191506,50,331.915941,0.0
-4.268677,50,331.950695,0.0
-4.04035,50,331.985746,0.0
-3.529315,50,332.020142,0.0
-3.682114,50,332.054501,0.0
-4.242325,50,332.08912,0.0
-3.952887,50,332.123561,0.0
-3.66599,50,332.158234,0.0
-3.763276,50,332.19274,0.0
-3.634805,50,332.227846,0.0
-4.002425,50,332.262757,0.0
-3.840478,50,332.297212,0.0
-4.7856,50,332.331698,0.0
-3.526098,50,332.366413,0.0
-4.371845,50,332.401415,0.0
-3.292434,50,332.435988,0.0
-4.157129,50,332.470603,0.0
-3.684094,50,332.50504,0.0
-4.299733,50,332.539645,0.0
-4.307461,50,332.575637,0.0
-3.714234,50,332.723257,0.0
-4.665822,50,332.75804,0.0
-3.513243,50,332.793043,0.0
-4.438596,50,332.828313,0.0
-4.460023,50,332.86299,0.0
-4.004222,50,332.89764,0.0
-4.501202,50,332.932298,0.0
-4.105139,50,332.967196,0.0
-4.390102,50,333.002061,0.0
-4.082088,50,333.036591,0.0
-3.776653,50,333.071702,0.0
-3.740134,50,333.106657,0.0
-3.850272,50,333.141861,0.0
-4.108744,50,333.177051,0.0
-4.039434,50,333.211732,0.0
-4.263982,50,333.246476,0.0
-3.652578,50,333.281128,0.0
-4.355807,50,333.315598,0.0
-4.910272,50,333.350456,0.0
-4.279716,50,333.385253,0.0
-3.714839,50,333.42034,0.0
-4.388315,50,333.455014,0.0
-3.802797,50,333.489603,0.0
-4.110685,50,333.524673,0.0
-3.933694,50,333.559149,0.0
-4.251482,50,333.594048,0.0
-4.110553,50,333.628644,0.0
-4.025384,50,333.663353,0.0
-3.968355,50,333.697981,0.0
-4.035331,50,333.73277,0.0
-4.609768,50,333.766889,0.0
-4.246536,50,333.801425,0.0
-4.108017,50,333.836172,0.0
-4.431102,50,333.87085,0.0
-4.310956,50,333.905377,0.0
-3.834615,50,333.939641,0.0
-3.801582,50,333.973767,0.0
-4.483151,50,334.007953,0.0
-4.44347,50,334.042582,0.0
-4.056622,50,334.077064,0.0
-4.594916,50,334.111633,0.0
-3.42927,50,334.258463,0.0
-4.370757,50,334.293037,0.0
-3.972689,50,334.327701,0.0
-4.742866,50,334.363054,0.0
-4.125629,50,334.397989,0.0
-3.982354,50,334.433014,0.0
-4.277901,50,334.467944,0.0
-4.238681,50,334.502906,0.0
-4.249937,50,334.538226,0.0
-4.120497,50,334.573233,0.0
-3.748002,50,334.608064,0.0
-3.435889,50,334.643165,0.0
-3.255422,50,334.678107,0.0
-3.915777,50,334.712938,0.0
-3.883989,50,334.747915,0.0
-4.02287,50,334.783176,0.0
-4.681118,50,334.817802,0.0
-4.226554,50,334.852856,0.0
-3.831648,50,334.887835,0.0
-3.640629,50,334.922837,0.0
-3.823888,50,334.957579,0.0
-4.317079,50,334.992519,0.0
-4.191753,50,335.027478,0.0
-4.510449,50,335.061928,0.0
-3.635199,50,335.096734,0.0
-4.031797,50,335.131762,0.0
-3.913007,50,335.166498,0.0
-4.041823,50,335.201265,0.0
-3.415689,50,335.235845,0.0
-3.706491,50,335.270391,0.0
-4.382093,50,335.304867,0.0
-3.184194,50,335.339362,0.0
-4.327439,50,335.374132,0.0
-3.861115,50,335.408633,0.0
-3.95386,50,335.442809,0.0
-3.492647,50,335.477468,0.0
-4.445978,50,335.512055,0.0
-4.391982,50,335.546704,0.0
-4.026123,50,335.581382,0.0
-4.193626,50,335.616177,0.0
-4.031949,50,335.650519,0.0
-4.304855,50,335.796258,0.0
-4.169177,50,335.831089,0.0
-3.785207,50,335.866558,0.0
-4.458518,50,335.901831,0.0
-4.05157,50,335.936383,0.0
-4.057143,50,335.971104,0.0
-4.460825,50,336.005836,0.0
-4.456828,50,336.040375,0.0
-4.16986,50,336.075312,0.0
-4.077154,50,336.109593,0.0
-3.907592,50,336.144374,0.0
-3.860982,50,336.178907,0.0
-3.832627,50,336.21311,0.0
-4.416523,50,336.247672,0.0
-3.55554,50,336.282104,0.0
-3.641967,50,336.316696,0.0
-4.452413,50,336.351465,0.0
-3.616303,50,336.38607,0.0
-4.062269,50,336.420995,0.0
-4.429531,50,336.455298,0.0
-3.274254,50,336.490409,0.0
-3.898445,50,336.524879,0.0
-3.773016,50,336.559558,0.0
-3.505742,50,336.594334,0.0
-3.747212,50,336.629291,0.0
-3.984664,50,336.66416,0.0
-3.729579,50,336.698759,0.0
-3.880698,50,336.73395,0.0
-3.784117,50,336.76876,0.0
-3.293852,50,336.803194,0.0
-3.852834,50,336.83819,0.0
-3.767945,50,336.873965,0.0
-3.289086,50,336.909102,0.0
-4.102872,50,336.944082,0.0
-3.98651,50,336.978709,0.0
-4.249756,50,337.013188,0.0
-4.150113,50,337.048001,0.0
-4.16176,50,337.082604,0.0
-3.798688,50,337.117782,0.0
-3.938744,50,337.152703,0.0
-3.92483,50,337.187093,0.0
-3.784328,50,337.332752,0.0
-4.126894,50,337.36826,0.0
-4.026755,50,337.402706,0.0
-3.768436,50,337.437467,0.0
-4.016623,50,337.472319,0.0
-3.718838,50,337.507183,0.0
-4.513668,50,337.54205,0.0
-4.411666,50,337.577155,0.0
-4.456271,50,337.611778,0.0
-4.345436,50,337.646646,0.0
-4.186749,50,337.681418,0.0
-3.479505,50,337.716011,0.0
-4.240677,50,337.750793,0.0
-4.125062,50,337.785108,0.0
-4.135857,50,337.819806,0.0
-4.239424,50,337.854316,0.0
-3.461281,50,337.889047,0.0
-4.05079,50,337.923719,0.0
-4.275378,50,337.958401,0.0
-3.665266,50,337.992961,0.0
-3.376461,50,338.027353,0.0
-3.707898,50,338.062706,0.0
-3.667128,50,338.097974,0.0
-4.303462,50,338.133067,0.0
-4.175808,50,338.168562,0.0
-3.801352,50,338.203572,0.0
-4.08348,50,338.238089,0.0
-4.362832,50,338.27319,0.0
-3.780994,50,338.307691,0.0
-4.382631,50,338.342793,0.0
-3.490541,50,338.377515,0.0
-3.694856,50,338.41234,0.0
-4.042056,50,338.447252,0.0
-4.365739,50,338.482342,0.0
-4.185866,50,338.517223,0.0
-3.686617,50,338.551701,0.0
-4.087556,50,338.586329,0.0
-3.728525,50,338.621199,0.0
-4.46082,50,338.656144,0.0
-4.170193,50,338.690913,0.0
-4.49923,50,338.725533,0.0
-3.411504,50,338.872077,0.0
-4.322,50,338.90697,0.0
-3.934646,50,338.941998,0.0
-3.807575,50,338.976777,0.0
-3.821014,50,339.011374,0.0
-3.951363,50,339.046691,0.0
-3.729715,50,339.081586,0.0
-4.015891,50,339.116138,0.0
-3.990812,50,339.151053,0.0
-4.041968,50,339.185683,0.0
-4.105697,50,339.220955,0.0
-4.197999,50,339.255668,0.0
-4.201813,50,339.290857,0.0
-4.359828,50,339.325763,0.0
-3.819827,50,339.360974,0.0
-3.936426,50,339.395534,0.0
-4.567954,50,339.430278,0.0
-3.911831,50,339.464783,0.0
-4.360739,50,339.499774,0.0
-3.594106,50,339.534397,0.0
-3.785355,50,339.569134,0.0
-3.910447,50,339.603516,0.0
-3.597726,50,339.638831,0.0
-3.679349,50,339.673403,0.0
-4.717305,50,339.707953,0.0
-3.937501,50,339.742445,0.0
-4.398156,50,339.777289,0.0
-3.466417,50,339.811663,0.0
-3.775505,50,339.846631,0.0
-4.155786,50,339.881563,0.0
-4.187938,50,339.916259,0.0
-3.717199,50,339.950743,0.0
-3.75577,50,339.985426,0.0
-3.555126,50,340.020542,0.0
-4.486004,50,340.054816,0.0
-4.194528,50,340.089427,0.0
-4.390341,50,340.124525,0.0
-3.526438,50,340.159275,0.0
-3.708476,50,340.194268,0.0
-5.000659,50,340.229041,0.0
-4.237844,50,340.264396,0.0
-3.636311,50,340.412271,0.0
-3.735672,50,340.447616,0.0
-4.304138,50,340.482372,0.0
-4.020564,50,340.517208,0.0
-3.884816,50,340.551706,0.0
-3.937391,50,340.586238,0.0
-4.237438,50,340.621406,0.0
-3.909803,50,340.65627,0.0
-4.511913,50,340.690651,0.0
-3.906786,50,340.725176,0.0
-4.792945,50,340.759734,0.0
-4.465116,50,340.794637,0.0
-3.524502,50,340.829263,0.0
-4.236428,50,340.864148,0.0
-4.211789,50,340.89948,0.0
-4.390793,50,340.935256,0.0
-4.411012,50,340.970465,0.0
-4.082438,50,341.005209,0.0
-4.20975,50,341.040423,0.0
-3.721562,50,341.07511,0.0
-4.163901,50,341.109772,0.0
-4.065971,50,341.144698,0.0
-4.074565,50,341.179224,0.0
-3.798603,50,341.213786,0.0
-3.856528,50,341.248565,0.0
-3.341478,50,341.283003,0.0
-4.411941,50,341.317874,0.0
-4.341842,50,341.353059,0.0
-4.184323,50,341.387548,0.0
-3.821201,50,341.422286,0.0
-4.157308,50,341.457122,0.0
-3.748523,50,341.491485,0.0
-4.267615,50,341.526287,0.0
-4.026394,50,341.561014,0.0
-4.048328,50,341.595635,0.0
-4.179533,50,341.630658,0.0
-3.903009,50,341.665619,0.0
-4.30408,50,341.700451,0.0
-4.56856,50,341.735236,0.0
-3.459421,50,341.769942,0.0
-3.980843,50,341.804633,0.0
-4.696638,50,341.952098,0.0
-4.264381,50,341.986989,0.0
-4.492674,50,342.022008,0.0
-3.845963,50,342.057407,0.0
-3.654142,50,342.092388,0.0
-4.436553,50,342.12735,0.0
-4.693985,50,342.161998,0.0
-3.916438,50,342.197297,0.0
-3.333157,50,342.232785,0.0
-4.424841,50,342.267372,0.0
-4.330208,50,342.302202,0.0
-3.954923,50,342.337232,0.0
-4.399607,50,342.372673,0.0
-4.040433,50,342.407325,0.0
-4.258266,50,342.44214,0.0
-3.749868,50,342.477293,0.0
-4.086108,50,342.512387,0.0
-4.197373,50,342.547647,0.0
-4.014106,50,342.582601,0.0
-4.420727,50,342.617653,0.0
-3.965456,50,342.652732,0.0
-3.524756,50,342.687558,0.0
-4.197128,50,342.721964,0.0
-4.329773,50,342.757092,0.0
-4.478056,50,342.791574,0.0
-3.682034,50,342.826406,0.0
-3.962668,50,342.861624,0.0
-3.819459,50,342.896249,0.0
-4.163294,50,342.931165,0.0
-3.553117,50,342.965804,0.0
-4.474031,50,343.001273,0.0
-3.906642,50,343.036795,0.0
-3.802717,50,343.072268,0.0
-3.625456,50,343.107679,0.0
-4.859912,50,343.14337,0.0
-3.887069,50,343.178028,0.0
-4.063149,50,343.212561,0.0
-3.943889,50,343.247132,0.0
-3.514042,50,343.281663,0.0
-3.486365,50,343.316646,0.0
-4.191263,50,343.352027,0.0
-3.983895,50,343.499016,0.0
-3.88997,50,343.533828,0.0
-3.629779,50,343.568582,0.0
-4.260206,50,343.603481,0.0
-3.780383,50,343.638521,0.0
-4.305136,50,343.673403,0.0
-5.009094,50,343.707824,0.0
-4.053006,50,343.742877,0.0
-3.889326,50,343.777558,0.0
-3.923796,50,343.812894,0.0
-4.409393,50,343.847603,0.0
-4.516086,50,343.882639,0.0
-4.434855,50,343.917537,0.0
-4.060523,50,343.952231,0.0
-4.135762,50,343.986735,0.0
-4.97334,50,344.021454,0.0
-3.895563,50,344.055857,0.0
-4.068811,50,344.090509,0.0
-3.957615,50,344.125305,0.0
-3.866307,50,344.160298,0.0
-3.828977,50,344.195034,0.0
-4.293574,50,344.230166,0.0
-3.994281,50,344.264981,0.0
-3.927492,50,344.299859,0.0
-4.333718,50,344.334847,0.0
-4.839642,50,344.370018,0.0
-4.119704,50,344.404795,0.0
-4.051179,50,344.439762,0.0
-4.478347,50,344.474677,0.0
-3.987691,50,344.509731,0.0
-3.84924,50,344.90413,0.0
-4.654085,50,344.939332,0.0
-4.593281,50,344.974289,0.0
-4.212392,50,345.009261,0.0
-3.920289,50,345.043891,0.0
-3.693354,50,345.078754,0.0
-3.615677,50,345.113723,0.0
-3.904847,50,345.149052,0.0
-3.796571,50,345.184004,0.0
-4.013185,50,345.218569,0.0
-3.845671,50,345.253213,0.0
-3.760485,50,345.400739,0.0
-4.353649,50,345.435832,0.0
-4.820922,50,345.470893,0.0
-4.260133,50,345.506093,0.0
-4.832868,50,345.541021,0.0
-4.225928,50,345.576658,0.0
-4.246802,50,345.611954,0.0
-3.923811,50,345.647134,0.0
-3.905421,50,345.682453,0.0
-4.114162,50,345.717825,0.0
-4.184827,50,345.752936,0.0
-3.877571,50,345.787698,0.0
-3.315207,50,345.822821,0.0
-4.519451,50,345.858625,0.0
-3.951452,50,345.895427,0.0
-4.28383,50,345.930273,0.0
-3.764814,50,345.965495,0.0
-4.108222,50,346.000794,0.0
-4.26528,50,346.036082,0.0
-4.267071,50,346.07028,0.0
-3.973424,50,346.104852,0.0
-4.36638,50,346.139454,0.0
-4.059691,50,346.17416,0.0
-3.973435,50,346.208776,0.0
-4.323689,50,346.243634,0.0
-3.999921,50,346.279005,0.0
-4.124517,50,346.31389,0.0
-4.440687,50,346.349253,0.0
-4.289083,50,346.384423,0.0
-3.25128,50,346.419432,0.0
-3.620418,50,346.454336,0.0
-4.006728,50,346.489751,0.0
-3.989972,50,346.524965,0.0
-4.362087,50,346.560307,0.0
-3.901073,50,346.5954,0.0
-4.468699,50,346.630176,0.0
-4.604795,50,346.664987,0.0
-4.440007,50,346.700397,0.0
-3.777967,50,346.735926,0.0
-3.894938,50,346.771076,0.0
-4.00945,50,346.80619,0.0
-4.183108,50,346.953673,0.0
-4.377201,50,346.990087,0.0
-3.985411,50,347.025995,0.0
-3.972951,50,347.061498,0.0
-3.595255,50,347.096568,0.0
-3.596147,50,347.131844,0.0
-3.601708,50,347.167856,0.0
-4.120023,50,347.203824,0.0
-3.80971,50,347.240198,0.0
-3.77185,50,347.276132,0.0
-4.176432,50,347.312163,0.0
-3.8892,50,347.348128,0.0
-3.923182,50,347.383557,0.0
-4.574123,50,347.418524,0.0
-4.666419,50,347.454076,0.0
-3.784878,50,347.489127,0.0
-4.413486,50,347.523582,0.0
-3.955169,50,347.55833,0.0
-3.808736,50,347.592889,0.0
-3.825981,50,347.627281,0.0
-4.110207,50,347.661874,0.0
-3.825437,50,347.696372,0.0
-4.646276,50,347.730909,0.0
-3.935885,50,347.765592,0.0
-3.772845,50,347.800382,0.0
-3.766694,50,347.835195,0.0
-3.697644,50,347.870619,0.0
-4.42998,50,347.905677,0.0
-3.818101,50,347.941056,0.0
-4.405147,50,347.975991,0.0
-3.953396,50,348.011045,0.0
-3.946084,50,348.045947,0.0
-3.770341,50,348.080771,0.0
-3.727086,50,348.115432,0.0
-4.364072,50,348.150767,0.0
-4.542711,50,348.18573,0.0
-3.996211,50,348.220811,0.0
-4.21986,50,348.255478,0.0
-3.780633,50,348.290527,0.0
-4.174861,50,348.325159,0.0
-4.254729,50,348.360087,0.0
-3.647503,50,348.507499,0.0
-4.134006,50,348.542519,0.0
-3.972564,50,348.577182,0.0
-4.11795,50,348.611753,0.0
-3.765213,50,348.646712,0.0
-3.97012,50,348.681734,0.0
-4.245478,50,348.716508,0.0
-4.139121,50,348.751205,0.0
-3.988683,50,348.786241,0.0
-4.132608,50,348.821826,0.0
-3.663062,50,348.857428,0.0
-4.180273,50,348.892227,0.0
-4.250569,50,348.926707,0.0
-4.230236,50,348.961368,0.0
-4.195478,50,348.996108,0.0
-3.735251,50,349.030416,0.0
-3.844341,50,349.064814,0.0
-3.877589,50,349.099766,0.0
-3.753862,50,349.134948,0.0
-3.607652,50,349.169828,0.0
-3.59221,50,349.204352,0.0
-4.133614,50,349.239423,0.0
-3.77989,50,349.274734,0.0
-3.945658,50,349.311518,0.0
-4.288239,50,349.349391,0.0
-4.322209,50,349.386661,0.0
-4.114489,50,349.424378,0.0
-3.675892,50,349.462092,0.0
-4.002673,50,349.499375,0.0
-3.961338,50,349.536773,0.0
-4.335516,50,349.57443,0.0
-4.132385,50,349.613476,0.0
-4.275759,50,349.648871,0.0
-3.998316,50,349.684769,0.0
-3.462085,50,349.722541,0.0
-3.839164,50,349.759362,0.0
-4.236903,50,349.796064,0.0
-3.697293,50,349.832432,0.0
-4.322234,50,349.870047,0.0
-4.549326,50,349.906592,0.0
-3.406276,50,349.941816,0.0
-4.33893,50,350.034449,0.0
-4.536747,50,350.071044,0.0
-3.944736,50,350.106903,0.0
-4.626604,50,350.141768,0.0
-3.969595,50,350.176394,0.0
-3.919265,50,350.211172,0.0
-4.137813,50,350.245843,0.0
-4.519125,50,350.28061,0.0
-4.09193,50,350.315706,0.0
-4.023632,50,350.350359,0.0
-4.162685,50,350.385143,0.0
-4.321994,50,350.419595,0.0
-3.775743,50,350.454329,0.0
-3.977667,50,350.489212,0.0
-4.316596,50,350.524032,0.0
-3.765205,50,350.558818,0.0
-3.826584,50,350.5938,0.0
-3.647779,50,350.628331,0.0
-4.481529,50,350.663001,0.0
-3.370837,50,350.697648,0.0
-4.09524,50,350.733044,0.0
-4.075261,50,350.768153,0.0
-3.974992,50,350.804012,0.0
-5.052528,50,350.839545,0.0
-4.439153,50,350.874646,0.0
-4.360323,50,350.909996,0.0
-3.197766,50,350.945532,0.0
-3.977786,50,350.98101,0.0
-4.165247,50,351.015485,0.0
-4.262103,50,351.050085,0.0
-4.399101,50,351.08494,0.0
-3.734254,50,351.119342,0.0
-3.736425,50,351.153985,0.0
-3.900329,50,351.188751,0.0
-4.111317,50,351.223454,0.0
-4.587241,50,351.258405,0.0
-4.360969,50,351.293067,0.0
-4.107253,50,351.327658,0.0
-3.895463,50,351.362097,0.0
-3.437832,50,351.396405,0.0
-3.592352,50,351.431636,0.0
-3.599554,50,351.577357,0.0
-4.24819,50,351.612011,0.0
-4.945554,50,351.647112,0.0
-4.429197,50,351.681964,0.0
-3.551984,50,351.716911,0.0
-3.552941,50,351.750946,0.0
-4.471286,50,351.786368,0.0
-4.200877,50,351.821141,0.0
-3.664669,50,351.855854,0.0
-3.852288,50,351.890295,0.0
-4.010309,50,351.925354,0.0
-3.909966,50,351.959966,0.0
-4.395651,50,351.994817,0.0
-3.857807,50,352.029342,0.0
-3.832878,50,352.063965,0.0
-3.897391,50,352.098866,0.0
-4.057621,50,352.133301,0.0
-4.539188,50,352.167646,0.0
-3.696982,50,352.202162,0.0
-3.687418,50,352.236891,0.0
-3.793076,50,352.271905,0.0
-3.747511,50,352.30712,0.0
-3.814747,50,352.341912,0.0
-4.284452,50,352.376385,0.0
-4.776873,50,352.411885,0.0
-3.714426,50,352.447354,0.0
-3.986267,50,352.482964,0.0
-4.32631,50,352.518408,0.0
-4.274548,50,352.553163,0.0
-3.867506,50,352.587877,0.0
-3.760976,50,352.623012,0.0
-3.558808,50,352.657808,0.0
-4.016792,50,352.692679,0.0
-4.715976,50,352.727688,0.0
-3.997252,50,352.762132,0.0
-3.229452,50,352.79736,0.0
-4.003019,50,352.831865,0.0
-3.838084,50,352.866417,0.0
-4.27296,50,352.901367,0.0
-3.663633,50,352.936182,0.0
-4.181103,50,352.970602,0.0
-3.779409,50,353.116613,0.0
-3.907902,50,353.151305,0.0
-3.770248,50,353.186132,0.0
-4.719413,50,353.220727,0.0
-3.682532,50,353.255649,0.0
-3.825975,50,353.290321,0.0
-3.647102,50,353.324718,0.0
-3.967716,50,353.359469,0.0
-3.661792,50,353.393931,0.0
-3.898992,50,353.428861,0.0
-3.967748,50,353.463856,0.0
-4.536771,50,353.498863,0.0
-4.169949,50,353.533549,0.0
-3.667436,50,353.568632,0.0
-4.374115,50,353.603274,0.0
-4.130085,50,353.638233,0.0
-5.147558,50,353.673407,0.0
-4.636398,50,353.708297,0.0
-3.467498,50,353.74282,0.0
-4.170086,50,353.777512,0.0
-3.839827,50,353.812308,0.0
-4.216666,50,353.846963,0.0
-4.104891,50,353.881367,0.0
-3.689669,50,353.916118,0.0
-4.062177,50,353.950814,0.0
-3.865486,50,353.985517,0.0
-4.439045,50,354.020122,0.0
-4.441914,50,354.05503,0.0
-4.393349,50,354.089375,0.0
-4.079472,50,354.124205,0.0
-3.192106,50,354.158854,0.0
-4.149055,50,354.193325,0.0
-4.185165,50,354.228124,0.0
-3.426855,50,354.262917,0.0
-4.113552,50,354.297637,0.0
-3.97568,50,354.332762,0.0
-3.935952,50,354.367926,0.0
-4.150232,50,354.403069,0.0
-4.227929,50,354.43789,0.0
-4.131638,50,354.472583,0.0
-3.703553,50,354.619325,0.0
-4.369805,50,354.654912,0.0
-3.654971,50,354.689749,0.0
-4.080743,50,354.724191,0.0
-3.528453,50,354.759195,0.0
-4.220995,50,354.794108,0.0
-4.286323,50,354.82928,0.0
-4.768801,50,354.863935,0.0
-4.929314,50,354.898465,0.0
-3.706313,50,354.933417,0.0
-3.634681,50,354.968021,0.0
-3.521342,50,355.002616,0.0
-3.62585,50,355.037152,0.0
-3.647029,50,355.071532,0.0
-3.68659,50,355.106232,0.0
-3.829368,50,355.140891,0.0
-4.15204,50,355.17552,0.0
-3.640004,50,355.21065,0.0
-3.851964,50,355.245634,0.0
-4.136074,50,355.28164,0.0
-3.872143,50,355.317071,0.0
-4.054551,50,355.35192,0.0
-3.923619,50,355.386352,0.0
-4.804991,50,355.421143,0.0
-3.678228,50,355.456277,0.0
-3.844218,50,355.491122,0.0
-4.154108,50,355.525985,0.0
-3.810137,50,355.560891,0.0
-3.977925,50,355.596486,0.0
-4.166751,50,355.631982,0.0
-4.092888,50,355.667342,0.0
-4.069685,50,355.702193,0.0
-3.805757,50,355.73734,0.0
-4.409514,50,355.772696,0.0
-3.920578,50,355.807753,0.0
-3.81412,50,355.843166,0.0
-4.48395,50,355.878087,0.0
-3.543071,50,355.912945,0.0
-4.015478,50,355.948303,0.0
-4.400617,50,355.983687,0.0
-4.071602,50,356.019048,0.0
-3.725641,50,356.169607,0.0
-4.148272,50,356.205838,0.0
-3.80557,50,356.241466,0.0
-3.639639,50,362.108569,0.0
-3.973857,50,362.153574,0.0
-3.888371,50,362.190393,0.0
-3.796062,50,362.225546,0.0
-3.760177,50,362.261326,0.0
-4.275832,50,362.297127,0.0
-4.257188,50,362.332513,0.0
-3.457163,50,362.369096,0.0
-4.134261,50,362.404729,0.0
-4.00411,50,362.440828,0.0
-3.634523,50,362.476286,0.0
-4.288048,50,362.512431,0.0
-4.112429,50,362.547655,0.0
-4.837619,50,362.583611,0.0
-3.927523,50,362.619281,0.0
-3.941402,50,362.656238,0.0
-3.931665,50,362.696895,0.0
-4.253365,50,362.739042,0.0
-4.254265,50,362.779562,0.0
-3.854543,50,362.819831,0.0
-4.365321,50,362.857584,0.0
-4.537186,50,362.895087,0.0
-3.886774,50,362.932101,0.0
-3.565338,50,362.969508,0.0
-4.112303,50,363.008478,0.0
-3.891415,50,363.046816,0.0
-4.192795,50,363.085593,0.0
-3.827073,50,363.122899,0.0
-4.128408,50,363.158435,0.0
-3.864866,50,363.196037,0.0
-4.171101,50,363.232871,0.0
-3.72334,50,363.269848,0.0
-3.874391,50,363.305122,0.0
-4.684218,50,363.340312,0.0
-4.00373,50,363.375059,0.0
-4.255954,50,363.410388,0.0
-4.160931,50,363.445364,0.0
-3.863062,50,363.480076,0.0
-4.138323,50,363.628862,0.0
-3.845715,50,363.665188,0.0
-3.581535,50,363.700574,0.0
-3.494443,50,363.735416,0.0
-4.213022,50,363.770589,0.0
-4.719557,50,363.805539,0.0
-4.270987,50,363.840603,0.0
-3.987615,50,363.875928,0.0
-3.866439,50,363.910955,0.0
-3.634342,50,363.946455,0.0
-4.18407,50,363.981228,0.0
-4.245322,50,364.016231,0.0
-4.269389,50,364.051536,0.0
-3.701052,50,364.087103,0.0
-3.886281,50,364.121989,0.0
-3.835918,50,364.157091,0.0
-4.261777,50,364.194465,0.0
-4.738027,50,364.231316,0.0
-3.549338,50,364.268412,0.0
-4.022476,50,364.304478,0.0
-4.122807,50,364.339832,0.0
-4.082014,50,364.375643,0.0
-3.604181,50,364.411339,0.0
-3.708344,50,364.446681,0.0
-3.206824,50,364.481674,0.0
-4.43762,50,364.516797,0.0
-3.689232,50,364.551884,0.0
-4.208402,50,364.586653,0.0
-3.975358,50,364.621654,0.0
-4.549425,50,364.657181,0.0
-4.225661,50,364.692018,0.0
-4.131027,50,364.726877,0.0
-3.718207,50,364.761653,0.0
-3.864659,50,364.796433,0.0
-3.8781,50,364.831437,0.0
-3.741024,50,364.865984,0.0
-4.132431,50,364.900835,0.0
-4.086822,50,364.935187,0.0
-3.579275,50,364.969436,0.0
-4.037425,50,365.004039,0.0
-3.669841,50,365.038784,0.0
-4.329298,50,365.18992,0.0
-4.409806,50,365.225002,0.0
-4.090819,50,365.26012,0.0
-3.685727,50,365.294965,0.0
-3.90774,50,365.330176,0.0
-4.140572,50,365.365681,0.0
-3.856584,50,365.401073,0.0
-3.87056,50,365.43653,0.0
-4.109197,50,365.471835,0.0
-4.063797,50,365.506856,0.0
-3.929769,50,365.541597,0.0
-4.01073,50,365.576704,0.0
-4.789568,50,365.611844,0.0
-4.139831,50,365.647778,0.0
-3.801059,50,365.683088,0.0
-3.869024,50,365.717912,0.0
-4.421134,50,365.752851,0.0
-4.032676,50,365.788351,0.0
-3.711553,50,365.823186,0.0
-4.060348,50,365.858445,0.0
-3.702909,50,365.893592,0.0
-4.439312,50,365.929152,0.0
-4.888496,50,365.964649,0.0
-3.823746,50,365.999416,0.0
-4.559917,50,366.035025,0.0
-3.714709,50,366.069473,0.0
-4.06983,50,366.104265,0.0
-3.943649,50,366.140128,0.0
-4.076005,50,366.174811,0.0
-4.288037,50,366.209647,0.0
-3.854552,50,366.244125,0.0
-4.032454,50,366.278724,0.0
-4.092902,50,366.314127,0.0
-3.958314,50,366.34878,0.0
-3.843433,50,366.384345,0.0
-4.147546,50,366.421563,0.0
-4.882518,50,366.456905,0.0
-4.955783,50,366.492105,0.0
-4.112591,50,366.527077,0.0
-4.283372,50,366.561644,0.0
-4.247881,50,366.596656,0.0
-4.003122,50,366.747933,0.0
-3.868152,50,366.784281,0.0
-3.990809,50,366.819527,0.0
-3.991378,50,366.855132,0.0
-3.930171,50,366.890708,0.0
-4.179981,50,366.926329,0.0
-4.398423,50,366.961685,0.0
-3.683683,50,366.996958,0.0
-3.978162,50,367.032302,0.0
-4.00281,50,367.067767,0.0
-3.833877,50,367.10359,0.0
-4.409166,50,367.138489,0.0
-3.773522,50,367.173112,0.0
-4.087365,50,367.208167,0.0
-4.305257,50,367.243216,0.0
-4.20218,50,367.279527,0.0
-3.913126,50,367.314697,0.0
-4.090426,50,367.350329,0.0
-3.935389,50,367.385448,0.0
-4.040996,50,367.421174,0.0
-4.178464,50,367.456486,0.0
-3.797303,50,367.491824,0.0
-3.807013,50,367.527224,0.0
-3.919922,50,367.563178,0.0
-4.304569,50,367.598029,0.0
-3.737568,50,367.633609,0.0
-4.002782,50,367.668843,0.0
-3.564967,50,367.704314,0.0
-4.074342,50,367.741293,0.0
-4.019335,50,367.777769,0.0
-4.140578,50,367.813711,0.0
-4.140422,50,367.849564,0.0
-3.525852,50,367.885413,0.0
-4.053775,50,367.92159,0.0
-3.644576,50,367.958046,0.0
-3.98323,50,367.994284,0.0
-3.786419,50,368.030934,0.0
-4.326066,50,368.066323,0.0
-4.682094,50,368.102374,0.0
-4.437325,50,368.137805,0.0
-3.792146,50,368.173085,0.0
-3.604366,50,368.327292,0.0
-3.691887,50,368.362927,0.0
-3.686612,50,368.398699,0.0
-3.627204,50,368.434353,0.0
-4.1954,50,368.469706,0.0
-3.72637,50,368.505008,0.0
-4.190963,50,368.539885,0.0
-3.724454,50,368.575181,0.0
-3.80474,50,368.610186,0.0
-3.776211,50,368.645176,0.0
-4.499097,50,368.67965,0.0
-3.407075,50,368.714657,0.0
-3.624944,50,368.749004,0.0
-3.471694,50,368.784408,0.0
-3.984342,50,368.819457,0.0
-4.786221,50,368.854031,0.0
-4.738127,50,368.888707,0.0
-3.77889,50,368.923049,0.0
-3.641221,50,368.957882,0.0
-4.416624,50,368.992526,0.0
-3.687427,50,369.027155,0.0
-3.816695,50,369.061993,0.0
-3.85137,50,369.096658,0.0
-3.722568,50,369.131462,0.0
-4.100562,50,369.165992,0.0
-4.109874,50,369.200883,0.0
-4.541665,50,369.235587,0.0
-4.526562,50,369.270023,0.0
-4.570811,50,369.304335,0.0
-3.857145,50,369.338852,0.0
-4.264503,50,369.373512,0.0
-4.421505,50,369.408045,0.0
-3.205225,50,369.442841,0.0
-4.007866,50,369.477977,0.0
-4.001655,50,369.513153,0.0
-4.603835,50,369.54785,0.0
-3.640483,50,369.582538,0.0
-4.841847,50,369.617328,0.0
-3.839672,50,369.651943,0.0
-4.188355,50,369.686384,0.0
-3.874891,50,369.721606,0.0
-3.554648,50,369.868767,0.0
-3.739605,50,369.904115,0.0
-4.161458,50,369.938571,0.0
-4.362271,50,369.973599,0.0
-4.004081,50,370.008486,0.0
-4.826797,50,370.043174,0.0
-4.820782,50,370.078386,0.0
-3.785021,50,370.114323,0.0
-3.899891,50,370.150045,0.0
-4.350921,50,370.185673,0.0
-4.299654,50,370.221402,0.0
-4.225245,50,370.256949,0.0
-3.8618,50,370.292063,0.0
-3.413401,50,370.327229,0.0
-4.199502,50,370.362162,0.0
-3.912072,50,370.397313,0.0
-4.089105,50,370.432589,0.0
-3.809411,50,370.467319,0.0
-3.997182,50,370.502308,0.0
-4.257758,50,370.536654,0.0
-4.553882,50,370.571598,0.0
-3.703282,50,370.606663,0.0
-4.024205,50,370.641383,0.0
-4.301214,50,370.676001,0.0
-3.433925,50,370.710857,0.0
-3.518289,50,370.745589,0.0
-4.048555,50,370.780379,0.0
-4.101057,50,370.815007,0.0
-3.860911,50,370.849583,0.0
-3.699167,50,370.884076,0.0
-3.85519,50,370.91849,0.0
-4.826813,50,370.953291,0.0
-4.127484,50,370.987626,0.0
-4.075454,50,371.022753,0.0
-4.165447,50,371.058182,0.0
-4.012724,50,371.093063,0.0
-3.927609,50,371.12757,0.0
-4.272514,50,371.162328,0.0
-3.840502,50,371.196798,0.0
-3.975435,50,371.231707,0.0
-3.792696,50,371.266671,0.0
-4.186248,50,371.413525,0.0
-4.312379,50,371.448799,0.0
-4.222067,50,371.48398,0.0
-3.636083,50,371.519398,0.0
-4.391424,50,371.554629,0.0
-4.814971,50,371.589154,0.0
-3.933337,50,371.623856,0.0
-3.926772,50,371.659335,0.0
-4.054302,50,371.693852,0.0
-4.489175,50,371.728839,0.0
-4.534187,50,371.763883,0.0
-3.953698,50,371.79879,0.0
-4.09526,50,371.833583,0.0
-3.329667,50,371.868126,0.0
-4.624233,50,371.902703,0.0
-3.857479,50,371.938086,0.0
-4.632788,50,371.973188,0.0
-3.619227,50,372.008242,0.0
-4.308578,50,372.042584,0.0
-3.733024,50,372.077771,0.0
-3.834864,50,372.112571,0.0
-3.711051,50,372.147186,0.0
-4.610095,50,372.181911,0.0
-4.705575,50,372.216559,0.0
-4.468766,50,372.251518,0.0
-4.377258,50,372.28593,0.0
-4.016814,50,372.321013,0.0
-4.378313,50,372.355786,0.0
-4.010153,50,372.390687,0.0
-4.045713,50,372.425623,0.0
-4.277514,50,372.46043,0.0
-3.971914,50,372.494845,0.0
-3.487105,50,372.529704,0.0
-4.148593,50,372.56436,0.0
-3.876053,50,372.600029,0.0
-3.983469,50,372.634669,0.0
-4.24176,50,372.669151,0.0
-3.745985,50,372.703673,0.0
-4.29588,50,372.738242,0.0
-4.163512,50,372.773185,0.0
-3.858442,50,372.808239,0.0
-4.318601,50,372.954923,0.0
-4.458346,50,372.98991,0.0
-4.100517,50,373.025561,0.0
-3.948697,50,373.06065,0.0
-4.593024,50,373.096482,0.0
-3.7278,50,373.131805,0.0
-4.112873,50,373.16755,0.0
-4.237237,50,373.202446,0.0
-3.76397,50,373.237194,0.0
-4.320736,50,373.272079,0.0
-4.409161,50,373.307509,0.0
-4.025087,50,373.342322,0.0
-4.242452,50,373.377215,0.0
-4.022552,50,373.411618,0.0
-4.601733,50,373.446559,0.0
-4.026822,50,373.481322,0.0
-3.360481,50,373.51643,0.0
-4.106415,50,373.551428,0.0
-4.222545,50,373.586376,0.0
-4.223428,50,373.621402,0.0
-4.166456,50,373.655997,0.0
-3.933375,50,373.691019,0.0
-3.458582,50,373.725719,0.0
-3.968362,50,373.760718,0.0
-3.857294,50,373.79536,0.0
-3.926709,50,373.829844,0.0
-4.615041,50,373.864496,0.0
-4.751075,50,373.89908,0.0
-3.786731,50,373.933961,0.0
-4.427532,50,373.968547,0.0
-3.991779,50,374.003301,0.0
-4.50087,50,374.037664,0.0
-4.265173,50,374.072319,0.0
-4.565226,50,374.107766,0.0
-3.747802,50,374.142753,0.0
-4.755555,50,374.177494,0.0
-3.643133,50,374.212492,0.0
-3.998103,50,374.247639,0.0
-4.025345,50,374.282432,0.0
-4.038237,50,374.317403,0.0
-4.04638,50,374.353049,0.0
-4.383574,50,374.501668,0.0
-3.820587,50,374.538765,0.0
-4.334775,50,374.574203,0.0
-3.56336,50,374.609225,0.0
-3.443792,50,374.644193,0.0
-4.565757,50,374.678951,0.0
-4.18259,50,374.714016,0.0
-4.340572,50,374.750277,0.0
-3.936833,50,374.785539,0.0
-3.706997,50,374.820785,0.0
-3.615495,50,374.855712,0.0
-3.799047,50,374.89047,0.0
-4.101957,50,374.925608,0.0
-3.834322,50,374.9604,0.0
-4.041715,50,374.995659,0.0
-4.426017,50,375.03094,0.0
-3.688691,50,375.065677,0.0
-4.068664,50,375.100613,0.0
-3.424214,50,375.136195,0.0
-3.590257,50,375.172903,0.0
-3.505415,50,375.208549,0.0
-3.495552,50,375.243269,0.0
-3.610516,50,375.278121,0.0
-4.576831,50,375.312753,0.0
-3.621368,50,375.34737,0.0
-3.989398,50,375.382294,0.0
-4.361022,50,375.416968,0.0
-3.839033,50,375.451807,0.0
-3.542863,50,375.48671,0.0
-4.061456,50,375.521424,0.0
-3.849469,50,375.557246,0.0
-3.482399,50,375.591831,0.0
-4.502338,50,375.62768,0.0
-3.742455,50,375.66273,0.0
-3.719139,50,375.697194,0.0
-4.064183,50,375.731939,0.0
-4.251808,50,375.76665,0.0
-3.65328,50,375.801709,0.0
-3.781709,50,375.837162,0.0
-3.889702,50,375.872133,0.0
-3.909634,50,375.906969,0.0
-4.541536,50,376.055246,0.0
-4.551073,50,376.090775,0.0
-3.848848,50,376.12557,0.0
-3.670483,50,376.16055,0.0
-4.41616,50,376.196483,0.0
-3.722515,50,376.231852,0.0
-4.353993,50,376.266543,0.0
-4.281414,50,376.30126,0.0
-4.173612,50,376.335861,0.0
-3.850555,50,376.370745,0.0
-4.315362,50,376.405981,0.0
-3.855912,50,376.440999,0.0
-3.316046,50,376.475946,0.0
-3.388819,50,376.510845,0.0
-3.811643,50,376.545626,0.0
-4.547932,50,376.585622,0.0
-4.283153,50,376.627694,0.0
-3.822943,50,376.667378,0.0
-4.464975,50,376.704978,0.0
-4.304479,50,376.742448,0.0
-4.744942,50,376.779103,0.0
-4.115475,50,376.815662,0.0
-4.072467,50,376.854093,0.0
-4.01639,50,376.893045,0.0
-3.53907,50,376.932652,0.0
-3.850378,50,376.974077,0.0
-4.376058,50,377.013678,0.0
-3.56558,50,377.051785,0.0
-3.804447,50,377.0895,0.0
-4.320583,50,377.12829,0.0
-3.994811,50,377.167228,0.0
-3.888107,50,377.205039,0.0
-4.341792,50,377.243105,0.0
-3.7291,50,377.279462,0.0
-3.970068,50,377.315266,0.0
-3.879036,50,377.350949,0.0
-3.902079,50,377.386807,0.0
-4.344586,50,377.422779,0.0
-4.236527,50,377.458465,0.0
-3.40314,50,377.499498,0.0
-3.788098,50,377.534095,0.0
-3.849444,50,377.679782,0.0
-4.234118,50,377.714259,0.0
-4.269564,50,377.748643,0.0
-4.538627,50,377.784223,0.0
-4.83488,50,377.818356,0.0
-3.790797,50,377.852509,0.0
-3.675398,50,377.887666,0.0
-3.85568,50,377.922151,0.0
-3.686168,50,377.956888,0.0
-3.58507,50,377.994438,0.0
-3.740308,50,378.038305,0.0
-4.123633,50,378.077972,0.0
-4.348968,50,378.114681,0.0
-4.187604,50,378.151004,0.0
-4.167991,50,378.187032,0.0
-4.111993,50,378.223415,0.0
-3.678526,50,378.258672,0.0
-3.681896,50,378.293952,0.0
-3.994433,50,378.329005,0.0
-4.540787,50,378.363824,0.0
-3.916653,50,378.398717,0.0
-3.964212,50,378.433975,0.0
-3.571304,50,378.468814,0.0
-4.256973,50,378.503231,0.0
-3.979827,50,378.538256,0.0
-5.253994,50,378.573643,0.0
-3.432141,50,378.608196,0.0
-4.921546,50,378.643267,0.0
-3.930033,50,378.678552,0.0
-3.418597,50,378.713384,0.0
-3.927502,50,378.748226,0.0
-4.105027,50,378.782913,0.0
-4.541128,50,378.818125,0.0
-4.141696,50,378.85302,0.0
-3.797393,50,378.887558,0.0
-4.166021,50,378.921698,0.0
-4.070739,50,378.956086,0.0
-4.445191,50,378.990399,0.0
-3.9282,50,379.024345,0.0
-4.159577,50,379.058665,0.0
-4.904057,50,379.092718,0.0
-4.109859,50,379.23641,0.0
-4.466115,50,379.27149,0.0
-4.0932,50,379.306466,0.0
-4.176745,50,379.341171,0.0
-3.70826,50,379.375352,0.0
-4.250596,50,379.409741,0.0
-3.767401,50,379.444729,0.0
-4.197791,50,379.479357,0.0
-3.558572,50,379.51412,0.0
-3.813002,50,379.5489,0.0
-3.97899,50,379.583399,0.0
-3.731459,50,379.6182,0.0
-4.836881,50,379.652793,0.0
-4.437708,50,379.687572,0.0
-3.532339,50,379.722778,0.0
-4.289233,50,379.757157,0.0
-4.015916,50,379.791736,0.0
-4.565595,50,379.826299,0.0
-4.44612,50,379.860881,0.0
-3.691136,50,379.895567,0.0
-4.691372,50,379.930145,0.0
-3.9422,50,379.964904,0.0
-3.769552,50,379.999274,0.0
-4.127951,50,380.033968,0.0
-4.105927,50,380.068281,0.0
-3.664503,50,380.103394,0.0
-3.974573,50,380.138027,0.0
-4.305728,50,380.172715,0.0
-4.10074,50,380.207674,0.0
-3.590539,50,380.242678,0.0
-3.871294,50,380.277121,0.0
-3.813727,50,380.311526,0.0
-3.828811,50,380.346195,0.0
-3.577018,50,380.38074,0.0
-4.378155,50,380.415237,0.0
-4.593458,50,380.450263,0.0
-3.627864,50,380.485003,0.0
-3.527823,50,380.519985,0.0
-3.864783,50,380.555007,0.0
-3.548742,50,380.589521,0.0
-3.996882,50,380.624506,0.0
-4.194323,50,380.768769,0.0
-4.076807,50,380.803631,0.0
-3.432867,50,380.837677,0.0
-3.617828,50,380.872606,0.0
-3.700978,50,380.907415,0.0
-3.544839,50,380.941733,0.0
-3.99751,50,380.976501,0.0
-4.186281,50,381.011125,0.0
-3.672404,50,381.045648,0.0
-4.281053,50,381.080335,0.0
-4.232544,50,381.115032,0.0
-4.170915,50,381.150082,0.0
-4.036456,50,381.185248,0.0
-3.779248,50,381.219885,0.0
-3.773886,50,381.254278,0.0
-4.189379,50,381.289144,0.0
-3.297655,50,381.323769,0.0
-4.339251,50,381.35866,0.0
-4.330262,50,381.393382,0.0
-4.681788,50,381.427809,0.0
-4.573466,50,381.462632,0.0
-3.110302,50,381.497076,0.0
-4.005391,50,381.531752,0.0
-3.840141,50,381.566458,0.0
-3.878649,50,381.601007,0.0
-3.977216,50,381.635693,0.0
-4.79837,50,381.670501,0.0
-3.84652,50,381.704894,0.0
-3.81384,50,381.739647,0.0
-4.324074,50,381.774283,0.0
-3.602529,50,381.80873,0.0
-4.160478,50,381.843808,0.0
-3.841938,50,381.878214,0.0
-4.293766,50,381.913104,0.0
-4.495881,50,381.947094,0.0
-4.296201,50,381.981397,0.0
-3.63012,50,382.015689,0.0
-3.703513,50,382.050862,0.0
-3.934075,50,382.087155,0.0
-3.879437,50,382.121533,0.0
-4.31858,50,382.157036,0.0
-4.029221,50,382.299841,0.0
-4.178968,50,382.333897,0.0
-4.402312,50,382.36815,0.0
-4.651277,50,382.402443,0.0
-3.794333,50,382.436474,0.0
-4.772826,50,382.470385,0.0
-4.024543,50,382.504871,0.0
-4.111804,50,382.539982,0.0
-3.80162,50,382.574691,0.0
-3.871249,50,382.608722,0.0
-3.518036,50,382.642954,0.0
-3.28842,50,382.676897,0.0
-4.144742,50,382.710941,0.0
-3.75273,50,382.744933,0.0
-4.043243,50,382.779231,0.0
-3.661498,50,382.813265,0.0
-4.413251,50,382.847372,0.0
-4.186352,50,382.881707,0.0
-4.720856,50,382.915708,0.0
-4.443663,50,382.949615,0.0
-4.31581,50,382.983489,0.0
-4.271329,50,383.017707,0.0
-3.457395,50,383.051967,0.0
-4.790921,50,383.086199,0.0
-3.604752,50,383.119924,0.0
-4.761897,50,383.153941,0.0
-4.407858,50,383.188058,0.0
-4.383377,50,383.222235,0.0
-3.829985,50,383.256427,0.0
-4.2031,50,383.290639,0.0
-3.595693,50,383.324565,0.0
-3.799041,50,383.358733,0.0
-3.827649,50,383.392717,0.0
-4.28266,50,383.426738,0.0
-4.63571,50,383.46078,0.0
-4.20805,50,383.494518,0.0
-4.393286,50,383.52889,0.0
-3.909817,50,383.563036,0.0
-4.326145,50,383.59728,0.0
-4.049787,50,383.631658,0.0
-3.550712,50,383.665906,0.0
-4.094926,50,383.80769,0.0
-4.85266,50,383.841717,0.0
-4.143455,50,383.875878,0.0
-4.052335,50,383.910061,0.0
-3.374887,50,383.944162,0.0
-4.080088,50,383.97862,0.0
-4.641682,50,384.012688,0.0
-4.653984,50,384.046879,0.0
-3.443139,50,384.0807,0.0
-3.358382,50,384.114743,0.0
-3.934813,50,384.14875,0.0
-4.189129,50,384.182786,0.0
-4.175061,50,384.21677,0.0
-3.879123,50,384.250814,0.0
-3.56309,50,384.284923,0.0
-3.701247,50,384.319086,0.0
-3.735584,50,384.353528,0.0
-4.093382,50,384.387536,0.0
-4.405731,50,384.421796,0.0
-3.905855,50,384.45581,0.0
-4.079461,50,384.490085,0.0
-3.648575,50,384.524189,0.0
-4.18638,50,384.558339,0.0
-4.479078,50,384.592175,0.0
-3.411691,50,384.626213,0.0
-3.847931,50,384.660033,0.0
-3.707268,50,384.694104,0.0
-3.896377,50,384.728271,0.0
-4.472445,50,384.76226,0.0
-4.499313,50,384.796216,0.0
-4.043856,50,384.829937,0.0
-3.973585,50,384.86383,0.0
-3.733311,50,384.897664,0.0
-4.07387,50,384.931568,0.0
-4.525464,50,384.965821,0.0
-3.574898,50,384.999858,0.0
-3.850157,50,385.033878,0.0
-4.44922,50,385.067557,0.0
-3.728557,50,385.101448,0.0
-3.729564,50,385.135529,0.0
-4.10398,50,385.169517,0.0
-4.242523,50,385.3106,0.0
-4.056581,50,385.344785,0.0
-3.530794,50,385.378943,0.0
-4.067464,50,385.412844,0.0
-3.854575,50,385.446701,0.0
-4.120929,50,385.480854,0.0
-3.63859,50,385.514958,0.0
-4.424607,50,385.548998,0.0
-4.490607,50,385.58302,0.0
-4.329722,50,385.617102,0.0
-4.336095,50,385.651341,0.0
-3.428967,50,385.685449,0.0
-3.756934,50,385.719328,0.0
-4.537855,50,385.753207,0.0
-3.576525,50,385.78721,0.0
-4.334824,50,385.821321,0.0
-3.603536,50,385.855557,0.0
-3.867634,50,385.890099,0.0
-4.400864,50,385.924387,0.0
-3.378619,50,385.95874,0.0
-4.447474,50,385.993042,0.0
-4.247402,50,386.027271,0.0
-3.474981,50,386.061102,0.0
-4.208994,50,386.094892,0.0
-3.827803,50,386.128912,0.0
-3.733468,50,386.163307,0.0
-3.589701,50,386.197408,0.0
-4.266985,50,386.2316,0.0
-4.12206,50,386.265534,0.0
-4.294562,50,386.300132,0.0
-4.073526,50,386.334534,0.0
-4.04486,50,386.368541,0.0
-4.127597,50,386.402651,0.0
-3.722449,50,386.436847,0.0
-3.950799,50,386.471134,0.0
-4.094324,50,386.505243,0.0
-3.725539,50,386.539442,0.0
-4.523839,50,386.573592,0.0
-3.597172,50,386.607709,0.0
-4.592137,50,386.641601,0.0
-3.979149,50,386.675967,0.0
-4.115196,50,386.818197,0.0
-3.792412,50,386.852387,0.0
-4.146985,50,386.887221,0.0
-3.838632,50,386.923121,0.0
-3.977291,50,386.958279,0.0
-4.114766,50,386.993979,0.0
-3.728188,50,387.029731,0.0
-4.438914,50,387.065228,0.0
-4.878963,50,387.100797,0.0
-3.582591,50,387.136469,0.0
-3.52119,50,387.172084,0.0
-4.182893,50,387.206233,0.0
-3.736259,50,387.240783,0.0
-4.08025,50,387.275479,0.0
-4.188998,50,387.309775,0.0
-3.955956,50,387.343873,0.0
-4.339296,50,387.378185,0.0
-4.113953,50,387.412487,0.0
-4.107307,50,387.446771,0.0
-3.780298,50,387.481048,0.0
-3.952889,50,387.515323,0.0
-3.761344,50,387.549361,0.0
-3.858856,50,387.583431,0.0
-4.16489,50,387.617562,0.0
-4.000487,50,387.651834,0.0
-4.080577,50,387.686112,0.0
-3.841643,50,387.720123,0.0
-4.342347,50,387.754493,0.0
-4.123429,50,387.788675,0.0
-3.537819,50,387.823023,0.0
-4.53764,50,387.857402,0.0
-3.290788,50,387.891875,0.0
-4.084729,50,387.926204,0.0
-3.203883,50,387.960798,0.0
-3.50063,50,387.994854,0.0
-3.804467,50,388.02916,0.0
-3.62977,50,388.063453,0.0
-4.066199,50,388.097785,0.0
-3.956319,50,388.131988,0.0
-4.38549,50,388.16604,0.0
-3.646025,50,388.200278,0.0
-3.926006,50,388.343341,0.0
-3.612547,50,388.37756,0.0
-4.44163,50,388.412011,0.0
-4.419426,50,388.446148,0.0
-3.779116,50,388.480222,0.0
-4.121387,50,388.514662,0.0
-3.71478,50,388.901655,0.0
-4.516318,50,388.935837,0.0
-4.714739,50,388.970151,0.0
-3.433662,50,389.004188,0.0
-3.697689,50,389.039271,0.0
-3.962256,50,389.073542,0.0
-4.270658,50,389.107351,0.0
-3.739508,50,389.141576,0.0
-3.877439,50,389.175793,0.0
-4.625804,50,389.209934,0.0
-3.704402,50,389.244068,0.0
-4.361898,50,389.2782,0.0
-3.588635,50,389.31217,0.0
-3.852555,50,389.346334,0.0
-3.591096,50,389.38037,0.0
-4.241408,50,389.414236,0.0
-4.428882,50,389.448421,0.0
-4.220324,50,389.482442,0.0
-4.192942,50,389.516483,0.0
-4.370396,50,389.550628,0.0
-4.228726,50,389.584647,0.0
-4.028494,50,389.618543,0.0
-3.410631,50,389.65259,0.0
-3.756834,50,389.686718,0.0
-3.931055,50,389.720982,0.0
-3.82666,50,389.755084,0.0
-4.835245,50,389.788953,0.0
-3.707672,50,389.823148,0.0
-3.661094,50,389.857461,0.0
-3.840582,50,389.891419,0.0
-4.226221,50,389.925173,0.0
-4.326882,50,389.95913,0.0
-4.109885,50,389.993249,0.0
-3.417034,50,390.027283,0.0
-4.435373,50,390.063057,0.0
-3.961969,50,390.205993,0.0
-4.987378,50,390.240317,0.0
-4.000097,50,390.274345,0.0
-3.58206,50,390.308398,0.0
-4.176935,50,390.342273,0.0
-3.53923,50,390.376412,0.0
-4.264674,50,390.410466,0.0
-4.658959,50,390.444619,0.0
-4.289315,50,390.478586,0.0
-4.158379,50,390.51266,0.0
-3.843143,50,390.546724,0.0
-4.178387,50,390.580709,0.0
-3.56466,50,390.614668,0.0
-3.422669,50,390.64904,0.0
-3.839388,50,390.683331,0.0
-4.00182,50,390.717331,0.0
-4.144568,50,390.751141,0.0
-4.123435,50,390.784982,0.0
-3.569864,50,390.818629,0.0
-4.333831,50,390.853045,0.0
-4.382359,50,390.886907,0.0
-4.201467,50,390.920807,0.0
-4.996405,50,390.954999,0.0
-4.120645,50,390.989184,0.0
-4.258204,50,391.02349,0.0
-4.071844,50,391.057641,0.0
-4.227811,50,391.091733,0.0
-3.658585,50,391.125965,0.0
-3.682879,50,391.159892,0.0
-3.969911,50,391.1939,0.0
-4.334558,50,391.228239,0.0
-4.452444,50,391.262376,0.0
-3.980782,50,391.296471,0.0
-3.736418,50,391.330313,0.0
-4.250384,50,391.364296,0.0
-3.988956,50,391.398353,0.0
-3.421709,50,391.432314,0.0
-3.704795,50,391.466216,0.0
-4.056043,50,391.500241,0.0
-4.355222,50,391.53398,0.0
-4.065789,50,391.568081,0.0
-3.511435,50,391.709248,0.0
-3.784761,50,391.743293,0.0
-3.848873,50,391.777298,0.0
-4.056338,50,391.811467,0.0
-4.04805,50,391.845694,0.0
-3.96935,50,391.879465,0.0
-4.322732,50,391.91358,0.0
-3.949267,50,391.947362,0.0
-4.556262,50,391.981365,0.0
-3.627681,50,392.015262,0.0
-3.836197,50,392.04896,0.0
-4.111605,50,392.082821,0.0
-3.943087,50,392.116979,0.0
-4.164717,50,392.151117,0.0
-4.46107,50,392.184997,0.0
-3.792316,50,392.218981,0.0
-3.601594,50,392.252967,0.0
-3.571572,50,392.287044,0.0
-4.315962,50,392.32106,0.0
-3.772457,50,392.354821,0.0
-4.163156,50,392.388485,0.0
-4.426233,50,392.42263,0.0
-4.210473,50,392.456584,0.0
-3.759651,50,392.49066,0.0
-3.169698,50,392.524658,0.0
-4.783992,50,392.558769,0.0
-3.662452,50,392.592506,0.0
-3.370316,50,392.626566,0.0
-3.865605,50,392.660708,0.0
-3.818187,50,392.694775,0.0
-3.452306,50,392.728938,0.0
-4.266225,50,392.762494,0.0
-3.77672,50,392.796356,0.0
-4.405114,50,392.830394,0.0
-3.999056,50,392.864524,0.0
-3.67029,50,392.898425,0.0
-3.948241,50,392.932362,0.0
-4.331657,50,392.966504,0.0
-3.729073,50,393.000514,0.0
-3.531585,50,393.034272,0.0
-3.937976,50,393.068471,0.0
-3.979121,50,393.21014,0.0
-3.49432,50,393.244355,0.0
-3.935781,50,393.27856,0.0
-5.050533,50,393.312626,0.0
-4.264688,50,393.346659,0.0
-3.900611,50,393.380794,0.0
-3.686638,50,393.414886,0.0
-3.481539,50,393.448397,0.0
-3.749241,50,393.482312,0.0
-4.069337,50,393.516235,0.0
-3.85051,50,393.550288,0.0
-4.291709,50,393.584344,0.0
-4.106177,50,393.618358,0.0
-3.998115,50,393.65266,0.0
-4.00641,50,393.687027,0.0
-3.750496,50,393.721354,0.0
-3.80926,50,393.75529,0.0
-4.076442,50,393.789301,0.0
-3.702081,50,393.823389,0.0
-4.042149,50,393.857521,0.0
-4.272847,50,393.89157,0.0
-4.102476,50,393.925505,0.0
-3.625536,50,393.959857,0.0
-3.825823,50,393.993894,0.0
-4.01514,50,394.028141,0.0
-3.745706,50,394.062234,0.0
-4.348361,50,394.096251,0.0
-3.581625,50,394.130148,0.0
-4.170651,50,394.164564,0.0
-3.98477,50,394.198632,0.0
-4.391114,50,394.232903,0.0
-4.396863,50,394.267226,0.0
-3.628386,50,394.300889,0.0
-4.030857,50,394.335236,0.0
-4.565607,50,394.369565,0.0
-4.017285,50,394.403485,0.0
-3.652937,50,394.437559,0.0
-3.95678,50,394.471853,0.0
-4.34751,50,394.506019,0.0
-3.584677,50,394.53986,0.0
-4.335317,50,394.573801,0.0
-4.462991,50,394.716308,0.0
-4.002309,50,394.750188,0.0
-3.306944,50,394.78422,0.0
-4.179654,50,394.818035,0.0
-4.27738,50,394.851895,0.0
-3.335096,50,394.885877,0.0
-3.508256,50,394.919801,0.0
-4.239792,50,394.953599,0.0
-4.084719,50,394.987708,0.0
-4.669666,50,395.021418,0.0
-3.752259,50,395.055693,0.0
-4.255228,50,395.089693,0.0
-3.884963,50,395.123638,0.0
-3.678683,50,395.157437,0.0
-3.920554,50,395.191435,0.0
-4.622537,50,395.225384,0.0
-3.934021,50,395.259365,0.0
-4.528714,50,395.293557,0.0
-3.315045,50,395.327507,0.0
-3.754128,50,395.361649,0.0
-4.376219,50,395.395491,0.0
-4.133619,50,395.429429,0.0
-4.005396,50,395.463553,0.0
-3.831958,50,395.49715,0.0
-3.75846,50,395.530964,0.0
-4.15689,50,395.56757,0.0
-4.31022,50,395.60614,0.0
-3.591521,50,395.640547,0.0
-3.667122,50,395.677159,0.0
-3.8359,50,395.718839,0.0
-4.121033,50,395.756961,0.0
-3.90992,50,395.79397,0.0
-4.445542,50,395.830937,0.0
-4.055812,50,395.868524,0.0
-4.144517,50,395.903913,0.0
-3.472557,50,395.938808,0.0
-4.560431,50,395.973374,0.0
-4.106415,50,396.007544,0.0
-3.995504,50,396.041864,0.0
-3.515556,50,396.07604,0.0
-4.001525,50,396.109919,0.0
-4.214022,50,396.253122,0.0
-3.692451,50,396.287107,0.0
-4.086464,50,396.321545,0.0
-4.047517,50,396.355567,0.0
-3.753235,50,396.389712,0.0
-3.796212,50,396.423677,0.0
-3.99187,50,396.457727,0.0
-3.654019,50,396.492001,0.0
-3.522015,50,396.526115,0.0
-4.215411,50,396.560216,0.0
-3.563992,50,396.594423,0.0
-3.674043,50,396.628601,0.0
-3.674074,50,396.66284,0.0
-4.064492,50,396.69702,0.0
-4.269382,50,396.731266,0.0
-3.551438,50,396.765489,0.0
-5.047106,50,396.803275,0.0
-3.73305,50,396.844196,0.0
-3.975955,50,396.882792,0.0
-3.615915,50,396.924795,0.0
-4.986573,50,396.962222,0.0
-3.513333,50,396.997674,0.0
-4.871558,50,397.032648,0.0
-3.910963,50,397.067193,0.0
-4.555964,50,397.101168,0.0
-4.443649,50,397.13528,0.0
-3.61667,50,397.169395,0.0
-4.056484,50,397.203517,0.0
-4.451012,50,397.237819,0.0
-3.656945,50,397.271954,0.0
-4.427557,50,397.306048,0.0
-4.175718,50,397.340337,0.0
-4.491033,50,397.374778,0.0
-3.989212,50,397.408954,0.0
-3.493363,50,397.448869,0.0
-3.812841,50,397.484518,0.0
-4.000991,50,397.518728,0.0
-3.873976,50,397.552984,0.0
-3.863485,50,397.586934,0.0
-4.384647,50,397.621287,0.0
-3.85663,50,397.655455,0.0
-3.756164,50,397.797943,0.0
-4.454368,50,397.832536,0.0
-4.57415,50,397.866832,0.0
-3.480608,50,397.900674,0.0
-3.702801,50,397.934791,0.0
-5.256849,50,397.968916,0.0
-4.526202,50,398.002921,0.0
-4.891514,50,398.037,0.0
-3.873172,50,398.07119,0.0
-3.959495,50,398.105413,0.0
-4.223364,50,398.13946,0.0
-4.399946,50,398.173418,0.0
-4.073648,50,398.207621,0.0
-4.042023,50,398.241631,0.0
-4.107059,50,398.275769,0.0
-3.370772,50,398.309856,0.0
-3.941666,50,398.343717,0.0
-3.886244,50,398.377723,0.0
-3.943675,50,398.412276,0.0
-3.530033,50,398.44621,0.0
-3.440061,50,398.480218,0.0
-4.139659,50,398.51415,0.0
-4.000413,50,398.547974,0.0
-3.959717,50,398.581788,0.0
-3.88719,50,398.615826,0.0
-4.009457,50,398.650276,0.0
-4.144739,50,398.684247,0.0
-3.636858,50,398.71826,0.0
-3.295,50,398.752556,0.0
-3.717737,50,398.786709,0.0
-3.766446,50,398.82073,0.0
-4.46104,50,398.854501,0.0
-4.017003,50,398.888457,0.0
-4.20904,50,398.922325,0.0
-3.560517,50,398.956297,0.0
-4.313197,50,398.990097,0.0
-4.461636,50,399.024201,0.0
-4.288351,50,399.05828,0.0
-3.802553,50,399.092159,0.0
-3.846758,50,399.126072,0.0
-4.22499,50,399.267138,0.0
-3.828361,50,399.301721,0.0
-4.317893,50,399.336095,0.0
-3.938975,50,399.370225,0.0
-3.806785,50,399.404416,0.0
-3.951356,50,399.438229,0.0
-4.430904,50,399.472298,0.0
-4.800766,50,399.50633,0.0
-4.137896,50,399.540367,0.0
-4.00477,50,399.574241,0.0
-4.958455,50,399.608118,0.0
-4.519832,50,399.642248,0.0
-4.088021,50,399.676068,0.0
-3.418643,50,399.709851,0.0
-3.45015,50,399.744126,0.0
-3.626947,50,399.777989,0.0
-3.723094,50,399.81183,0.0
-3.851618,50,399.84594,0.0
-3.852249,50,399.87981,0.0
-3.777875,50,399.91376,0.0
-3.743869,50,399.947768,0.0
-4.077086,50,399.981823,0.0
-4.089831,50,400.015867,0.0
-5.034284,50,400.050112,0.0
-3.979825,50,400.084014,0.0
-4.279752,50,400.118114,0.0
-3.842213,50,400.152258,0.0
-3.753956,50,400.186276,0.0
-4.757707,50,400.220302,0.0
-3.317491,50,400.254381,0.0
-3.523954,50,400.288724,0.0
-4.119628,50,400.322599,0.0
-3.887354,50,400.356577,0.0
-3.981156,50,400.390552,0.0
-4.035129,50,400.424721,0.0
-4.536016,50,400.460328,0.0
-3.532413,50,400.494183,0.0
-4.589429,50,400.528474,0.0
-4.02669,50,400.562313,0.0
-4.427174,50,400.596297,0.0
-3.723516,50,400.630318,0.0
-4.235252,50,400.772606,0.0
-4.403565,50,400.807037,0.0
-3.897276,50,400.841058,0.0
-3.751565,50,400.875222,0.0
-4.175345,50,400.909058,0.0
-4.190733,50,400.943299,0.0
-3.768481,50,400.977203,0.0
-4.221278,50,401.011258,0.0
-4.392029,50,401.045025,0.0
-4.266178,50,401.079046,0.0
-4.130586,50,401.113027,0.0
-3.258898,50,401.147638,0.0
-3.624252,50,401.181792,0.0
-4.284119,50,401.216027,0.0
-4.036355,50,401.250066,0.0
-4.067842,50,401.284103,0.0
-4.701946,50,401.318204,0.0
-4.6637,50,401.352658,0.0
-3.87193,50,401.386943,0.0
-4.930838,50,401.421054,0.0
-3.964556,50,401.455262,0.0
-4.07493,50,401.49004,0.0
-4.244556,50,401.523827,0.0
-3.717544,50,401.557497,0.0
-4.036214,50,401.591389,0.0
-4.241948,50,401.625345,0.0
-3.596252,50,401.659741,0.0
-3.840507,50,401.695241,0.0
-3.303358,50,401.735235,0.0
-3.481363,50,401.773244,0.0
-3.526449,50,401.810795,0.0
-3.529047,50,401.848178,0.0
-3.911756,50,401.885941,0.0
-3.971726,50,401.923447,0.0
-4.689199,50,401.960236,0.0
-3.742303,50,401.99654,0.0
-4.198837,50,402.032788,0.0
-3.836102,50,402.068607,0.0
-3.971897,50,402.104945,0.0
-3.783484,50,402.141904,0.0
-3.205925,50,402.178408,0.0
-4.872038,50,402.328148,0.0
-4.634559,50,402.363668,0.0
-3.930764,50,402.398621,0.0
-3.753092,50,402.433766,0.0
-4.225481,50,402.468111,0.0
-3.753783,50,402.502843,0.0
-3.663277,50,402.537654,0.0
-4.008929,50,402.572323,0.0
-3.874709,50,402.607024,0.0
-3.903112,50,402.641786,0.0
-3.500372,50,402.676753,0.0
-3.758329,50,402.711518,0.0
-3.534015,50,402.74602,0.0
-3.174187,50,402.780974,0.0
-3.980537,50,402.815659,0.0
-4.574292,50,402.850365,0.0
-3.758526,50,402.88483,0.0
-3.610288,50,402.919104,0.0
-3.795391,50,402.953582,0.0
-3.221645,50,402.987919,0.0
-3.783919,50,403.022139,0.0
-3.648334,50,403.056529,0.0
-4.57494,50,403.09109,0.0
-3.779426,50,403.125577,0.0
-4.315377,50,403.15994,0.0
-3.758448,50,403.194583,0.0
-4.217661,50,403.228793,0.0
-4.146519,50,403.262981,0.0
-3.888712,50,403.297688,0.0
-3.778584,50,403.332577,0.0
-4.139284,50,403.366867,0.0
-3.167879,50,403.401261,0.0
-3.968305,50,403.435716,0.0
-3.908176,50,403.470319,0.0
-4.364582,50,403.504719,0.0
-3.327775,50,403.539426,0.0
-3.51759,50,403.574044,0.0
-4.184078,50,403.608219,0.0
-3.890098,50,403.642712,0.0
-4.404828,50,403.677626,0.0
-3.951851,50,403.712016,0.0
-5.207045,50,403.85656,0.0
-3.713933,50,403.891536,0.0
-4.143529,50,403.926009,0.0
-4.486283,50,403.960747,0.0
-4.233351,50,403.995299,0.0
-4.093172,50,404.029819,0.0
-3.620388,50,404.064684,0.0
-5.162709,50,404.099234,0.0
-3.791227,50,404.133896,0.0
-3.950744,50,404.167831,0.0
-4.072565,50,404.201967,0.0
-4.8047,50,404.236552,0.0
-4.235904,50,404.271374,0.0
-3.389626,50,404.305838,0.0
-4.775663,50,404.34036,0.0
-3.554891,50,404.37483,0.0
-4.007111,50,404.409396,0.0
-3.653719,50,404.44337,0.0
-3.962477,50,404.477836,0.0
-4.081356,50,404.512432,0.0
-3.862482,50,404.546972,0.0
-3.840183,50,404.581899,0.0
-4.487944,50,404.616471,0.0
-3.729701,50,404.650909,0.0
-3.768129,50,404.685217,0.0
-4.014363,50,404.719762,0.0
-4.590085,50,404.754058,0.0
-4.496489,50,404.788129,0.0
-4.132123,50,404.822463,0.0
-4.275328,50,404.857305,0.0
-3.761915,50,404.891791,0.0
-3.936358,50,404.926151,0.0
-3.950845,50,404.960601,0.0
-3.46584,50,404.994693,0.0
-3.854285,50,405.02889,0.0
-4.359277,50,405.063383,0.0
-4.107493,50,405.09808,0.0
-5.007813,50,405.132414,0.0
-3.687713,50,405.166693,0.0
-3.911236,50,405.201062,0.0
-3.745876,50,405.235434,0.0
-3.828641,50,405.379258,0.0
-4.275783,50,405.414099,0.0
-3.482674,50,405.448279,0.0
-4.179534,50,405.482808,0.0
-4.583289,50,405.517213,0.0
-3.998383,50,405.551917,0.0
-3.674407,50,405.586822,0.0
-3.557643,50,405.621564,0.0
-4.679713,50,405.656663,0.0
-3.674511,50,405.691532,0.0
-3.709996,50,405.725602,0.0
-3.747109,50,405.760369,0.0
-3.499269,50,405.794868,0.0
-4.623558,50,405.828741,0.0
-3.917698,50,405.863966,0.0
-4.124375,50,405.8991,0.0
-3.478228,50,405.933642,0.0
-4.141609,50,405.967866,0.0
-3.981222,50,406.002347,0.0
-4.426057,50,406.03635,0.0
-3.611624,50,406.070301,0.0
-3.638657,50,406.104406,0.0
-4.599107,50,406.138959,0.0
-4.220754,50,406.173438,0.0
-4.055368,50,406.208418,0.0
-3.973675,50,406.242592,0.0
-4.033266,50,406.276909,0.0
-4.237857,50,406.311109,0.0
-3.470157,50,406.345562,0.0
-4.033343,50,406.379796,0.0
-4.12641,50,406.4142,0.0
-4.018023,50,406.448841,0.0
-4.359454,50,406.483595,0.0
-4.631234,50,406.518128,0.0
-3.836685,50,406.552894,0.0
-3.207835,50,406.587397,0.0
-3.758387,50,406.621866,0.0
-3.384751,50,406.656616,0.0
-3.916854,50,406.691244,0.0
-3.105101,50,406.726173,0.0
-4.59284,50,406.760742,0.0
-4.156062,50,406.910231,0.0
-4.200347,50,406.94512,0.0
-3.91158,50,406.979968,0.0
-3.91816,50,407.014759,0.0
-4.164854,50,407.049258,0.0
-4.127433,50,407.084345,0.0
-4.680702,50,407.119109,0.0
-4.311993,50,407.154153,0.0
-3.619214,50,407.188741,0.0
-4.358837,50,407.223244,0.0
-3.876852,50,407.257934,0.0
-4.042357,50,407.292653,0.0
-4.167834,50,407.327192,0.0
-4.461873,50,407.362352,0.0
-3.803652,50,407.39712,0.0
-3.391046,50,407.432028,0.0
-3.745356,50,407.466772,0.0
-4.537056,50,407.500903,0.0
-4.058831,50,407.535426,0.0
-3.411686,50,407.569926,0.0
-3.953922,50,407.604588,0.0
-4.043184,50,407.638706,0.0
-3.217387,50,407.673262,0.0
-3.662733,50,407.707879,0.0
-3.847464,50,407.742545,0.0
-4.05668,50,407.777109,0.0
-3.616083,50,407.811472,0.0
-4.044693,50,407.84584,0.0
-4.714327,50,407.880296,0.0
-4.16901,50,407.91468,0.0
-3.834367,50,407.948982,0.0
-3.835047,50,407.983301,0.0
-4.452345,50,408.017366,0.0
-4.247828,50,408.051535,0.0
-4.436298,50,408.086251,0.0
-3.555984,50,408.120659,0.0
-3.863848,50,408.154877,0.0
-3.920867,50,408.1893,0.0
-3.735159,50,408.22341,0.0
-4.318374,50,408.25776,0.0
-4.114718,50,408.292377,0.0
-3.604674,50,408.437187,0.0
-4.532777,50,408.472341,0.0
-4.043875,50,408.506749,0.0
-4.232115,50,408.541009,0.0
-3.954914,50,408.575558,0.0
-3.994599,50,408.609975,0.0
-4.083752,50,408.644342,0.0
-4.696561,50,408.679167,0.0
-3.97398,50,408.713584,0.0
-4.883549,50,408.747923,0.0
-3.929254,50,408.782334,0.0
-3.853162,50,408.816735,0.0
-3.770692,50,408.851373,0.0
-4.166159,50,408.885778,0.0
-4.281673,50,408.920202,0.0
-3.786677,50,408.954523,0.0
-4.027636,50,408.988679,0.0
-3.921729,50,409.022453,0.0
-3.97971,50,409.056395,0.0
-3.981548,50,409.090038,0.0
-3.753977,50,409.123975,0.0
-3.836221,50,409.158002,0.0
-4.065338,50,409.192222,0.0
-3.929043,50,409.226483,0.0
-4.151194,50,409.260494,0.0
-4.017227,50,409.29467,0.0
-4.224057,50,409.328281,0.0
-3.89015,50,409.363825,0.0
-3.838137,50,409.398476,0.0
-4.25696,50,409.432691,0.0
-4.386553,50,409.466931,0.0
-3.942808,50,409.501082,0.0
-3.889462,50,409.535512,0.0
-4.282619,50,409.569588,0.0
-4.218225,50,409.60388,0.0
-3.784871,50,409.638443,0.0
-3.715152,50,409.673063,0.0
-4.69,50,409.707433,0.0
-3.66683,50,409.74197,0.0
-3.83907,50,409.776391,0.0
-3.629592,50,409.810655,0.0
-4.242067,50,409.954926,0.0
-3.802724,50,409.989657,0.0
-5.259495,50,410.024246,0.0
-4.484755,50,410.058878,0.0
-3.983956,50,410.09364,0.0
-4.413419,50,410.127972,0.0
-3.796836,50,410.162756,0.0
-3.896565,50,410.197764,0.0
-5.214868,50,410.232072,0.0
-3.938504,50,410.266897,0.0
-4.165681,50,410.301395,0.0
-3.59695,50,410.335995,0.0
-4.162949,50,410.370291,0.0
-3.659777,50,410.404802,0.0
-4.095042,50,410.439479,0.0
-3.655742,50,410.474085,0.0
-4.325844,50,410.508357,0.0
-4.577078,50,410.542931,0.0
-3.534209,50,410.577194,0.0
-4.170334,50,410.611568,0.0
-4.256398,50,410.646038,0.0
-4.069106,50,410.680852,0.0
-4.256605,50,410.715486,0.0
-3.916115,50,410.750089,0.0
-3.031125,50,410.784508,0.0
-4.081795,50,410.81891,0.0
-3.806448,50,410.853241,0.0
-3.408689,50,410.887755,0.0
-3.391251,50,410.922047,0.0
-4.33087,50,410.956375,0.0
-3.945727,50,410.990824,0.0
-4.128646,50,411.025149,0.0
-4.907799,50,411.059733,0.0
-4.539039,50,411.094268,0.0
-3.949817,50,411.128835,0.0
-3.690122,50,411.163211,0.0
-4.281896,50,411.197527,0.0
-4.488385,50,411.231759,0.0
-4.271717,50,411.266182,0.0
-3.205057,50,411.300811,0.0
-3.804684,50,411.335777,0.0
-4.033444,50,411.478943,0.0
-4.415343,50,411.513921,0.0
-3.893871,50,411.548459,0.0
-4.053978,50,411.583143,0.0
-5.222255,50,411.617532,0.0
-3.882131,50,411.652021,0.0
-4.373833,50,411.686768,0.0
-3.9066,50,411.721546,0.0
-4.119489,50,411.755949,0.0
-4.442241,50,411.790332,0.0
-3.436842,50,411.824528,0.0
-3.554105,50,411.85932,0.0
-3.391788,50,411.89379,0.0
-4.093633,50,411.928186,0.0
-4.289834,50,411.962712,0.0
-3.747056,50,411.997248,0.0
-4.237891,50,412.032085,0.0
-3.967425,50,412.066633,0.0
-4.418585,50,412.101123,0.0
-4.086188,50,412.135906,0.0
-4.215257,50,412.170445,0.0
-3.198769,50,412.20519,0.0
-4.379408,50,412.239481,0.0
-4.037143,50,412.274056,0.0
-3.783118,50,412.308888,0.0
-3.547673,50,412.343506,0.0
-3.777851,50,412.377857,0.0
-4.016418,50,412.412338,0.0
-3.904509,50,412.446935,0.0
-4.347712,50,412.48167,0.0
-4.98616,50,412.516308,0.0
-3.97582,50,412.551365,0.0
-3.879251,50,412.585929,0.0
-4.447387,50,412.620419,0.0
-4.701062,50,412.655201,0.0
-3.165336,50,412.689727,0.0
-3.80581,50,412.724442,0.0
-3.879851,50,412.759054,0.0
-4.607155,50,412.793665,0.0
-3.570002,50,412.827943,0.0
-4.001259,50,412.862725,0.0
-4.183416,50,413.00669,0.0
-4.238141,50,413.041155,0.0
-4.041634,50,413.076036,0.0
-3.772062,50,413.111048,0.0
-4.118238,50,413.145427,0.0
-4.307693,50,413.180004,0.0
-4.837541,50,413.214489,0.0
-3.491534,50,413.249314,0.0
-4.158042,50,413.283955,0.0
-3.829262,50,413.319269,0.0
-4.054787,50,413.354003,0.0
-4.616555,50,413.388489,0.0
-3.341896,50,413.422857,0.0
-4.233641,50,413.457154,0.0
-3.580492,50,413.491766,0.0
-4.183685,50,413.526012,0.0
-3.266658,50,413.560528,0.0
-3.728386,50,413.594732,0.0
-3.751648,50,413.62955,0.0
-3.220022,50,413.664078,0.0
-4.36538,50,413.698809,0.0
-4.45558,50,413.733458,0.0
-4.298761,50,413.768201,0.0
-4.29197,50,413.803336,0.0
-3.393623,50,413.837835,0.0
-4.182514,50,413.872249,0.0
-3.552884,50,413.906579,0.0
-3.897464,50,413.941247,0.0
-4.123055,50,413.975628,0.0
-3.858147,50,414.010075,0.0
-4.230683,50,414.044481,0.0
-3.951584,50,414.078904,0.0
-4.017439,50,414.113506,0.0
-3.781933,50,414.148085,0.0
-3.542012,50,414.182855,0.0
-3.411013,50,414.217275,0.0
-3.909123,50,414.251914,0.0
-3.78665,50,414.286658,0.0
-4.135177,50,414.32131,0.0
-4.079126,50,414.356015,0.0
-3.678147,50,414.390335,0.0
-3.757639,50,414.536057,0.0
-4.215847,50,414.571342,0.0
-4.052452,50,414.605961,0.0
-3.582164,50,414.640636,0.0
-4.194082,50,414.675399,0.0
-4.020317,50,414.710095,0.0
-4.034055,50,414.744848,0.0
-4.294519,50,414.779055,0.0
-3.625335,50,414.813411,0.0
-3.394687,50,414.847815,0.0
-4.12741,50,414.882051,0.0
-3.89831,50,414.916542,0.0
-3.978381,50,414.950965,0.0
-3.176863,50,414.985618,0.0
-3.753721,50,415.020214,0.0
-3.285898,50,415.054471,0.0
-3.692209,50,415.088857,0.0
-4.362532,50,415.123251,0.0
-3.552111,50,415.157632,0.0
-4.101213,50,415.191731,0.0
-3.608719,50,415.226102,0.0
-4.28803,50,415.260671,0.0
-4.972963,50,415.295157,0.0
-3.999836,50,415.329428,0.0
-3.814995,50,415.363747,0.0
-4.418686,50,415.398324,0.0
-4.363072,50,415.432689,0.0
-3.933433,50,415.467035,0.0
-3.803635,50,415.50151,0.0
-4.063602,50,415.536125,0.0
-3.456251,50,415.570869,0.0
-4.439625,50,415.605336,0.0
-3.659358,50,415.639553,0.0
-4.519739,50,415.674479,0.0
-3.550594,50,415.708578,0.0
-4.93188,50,415.742895,0.0
-4.778192,50,415.777524,0.0
-4.616104,50,415.81196,0.0
-3.783502,50,415.846538,0.0
-3.345843,50,415.881355,0.0
-3.762509,50,415.915487,0.0
-3.880146,50,416.060392,0.0
-3.527682,50,416.095197,0.0
-4.531068,50,416.129973,0.0
-3.816664,50,416.164785,0.0
-3.983417,50,416.1993,0.0
-4.044536,50,416.23401,0.0
-4.049749,50,416.268586,0.0
-4.740693,50,416.303731,0.0
-4.18181,50,416.33873,0.0
-3.773686,50,416.373134,0.0
-4.123905,50,416.407825,0.0
-4.488513,50,416.442107,0.0
-4.111704,50,416.476661,0.0
-4.053483,50,416.511237,0.0
-3.415246,50,416.545919,0.0
-4.577442,50,416.580455,0.0
-3.54478,50,416.614887,0.0
-3.657333,50,416.649506,0.0
-3.795287,50,416.683911,0.0
-4.634173,50,416.718676,0.0
-4.103742,50,416.752975,0.0
-4.926205,50,416.787546,0.0
-3.914529,50,416.821743,0.0
-4.983324,50,416.856347,0.0
-3.55357,50,416.890826,0.0
-3.988222,50,416.925273,0.0
-4.373222,50,416.960084,0.0
-3.644779,50,416.994574,0.0
-4.34746,50,417.029271,0.0
-3.808746,50,417.063796,0.0
-3.531523,50,417.098246,0.0
-3.46654,50,417.132856,0.0
-3.348819,50,417.167599,0.0
-4.14792,50,417.20209,0.0
-4.216603,50,417.236549,0.0
-3.807298,50,417.271423,0.0
-3.710105,50,417.305964,0.0
-4.329118,50,417.340409,0.0
-4.307041,50,417.375079,0.0
-3.526367,50,417.409521,0.0
-3.880154,50,417.443754,0.0
-3.637571,50,417.587062,0.0
-3.423148,50,417.622912,0.0
-4.00211,50,417.65862,0.0
-4.004772,50,417.695346,0.0
-3.521147,50,417.732082,0.0
-3.790199,50,417.768296,0.0
-3.84897,50,417.804416,0.0
-3.779478,50,417.840607,0.0
-3.261192,50,417.881003,0.0
-4.363768,50,417.923653,0.0
-3.578556,50,417.961685,0.0
-3.894836,50,418.001006,0.0
-3.863963,50,418.039255,0.0
-4.075634,50,418.077401,0.0
-3.181969,50,418.114462,0.0
-3.849366,50,418.152095,0.0
-3.979232,50,418.189729,0.0
-3.696981,50,418.226196,0.0
-3.614023,50,418.262182,0.0
-3.550959,50,418.298891,0.0
-4.150814,50,418.335428,0.0
-4.686229,50,418.374716,0.0
-4.171689,50,418.413116,0.0
-3.474003,50,418.450354,0.0
-4.04095,50,418.4868,0.0
-4.815387,50,418.522252,0.0
-3.60515,50,418.557429,0.0
-4.189261,50,418.592304,0.0
-4.264154,50,418.627827,0.0
-4.669269,50,418.66322,0.0
-4.501533,50,418.698205,0.0
-3.541996,50,418.733491,0.0
-3.707294,50,418.768359,0.0
-3.987923,50,418.803751,0.0
-4.649961,50,418.839591,0.0
-4.125804,50,418.874999,0.0
-4.109254,50,418.910173,0.0
-3.844885,50,418.945089,0.0
-4.240242,50,418.980627,0.0
-3.638274,50,419.016254,0.0
-3.708013,50,419.051492,0.0
-3.98509,50,419.203648,0.0
-3.793623,50,419.240609,0.0
-3.344058,50,419.275917,0.0
-3.566289,50,419.310777,0.0
-4.042008,50,419.347131,0.0
-3.755203,50,419.384131,0.0
-4.079334,50,419.421368,0.0
-4.343578,50,419.457284,0.0
-3.912433,50,419.49241,0.0
-4.024911,50,419.527619,0.0
-4.354185,50,419.565026,0.0
-4.415038,50,419.601992,0.0
-4.375434,50,419.639839,0.0
-4.49513,50,419.67703,0.0
-3.655898,50,419.714098,0.0
-3.395154,50,419.750307,0.0
-4.008399,50,419.787809,0.0
-4.603698,50,419.824159,0.0
-4.147705,50,419.860842,0.0
-3.412339,50,419.897645,0.0
-3.88431,50,419.936706,0.0
-3.695217,50,419.974582,0.0
-3.912669,50,420.012178,0.0
-3.829745,50,420.049575,0.0
-4.30768,50,420.087455,0.0
-4.154173,50,420.124595,0.0
-3.688848,50,420.162187,0.0
-4.682631,50,420.199628,0.0
-4.395626,50,420.236204,0.0
-3.821205,50,420.273207,0.0
-3.686482,50,420.31083,0.0
-3.865818,50,420.348697,0.0
-3.662332,50,420.384813,0.0
-3.922614,50,420.420487,0.0
-3.923922,50,420.455868,0.0
-4.301545,50,420.491031,0.0
-3.805123,50,420.52642,0.0
-3.455545,50,420.56262,0.0
-3.598086,50,420.597748,0.0
-3.899305,50,420.633126,0.0
-3.381388,50,420.668473,0.0
-4.545115,50,420.816018,0.0
-3.425425,50,420.851754,0.0
-3.504207,50,420.886948,0.0
-4.057568,50,420.922311,0.0
-4.636943,50,420.956978,0.0
-4.167058,50,420.992045,0.0
-3.678247,50,421.027432,0.0
-3.593286,50,421.062587,0.0
-3.476204,50,421.098213,0.0
-3.926366,50,421.136163,0.0
-4.844517,50,421.17466,0.0
-4.544568,50,421.212664,0.0
-4.581395,50,421.247853,0.0
-3.371099,50,421.282952,0.0
-4.145969,50,421.317588,0.0
-4.261994,50,421.352856,0.0
-3.511889,50,421.388398,0.0
-3.975961,50,421.423633,0.0
-4.130689,50,421.459124,0.0
-3.739169,50,421.494477,0.0
-3.546293,50,421.529318,0.0
-4.877994,50,421.564338,0.0
-3.898425,50,421.599333,0.0
-3.914351,50,421.634273,0.0
-3.86011,50,421.669327,0.0
-4.185786,50,421.704552,0.0
-4.039514,50,421.739826,0.0
-4.248794,50,421.775454,0.0
-3.735419,50,421.81183,0.0
-4.570849,50,421.848653,0.0
-3.97262,50,421.885217,0.0
-3.584273,50,421.92112,0.0
-4.703926,50,421.957214,0.0
-3.613442,50,421.993482,0.0
-4.397258,50,422.031978,0.0
-4.033504,50,422.068113,0.0
-4.030014,50,422.103378,0.0
-4.417122,50,422.139141,0.0
-3.675192,50,422.174615,0.0
-3.875358,50,422.209677,0.0
-3.529243,50,422.244774,0.0
-4.252027,50,422.394561,0.0
-3.60328,50,422.430417,0.0
-4.011412,50,422.465313,0.0
-4.452616,50,422.500345,0.0
-4.555992,50,422.535687,0.0
-3.95074,50,422.571022,0.0
-3.628435,50,422.606397,0.0
-3.805557,50,422.641493,0.0
-3.921479,50,422.676701,0.0
-4.091515,50,422.711907,0.0
-4.214232,50,422.747894,0.0
-4.115542,50,422.783337,0.0
-4.097889,50,422.818835,0.0
-3.706107,50,422.854108,0.0
-4.811126,50,422.889664,0.0
-4.207267,50,422.925392,0.0
-4.25423,50,422.960343,0.0
-3.397621,50,422.995658,0.0
-3.671106,50,423.030934,0.0
-4.035512,50,423.065594,0.0
-4.693242,50,423.100701,0.0
-3.924663,50,423.135543,0.0
-3.958635,50,423.170352,0.0
-3.705194,50,423.206187,0.0
-4.072813,50,423.241568,0.0
-3.672721,50,423.276935,0.0
-4.21638,50,423.311969,0.0
-3.710102,50,423.346583,0.0
-3.560969,50,423.382265,0.0
-3.761592,50,423.417653,0.0
-3.666321,50,423.452302,0.0
-3.725303,50,423.487552,0.0
-3.889747,50,423.522521,0.0
-4.626267,50,423.557544,0.0
-4.308953,50,423.593156,0.0
-3.694151,50,423.628483,0.0
-4.572163,50,423.663799,0.0
-3.953294,50,423.69894,0.0
-3.698213,50,423.73401,0.0
-3.948596,50,423.769153,0.0
-4.105808,50,423.80408,0.0
-3.763296,50,423.952996,0.0
-4.01713,50,423.98852,0.0
-3.823895,50,424.023721,0.0
-4.408991,50,424.058772,0.0
-3.82883,50,424.09312,0.0
-4.012076,50,424.128154,0.0
-4.043259,50,424.16349,0.0
-3.605381,50,424.198291,0.0
-4.813086,50,424.233304,0.0
-3.730656,50,424.268169,0.0
-4.374704,50,424.303118,0.0
-4.443395,50,424.337853,0.0
-4.081192,50,424.373356,0.0
-4.256247,50,424.408152,0.0
-4.219763,50,424.443412,0.0
-3.965312,50,424.47797,0.0
-4.421105,50,424.513329,0.0
-3.312676,50,424.548242,0.0
-4.662259,50,424.583741,0.0
-3.529372,50,424.618863,0.0
-4.158244,50,424.653654,0.0
-3.572187,50,424.688585,0.0
-3.787031,50,424.724935,0.0
-4.131377,50,424.760199,0.0
-3.181968,50,424.796102,0.0
-4.198769,50,424.831447,0.0
-3.674027,50,424.866993,0.0
-4.05535,50,424.902683,0.0
-4.173227,50,424.938412,0.0
-4.376696,50,424.974109,0.0
-3.594449,50,425.009615,0.0
-3.976815,50,425.044953,0.0
-4.467149,50,425.080257,0.0
-3.765385,50,425.115501,0.0
-4.426498,50,425.150893,0.0
-3.533313,50,425.185931,0.0
-4.621355,50,425.221017,0.0
-3.663928,50,425.256192,0.0
-4.180626,50,425.291558,0.0
-3.655565,50,425.326922,0.0
-4.004458,50,425.362574,0.0
-3.9367,50,425.512253,0.0
-3.611539,50,425.547865,0.0
-3.925286,50,425.583481,0.0
-3.487832,50,425.619145,0.0
-4.504651,50,425.654493,0.0
-3.757229,50,425.689516,0.0
-4.48219,50,425.725167,0.0
-3.9548,50,425.7606,0.0
-4.130283,50,425.796479,0.0
-4.098158,50,425.832179,0.0
-4.060881,50,425.867748,0.0
-4.430263,50,425.903229,0.0
-3.782932,50,425.938891,0.0
-4.184969,50,425.974216,0.0
-3.675688,50,426.009333,0.0
-4.128789,50,426.044587,0.0
-3.64283,50,426.079718,0.0
-4.006275,50,426.115117,0.0
-3.897654,50,426.150338,0.0
-4.027529,50,426.185569,0.0
-4.714479,50,426.220774,0.0
-4.875408,50,426.256242,0.0
-4.902845,50,426.290667,0.0
-3.737501,50,426.687172,0.0
-3.858976,50,426.722684,0.0
-3.558792,50,426.757906,0.0
-3.763523,50,426.793241,0.0
-4.498209,50,426.828343,0.0
-3.736246,50,426.863239,0.0
-3.998579,50,426.898241,0.0
-3.711284,50,426.933329,0.0
-4.061117,50,426.968664,0.0
-3.439079,50,427.003915,0.0
-3.928452,50,427.039674,0.0
-4.129077,50,427.075371,0.0
-3.880008,50,427.111081,0.0
-3.604566,50,427.147965,0.0
-4.00143,50,427.183673,0.0
-3.698187,50,427.219334,0.0
-3.799405,50,427.255707,0.0
-4.013644,50,427.29126,0.0
-3.58303,50,427.439923,0.0
-4.103019,50,427.475499,0.0
-4.201199,50,427.510618,0.0
-4.270841,50,427.545696,0.0
-3.903197,50,427.58113,0.0
-4.177905,50,427.616002,0.0
-4.324428,50,427.650667,0.0
-3.972699,50,427.685628,0.0
-4.711032,50,427.720657,0.0
-4.047267,50,427.755698,0.0
-3.903737,50,427.792152,0.0
-3.435008,50,427.827134,0.0
-3.531301,50,427.863226,0.0
-3.726358,50,427.899136,0.0
-3.358284,50,427.934962,0.0
-3.738067,50,427.970305,0.0
-3.585245,50,428.005668,0.0
-3.706442,50,428.041006,0.0
-3.390768,50,428.076979,0.0
-4.066802,50,428.112412,0.0
-4.018656,50,428.147377,0.0
-3.352156,50,428.182428,0.0
-4.367673,50,428.217603,0.0
-3.852583,50,428.25262,0.0
-3.897552,50,428.287919,0.0
-4.187173,50,428.323681,0.0
-4.438138,50,428.359247,0.0
-3.561197,50,428.395277,0.0
-3.752755,50,428.430819,0.0
-3.45778,50,428.466272,0.0
-3.918012,50,428.5015,0.0
-4.002126,50,428.537012,0.0
-3.987409,50,428.571892,0.0
-4.224978,50,428.607346,0.0
-4.334981,50,428.64255,0.0
-3.572094,50,428.677626,0.0
-3.785419,50,428.712955,0.0
-3.695068,50,428.748092,0.0
-3.678663,50,428.782687,0.0
-3.558516,50,428.817467,0.0
-4.449498,50,428.853798,0.0
-3.964259,50,429.007789,0.0
-3.876285,50,429.043595,0.0
-4.072561,50,429.079003,0.0
-4.309796,50,429.115721,0.0
-3.637281,50,429.151353,0.0
-3.966257,50,429.185952,0.0
-3.853247,50,429.221542,0.0
-4.005662,50,429.257097,0.0
-3.557244,50,429.292312,0.0
-3.970099,50,429.327947,0.0
-3.784044,50,429.363662,0.0
-3.997757,50,429.398815,0.0
-4.869098,50,429.434784,0.0
-4.372862,50,429.471179,0.0
-4.047057,50,429.506911,0.0
-3.737517,50,429.542368,0.0
-3.75869,50,429.57774,0.0
-3.80927,50,429.613061,0.0
-3.903648,50,429.650179,0.0
-3.768176,50,429.685985,0.0
-3.964099,50,429.722641,0.0
-3.98503,50,429.758636,0.0
-3.782301,50,429.79371,0.0
-4.034004,50,429.828787,0.0
-3.697156,50,429.864373,0.0
-3.683939,50,429.899949,0.0
-4.90446,50,429.935367,0.0
-3.894749,50,429.970816,0.0
-3.656537,50,430.006075,0.0
-4.32249,50,430.042355,0.0
-4.049687,50,430.078077,0.0
-3.723262,50,430.1139,0.0
-4.309253,50,430.148888,0.0
-3.848583,50,430.184064,0.0
-3.374791,50,430.219359,0.0
-3.177794,50,430.254403,0.0
-3.962777,50,430.289749,0.0
-4.725782,50,430.324565,0.0
-3.788803,50,430.359667,0.0
-3.528858,50,430.394914,0.0
-3.989963,50,430.429933,0.0
-4.134241,50,430.581243,0.0
-4.06644,50,430.617843,0.0
-4.044521,50,430.652916,0.0
-3.824299,50,430.688219,0.0
-3.898341,50,430.723129,0.0
-4.606023,50,430.758367,0.0
-3.786787,50,430.793602,0.0
-3.83928,50,430.82899,0.0
-4.209753,50,430.864355,0.0
-4.751537,50,430.899796,0.0
-3.625935,50,430.935189,0.0
-4.317745,50,430.970285,0.0
-3.976484,50,431.005166,0.0
-4.176854,50,431.04035,0.0
-4.084318,50,431.075521,0.0
-2.953941,50,431.110792,0.0
-3.946285,50,431.145798,0.0
-3.821904,50,431.180757,0.0
-3.711098,50,431.215418,0.0
-3.090048,50,431.25041,0.0
-4.699117,50,431.28523,0.0
-3.533515,50,431.320305,0.0
-4.591867,50,431.355375,0.0
-3.612342,50,431.39067,0.0
-3.763112,50,431.425788,0.0
-3.918975,50,431.460756,0.0
-3.793891,50,431.495859,0.0
-4.322778,50,431.531001,0.0
-3.46237,50,431.566285,0.0
-3.702033,50,431.600994,0.0
-4.183953,50,431.636469,0.0
-4.1218,50,431.671498,0.0
-4.216897,50,431.706543,0.0
-4.239055,50,431.74127,0.0
-4.455924,50,431.776935,0.0
-3.826514,50,431.81208,0.0
-3.687626,50,431.847066,0.0
-3.440036,50,431.882755,0.0
-3.599287,50,431.917904,0.0
-3.942632,50,431.95318,0.0
-4.039684,50,431.987912,0.0
-4.742452,50,432.136618,0.0
-4.495792,50,432.171574,0.0
-3.658651,50,432.206826,0.0
-3.671783,50,432.2416,0.0
-3.735684,50,432.276765,0.0
-3.256226,50,432.311937,0.0
-3.900034,50,432.346746,0.0
-3.539972,50,432.381967,0.0
-3.952214,50,432.41724,0.0
-3.856717,50,432.452531,0.0
-3.782797,50,432.487935,0.0
-4.501703,50,432.522778,0.0
-3.656265,50,432.557944,0.0
-3.512491,50,432.592758,0.0
-3.898104,50,432.627836,0.0
-4.201013,50,432.663094,0.0
-3.872993,50,432.697815,0.0
-4.050884,50,432.732606,0.0
-4.411148,50,432.767303,0.0
-3.631356,50,432.801909,0.0
-3.76942,50,432.836763,0.0
-4.452165,50,432.871944,0.0
-3.598457,50,432.906821,0.0
-3.366363,50,432.941606,0.0
-3.83625,50,432.97618,0.0
-3.624259,50,433.010937,0.0
-3.519106,50,433.045923,0.0
-4.670305,50,433.080708,0.0
-4.220046,50,433.115721,0.0
-3.700381,50,433.150534,0.0
-4.593841,50,433.18527,0.0
-4.259052,50,433.220422,0.0
-4.042798,50,433.255119,0.0
-3.82387,50,433.290228,0.0
-4.227592,50,433.325236,0.0
-3.616255,50,433.360121,0.0
-3.84603,50,433.395378,0.0
-4.574399,50,433.430516,0.0
-4.110065,50,433.465631,0.0
-3.806706,50,433.501143,0.0
-4.025517,50,433.536522,0.0
-3.925971,50,433.688878,0.0
-3.670382,50,433.724654,0.0
-3.793262,50,433.760419,0.0
-3.886029,50,433.795835,0.0
-3.751735,50,433.831103,0.0
-4.352923,50,433.866407,0.0
-4.199017,50,433.902074,0.0
-4.152724,50,433.937215,0.0
-3.950769,50,433.972436,0.0
-3.804638,50,434.008008,0.0
-4.993796,50,434.043201,0.0
-4.680701,50,434.078235,0.0
-4.1455,50,434.113458,0.0
-3.796545,50,434.148565,0.0
-3.552197,50,434.183887,0.0
-3.559879,50,434.219205,0.0
-4.174823,50,434.254401,0.0
-3.347847,50,434.289368,0.0
-3.720438,50,434.324443,0.0
-4.193207,50,434.359433,0.0
-3.883839,50,434.395622,0.0
-4.351067,50,434.430995,0.0
-4.243254,50,434.466147,0.0
-4.460036,50,434.50128,0.0
-3.901118,50,434.536921,0.0
-4.187933,50,434.572336,0.0
-4.454587,50,434.607512,0.0
-3.210508,50,434.643098,0.0
-3.804448,50,434.678629,0.0
-4.12926,50,434.714028,0.0
-4.480929,50,434.748926,0.0
-3.549538,50,434.784,0.0
-4.47376,50,434.819063,0.0
-4.027426,50,434.854014,0.0
-3.636431,50,434.889104,0.0
-3.812061,50,434.92448,0.0
-3.47494,50,434.959575,0.0
-3.806078,50,434.99472,0.0
-3.846006,50,435.029624,0.0
-3.817317,50,435.063784,0.0
-3.661477,50,435.098715,0.0
-3.919415,50,435.247858,0.0
-3.410841,50,435.28299,0.0
-3.278765,50,435.318233,0.0
-3.8173,50,435.353042,0.0
-3.834733,50,435.388184,0.0
-4.384087,50,435.423604,0.0
-4.425083,50,435.458589,0.0
-3.520047,50,435.493905,0.0
-4.44788,50,435.52927,0.0
-3.780637,50,435.56453,0.0
-4.062887,50,435.599764,0.0
-3.65313,50,435.635371,0.0
-4.260159,50,435.670597,0.0
-3.41969,50,435.705578,0.0
-4.576511,50,435.740669,0.0
-3.200492,50,435.775534,0.0
-3.95104,50,435.811159,0.0
-4.148836,50,435.846672,0.0
-4.300553,50,435.882351,0.0
-3.006385,50,435.917753,0.0
-4.178814,50,435.952609,0.0
-4.792522,50,435.988111,0.0
-3.946669,50,436.023641,0.0
-4.80538,50,436.058751,0.0
-4.458525,50,436.093787,0.0
-4.012718,50,436.12887,0.0
-3.670183,50,436.163839,0.0
-3.804565,50,436.199217,0.0
-4.242232,50,436.234669,0.0
-3.638631,50,436.269615,0.0
-4.375419,50,436.304753,0.0
-3.555387,50,436.339865,0.0
-3.824404,50,436.374837,0.0
-3.157594,50,436.410342,0.0
-4.548786,50,436.445816,0.0
-3.433732,50,436.480941,0.0
-4.286141,50,436.516643,0.0
-3.282764,50,436.551709,0.0
-3.600845,50,436.587043,0.0
-4.097645,50,436.622177,0.0
-3.70555,50,436.657271,0.0
-3.61941,50,436.805659,0.0
-3.492998,50,436.840425,0.0
-3.68137,50,436.875897,0.0
-3.929681,50,436.910932,0.0
-3.711871,50,436.945991,0.0
-4.030308,50,436.980932,0.0
-3.408088,50,437.015609,0.0
-3.790963,50,437.050958,0.0
-3.787392,50,437.086161,0.0
-3.583682,50,437.121737,0.0
-3.921949,50,437.156718,0.0
-4.104461,50,437.19197,0.0
-3.732131,50,437.226925,0.0
-3.874557,50,437.262143,0.0
-4.073814,50,437.296986,0.0
-3.754847,50,437.332139,0.0
-4.673127,50,437.367405,0.0
-4.100039,50,437.402374,0.0
-3.71148,50,437.437339,0.0
-4.184593,50,437.472421,0.0
-4.17203,50,437.507792,0.0
-4.211271,50,437.542902,0.0
-3.72719,50,437.578218,0.0
-4.346204,50,437.613395,0.0
-3.955679,50,437.64853,0.0
-4.249386,50,437.68345,0.0
-3.143136,50,437.718425,0.0
-4.157098,50,437.754314,0.0
-3.721861,50,437.79074,0.0
-4.183527,50,437.826241,0.0
-4.558232,50,437.861436,0.0
-3.877069,50,437.896642,0.0
-3.625176,50,437.931845,0.0
-4.389311,50,437.966867,0.0
-4.065938,50,438.001409,0.0
-3.491336,50,438.036649,0.0
-3.565966,50,438.072194,0.0
-3.974704,50,438.107287,0.0
-4.065989,50,438.142406,0.0
-3.920713,50,438.177543,0.0
-3.629071,50,438.326531,0.0
-4.543408,50,438.362163,0.0
-4.006437,50,438.399563,0.0
-4.050308,50,438.435177,0.0
-3.548783,50,438.470401,0.0
-3.732222,50,438.505637,0.0
-4.339214,50,438.540906,0.0
-3.569407,50,438.57631,0.0
-3.954976,50,438.611547,0.0
-3.929938,50,438.645902,0.0
-4.336427,50,438.680924,0.0
-4.004474,50,438.715827,0.0
-3.83888,50,438.751063,0.0
-4.134566,50,438.786386,0.0
-3.840197,50,438.821594,0.0
-3.781758,50,438.856592,0.0
-3.449899,50,438.892033,0.0
-4.299532,50,438.927189,0.0
-4.401468,50,438.961999,0.0
-3.983883,50,438.996981,0.0
-3.624722,50,439.031769,0.0
-3.745504,50,439.06673,0.0
-3.575062,50,439.102254,0.0
-4.102326,50,439.137223,0.0
-3.926702,50,439.172647,0.0
-3.53891,50,439.207632,0.0
-3.963027,50,439.242582,0.0
-4.315223,50,439.277557,0.0
-3.259858,50,439.312607,0.0
-3.895089,50,439.34765,0.0
-3.622126,50,439.382738,0.0
-3.916601,50,439.417912,0.0
-4.416352,50,439.453035,0.0
-4.470864,50,439.488293,0.0
-4.057487,50,439.523047,0.0
-4.43512,50,439.55811,0.0
-4.473969,50,439.59351,0.0
-4.574519,50,439.628347,0.0
-3.80748,50,439.663372,0.0
-3.983222,50,439.698763,0.0
-4.822242,50,439.734193,0.0
-4.404726,50,439.884574,0.0
-3.699038,50,439.920174,0.0
-4.079943,50,439.955579,0.0
-4.084459,50,439.990449,0.0
-3.789117,50,440.025571,0.0
-3.984118,50,440.060577,0.0
-3.885754,50,440.096125,0.0
-3.793393,50,440.131414,0.0
-4.169403,50,440.166551,0.0
-3.796586,50,440.201817,0.0
-4.287746,50,440.236875,0.0
-3.808495,50,440.27204,0.0
-3.595787,50,440.307251,0.0
-3.759179,50,440.342628,0.0
-3.631913,50,440.377726,0.0
-3.881031,50,440.412775,0.0
-3.764598,50,440.447593,0.0
-4.420653,50,440.482431,0.0
-4.419784,50,440.517736,0.0
-4.574419,50,440.553974,0.0
-4.052199,50,440.58918,0.0
-4.461785,50,440.624456,0.0
-3.679813,50,440.659234,0.0
-4.567021,50,440.694445,0.0
-3.676976,50,440.729681,0.0
-4.576355,50,440.764898,0.0
-4.010563,50,440.800185,0.0
-4.49557,50,440.835666,0.0
-3.651975,50,440.870507,0.0
-4.163102,50,440.905811,0.0
-3.851891,50,440.940969,0.0
-4.596995,50,440.975592,0.0
-4.104348,50,441.010805,0.0
-4.41892,50,441.045814,0.0
-4.260093,50,441.080778,0.0
-3.626725,50,441.115718,0.0
-3.822719,50,441.150566,0.0
-4.340221,50,441.18566,0.0
-4.073191,50,441.22037,0.0
-4.098013,50,441.255175,0.0
-3.777146,50,441.290165,0.0
-3.731187,50,441.439368,0.0
-3.913057,50,441.47485,0.0
-4.135925,50,441.510072,0.0
-4.367664,50,441.5453,0.0
-3.727361,50,441.580526,0.0
-3.810737,50,441.615471,0.0
-3.837273,50,441.650686,0.0
-3.952286,50,441.685796,0.0
-4.07183,50,441.720796,0.0
-3.842811,50,441.755901,0.0
-4.166404,50,441.790636,0.0
-3.814483,50,441.825943,0.0
-3.688586,50,441.861199,0.0
-4.000964,50,441.896371,0.0
-4.022426,50,441.931699,0.0
-3.370935,50,441.966572,0.0
-3.751017,50,442.001915,0.0
-3.482491,50,442.037473,0.0
-3.6647,50,442.072696,0.0
-3.536209,50,442.108217,0.0
-3.976546,50,442.14346,0.0
-4.982279,50,442.178659,0.0
-3.769139,50,442.213791,0.0
-3.852017,50,442.248577,0.0
-4.761165,50,442.283668,0.0
-3.925764,50,442.319227,0.0
-3.379927,50,442.354646,0.0
-4.929677,50,442.389731,0.0
-3.393778,50,442.424792,0.0
-4.429246,50,442.459712,0.0
-3.32716,50,442.495007,0.0
-4.17739,50,442.530062,0.0
-3.778908,50,442.565263,0.0
-4.240317,50,442.600205,0.0
-4.361347,50,442.63518,0.0
-3.905125,50,442.670489,0.0
-3.890645,50,442.705881,0.0
-3.58031,50,442.740833,0.0
-3.891639,50,442.776071,0.0
-3.546021,50,442.811425,0.0
-3.7227,50,442.846509,0.0
-3.954097,50,442.996408,0.0
-3.582378,50,443.031948,0.0
-4.030598,50,443.067272,0.0
-4.154695,50,443.103005,0.0
-3.962944,50,443.138576,0.0
-4.030477,50,443.17405,0.0
-3.966452,50,443.209471,0.0
-4.170825,50,443.245017,0.0
-3.384746,50,443.280487,0.0
-4.521687,50,443.315722,0.0
-3.791237,50,443.350499,0.0
-3.629104,50,443.385684,0.0
-4.016111,50,443.421031,0.0
-3.753669,50,443.456288,0.0
-4.286616,50,443.491843,0.0
-3.770438,50,443.526788,0.0
-3.84157,50,443.561976,0.0
-3.928404,50,443.597221,0.0
-3.854381,50,443.63211,0.0
-4.151046,50,443.667397,0.0
-3.980509,50,443.702664,0.0
-4.431101,50,443.737789,0.0
-5.060381,50,443.772856,0.0
-4.100322,50,443.807766,0.0
-4.182802,50,443.84284,0.0
-3.986353,50,443.878012,0.0
-4.075432,50,443.913279,0.0
-3.977373,50,443.94856,0.0
-3.679243,50,443.983412,0.0
-4.073502,50,444.018585,0.0
-4.34247,50,444.054277,0.0
-4.610793,50,444.089689,0.0
-4.059942,50,444.124435,0.0
-3.741513,50,444.159303,0.0
-3.604544,50,444.194141,0.0
-3.581861,50,444.228981,0.0
-3.690186,50,444.264106,0.0
-3.552635,50,444.299041,0.0
-4.402962,50,444.33418,0.0
-3.680743,50,444.369344,0.0
-3.586525,50,444.404371,0.0
-4.45074,50,444.552891,0.0
-3.662142,50,444.588346,0.0
-3.37521,50,444.62379,0.0
-4.554065,50,444.658802,0.0
-3.608805,50,444.693928,0.0
-4.232086,50,444.729014,0.0
-4.148415,50,444.76387,0.0
-4.221954,50,444.798949,0.0
-3.684746,50,444.834409,0.0
-3.838041,50,444.869984,0.0
-4.242973,50,444.905651,0.0
-4.215765,50,444.940472,0.0
-3.734606,50,444.975543,0.0
-4.286573,50,445.010572,0.0
-4.24104,50,445.045793,0.0
-3.762301,50,445.080644,0.0
-3.679492,50,445.115473,0.0
-3.900601,50,445.150418,0.0
-3.879325,50,445.185496,0.0
-4.400363,50,445.220261,0.0
-3.586507,50,445.255369,0.0
-4.12696,50,445.290388,0.0
-4.114754,50,445.325468,0.0
-3.9156,50,445.361082,0.0
-3.716434,50,445.39619,0.0
-3.386894,50,445.431338,0.0
-3.767792,50,445.466528,0.0
-3.634103,50,445.501994,0.0
-4.31579,50,445.536936,0.0
-3.568282,50,445.572104,0.0
-4.087293,50,445.607112,0.0
-4.574805,50,445.641952,0.0
-3.933463,50,445.677391,0.0
-4.20594,50,445.712369,0.0
-3.608832,50,445.747894,0.0
-3.985172,50,445.783088,0.0
-3.962208,50,445.818607,0.0
-3.779076,50,445.854379,0.0
-4.319747,50,445.890303,0.0
-3.4513,50,445.925306,0.0
-3.561026,50,445.960366,0.0
-3.308613,50,446.108061,0.0
-3.784342,50,446.143223,0.0
-4.303162,50,446.178072,0.0
-4.254214,50,446.213104,0.0
-3.967302,50,446.248367,0.0
-4.11378,50,446.283251,0.0
-4.106302,50,446.318514,0.0
-4.357118,50,446.353409,0.0
-4.039293,50,446.388936,0.0
-4.535146,50,446.424157,0.0
-4.072866,50,446.459637,0.0
-3.764003,50,446.495532,0.0
-3.782804,50,446.530917,0.0
-3.868685,50,446.565871,0.0
-3.465509,50,446.601078,0.0
-3.795649,50,446.636065,0.0
-4.493523,50,446.671274,0.0
-3.857016,50,446.706535,0.0
-3.563047,50,446.741888,0.0
-4.561009,50,446.777073,0.0
-4.134547,50,446.812677,0.0
-4.236649,50,446.847965,0.0
-3.72094,50,446.883499,0.0
-4.046807,50,446.918855,0.0
-4.498173,50,446.953951,0.0
-3.473715,50,446.989186,0.0
-3.657664,50,447.024178,0.0
-3.739744,50,447.058831,0.0
-3.616627,50,447.094237,0.0
-4.998618,50,447.129929,0.0
-4.169483,50,447.165227,0.0
-3.735982,50,447.200675,0.0
-4.420138,50,447.235733,0.0
-3.55461,50,447.270969,0.0
-4.602666,50,447.305819,0.0
-3.443671,50,447.340938,0.0
-3.75895,50,447.376326,0.0
-4.266944,50,447.41172,0.0
-3.433639,50,447.446595,0.0
-4.348106,50,447.482124,0.0
-4.230948,50,447.517331,0.0
-4.047632,50,447.66546,0.0
-4.293139,50,447.700607,0.0
-4.089572,50,447.735845,0.0
-3.677791,50,447.771079,0.0
-3.898605,50,447.805777,0.0
-3.819151,50,447.841455,0.0
-4.324117,50,447.876716,0.0
-4.098524,50,447.911888,0.0
-3.978812,50,447.946988,0.0
-3.688804,50,447.982151,0.0
-3.625541,50,448.017039,0.0
-3.900638,50,448.052624,0.0
-4.55217,50,448.088099,0.0
-3.772127,50,448.123091,0.0
-4.338898,50,448.158367,0.0
-3.775858,50,448.193548,0.0
-3.767835,50,448.229204,0.0
-3.678729,50,448.264645,0.0
-3.698359,50,448.299938,0.0
-4.088318,50,448.335063,0.0
-3.553737,50,448.370433,0.0
-4.125096,50,448.405615,0.0
-4.361147,50,448.44174,0.0
-3.796374,50,448.477131,0.0
-3.734934,50,448.512023,0.0
-3.89215,50,448.547089,0.0
-3.822717,50,448.581813,0.0
-3.954806,50,448.616843,0.0
-4.053595,50,448.651971,0.0
-4.257294,50,448.686944,0.0
-4.359681,50,448.722083,0.0
-3.629013,50,448.757192,0.0
-4.296742,50,448.79204,0.0
-3.599493,50,448.826945,0.0
-4.468041,50,448.862051,0.0
-3.654695,50,448.897486,0.0
-4.1251,50,448.932801,0.0
-4.0601,50,448.968091,0.0
-3.738423,50,449.003572,0.0
-3.377152,50,449.038698,0.0
-3.653494,50,449.073775,0.0
-4.318388,50,449.222228,0.0
-3.843118,50,449.25721,0.0
-3.908792,50,449.292548,0.0
-4.075289,50,449.327603,0.0
-3.786206,50,449.363431,0.0
-3.834783,50,449.398595,0.0
-3.810104,50,449.433737,0.0
-3.62591,50,449.468554,0.0
-3.845267,50,449.50393,0.0
-4.044494,50,449.539277,0.0
-3.908587,50,449.574464,0.0
-4.19176,50,449.609785,0.0
-4.06957,50,449.644943,0.0
-3.613486,50,449.680606,0.0
-3.626577,50,449.715948,0.0
-3.734486,50,449.751394,0.0
-3.741829,50,449.78719,0.0
-4.357585,50,449.822294,0.0
-3.954288,50,449.857752,0.0
-3.316635,50,449.893246,0.0
-3.931322,50,449.928505,0.0
-4.094489,50,449.964215,0.0
-3.726145,50,449.999797,0.0
-3.916712,50,450.035125,0.0
-4.230498,50,450.070296,0.0
-4.143069,50,450.105742,0.0
-3.693012,50,450.141079,0.0
-3.907963,50,450.176679,0.0
-3.858635,50,450.211941,0.0
-3.757553,50,450.246833,0.0
-4.811857,50,450.281744,0.0
-4.237562,50,450.317085,0.0
-3.980828,50,450.351602,0.0
-4.385404,50,450.386707,0.0
-4.130428,50,450.422082,0.0
-3.75011,50,450.457303,0.0
-4.131663,50,450.492617,0.0
-3.670213,50,450.527414,0.0
-4.683237,50,450.562309,0.0
-4.133996,50,450.597171,0.0
-3.984027,50,450.63231,0.0
-3.545213,50,450.780322,0.0
-3.630472,50,450.815841,0.0
-3.827406,50,450.851008,0.0
-4.196188,50,450.885986,0.0
-3.764572,50,450.92166,0.0
-4.386623,50,450.95698,0.0
-3.957043,50,450.9922,0.0
-3.702739,50,451.027515,0.0
-3.580731,50,451.062395,0.0
-3.878592,50,451.09774,0.0
-3.26743,50,451.132579,0.0
-3.773568,50,451.167669,0.0
-3.539448,50,451.202737,0.0
-3.901523,50,451.237574,0.0
-3.886265,50,451.272701,0.0
-4.132656,50,451.307635,0.0
-4.242453,50,451.342814,0.0
-4.260076,50,451.378593,0.0
-3.358889,50,451.414071,0.0
-4.185958,50,451.44948,0.0
-3.90197,50,451.484752,0.0
-3.899633,50,451.51994,0.0
-4.262872,50,451.555043,0.0
-4.020747,50,451.590461,0.0
-4.237678,50,451.62532,0.0
-4.035153,50,451.660061,0.0
-3.995411,50,451.695437,0.0
-3.350967,50,451.731355,0.0
-3.81013,50,451.766462,0.0
-3.52191,50,451.802054,0.0
-4.261156,50,451.837054,0.0
-4.081677,50,451.871807,0.0
-4.073258,50,451.906857,0.0
-3.697286,50,451.941767,0.0
-4.13059,50,451.977058,0.0
-3.703454,50,452.012166,0.0
-4.044752,50,452.047077,0.0
-4.400155,50,452.082031,0.0
-3.698819,50,452.117134,0.0
-4.031986,50,452.15217,0.0
-3.971837,50,452.187093,0.0
-4.164778,50,452.336614,0.0
-3.89859,50,452.371764,0.0
-3.616042,50,452.406917,0.0
-3.457774,50,452.442812,0.0
-4.509433,50,452.477923,0.0
-4.145714,50,452.513028,0.0
-3.76427,50,452.54802,0.0
-3.608539,50,452.58302,0.0
-3.642839,50,452.618213,0.0
-3.546543,50,452.653156,0.0
-3.919812,50,452.687743,0.0
-3.919538,50,452.722436,0.0
-3.673435,50,452.757855,0.0
-3.574733,50,452.792928,0.0
-4.081313,50,452.827795,0.0
-3.913396,50,452.86258,0.0
-3.710987,50,452.898405,0.0
-4.316504,50,452.933439,0.0
-4.18018,50,452.9684,0.0
-3.605052,50,453.003916,0.0
-3.878073,50,453.038603,0.0
-4.299974,50,453.073453,0.0
-3.981878,50,453.108868,0.0
-3.748614,50,453.143956,0.0
-4.307652,50,453.179051,0.0
-4.228767,50,453.213735,0.0
-3.721857,50,453.248507,0.0
-4.220345,50,453.28372,0.0
-4.238606,50,453.318741,0.0
-4.202456,50,453.353894,0.0
-3.950677,50,453.389,0.0
-3.672341,50,453.424241,0.0
-3.624818,50,453.459339,0.0
-3.930759,50,453.494364,0.0
-3.919028,50,453.529545,0.0
-3.505221,50,453.56454,0.0
-3.851361,50,453.599388,0.0
-4.736006,50,453.634213,0.0
-3.864402,50,453.670222,0.0
-3.906986,50,453.705272,0.0
-3.07462,50,453.740217,0.0
-3.434434,50,453.890285,0.0
-4.314479,50,453.925795,0.0
-4.017947,50,453.961456,0.0
-3.747161,50,453.997022,0.0
-3.857774,50,454.032196,0.0
-4.635747,50,454.066987,0.0
-4.015524,50,454.102304,0.0
-3.804814,50,454.137753,0.0
-3.578365,50,454.173524,0.0
-3.853725,50,454.208958,0.0
-2.977123,50,454.244181,0.0
-4.022841,50,454.27907,0.0
-3.732569,50,454.314038,0.0
-3.098142,50,454.34908,0.0
-4.103002,50,454.383963,0.0
-4.340689,50,454.419469,0.0
-3.602366,50,454.454562,0.0
-3.884217,50,454.490298,0.0
-3.844812,50,454.525915,0.0
-4.22177,50,454.560925,0.0
-3.668826,50,454.595694,0.0
-4.740408,50,454.630787,0.0
-3.530602,50,454.665919,0.0
-4.487834,50,454.700557,0.0
-4.452968,50,454.735353,0.0
-4.227207,50,454.770232,0.0
-4.339798,50,454.805138,0.0
-4.392577,50,454.840576,0.0
-3.358503,50,454.875501,0.0
-3.55996,50,454.910838,0.0
-4.079473,50,454.945918,0.0
-4.024988,50,454.98073,0.0
-4.202054,50,455.016058,0.0
-3.859919,50,455.051091,0.0
-4.317331,50,455.085837,0.0
-3.954882,50,455.120716,0.0
-4.100415,50,455.155605,0.0
-4.092973,50,455.190721,0.0
-3.522374,50,455.225693,0.0
-3.883763,50,455.26028,0.0
-3.829057,50,455.294796,0.0
-3.767072,50,455.444952,0.0
-4.31051,50,455.481139,0.0
-3.932374,50,455.516329,0.0
-4.185067,50,455.552316,0.0
-4.239412,50,455.587686,0.0
-3.9296,50,455.622504,0.0
-4.288691,50,455.657808,0.0
-3.838203,50,455.693395,0.0
-4.106558,50,455.728832,0.0
-4.367116,50,455.764139,0.0
-4.055802,50,455.799464,0.0
-3.665903,50,455.834483,0.0
-4.027356,50,455.869993,0.0
-3.624911,50,455.905078,0.0
-4.181261,50,455.940458,0.0
-4.30654,50,455.975696,0.0
-3.761421,50,456.011171,0.0
-3.887072,50,456.046712,0.0
-4.231216,50,456.082302,0.0
-3.87776,50,456.117263,0.0
-3.98096,50,456.15243,0.0
-3.201907,50,456.187015,0.0
-4.51883,50,456.221813,0.0
-4.288816,50,456.256749,0.0
-3.868947,50,456.291608,0.0
-3.655242,50,456.326687,0.0
-3.432739,50,456.362258,0.0
-4.067457,50,456.397814,0.0
-4.108643,50,456.432994,0.0
-3.956835,50,456.468128,0.0
-4.292124,50,456.503874,0.0
-4.035013,50,456.539268,0.0
-3.791244,50,456.574508,0.0
-3.612305,50,456.609405,0.0
-3.200266,50,456.644498,0.0
-3.897947,50,456.679816,0.0
-3.931695,50,456.715143,0.0
-4.242619,50,456.750081,0.0
-3.556459,50,456.785068,0.0
-4.099079,50,456.82005,0.0
-3.734633,50,456.855446,0.0
-4.039974,50,457.004429,0.0
-3.929707,50,457.039966,0.0
-4.52001,50,457.074954,0.0
-3.733675,50,457.109972,0.0
-4.344283,50,457.14501,0.0
-3.523589,50,457.180107,0.0
-4.426018,50,457.215099,0.0
-3.482394,50,457.249369,0.0
-3.472998,50,457.286515,0.0
-3.588144,50,457.322927,0.0
-4.374519,50,457.35881,0.0
-3.38131,50,457.393614,0.0
-4.010804,50,457.428778,0.0
-3.684555,50,457.464102,0.0
-3.505929,50,457.499486,0.0
-3.549313,50,457.534756,0.0
-3.873901,50,457.570238,0.0
-4.104172,50,457.605005,0.0
-3.837595,50,457.640453,0.0
-3.60845,50,457.676237,0.0
-4.758635,50,457.711975,0.0
-4.106387,50,457.747188,0.0
-3.72003,50,457.782844,0.0
-3.379804,50,457.818225,0.0
-3.62338,50,457.853561,0.0
-3.688572,50,457.888806,0.0
-4.306086,50,457.923885,0.0
-3.458887,50,457.959293,0.0
-3.749978,50,457.99452,0.0
-4.337965,50,458.029357,0.0
-3.940294,50,458.064364,0.0
-4.189881,50,458.099553,0.0
-3.759132,50,458.134793,0.0
-4.241343,50,458.169964,0.0
-3.547179,50,458.205527,0.0
-3.95521,50,458.241114,0.0
-4.546765,50,458.276305,0.0
-3.489976,50,458.311748,0.0
-4.114852,50,458.346899,0.0
-3.682077,50,458.382119,0.0
-4.193151,50,458.417657,0.0
-4.151977,50,458.5679,0.0
-4.101199,50,458.603552,0.0
-4.793157,50,458.638797,0.0
-4.021778,50,458.674275,0.0
-3.251538,50,458.709438,0.0
-3.972557,50,458.744419,0.0
-4.3713,50,458.779606,0.0
-4.250012,50,458.814843,0.0
-3.63606,50,458.849549,0.0
-3.814851,50,458.885228,0.0
-3.920461,50,458.920775,0.0
-4.244113,50,458.955805,0.0
-3.568425,50,458.991187,0.0
-4.047277,50,459.026197,0.0
-3.807727,50,459.061337,0.0
-3.87,50,459.096728,0.0
-4.111737,50,459.131899,0.0
-4.111806,50,459.167276,0.0
-4.046299,50,459.20249,0.0
-3.579475,50,459.23691,0.0
-3.8254,50,459.272412,0.0
-3.880884,50,459.30741,0.0
-3.799849,50,459.34285,0.0
-3.761848,50,459.378409,0.0
-4.237463,50,459.413416,0.0
-3.926711,50,459.449061,0.0
-3.429394,50,459.484865,0.0
-3.382949,50,459.520139,0.0
-3.856036,50,459.554862,0.0
-4.091924,50,459.590157,0.0
-3.773127,50,459.625526,0.0
-3.864599,50,459.660618,0.0
-4.179095,50,459.695893,0.0
-3.687779,50,459.730891,0.0
-4.212081,50,459.7661,0.0
-4.113725,50,459.801645,0.0
-3.541067,50,459.836896,0.0
-4.480892,50,459.872291,0.0
-4.308042,50,459.90737,0.0
-4.197685,50,459.942163,0.0
-3.636958,50,459.977465,0.0
-4.190603,50,460.125224,0.0
-3.387988,50,460.160564,0.0
-4.434319,50,460.195923,0.0
-4.291316,50,460.231212,0.0
-3.920967,50,460.266228,0.0
-4.067687,50,460.301472,0.0
-3.996993,50,460.336497,0.0
-3.929005,50,460.372374,0.0
-3.56749,50,460.407848,0.0
-3.774886,50,460.443374,0.0
-3.399519,50,460.478541,0.0
-4.167257,50,460.51387,0.0
-3.938313,50,460.549178,0.0
-3.772282,50,460.584688,0.0
-3.560411,50,460.619977,0.0
-3.732163,50,460.655391,0.0
-3.537739,50,460.690371,0.0
-4.026022,50,460.725583,0.0
-4.257574,50,460.760689,0.0
-3.900124,50,460.795798,0.0
-4.183821,50,460.830184,0.0
-3.841047,50,460.86518,0.0
-3.752657,50,460.900547,0.0
-3.982896,50,460.935921,0.0
-3.857491,50,460.970948,0.0
-3.62651,50,461.006497,0.0
-3.579187,50,461.041839,0.0
-3.629307,50,461.077145,0.0
-3.847571,50,461.112386,0.0
-3.964092,50,461.147473,0.0
-4.346561,50,461.182499,0.0
-3.98432,50,461.217632,0.0
-3.533552,50,461.252725,0.0
-3.556871,50,461.28771,0.0
-3.910103,50,461.322761,0.0
-4.419999,50,461.358143,0.0
-4.097621,50,461.39361,0.0
-3.900233,50,461.428758,0.0
-3.882124,50,461.463809,0.0
-4.347542,50,461.499201,0.0
-4.169257,50,461.534324,0.0
-4.202464,50,461.68347,0.0
-3.858582,50,461.718688,0.0
-3.715552,50,461.75371,0.0
-3.939659,50,461.78891,0.0
-4.591406,50,461.824091,0.0
-3.634288,50,461.859935,0.0
-4.133889,50,461.895268,0.0
-3.657167,50,461.930441,0.0
-3.413236,50,461.965567,0.0
-3.711706,50,462.000277,0.0
-3.870776,50,462.03567,0.0
-4.17185,50,462.070733,0.0
-3.857927,50,462.105607,0.0
-3.789764,50,462.1403,0.0
-3.869054,50,462.175072,0.0
-4.112649,50,462.210273,0.0
-4.490196,50,462.245652,0.0
-3.71913,50,462.281011,0.0
-3.880492,50,462.316333,0.0
-3.919269,50,462.352005,0.0
-3.789049,50,462.387149,0.0
-4.180995,50,462.422376,0.0
-3.791936,50,462.458494,0.0
-3.921596,50,462.494086,0.0
-3.766651,50,462.528835,0.0
-4.117493,50,462.564163,0.0
-3.265327,50,462.599212,0.0
-4.320396,50,462.633876,0.0
-4.177108,50,462.668883,0.0
-3.885814,50,462.704435,0.0
-3.708615,50,462.739658,0.0
-3.837301,50,462.774931,0.0
-3.384651,50,462.810021,0.0
-3.678497,50,462.845346,0.0
-3.326421,50,462.880637,0.0
-3.784175,50,462.916232,0.0
-4.120793,50,462.95166,0.0
-3.574541,50,462.987018,0.0
-4.088253,50,463.022002,0.0
-3.448784,50,463.056883,0.0
-3.743219,50,463.092138,0.0
-4.322065,50,463.24174,0.0
-5.016391,50,463.27724,0.0
-4.01531,50,463.312907,0.0
-4.160472,50,463.348101,0.0
-4.116799,50,463.383421,0.0
-3.955576,50,463.418987,0.0
-3.750343,50,463.454137,0.0
-3.591234,50,463.489572,0.0
-4.107943,50,463.52486,0.0
-3.607016,50,463.560357,0.0
-3.741394,50,463.5957,0.0
-4.269204,50,463.630693,0.0
-3.707255,50,463.665583,0.0
-3.586193,50,463.70092,0.0
-4.128056,50,463.735882,0.0
-4.04333,50,463.77111,0.0
-3.682577,50,463.806527,0.0
-4.078849,50,463.84129,0.0
-3.447436,50,463.876824,0.0
-4.195341,50,463.911939,0.0
-3.725194,50,463.947308,0.0
-3.760275,50,463.982577,0.0
-3.719515,50,464.018375,0.0
-4.32399,50,464.05332,0.0
-3.942585,50,464.088462,0.0
-3.879429,50,464.124016,0.0
-4.353592,50,464.159369,0.0
-3.405999,50,464.19448,0.0
-3.660788,50,464.229582,0.0
-3.643133,50,464.264287,0.0
-3.917732,50,464.299237,0.0
-3.859447,50,464.334325,0.0
-3.612025,50,464.37011,0.0
-3.878535,50,464.405294,0.0
-4.918496,50,464.440554,0.0
-4.079924,50,464.475934,0.0
-3.339684,50,464.511181,0.0
-3.921267,50,464.546224,0.0
-4.314665,50,464.581248,0.0
-3.353461,50,464.616284,0.0
-3.721845,50,465.015568,0.0
-3.754824,50,465.164794,0.0
-4.181438,50,465.199957,0.0
-3.785333,50,465.235379,0.0
-3.785856,50,465.270342,0.0
-3.670298,50,465.305557,0.0
-3.556255,50,465.340937,0.0
-3.51951,50,465.376584,0.0
-3.827328,50,465.411703,0.0
-3.959681,50,465.447051,0.0
-4.656498,50,465.482456,0.0
-3.719383,50,465.517513,0.0
-4.044679,50,465.552983,0.0
-3.532981,50,465.588617,0.0
-3.746994,50,465.624,0.0
-3.553665,50,465.659326,0.0
-3.423862,50,465.694346,0.0
-3.986988,50,465.729565,0.0
-3.92725,50,465.765148,0.0
-3.908307,50,465.800395,0.0
-3.890799,50,465.835513,0.0
-4.351464,50,465.871094,0.0
-4.362882,50,465.906582,0.0
-4.098471,50,465.941956,0.0
-4.381398,50,465.977121,0.0
-3.713468,50,466.012753,0.0
-4.102687,50,466.04815,0.0
-4.153523,50,466.083286,0.0
-3.497601,50,466.118604,0.0
-3.649258,50,466.153768,0.0
-3.868791,50,466.188513,0.0
-3.991709,50,466.222893,0.0
-4.190311,50,466.257293,0.0
-4.44942,50,466.291725,0.0
-4.133603,50,466.326714,0.0
-3.87928,50,466.361856,0.0
-4.23239,50,466.397211,0.0
-3.731344,50,466.432562,0.0
-3.38365,50,466.467836,0.0
-3.612296,50,466.503902,0.0
-3.745528,50,466.539617,0.0
-3.230169,50,466.574739,0.0
-3.386603,50,466.723658,0.0
-3.782222,50,466.758825,0.0
-4.025926,50,466.794236,0.0
-3.723241,50,466.829466,0.0
-4.188184,50,466.864744,0.0
-3.849422,50,466.899975,0.0
-4.245839,50,466.934973,0.0
-3.6744,50,466.969963,0.0
-3.464565,50,467.005111,0.0
-4.23737,50,467.040156,0.0
-4.057211,50,467.075946,0.0
-3.728636,50,467.11086,0.0
-3.475914,50,467.145832,0.0
-3.43763,50,467.181058,0.0
-3.279332,50,467.216018,0.0
-3.56609,50,467.250853,0.0
-3.806139,50,467.285969,0.0
-4.055115,50,467.320956,0.0
-4.080163,50,467.356215,0.0
-3.491416,50,467.391433,0.0
-4.010196,50,467.426552,0.0
-3.90539,50,467.461588,0.0
-4.666382,50,467.496593,0.0
-3.841481,50,467.531591,0.0
-3.463511,50,467.566758,0.0
-3.726392,50,467.601904,0.0
-3.562675,50,467.637071,0.0
-3.848144,50,467.671939,0.0
-3.718678,50,467.706965,0.0
-3.787549,50,467.742036,0.0
-3.269817,50,467.777138,0.0
-4.273424,50,467.811924,0.0
-4.053449,50,467.847146,0.0
-4.904198,50,467.882237,0.0
-3.460804,50,467.917663,0.0
-4.166235,50,467.952817,0.0
-4.23762,50,467.987852,0.0
-4.158636,50,468.022799,0.0
-3.903544,50,468.057974,0.0
-3.98085,50,468.092627,0.0
-3.471406,50,468.127793,0.0
-4.554775,50,468.275574,0.0
-4.026257,50,468.310596,0.0
-4.349173,50,468.345515,0.0
-4.239521,50,468.38112,0.0
-4.451645,50,468.416033,0.0
-3.71027,50,468.451535,0.0
-4.091512,50,468.487233,0.0
-4.172705,50,468.522244,0.0
-4.242422,50,468.557581,0.0
-4.23247,50,468.592862,0.0
-3.958029,50,468.62758,0.0
-4.186911,50,468.662879,0.0
-4.518189,50,468.698196,0.0
-3.345382,50,468.73292,0.0
-3.467161,50,468.767987,0.0
-3.494778,50,468.803068,0.0
-3.737841,50,468.838232,0.0
-4.201139,50,468.87389,0.0
-3.402793,50,468.909229,0.0
-4.240173,50,468.944953,0.0
-3.35825,50,468.980411,0.0
-3.811971,50,469.015774,0.0
-4.091425,50,469.051185,0.0
-3.449867,50,469.086162,0.0
-4.173336,50,469.121157,0.0
-3.790237,50,469.156373,0.0
-3.934008,50,469.191078,0.0
-4.429778,50,469.22551,0.0
-3.960244,50,469.260386,0.0
-3.943153,50,469.295373,0.0
-3.744562,50,469.330415,0.0
-4.185934,50,469.365531,0.0
-4.095694,50,469.401785,0.0
-4.022961,50,469.43746,0.0
-4.01082,50,469.472693,0.0
-4.726425,50,469.507979,0.0
-3.895917,50,469.543421,0.0
-3.650781,50,469.578654,0.0
-4.410263,50,469.613767,0.0
-3.561916,50,469.649131,0.0
-3.266212,50,469.684183,0.0
-4.707217,50,469.833855,0.0
-3.981153,50,469.869369,0.0
-4.493948,50,469.904483,0.0
-3.73182,50,469.940013,0.0
-4.040463,50,469.974721,0.0
-4.014829,50,470.009705,0.0
-3.704318,50,470.044734,0.0
-4.146209,50,470.079804,0.0
-4.760685,50,470.114769,0.0
-3.855965,50,470.149011,0.0
-3.946208,50,470.184425,0.0
-4.329204,50,470.21918,0.0
-3.819027,50,470.253875,0.0
-4.025511,50,470.288978,0.0
-3.222809,50,470.324252,0.0
-3.893402,50,470.359689,0.0
-3.279575,50,470.394976,0.0
-3.748664,50,470.429839,0.0
-4.210215,50,470.464872,0.0
-4.005973,50,470.500254,0.0
-3.375277,50,470.535191,0.0
-4.982236,50,470.570238,0.0
-3.600315,50,470.605357,0.0
-4.39085,50,470.639673,0.0
-3.525589,50,470.67437,0.0
-4.073939,50,470.709361,0.0
-4.267792,50,470.743781,0.0
-4.494205,50,470.77811,0.0
-4.562538,50,470.812542,0.0
-3.69158,50,470.847683,0.0
-4.246094,50,470.882216,0.0
-3.787678,50,470.917446,0.0
-4.000086,50,470.952941,0.0
-3.890696,50,470.987923,0.0
-3.555022,50,471.0231,0.0
-4.212996,50,471.058059,0.0
-4.322359,50,471.093264,0.0
-4.388849,50,471.128424,0.0
-4.23479,50,471.163681,0.0
-3.802344,50,471.198359,0.0
-4.335837,50,471.232651,0.0
-4.057325,50,471.380105,0.0
-3.594001,50,471.415468,0.0
-3.849462,50,471.45148,0.0
-4.123431,50,471.486599,0.0
-4.482867,50,471.52173,0.0
-3.915961,50,471.557415,0.0
-4.294818,50,471.592743,0.0
-3.210943,50,471.62773,0.0
-3.918306,50,471.66353,0.0
-3.620673,50,471.698604,0.0
-3.356657,50,471.73365,0.0
-3.669313,50,471.768779,0.0
-4.162207,50,471.80361,0.0
-3.960408,50,471.839239,0.0
-3.846656,50,471.874558,0.0
-3.60837,50,471.91008,0.0
-3.562405,50,471.945132,0.0
-4.029925,50,471.980166,0.0
-3.622037,50,472.014971,0.0
-3.896968,50,472.049998,0.0
-4.621585,50,472.08479,0.0
-4.010442,50,472.119749,0.0
-3.704423,50,472.154974,0.0
-3.653203,50,472.190018,0.0
-3.634958,50,472.224814,0.0
-4.738491,50,472.259794,0.0
-3.984491,50,472.295094,0.0
-3.631656,50,472.330309,0.0
-4.372533,50,472.365239,0.0
-3.373024,50,472.399998,0.0
-3.591095,50,472.435492,0.0
-3.598828,50,472.47057,0.0
-3.979733,50,472.505942,0.0
-3.746168,50,472.540979,0.0
-3.87009,50,472.576242,0.0
-3.947247,50,472.611369,0.0
-3.908054,50,472.646273,0.0
-3.494645,50,472.681493,0.0
-4.249628,50,472.716292,0.0
-3.905856,50,472.751234,0.0
-3.941981,50,472.786407,0.0
-3.930528,50,472.93418,0.0
-3.750614,50,472.969775,0.0
-3.552997,50,473.005261,0.0
-3.435949,50,473.040703,0.0
-4.036895,50,473.07675,0.0
-3.828846,50,473.112118,0.0
-3.828898,50,473.147623,0.0
-3.548884,50,473.182936,0.0
-3.559186,50,473.218439,0.0
-3.305347,50,473.253581,0.0
-3.417049,50,473.289094,0.0
-3.911543,50,473.324078,0.0
-3.925547,50,473.359473,0.0
-4.177754,50,473.395279,0.0
-4.112751,50,473.430466,0.0
-3.771666,50,473.465864,0.0
-3.7706,50,473.501645,0.0
-3.580707,50,473.537054,0.0
-3.858856,50,473.572409,0.0
-4.018663,50,473.607719,0.0
-3.289626,50,473.642627,0.0
-4.078172,50,473.678404,0.0
-3.961125,50,473.713712,0.0
-4.181744,50,473.748914,0.0
-4.230585,50,473.784482,0.0
-3.617293,50,473.820115,0.0
-4.168427,50,473.855431,0.0
-4.275872,50,473.891205,0.0
-4.355391,50,473.926598,0.0
-3.579971,50,473.962021,0.0
-3.876683,50,473.997581,0.0
-3.006897,50,474.03282,0.0
-4.422701,50,474.068466,0.0
-4.314674,50,474.103972,0.0
-3.727953,50,474.139721,0.0
-4.064745,50,474.174895,0.0
-3.765336,50,474.210607,0.0
-3.956636,50,474.245305,0.0
-3.934618,50,474.279807,0.0
-4.313513,50,474.314451,0.0
-3.539805,50,474.34963,0.0
-4.840257,50,474.499932,0.0
-3.606941,50,474.535405,0.0
-3.388592,50,474.571046,0.0
-4.547989,50,474.606373,0.0
-3.940817,50,474.641351,0.0
-3.861762,50,474.676728,0.0
-4.27455,50,474.711911,0.0
-3.865319,50,474.746928,0.0
-3.592315,50,474.781942,0.0
-4.04938,50,474.817203,0.0
-3.728787,50,474.852571,0.0
-4.022313,50,474.887968,0.0
-4.089258,50,474.92334,0.0
-4.044505,50,474.95907,0.0
-3.877179,50,474.994592,0.0
-3.429538,50,475.029641,0.0
-4.167262,50,475.065203,0.0
-3.646744,50,475.100897,0.0
-3.717321,50,475.135627,0.0
-3.76573,50,475.171,0.0
-4.051745,50,475.205883,0.0
-3.589353,50,475.240698,0.0
-3.997914,50,475.275824,0.0
-3.59868,50,475.310595,0.0
-3.427493,50,475.345986,0.0
-4.029993,50,475.381249,0.0
-4.080227,50,475.41641,0.0
-4.489145,50,475.451613,0.0
-4.207222,50,475.487125,0.0
-3.729146,50,475.52244,0.0
-3.358315,50,475.557393,0.0
-4.572408,50,475.593863,0.0
-3.728492,50,475.629195,0.0
-4.221477,50,475.664723,0.0
-4.771338,50,475.700483,0.0
-3.692345,50,475.73575,0.0
-3.908329,50,475.771829,0.0
-3.666035,50,475.80674,0.0
-4.331773,50,475.84164,0.0
-4.732805,50,475.877064,0.0
-3.572167,50,475.912692,0.0
-3.598918,50,476.061123,0.0
-3.606654,50,476.096099,0.0
-3.55035,50,476.131449,0.0
-3.798161,50,476.16644,0.0
-3.966029,50,476.201395,0.0
-3.552266,50,476.236743,0.0
-4.406109,50,476.272217,0.0
-4.25668,50,476.307394,0.0
-3.698268,50,476.342586,0.0
-3.580423,50,476.37743,0.0
-4.17138,50,476.412548,0.0
-3.89894,50,476.447629,0.0
-3.985997,50,476.482886,0.0
-3.692827,50,476.518338,0.0
-3.936147,50,476.554035,0.0
-3.127873,50,476.589401,0.0
-4.480486,50,476.624314,0.0
-3.646203,50,476.659367,0.0
-4.292495,50,476.694503,0.0
-3.857595,50,476.729649,0.0
-4.873607,50,476.764392,0.0
-3.933217,50,476.799442,0.0
-4.237969,50,476.834106,0.0
-4.662806,50,476.86923,0.0
-3.724598,50,476.905616,0.0
-3.981163,50,476.940892,0.0
-3.7199,50,476.976333,0.0
-4.202782,50,477.011483,0.0
-3.627303,50,477.046616,0.0
-3.705002,50,477.082445,0.0
-3.442653,50,477.118176,0.0
-3.867821,50,477.153612,0.0
-3.42656,50,477.188689,0.0
-4.462975,50,477.223671,0.0
-3.649499,50,477.258769,0.0
-3.723941,50,477.29399,0.0
-3.44021,50,477.328665,0.0
-3.495817,50,477.36367,0.0
-4.20981,50,477.398698,0.0
-3.925249,50,477.433595,0.0
-3.496948,50,477.583101,0.0
-4.476966,50,477.618731,0.0
-3.826772,50,477.653895,0.0
-4.383169,50,477.689013,0.0
-3.996777,50,477.724153,0.0
-3.538995,50,477.759433,0.0
-3.280553,50,477.794608,0.0
-3.39627,50,477.829858,0.0
-3.832707,50,477.865432,0.0
-4.887699,50,477.900813,0.0
-3.501228,50,477.935958,0.0
-3.80337,50,477.971222,0.0
-4.293232,50,478.006384,0.0
-4.115601,50,478.04168,0.0
-4.829091,50,478.077541,0.0
-4.360855,50,478.113125,0.0
-3.729644,50,478.148356,0.0
-3.113828,50,478.183832,0.0
-3.565784,50,478.219285,0.0
-3.895936,50,478.254734,0.0
-3.620595,50,478.290032,0.0
-4.216542,50,478.324925,0.0
-4.117908,50,478.360295,0.0
-3.577961,50,478.396148,0.0
-3.925045,50,478.431581,0.0
-3.416504,50,478.467302,0.0
-4.476498,50,478.502964,0.0
-4.128626,50,478.538275,0.0
-3.566459,50,478.573536,0.0
-3.268796,50,478.608781,0.0
-4.082355,50,478.643822,0.0
-4.166943,50,478.679373,0.0
-3.391729,50,478.714956,0.0
-3.814121,50,478.749927,0.0
-3.93515,50,478.785226,0.0
-3.679784,50,478.820335,0.0
-4.229649,50,478.855115,0.0
-4.385731,50,478.890255,0.0
-4.509031,50,478.925347,0.0
-4.212335,50,478.961294,0.0
-4.634825,50,478.996911,0.0
-4.228544,50,479.145903,0.0
-3.799645,50,479.181374,0.0
-3.621771,50,479.216994,0.0
-4.34328,50,479.252487,0.0
-4.101901,50,479.287868,0.0
-4.120412,50,479.322978,0.0
-3.988712,50,479.358508,0.0
-3.914278,50,479.393879,0.0
-4.648585,50,479.429254,0.0
-3.541233,50,479.464702,0.0
-3.719567,50,479.499871,0.0
-4.108689,50,479.535311,0.0
-3.926603,50,479.570558,0.0
-3.738747,50,479.605352,0.0
-4.071809,50,479.640993,0.0
-3.615823,50,479.675705,0.0
-3.608132,50,479.711249,0.0
-4.089261,50,479.746788,0.0
-3.834055,50,479.782436,0.0
-3.658231,50,479.817459,0.0
-4.213978,50,479.852788,0.0
-3.509052,50,479.888037,0.0
-3.735406,50,479.923457,0.0
-4.218947,50,479.959303,0.0
-4.038303,50,479.994804,0.0
-3.820738,50,480.030156,0.0
-4.066634,50,480.0655,0.0
-3.758921,50,480.100868,0.0
-3.870154,50,480.136315,0.0
-3.675227,50,480.171239,0.0
-3.619393,50,480.206859,0.0
-4.038796,50,480.241582,0.0
-4.38304,50,480.276545,0.0
-3.636045,50,480.311016,0.0
-3.156024,50,480.345093,0.0
-3.263524,50,480.379893,0.0
-3.816828,50,480.415538,0.0
-3.390675,50,480.45155,0.0
-3.563346,50,480.486722,0.0
-3.736646,50,480.522361,0.0
-3.774286,50,480.558318,0.0
-4.121255,50,480.706305,0.0
-4.148297,50,480.741785,0.0
-4.510049,50,480.776966,0.0
-4.092312,50,480.812712,0.0
-4.682906,50,480.847809,0.0
-3.733778,50,480.883197,0.0
-3.767501,50,480.918827,0.0
-3.94759,50,480.954105,0.0
-4.352784,50,480.98935,0.0
-4.23665,50,481.025132,0.0
-3.814357,50,481.060618,0.0
-4.361767,50,481.096186,0.0
-4.139422,50,481.131365,0.0
-3.70557,50,481.166415,0.0
-3.538719,50,481.201876,0.0
-3.863514,50,481.237391,0.0
-4.192428,50,481.272591,0.0
-3.837288,50,481.308154,0.0
-3.761623,50,481.343282,0.0
-3.893191,50,481.378339,0.0
-4.41991,50,481.413815,0.0
-3.504764,50,481.449102,0.0
-3.613132,50,481.484314,0.0
-4.152925,50,481.519855,0.0
-3.836266,50,481.555053,0.0
-4.240316,50,481.590102,0.0
-4.361745,50,481.625307,0.0
-3.963311,50,481.660641,0.0
-4.485283,50,481.695534,0.0
-3.648955,50,481.730925,0.0
-4.150306,50,481.766474,0.0
-3.71738,50,481.801751,0.0
-4.19412,50,481.836779,0.0
-4.120306,50,481.872928,0.0
-3.885214,50,481.908938,0.0
-3.375741,50,481.944834,0.0
-3.540405,50,481.980221,0.0
-4.086877,50,482.015972,0.0
-4.336881,50,482.052505,0.0
-4.324687,50,482.090007,0.0
-4.238916,50,482.125622,0.0
-3.588219,50,482.275285,0.0
-3.838982,50,482.31125,0.0
-4.068693,50,482.34659,0.0
-3.455413,50,482.382247,0.0
-3.693523,50,482.417671,0.0
-4.360761,50,482.453197,0.0
-4.613398,50,482.488589,0.0
-3.951556,50,482.523738,0.0
-4.242182,50,482.559251,0.0
-3.657461,50,482.594147,0.0
-4.12526,50,482.629239,0.0
-4.264565,50,482.665051,0.0
-3.997818,50,482.700323,0.0
-3.774579,50,482.735788,0.0
-4.37498,50,482.770842,0.0
-3.618516,50,482.806949,0.0
-4.226739,50,482.844807,0.0
-4.370212,50,482.880626,0.0
-3.919292,50,482.916133,0.0
-4.112805,50,482.951881,0.0
-3.55403,50,482.987403,0.0
-3.869764,50,483.023062,0.0
-4.374595,50,483.058073,0.0
-4.629181,50,483.093904,0.0
-3.773128,50,483.129344,0.0
-4.043516,50,483.164455,0.0
-4.073221,50,483.199579,0.0
-3.584511,50,483.234808,0.0
-3.895321,50,483.270027,0.0
-3.631281,50,483.305075,0.0
-3.669276,50,483.340255,0.0
-3.835919,50,483.375824,0.0
-3.28218,50,483.41141,0.0
-3.958,50,483.446773,0.0
-4.396753,50,483.482199,0.0
-4.17964,50,483.517331,0.0
-3.950698,50,483.552578,0.0
-3.61017,50,483.588106,0.0
-4.182016,50,483.623115,0.0
-4.190811,50,483.658285,0.0
-3.401507,50,483.693703,0.0
-4.446391,50,483.846099,0.0
-4.148572,50,483.881832,0.0
-3.466366,50,483.917152,0.0
-4.372702,50,483.952141,0.0
-3.092501,50,483.987642,0.0
-3.484126,50,484.022921,0.0
-3.684959,50,484.058298,0.0
-4.096409,50,484.09414,0.0
-3.347261,50,484.129547,0.0
-3.876507,50,484.164801,0.0
-3.775247,50,484.200191,0.0
-3.635355,50,484.235473,0.0
-3.955844,50,484.270466,0.0
-3.981702,50,484.305522,0.0
-4.214947,50,484.340744,0.0
-3.753677,50,484.376141,0.0
-4.226876,50,484.411613,0.0
-4.041317,50,484.446633,0.0
-4.128002,50,484.482051,0.0
-3.825477,50,484.517425,0.0
-3.34761,50,484.552697,0.0
-3.795771,50,484.588255,0.0
-3.712491,50,484.623595,0.0
-3.716525,50,484.659043,0.0
-3.735143,50,484.694671,0.0
-3.847937,50,484.729895,0.0
-4.069547,50,484.76504,0.0
-4.065569,50,484.800167,0.0
-4.288339,50,484.835195,0.0
-3.272482,50,484.870523,0.0
-4.040694,50,484.90636,0.0
-4.66542,50,484.941971,0.0
-3.994727,50,484.977961,0.0
-3.625442,50,485.013695,0.0
-3.913334,50,485.049161,0.0
-4.264286,50,485.084204,0.0
-3.937639,50,485.119733,0.0
-4.015571,50,485.154674,0.0
-3.285408,50,485.190003,0.0
-3.82962,50,485.22531,0.0
-3.87494,50,485.260528,0.0
-3.693763,50,485.409362,0.0
-4.332982,50,485.445023,0.0
-3.534872,50,485.480422,0.0
-3.735055,50,485.516367,0.0
-3.917128,50,485.552096,0.0
-4.430377,50,485.587232,0.0
-3.422904,50,485.622608,0.0
-3.955283,50,485.657876,0.0
-4.169629,50,485.69321,0.0
-3.997824,50,485.728677,0.0
-4.189435,50,485.763985,0.0
-3.538063,50,485.799081,0.0
-4.132256,50,485.834583,0.0
-4.022794,50,485.870041,0.0
-3.734724,50,485.905419,0.0
-4.120695,50,485.940951,0.0
-3.704508,50,485.976766,0.0
-3.807469,50,486.012354,0.0
-3.701945,50,486.047304,0.0
-3.45589,50,486.082465,0.0
-4.114752,50,486.117418,0.0
-4.438758,50,486.152601,0.0
-4.796256,50,486.187535,0.0
-3.976981,50,486.222006,0.0
-3.857951,50,486.256894,0.0
-3.80067,50,486.291973,0.0
-3.849953,50,486.327151,0.0
-3.463608,50,486.362889,0.0
-4.116289,50,486.399068,0.0
-3.597449,50,486.434922,0.0
-4.017271,50,486.470249,0.0
-4.310315,50,486.505396,0.0
-3.921885,50,486.540275,0.0
-4.514157,50,486.575893,0.0
-3.674739,50,486.611258,0.0
-3.398338,50,486.646301,0.0
-3.393881,50,486.681306,0.0
-3.69214,50,486.716341,0.0
-4.029429,50,486.751624,0.0
-3.448836,50,486.786768,0.0
-4.282871,50,486.821846,0.0
-3.645729,50,486.969861,0.0
-4.173774,50,487.004945,0.0
-3.641551,50,487.040622,0.0
-4.293467,50,487.07575,0.0
-4.080653,50,487.111442,0.0
-4.342017,50,487.146832,0.0
-4.154465,50,487.182036,0.0
-3.400504,50,487.217722,0.0
-4.519975,50,487.253702,0.0
-3.462237,50,487.289514,0.0
-4.406319,50,487.32488,0.0
-3.534875,50,487.360091,0.0
-3.68941,50,487.39553,0.0
-3.497751,50,487.431039,0.0
-4.270338,50,487.466551,0.0
-3.93007,50,487.501952,0.0
-3.565204,50,487.536992,0.0
-3.732715,50,487.572467,0.0
-3.623473,50,487.607095,0.0
-4.137781,50,487.642667,0.0
-4.82955,50,487.677989,0.0
-3.295045,50,487.713375,0.0
-4.115509,50,487.748942,0.0
-4.131711,50,487.784422,0.0
-3.692692,50,487.819736,0.0
-3.422431,50,487.855313,0.0
-4.496228,50,487.890846,0.0
-4.767535,50,487.926171,0.0
-3.28592,50,487.961509,0.0
-4.006589,50,487.99677,0.0
-3.625203,50,488.032115,0.0
-5.027885,50,488.067753,0.0
-4.061105,50,488.104056,0.0
-3.210437,50,488.139445,0.0
-3.836286,50,488.174793,0.0
-3.945582,50,488.21012,0.0
-4.544233,50,488.245492,0.0
-3.174547,50,488.280719,0.0
-3.873826,50,488.31569,0.0
-3.67731,50,488.350973,0.0
-3.735483,50,488.386114,0.0
-4.311913,50,488.534105,0.0
-4.576604,50,488.569714,0.0
-3.692246,50,488.604792,0.0
-4.013162,50,488.640267,0.0
-4.437593,50,488.675443,0.0
-3.772595,50,488.710724,0.0
-4.954245,50,488.745888,0.0
-4.661468,50,488.781149,0.0
-4.153101,50,488.816504,0.0
-4.514486,50,488.851649,0.0
-3.656971,50,488.887376,0.0
-3.333187,50,488.922931,0.0
-3.331992,50,488.958452,0.0
-4.087208,50,488.993527,0.0
-4.485646,50,489.028481,0.0
-4.009104,50,489.064237,0.0
-3.833861,50,489.099522,0.0
-3.612797,50,489.134831,0.0
-3.681597,50,489.170287,0.0
-4.164146,50,489.205448,0.0
-3.766994,50,489.240211,0.0
-3.447894,50,489.275552,0.0
-4.424991,50,489.310882,0.0
-4.089859,50,489.346137,0.0
-4.695047,50,489.381283,0.0
-4.085864,50,489.417255,0.0
-4.59649,50,489.452679,0.0
-3.5154,50,489.487929,0.0
-4.639773,50,489.523426,0.0
-4.117341,50,489.558754,0.0
-3.857471,50,489.593528,0.0
-3.92771,50,489.628723,0.0
-3.692923,50,489.663662,0.0
-3.816229,50,489.698945,0.0
-4.052977,50,489.733979,0.0
-4.310894,50,489.769349,0.0
-4.984985,50,489.804551,0.0
-3.926003,50,489.839946,0.0
-4.115484,50,489.875119,0.0
-3.604353,50,489.910589,0.0
-4.246522,50,489.945839,0.0
-4.489777,50,490.09476,0.0
-4.282697,50,490.130402,0.0
-3.414886,50,490.165439,0.0
-3.667147,50,490.200755,0.0
-3.55601,50,490.236062,0.0
-4.337403,50,490.271275,0.0
-3.916143,50,490.306533,0.0
-3.241249,50,490.341799,0.0
-3.761446,50,490.377191,0.0
-3.871978,50,490.412291,0.0
-3.371289,50,490.44763,0.0
-3.953384,50,490.483106,0.0
-4.032669,50,490.518193,0.0
-3.856459,50,490.552996,0.0
-3.770981,50,490.588398,0.0
-3.649702,50,490.623721,0.0
-4.633767,50,490.658831,0.0
-3.941472,50,490.694002,0.0
-4.30966,50,490.729092,0.0
-4.66789,50,490.764264,0.0
-3.42152,50,490.799565,0.0
-3.914653,50,490.834495,0.0
-3.959772,50,490.870202,0.0
-3.828214,50,490.905692,0.0
-4.466668,50,490.940728,0.0
-3.481768,50,490.975957,0.0
-3.766114,50,491.011863,0.0
-4.239234,50,491.048117,0.0
-3.620577,50,491.084009,0.0
-3.986199,50,491.119449,0.0
-3.749281,50,491.154493,0.0
-3.71719,50,491.189894,0.0
-3.399986,50,491.226144,0.0
-4.114665,50,491.262963,0.0
-3.878734,50,491.300332,0.0
-4.17865,50,491.335939,0.0
-4.673107,50,491.371252,0.0
-3.400417,50,491.406726,0.0
-4.40068,50,491.442372,0.0
-3.735714,50,491.477901,0.0
-4.142249,50,491.513301,0.0
-3.785639,50,491.66497,0.0
-3.945643,50,491.700454,0.0
-3.693869,50,491.736377,0.0
-4.851846,50,491.772044,0.0
-3.519835,50,491.807398,0.0
-3.5533,50,491.843013,0.0
-4.230241,50,491.878518,0.0
-3.54318,50,491.914698,0.0
-4.163903,50,491.950046,0.0
-4.107872,50,491.985453,0.0
-4.312681,50,492.022148,0.0
-3.891028,50,492.058108,0.0
-3.953391,50,492.09359,0.0
-4.10176,50,492.129053,0.0
-3.961342,50,492.16467,0.0
-3.627277,50,492.199931,0.0
-4.150389,50,492.235129,0.0
-4.603843,50,492.270425,0.0
-4.404431,50,492.305923,0.0
-3.518705,50,492.341118,0.0
-3.959801,50,492.376388,0.0
-4.46543,50,492.411983,0.0
-3.627625,50,492.447237,0.0
-4.638953,50,492.482426,0.0
-3.552304,50,492.517993,0.0
-3.693206,50,492.553626,0.0
-3.768381,50,492.58894,0.0
-3.470815,50,492.624175,0.0
-3.523652,50,492.660918,0.0
-3.559607,50,492.697449,0.0
-3.982905,50,492.733634,0.0
-4.236686,50,492.769422,0.0
-3.995771,50,492.805023,0.0
-3.509295,50,492.840483,0.0
-2.953347,50,492.876118,0.0
-3.648564,50,492.911887,0.0
-3.445285,50,492.948192,0.0
-4.064049,50,492.984713,0.0
-4.215099,50,493.020693,0.0
-3.556821,50,493.056337,0.0
-4.213086,50,493.091505,0.0
-3.856498,50,493.242576,0.0
-4.007219,50,493.277946,0.0
-4.170587,50,493.313303,0.0
-3.405024,50,493.348442,0.0
-3.991764,50,493.383952,0.0
-4.105747,50,493.419634,0.0
-3.584448,50,493.454855,0.0
-3.916403,50,493.490302,0.0
-3.643267,50,493.52562,0.0
-4.838707,50,493.561039,0.0
-3.821844,50,493.596182,0.0
-4.230428,50,493.631468,0.0
-3.738514,50,493.666692,0.0
-3.988338,50,493.701712,0.0
-3.895333,50,493.736991,0.0
-4.172031,50,493.772468,0.0
-4.300134,50,493.807586,0.0
-3.240339,50,493.842919,0.0
-3.682638,50,493.87823,0.0
-4.150991,50,493.91368,0.0
-4.097815,50,493.949035,0.0
-4.269169,50,493.984171,0.0
-3.18895,50,494.019302,0.0
-4.260788,50,494.055002,0.0
-3.627827,50,494.090277,0.0
-4.551866,50,494.125515,0.0
-3.52096,50,494.160436,0.0
-3.614266,50,494.195304,0.0
-3.87315,50,494.230446,0.0
-4.425226,50,494.26532,0.0
-3.950478,50,494.300094,0.0
-3.48637,50,494.335136,0.0
-3.805717,50,494.370353,0.0
-4.842015,50,494.405506,0.0
-3.710874,50,494.44112,0.0
-3.701203,50,494.475913,0.0
-4.466209,50,494.511492,0.0
-3.866965,50,494.546885,0.0
-3.612403,50,494.581833,0.0
-3.590372,50,494.617131,0.0
-3.395136,50,494.652079,0.0
-3.834359,50,494.800479,0.0
-3.907073,50,494.835829,0.0
-4.291212,50,494.870956,0.0
-3.846453,50,494.906615,0.0
-4.106017,50,494.942158,0.0
-4.239575,50,494.977495,0.0
-3.475738,50,495.012567,0.0
-4.113145,50,495.048066,0.0
-3.35085,50,495.083827,0.0
-4.308676,50,495.119267,0.0
-3.905328,50,495.154521,0.0
-4.000861,50,495.18985,0.0
-3.432707,50,495.225038,0.0
-4.353213,50,495.260308,0.0
-4.280296,50,495.295064,0.0
-3.883392,50,495.329947,0.0
-4.199022,50,495.36562,0.0
-3.835616,50,495.401085,0.0
-3.686645,50,495.436497,0.0
-3.447095,50,495.471669,0.0
-4.303629,50,495.506799,0.0
-4.660139,50,495.542374,0.0
-3.688964,50,495.577815,0.0
-4.050648,50,495.612894,0.0
-4.332419,50,495.648325,0.0
-3.526491,50,495.683763,0.0
-3.325967,50,495.718784,0.0
-3.952652,50,495.754111,0.0
-3.965628,50,495.789471,0.0
-4.652564,50,495.82455,0.0
-4.008836,50,495.860073,0.0
-4.409776,50,495.896013,0.0
-3.547545,50,495.931092,0.0
-3.993579,50,495.966799,0.0
-3.786137,50,496.002251,0.0
-4.390418,50,496.03755,0.0
-3.618359,50,496.073031,0.0
-3.939899,50,496.108035,0.0
-3.429439,50,496.143018,0.0
-3.681525,50,496.178274,0.0
-3.449151,50,496.213778,0.0
-4.351019,50,496.363282,0.0
-3.85833,50,496.398649,0.0
-4.36121,50,496.43449,0.0
-4.048733,50,496.470098,0.0
-4.357093,50,496.505339,0.0
-4.647694,50,496.540632,0.0
-3.942811,50,496.576207,0.0
-3.593974,50,496.611426,0.0
-3.671737,50,496.647149,0.0
-3.780945,50,496.682617,0.0
-3.683641,50,496.717967,0.0
-4.577777,50,496.753589,0.0
-3.526061,50,496.788988,0.0
-3.91833,50,496.824446,0.0
-4.043028,50,496.860133,0.0
-3.529402,50,496.895699,0.0
-3.580375,50,496.93109,0.0
-3.867341,50,496.967319,0.0
-3.800654,50,497.002821,0.0
-3.566815,50,497.038494,0.0
-3.89591,50,497.073761,0.0
-3.602538,50,497.109098,0.0
-4.321193,50,497.144816,0.0
-4.0152,50,497.180916,0.0
-3.729522,50,497.216249,0.0
-4.504696,50,497.252083,0.0
-3.749689,50,497.287616,0.0
-4.609787,50,497.323636,0.0
-3.692788,50,497.358797,0.0
-3.841363,50,497.394015,0.0
-4.023393,50,497.429484,0.0
-3.366398,50,497.46535,0.0
-3.662545,50,497.500419,0.0
-4.146338,50,497.535623,0.0
-4.328127,50,497.571383,0.0
-4.616003,50,497.606884,0.0
-4.075735,50,497.642445,0.0
-3.570917,50,497.677302,0.0
-3.852935,50,497.713275,0.0
-4.653736,50,497.749061,0.0
-3.517874,50,497.784429,0.0
-4.009276,50,497.933398,0.0
-4.041376,50,497.968907,0.0
-3.941417,50,498.004267,0.0
-3.877415,50,498.039648,0.0
-3.790722,50,498.075363,0.0
-4.369207,50,498.111005,0.0
-4.370605,50,498.146458,0.0
-3.599732,50,498.181667,0.0
-3.624571,50,498.21785,0.0
-3.320753,50,498.253476,0.0
-3.769955,50,498.289127,0.0
-4.250191,50,498.324533,0.0
-4.454786,50,498.359746,0.0
-3.684206,50,498.395728,0.0
-3.241079,50,498.431163,0.0
-3.617208,50,498.466509,0.0
-3.682067,50,498.501465,0.0
-4.343709,50,498.537099,0.0
-4.356552,50,498.572713,0.0
-4.272786,50,498.608349,0.0
-4.163018,50,498.644093,0.0
-3.61048,50,498.67961,0.0
-4.526093,50,498.714785,0.0
-3.864075,50,498.750269,0.0
-3.863014,50,498.785269,0.0
-3.911446,50,498.820726,0.0
-3.926098,50,498.856057,0.0
-3.93473,50,498.890904,0.0
-3.427317,50,498.926138,0.0
-4.253407,50,498.961793,0.0
-4.271905,50,498.99741,0.0
-3.839327,50,499.032975,0.0
-4.078458,50,499.068636,0.0
-4.082904,50,499.10432,0.0
-3.915146,50,499.139661,0.0
-3.569074,50,499.175212,0.0
-4.4791,50,499.210604,0.0
-3.854687,50,499.246005,0.0
-4.217427,50,499.281582,0.0
-3.54088,50,499.31712,0.0
-3.520866,50,499.35281,0.0
-4.153656,50,499.505589,0.0
-3.971031,50,499.541141,0.0
-3.734888,50,499.576452,0.0
-4.228478,50,499.611665,0.0
-3.714788,50,499.647043,0.0
-4.196445,50,499.682782,0.0
-3.67298,50,499.718116,0.0
-4.126192,50,499.753498,0.0
-3.786465,50,499.788598,0.0
-3.91244,50,499.823965,0.0
-3.87369,50,499.860311,0.0
-3.767841,50,499.896032,0.0
-3.426011,50,499.931638,0.0
-3.971414,50,499.967519,0.0
-5.286776,50,500.002799,0.0
-3.614027,50,500.039537,0.0
-4.200529,50,500.075348,0.0
-4.113846,50,500.110056,0.0
-4.231512,50,500.145457,0.0
-3.152243,50,500.180632,0.0
-3.533455,50,500.215649,0.0
-3.910907,50,500.251272,0.0
-3.962484,50,500.286594,0.0
-4.169802,50,500.32192,0.0
-4.123733,50,500.35704,0.0
-3.963894,50,500.392827,0.0
-3.549201,50,500.428271,0.0
-4.422851,50,500.463457,0.0
-4.261409,50,500.499169,0.0
-3.987853,50,500.534288,0.0
-4.045113,50,500.569579,0.0
-5.010456,50,500.604758,0.0
-4.52574,50,500.639954,0.0
-3.739732,50,500.675178,0.0
-3.773427,50,500.710881,0.0
-3.337831,50,500.7464,0.0
-4.500858,50,500.781988,0.0
-4.486435,50,500.817811,0.0
-4.543856,50,500.852844,0.0
-4.023361,50,500.888184,0.0
-3.370821,50,500.923916,0.0
-4.937035,50,501.072785,0.0
-3.836595,50,501.108226,0.0
-4.319411,50,501.143569,0.0
-3.680968,50,501.179295,0.0
-4.353787,50,501.214509,0.0
-3.705898,50,501.250201,0.0
-3.814148,50,501.285634,0.0
-4.22795,50,501.320639,0.0
-3.900641,50,501.355849,0.0
-4.549725,50,501.390987,0.0
-3.808761,50,501.426266,0.0
-3.825143,50,501.46197,0.0
-4.288761,50,501.497306,0.0
-3.446084,50,501.532467,0.0
-4.701592,50,501.56797,0.0
-4.016162,50,501.603006,0.0
-3.83004,50,501.638315,0.0
-3.65105,50,501.674029,0.0
-4.055112,50,501.709498,0.0
-3.51727,50,501.74499,0.0
-3.858154,50,501.780443,0.0
-3.641239,50,501.81571,0.0
-4.127256,50,501.850862,0.0
-3.374548,50,501.886241,0.0
-4.074176,50,501.921439,0.0
-4.153387,50,501.956505,0.0
-4.355121,50,501.991502,0.0
-3.660472,50,502.026534,0.0
-3.93058,50,502.062125,0.0
-3.974578,50,502.097478,0.0
-4.045139,50,502.13259,0.0
-4.074167,50,502.167763,0.0
-3.67522,50,502.202712,0.0
-3.602303,50,502.238085,0.0
-4.048519,50,502.273427,0.0
-3.567501,50,502.308462,0.0
-4.213145,50,502.343759,0.0
-4.40855,50,502.37912,0.0
-4.212328,50,502.414601,0.0
-4.125927,50,502.449742,0.0
-4.160544,50,502.484711,0.0
-4.296612,50,502.63264,0.0
-3.943674,50,502.667859,0.0
-3.914822,50,502.703299,0.0
-3.349795,50,502.739455,0.0
-4.090427,50,502.775429,0.0
-3.725359,50,502.810663,0.0
-3.400028,50,502.845991,0.0
-3.955985,50,502.881251,0.0
-3.933379,50,502.916394,0.0
-3.489313,50,502.951794,0.0
-3.60391,50,502.986817,0.0
-4.029933,50,503.022684,0.0
-4.161019,50,503.057845,0.0
-4.502634,50,503.092975,0.0
-3.788324,50,503.128331,0.0
-3.543015,50,503.163914,0.0
-4.421864,50,503.561033,0.0
-3.862249,50,503.596113,0.0
-3.928607,50,503.631099,0.0
-3.927745,50,503.666278,0.0
-4.204205,50,503.701393,0.0
-4.300883,50,503.736389,0.0
-3.200689,50,503.771747,0.0
-3.603611,50,503.806911,0.0
-3.463932,50,503.842235,0.0
-3.878517,50,503.877931,0.0
-3.988855,50,503.913514,0.0
-3.433883,50,503.948869,0.0
-3.942977,50,503.983998,0.0
-4.558193,50,504.019095,0.0
-3.484913,50,504.05432,0.0
-4.228929,50,504.089461,0.0
-4.403149,50,504.124737,0.0
-3.614298,50,504.160254,0.0
-3.510742,50,504.195695,0.0
-3.780485,50,504.231155,0.0
-4.382387,50,504.266984,0.0
-4.046868,50,504.302545,0.0
-3.83241,50,504.337697,0.0
-3.59115,50,504.373135,0.0
-4.145508,50,504.408399,0.0
-3.325701,50,504.557814,0.0
-3.992191,50,504.593187,0.0
-3.513617,50,504.628799,0.0
-3.322402,50,504.664162,0.0
-3.71817,50,504.699504,0.0
-3.785594,50,504.734551,0.0
-3.767572,50,504.770296,0.0
-3.817673,50,504.805882,0.0
-3.66919,50,504.841583,0.0
-3.720408,50,504.876832,0.0
-3.71112,50,504.912122,0.0
-4.017329,50,504.947119,0.0
-4.752634,50,504.982451,0.0
-3.770218,50,505.017501,0.0
-4.006635,50,505.052397,0.0
-4.013372,50,505.087705,0.0
-4.706116,50,505.122801,0.0
-3.379926,50,505.158831,0.0
-3.693263,50,505.195021,0.0
-3.936787,50,505.230885,0.0
-4.138692,50,505.266206,0.0
-3.833691,50,505.301446,0.0
-3.678176,50,505.336316,0.0
-3.501939,50,505.371883,0.0
-3.746891,50,505.407206,0.0
-4.049858,50,505.442346,0.0
-4.120265,50,505.477404,0.0
-3.952751,50,505.512479,0.0
-3.895548,50,505.547545,0.0
-3.486271,50,505.583227,0.0
-3.646896,50,505.618717,0.0
-3.90197,50,505.655641,0.0
-4.127679,50,505.691461,0.0
-4.227153,50,505.726857,0.0
-4.35484,50,505.762338,0.0
-3.893245,50,505.79777,0.0
-4.278675,50,505.833271,0.0
-4.317026,50,505.868536,0.0
-3.96094,50,505.904131,0.0
-4.03629,50,505.939766,0.0
-3.81364,50,505.975062,0.0
-3.810109,50,506.123678,0.0
-3.680596,50,506.158973,0.0
-4.223755,50,506.194243,0.0
-4.513404,50,506.229602,0.0
-3.620026,50,506.264771,0.0
-3.874941,50,506.299943,0.0
-4.10779,50,506.33479,0.0
-3.952948,50,506.370508,0.0
-4.412864,50,506.406084,0.0
-3.679856,50,506.441594,0.0
-4.194876,50,506.476876,0.0
-4.469335,50,506.512095,0.0
-4.017337,50,506.547209,0.0
-3.832523,50,506.58253,0.0
-3.626506,50,506.617488,0.0
-3.57436,50,506.652471,0.0
-3.820796,50,506.687406,0.0
-4.575027,50,506.722452,0.0
-4.276143,50,506.758122,0.0
-4.202796,50,506.793809,0.0
-3.712417,50,506.828846,0.0
-3.556401,50,506.864285,0.0
-3.90147,50,506.899613,0.0
-4.051104,50,506.935058,0.0
-4.159139,50,506.970605,0.0
-4.010013,50,507.00558,0.0
-3.862991,50,507.040454,0.0
-4.03045,50,507.07553,0.0
-3.783912,50,507.110312,0.0
-3.471963,50,507.14545,0.0
-4.043094,50,507.180647,0.0
-4.205655,50,507.215606,0.0
-3.488667,50,507.250631,0.0
-4.079883,50,507.285824,0.0
-4.187962,50,507.320828,0.0
-3.368591,50,507.356206,0.0
-3.616082,50,507.391776,0.0
-3.68783,50,507.427425,0.0
-3.450304,50,507.462927,0.0
-4.303098,50,507.498306,0.0
-4.177729,50,507.533332,0.0
-4.225803,50,507.683664,0.0
-4.492904,50,507.719206,0.0
-4.095377,50,507.754794,0.0
-3.450083,50,507.789754,0.0
-4.114895,50,507.825161,0.0
-4.308168,50,507.861103,0.0
-4.276767,50,507.896531,0.0
-3.719928,50,507.932481,0.0
-3.759134,50,507.968258,0.0
-4.375197,50,508.003855,0.0
-3.665905,50,508.039253,0.0
-3.688381,50,508.074624,0.0
-3.725013,50,508.109728,0.0
-3.794508,50,508.145066,0.0
-4.039745,50,508.180704,0.0
-3.91731,50,508.216159,0.0
-3.680207,50,508.251492,0.0
-4.571949,50,508.286514,0.0
-3.884243,50,508.321652,0.0
-3.816393,50,508.356818,0.0
-4.052483,50,508.392208,0.0
-4.443491,50,508.427702,0.0
-4.575763,50,508.463573,0.0
-3.404422,50,508.498335,0.0
-3.527507,50,508.533114,0.0
-3.87513,50,508.568956,0.0
-5.203427,50,508.604217,0.0
-3.965447,50,508.639602,0.0
-3.932371,50,508.674577,0.0
-3.732561,50,508.709465,0.0
-3.96556,50,508.744858,0.0
-3.997058,50,508.779942,0.0
-3.80785,50,508.815085,0.0
-3.894639,50,508.850801,0.0
-4.603196,50,508.886081,0.0
-3.876114,50,508.921697,0.0
-4.387341,50,508.957139,0.0
-3.585619,50,508.992646,0.0
-3.144874,50,509.027986,0.0
-3.760194,50,509.063089,0.0
-4.015436,50,509.098239,0.0
-3.969426,50,509.248055,0.0
-4.515693,50,509.283367,0.0
-3.823503,50,509.318697,0.0
-3.857504,50,509.353914,0.0
-3.825415,50,509.388901,0.0
-3.460709,50,509.424621,0.0
-4.057014,50,509.460196,0.0
-3.800635,50,509.495339,0.0
-3.611598,50,509.530459,0.0
-4.09775,50,509.565597,0.0
-3.495442,50,509.600676,0.0
-4.289999,50,509.63579,0.0
-4.011144,50,509.67065,0.0
-4.214801,50,509.705738,0.0
-4.055742,50,509.740775,0.0
-3.496572,50,509.776482,0.0
-3.668227,50,509.811781,0.0
-4.044018,50,509.847064,0.0
-3.670138,50,509.882181,0.0
-4.527314,50,509.917597,0.0
-4.137578,50,509.953054,0.0
-4.178746,50,509.988321,0.0
-3.700733,50,510.023972,0.0
-3.796803,50,510.05898,0.0
-3.817318,50,510.094195,0.0
-4.36459,50,510.129539,0.0
-3.855035,50,510.165142,0.0
-4.471804,50,510.200007,0.0
-4.088667,50,510.235161,0.0
-3.817142,50,510.270598,0.0
-3.686832,50,510.306019,0.0
-4.281904,50,510.341181,0.0
-4.03018,50,510.376482,0.0
-3.737582,50,510.411842,0.0
-3.888786,50,510.446869,0.0
-3.876391,50,510.481882,0.0
-4.218542,50,510.517222,0.0
-3.584021,50,510.552571,0.0
-3.353983,50,510.587676,0.0
-3.918037,50,510.62292,0.0
-3.626442,50,510.65761,0.0
-3.636589,50,510.805948,0.0
-3.731354,50,510.841332,0.0
-3.926483,50,510.87687,0.0
-3.589209,50,510.912097,0.0
-3.594384,50,510.947212,0.0
-3.314531,50,510.982759,0.0
-3.775682,50,511.018115,0.0
-3.722461,50,511.053245,0.0
-3.923279,50,511.089148,0.0
-3.604185,50,511.124483,0.0
-3.803662,50,511.159846,0.0
-3.64593,50,511.195245,0.0
-4.47247,50,511.23034,0.0
-3.655205,50,511.265779,0.0
-3.624494,50,511.300935,0.0
-4.206999,50,511.335751,0.0
-4.06124,50,511.371224,0.0
-3.770311,50,511.406487,0.0
-4.507407,50,511.441543,0.0
-3.92607,50,511.477183,0.0
-3.774264,50,511.51194,0.0
-4.035009,50,511.546835,0.0
-3.791502,50,511.582045,0.0
-3.838589,50,511.617257,0.0
-4.306224,50,511.652196,0.0
-3.837935,50,511.687002,0.0
-3.662376,50,511.72178,0.0
-4.080323,50,511.757267,0.0
-3.893464,50,511.792158,0.0
-3.757639,50,511.827243,0.0
-4.09096,50,511.862524,0.0
-3.857113,50,511.897925,0.0
-4.208525,50,511.932943,0.0
-4.360344,50,511.968386,0.0
-3.510254,50,512.004295,0.0
-4.006547,50,512.039706,0.0
-4.159302,50,512.076078,0.0
-4.486309,50,512.112105,0.0
-3.882601,50,512.148027,0.0
-4.057624,50,512.183768,0.0
-3.556695,50,512.219508,0.0
-4.287995,50,512.368271,0.0
-3.532091,50,512.40396,0.0
-3.678744,50,512.43946,0.0
-4.182477,50,512.474797,0.0
-3.810381,50,512.509894,0.0
-3.924077,50,512.545106,0.0
-4.176338,50,512.580497,0.0
-3.87154,50,512.615972,0.0
-3.580023,50,512.651386,0.0
-3.725953,50,512.686301,0.0
-4.058883,50,512.721321,0.0
-3.731322,50,512.756301,0.0
-3.769022,50,512.791466,0.0
-4.536409,50,512.826707,0.0
-4.086456,50,512.862031,0.0
-4.145003,50,512.897084,0.0
-3.454217,50,512.932527,0.0
-3.404291,50,512.967661,0.0
-3.863526,50,513.002751,0.0
-3.476672,50,513.037683,0.0
-3.878342,50,513.072895,0.0
-3.572409,50,513.108719,0.0
-4.051534,50,513.143908,0.0
-4.52264,50,513.179039,0.0
-3.876192,50,513.214673,0.0
-4.200003,50,513.25011,0.0
-4.833469,50,513.285435,0.0
-4.109946,50,513.320657,0.0
-4.562345,50,513.356179,0.0
-4.40388,50,513.391371,0.0
-3.756337,50,513.426479,0.0
-3.268795,50,513.461584,0.0
-3.981023,50,513.496445,0.0
-4.364606,50,513.531867,0.0
-3.878009,50,513.567154,0.0
-3.619936,50,513.602379,0.0
-4.298962,50,513.637678,0.0
-3.366627,50,513.672838,0.0
-4.566829,50,513.708088,0.0
-4.309069,50,513.743803,0.0
-4.345003,50,513.778741,0.0
-4.857109,50,513.927168,0.0
-4.382798,50,513.962748,0.0
-3.700563,50,513.998226,0.0
-3.671115,50,514.033634,0.0
-4.413223,50,514.068899,0.0
-4.190976,50,514.104462,0.0
-3.702911,50,514.140035,0.0
-4.222953,50,514.175391,0.0
-3.716866,50,514.210779,0.0
-4.059588,50,514.245992,0.0
-4.403325,50,514.281261,0.0
-4.418479,50,514.316416,0.0
-3.372202,50,514.35149,0.0
-3.383776,50,514.386835,0.0
-3.873205,50,514.42248,0.0
-3.904235,50,514.457918,0.0
-3.89471,50,514.493206,0.0
-3.83424,50,514.528316,0.0
-4.097316,50,514.563424,0.0
-3.761619,50,514.59862,0.0
-4.790844,50,514.633748,0.0
-4.044174,50,514.668653,0.0
-3.597908,50,514.704,0.0
-3.87154,50,514.738972,0.0
-4.455022,50,514.77395,0.0
-3.962473,50,514.809183,0.0
-4.454577,50,514.844086,0.0
-3.534782,50,514.879097,0.0
-4.348117,50,514.914241,0.0
-3.832733,50,514.949551,0.0
-3.806951,50,514.984693,0.0
-3.898824,50,515.020011,0.0
-3.863242,50,515.055426,0.0
-3.665173,50,515.090845,0.0
-4.297322,50,515.126114,0.0
-4.039178,50,515.161296,0.0
-3.643742,50,515.196332,0.0
-3.824374,50,515.231406,0.0
-3.928857,50,515.266498,0.0
-3.845603,50,515.30158,0.0
-3.868204,50,515.336999,0.0
-3.780982,50,515.487005,0.0
-4.338657,50,515.52247,0.0
-4.322737,50,515.558062,0.0
-4.070541,50,515.593306,0.0
-3.726999,50,515.628463,0.0
-3.894497,50,515.663711,0.0
-3.911902,50,515.698257,0.0
-3.52656,50,515.733524,0.0
-4.187921,50,515.768577,0.0
-4.19012,50,515.80352,0.0
-3.546188,50,515.838804,0.0
-3.780866,50,515.874866,0.0
-3.772325,50,515.910174,0.0
-4.234394,50,515.945656,0.0
-4.057482,50,515.981041,0.0
-3.561313,50,516.01607,0.0
-3.22932,50,516.051529,0.0
-4.151894,50,516.086941,0.0
-4.315998,50,516.122222,0.0
-3.746426,50,516.157506,0.0
-4.292267,50,516.192437,0.0
-4.063418,50,516.227258,0.0
-4.106017,50,516.262112,0.0
-4.379286,50,516.297253,0.0
-3.64925,50,516.332777,0.0
-3.38028,50,516.368425,0.0
-3.407714,50,516.403689,0.0
-3.855113,50,516.440006,0.0
-3.799256,50,516.475353,0.0
-3.73106,50,516.510476,0.0
-4.175721,50,516.545657,0.0
-4.491026,50,516.580692,0.0
-3.494017,50,516.615522,0.0
-3.884443,50,516.650862,0.0
-3.471969,50,516.685892,0.0
-3.621182,50,516.721073,0.0
-4.223428,50,516.756234,0.0
-4.114183,50,516.791507,0.0
-3.631419,50,516.827089,0.0
-3.846579,50,516.862325,0.0
-3.485656,50,517.011072,0.0
-3.757526,50,517.046561,0.0
-3.945154,50,517.08187,0.0
-3.412856,50,517.11814,0.0
-3.85926,50,517.153316,0.0
-3.354835,50,517.188664,0.0
-3.834886,50,517.223815,0.0
-4.261268,50,517.258504,0.0
-3.669027,50,517.293818,0.0
-4.204729,50,517.328814,0.0
-4.284938,50,517.364169,0.0
-3.480866,50,517.399966,0.0
-4.108349,50,517.435439,0.0
-3.674507,50,517.47059,0.0
-3.869256,50,517.505804,0.0
-4.491968,50,517.540865,0.0
-3.514064,50,517.576071,0.0
-3.646289,50,517.611422,0.0
-4.231036,50,517.646509,0.0
-3.907351,50,517.681971,0.0
-3.850342,50,517.717032,0.0
-3.6461,50,517.752327,0.0
-4.262618,50,517.787754,0.0
-4.592902,50,517.822881,0.0
-3.562815,50,517.85807,0.0
-4.311479,50,517.893503,0.0
-4.284925,50,517.929017,0.0
-4.384368,50,517.964171,0.0
-3.577121,50,517.999462,0.0
-3.725876,50,518.034552,0.0
-3.748367,50,518.069505,0.0
-3.892937,50,518.104274,0.0
-4.273582,50,518.139367,0.0
-3.908515,50,518.174764,0.0
-4.133989,50,518.210143,0.0
-3.801835,50,518.245373,0.0
-4.491695,50,518.28042,0.0
-3.88809,50,518.315715,0.0
-3.539931,50,518.350465,0.0
-3.743613,50,518.385422,0.0
-3.538838,50,518.42048,0.0
-2.910862,50,518.568437,0.0
-4.072017,50,518.603991,0.0
-3.465034,50,518.639299,0.0
-4.229328,50,518.674562,0.0
-4.176243,50,518.709849,0.0
-3.766176,50,518.745166,0.0
-3.318123,50,518.780251,0.0
-3.884131,50,518.815665,0.0
-3.717941,50,518.850778,0.0
-4.082971,50,518.885848,0.0
-3.457705,50,518.921169,0.0
-3.576767,50,518.956479,0.0
-3.567775,50,518.991643,0.0
-3.731117,50,519.026882,0.0
-4.205684,50,519.061904,0.0
-3.633533,50,519.096769,0.0
-3.793213,50,519.132282,0.0
-3.678456,50,519.167264,0.0
-3.44886,50,519.202386,0.0
-4.541563,50,519.238051,0.0
-3.438064,50,519.273757,0.0
-3.925502,50,519.308883,0.0
-4.41059,50,519.343598,0.0
-3.578033,50,519.378989,0.0
-3.977613,50,519.414475,0.0
-3.933448,50,519.449903,0.0
-3.632112,50,519.485099,0.0
-3.77381,50,519.520513,0.0
-4.287906,50,519.555602,0.0
-4.533305,50,519.59108,0.0
-3.657464,50,519.626625,0.0
-3.054888,50,519.661732,0.0
-4.218788,50,519.697274,0.0
-3.81855,50,519.732739,0.0
-3.902368,50,519.768171,0.0
-4.368289,50,519.803234,0.0
-4.775623,50,519.839018,0.0
-3.875286,50,519.874817,0.0
-4.015591,50,519.910783,0.0
-3.65703,50,519.946753,0.0
-3.749489,50,519.982352,0.0
-4.363508,50,520.13268,0.0
-3.73832,50,520.16829,0.0
-3.640103,50,520.203808,0.0
-3.656915,50,520.239405,0.0
-4.530474,50,520.275186,0.0
-3.97153,50,520.310881,0.0
-4.487167,50,520.34624,0.0
-4.21604,50,520.381574,0.0
-3.966014,50,520.417144,0.0
-4.416472,50,520.452708,0.0
-3.716083,50,520.48776,0.0
-3.632013,50,520.52281,0.0
-3.521297,50,520.558075,0.0
-3.320275,50,520.593498,0.0
-3.917463,50,520.628692,0.0
-3.905787,50,520.664037,0.0
-4.262906,50,520.69884,0.0
-3.668531,50,520.734083,0.0
-3.619457,50,520.76987,0.0
-3.93482,50,520.805268,0.0
-4.086128,50,520.841091,0.0
-3.376337,50,520.876985,0.0
-3.519274,50,520.912234,0.0
-4.166361,50,520.947496,0.0
-3.920652,50,520.982995,0.0
-4.024175,50,521.018134,0.0
-3.485504,50,521.053162,0.0
-4.175065,50,521.088305,0.0
-3.517654,50,521.123576,0.0
-4.169061,50,521.159005,0.0
-4.018111,50,521.194673,0.0
-3.9331,50,521.23009,0.0
-3.520888,50,521.265601,0.0
-4.161322,50,521.300766,0.0
-4.102535,50,521.336028,0.0
-4.14407,50,521.371201,0.0
-3.9035,50,521.406258,0.0
-3.456977,50,521.441611,0.0
-3.817116,50,521.476883,0.0
-3.699635,50,521.511917,0.0
-4.188979,50,521.547174,0.0
-4.183056,50,521.695568,0.0
-4.49818,50,521.731232,0.0
-4.470602,50,521.766357,0.0
-4.026405,50,521.802066,0.0
-3.674087,50,521.837262,0.0
-4.283711,50,521.872408,0.0
-3.586963,50,521.907667,0.0
-4.053628,50,521.942947,0.0
-3.615762,50,521.977847,0.0
-3.240752,50,522.013035,0.0
-3.624071,50,522.047889,0.0
-3.342635,50,522.083093,0.0
-4.333982,50,522.117968,0.0
-3.862263,50,522.153206,0.0
-3.613475,50,522.188439,0.0
-3.905101,50,522.223492,0.0
-3.342316,50,522.258575,0.0
-4.21752,50,522.293566,0.0
-3.651656,50,522.328454,0.0
-3.84797,50,522.363478,0.0
-3.431209,50,522.39883,0.0
-3.666307,50,522.434008,0.0
-4.157776,50,522.468958,0.0
-4.060321,50,522.50392,0.0
-3.65098,50,522.538789,0.0
-3.832488,50,522.573976,0.0
-3.503876,50,522.608811,0.0
-3.858827,50,522.643978,0.0
-3.271038,50,522.678802,0.0
-3.66651,50,522.713578,0.0
-3.681085,50,522.748572,0.0
-3.655767,50,522.783203,0.0
-3.800396,50,522.818133,0.0
-3.298103,50,522.853419,0.0
-3.308346,50,522.888644,0.0
-3.535523,50,522.923973,0.0
-3.856091,50,522.958762,0.0
-3.364879,50,522.993861,0.0
-3.548994,50,523.029359,0.0
-3.966865,50,523.064426,0.0
-3.83591,50,523.099604,0.0
-4.310292,50,523.24769,0.0
-3.669464,50,523.283531,0.0
-3.852996,50,523.319235,0.0
-4.123208,50,523.354535,0.0
-3.53797,50,523.390376,0.0
-3.566937,50,523.425752,0.0
-4.29565,50,523.46079,0.0
-3.668237,50,523.495957,0.0
-3.761831,50,523.531088,0.0
-3.727343,50,523.566014,0.0
-4.55156,50,523.601067,0.0
-3.300711,50,523.636335,0.0
-3.880075,50,523.671596,0.0
-4.109089,50,523.706771,0.0
-4.604396,50,523.741665,0.0
-3.537296,50,523.776687,0.0
-3.513524,50,523.81157,0.0
-3.769584,50,523.846591,0.0
-4.196635,50,523.881831,0.0
-3.60595,50,523.916495,0.0
-4.029425,50,523.951224,0.0
-3.43142,50,523.986796,0.0
-3.690638,50,524.022452,0.0
-4.547328,50,524.057855,0.0
-4.074105,50,524.093054,0.0
-3.81459,50,524.127875,0.0
-3.857336,50,524.163688,0.0
-4.041007,50,524.199109,0.0
-3.806497,50,524.234342,0.0
-4.094525,50,524.269952,0.0
-3.517269,50,524.304985,0.0
-3.37412,50,524.339942,0.0
-3.722698,50,524.375678,0.0
-3.928254,50,524.411211,0.0
-3.621081,50,524.44648,0.0
-4.388696,50,524.481896,0.0
-3.801903,50,524.517095,0.0
-3.539489,50,524.552393,0.0
-3.579712,50,524.587588,0.0
-4.612879,50,524.622452,0.0
-3.709935,50,524.657636,0.0
-3.417633,50,524.80561,0.0
-4.12788,50,524.84098,0.0
-3.562333,50,524.876111,0.0
-3.983553,50,524.911263,0.0
-4.333914,50,524.946263,0.0
-4.049138,50,524.980901,0.0
-3.597068,50,525.015896,0.0
-4.232548,50,525.050804,0.0
-3.942933,50,525.086161,0.0
-3.345437,50,525.12134,0.0
-4.371648,50,525.156415,0.0
-3.476371,50,525.191316,0.0
-3.489469,50,525.226124,0.0
-4.332994,50,525.261369,0.0
-3.463442,50,525.296305,0.0
-4.109647,50,525.331262,0.0
-4.080762,50,525.366611,0.0
-3.99221,50,525.402172,0.0
-3.987546,50,525.437295,0.0
-4.727896,50,525.472446,0.0
-4.400023,50,525.507779,0.0
-4.328714,50,525.54296,0.0
-4.081212,50,525.578489,0.0
-4.360856,50,525.613631,0.0
-3.781751,50,525.648418,0.0
-4.235521,50,525.68356,0.0
-3.675294,50,525.718635,0.0
-4.403263,50,525.75364,0.0
-3.77763,50,525.788666,0.0
-4.32257,50,525.82366,0.0
-3.603383,50,525.85853,0.0
-4.065706,50,525.89475,0.0
-3.95709,50,525.929887,0.0
-3.83719,50,525.96479,0.0
-3.907509,50,526.000083,0.0
-4.424966,50,526.035062,0.0
-3.519418,50,526.070072,0.0
-4.26358,50,526.10525,0.0
-3.859914,50,526.13989,0.0
-4.309888,50,526.17469,0.0
-3.660074,50,526.209668,0.0
-3.683425,50,526.358651,0.0
-4.420622,50,526.394037,0.0
-3.535997,50,526.429435,0.0
-3.733439,50,526.46472,0.0
-3.326682,50,526.49997,0.0
-3.511233,50,526.535322,0.0
-3.651207,50,526.570255,0.0
-3.896158,50,526.605032,0.0
-4.233196,50,526.639785,0.0
-3.737632,50,526.674719,0.0
-3.642053,50,526.709882,0.0
-4.505713,50,526.745462,0.0
-4.293042,50,526.780565,0.0
-3.512624,50,526.81606,0.0
-3.540375,50,526.851402,0.0
-4.54508,50,526.886358,0.0
-3.786133,50,526.921359,0.0
-3.497769,50,526.956501,0.0
-4.113231,50,526.991665,0.0
-4.194134,50,527.026895,0.0
-3.649758,50,527.061505,0.0
-4.134217,50,527.097699,0.0
-4.062565,50,527.133032,0.0
-4.120307,50,527.168556,0.0
-3.35414,50,527.203633,0.0
-3.649663,50,527.238338,0.0
-3.968761,50,527.273367,0.0
-3.798197,50,527.308497,0.0
-4.257232,50,527.343522,0.0
-4.055908,50,527.378735,0.0
-4.186866,50,527.413894,0.0
-3.704055,50,527.448711,0.0
-4.256062,50,527.48396,0.0
-4.521923,50,527.518861,0.0
-3.252039,50,527.553673,0.0
-3.36233,50,527.58898,0.0
-3.613455,50,527.623849,0.0
-3.693457,50,527.658955,0.0
-3.760074,50,527.694074,0.0
-4.210326,50,527.728738,0.0
-4.088668,50,527.764242,0.0
-3.591621,50,527.915101,0.0
-3.553594,50,527.95102,0.0
-3.772923,50,527.986495,0.0
-3.876039,50,528.022174,0.0
-4.086159,50,528.057804,0.0
-4.194727,50,528.092952,0.0
-3.989384,50,528.128257,0.0
-3.613899,50,528.163541,0.0
-3.930455,50,528.198954,0.0
-3.580344,50,528.234462,0.0
-4.096774,50,528.269834,0.0
-4.024463,50,528.304966,0.0
-3.945734,50,528.340105,0.0
-3.402648,50,528.375534,0.0
-3.593919,50,528.41065,0.0
-4.019186,50,528.445936,0.0
-3.996958,50,528.481377,0.0
-3.883752,50,528.516415,0.0
-3.895811,50,528.551509,0.0
-3.393185,50,528.586311,0.0
-4.021733,50,528.621457,0.0
-4.084275,50,528.656673,0.0
-3.778858,50,528.691668,0.0
-3.667187,50,528.726759,0.0
-3.629314,50,528.761934,0.0
-3.9561,50,528.796905,0.0
-3.612623,50,528.832619,0.0
-4.28822,50,528.867973,0.0
-4.369033,50,528.903203,0.0
-4.74674,50,528.938431,0.0
-3.326986,50,528.973755,0.0
-3.970733,50,529.00882,0.0
-4.208896,50,529.044011,0.0
-3.458242,50,529.078983,0.0
-3.409803,50,529.11425,0.0
-3.847198,50,529.149276,0.0
-4.061922,50,529.18407,0.0
-3.692074,50,529.21895,0.0
-2.788058,50,529.253902,0.0
-4.011584,50,529.289297,0.0
-4.539093,50,529.324276,0.0
-4.63183,50,529.473819,0.0
-3.752905,50,529.509024,0.0
-3.805957,50,529.543491,0.0
-4.486793,50,529.578907,0.0
-3.475928,50,529.613619,0.0
-4.217301,50,529.648507,0.0
-4.05277,50,529.683503,0.0
-3.146627,50,529.718584,0.0
-3.929129,50,529.753237,0.0
-4.224312,50,529.788386,0.0
-4.119712,50,529.823132,0.0
-4.153094,50,529.858291,0.0
-4.101258,50,529.89373,0.0
-3.686127,50,529.928598,0.0
-3.63107,50,529.963437,0.0
-4.079116,50,529.998423,0.0
-3.280647,50,530.033328,0.0
-4.374005,50,530.068066,0.0
-3.660836,50,530.102754,0.0
-4.180236,50,530.13774,0.0
-3.766144,50,530.172595,0.0
-4.053881,50,530.207588,0.0
-3.649744,50,530.242419,0.0
-3.663383,50,530.277582,0.0
-4.034717,50,530.312446,0.0
-3.534894,50,530.348014,0.0
-4.006845,50,530.383406,0.0
-3.647129,50,530.418888,0.0
-3.417448,50,530.454071,0.0
-4.035251,50,530.489012,0.0
-3.55759,50,530.524002,0.0
-3.516357,50,530.559026,0.0
-3.858371,50,530.594011,0.0
-3.804617,50,530.629254,0.0
-4.341305,50,530.663962,0.0
-3.32153,50,530.698875,0.0
-3.870351,50,530.733786,0.0
-4.038917,50,530.768561,0.0
-3.582971,50,530.80319,0.0
-3.55909,50,530.837945,0.0
-3.683725,50,530.873097,0.0
-4.028677,50,531.021282,0.0
-3.94122,50,531.056538,0.0
-3.60268,50,531.091544,0.0
-4.175152,50,531.126482,0.0
-3.666592,50,531.161595,0.0
-3.599771,50,531.196446,0.0
-3.762923,50,531.231366,0.0
-4.077565,50,531.266092,0.0
-4.992867,50,531.301133,0.0
-4.239581,50,531.336175,0.0
-3.55224,50,531.371162,0.0
-4.253491,50,531.40676,0.0
-3.717418,50,531.44228,0.0
-3.560132,50,531.477114,0.0
-4.478182,50,531.512245,0.0
-3.567384,50,531.547402,0.0
-4.102462,50,531.582332,0.0
-3.451885,50,531.617486,0.0
-3.928933,50,531.652307,0.0
-4.596662,50,531.68727,0.0
-3.812576,50,531.722736,0.0
-4.028414,50,531.757573,0.0
-4.121822,50,531.792789,0.0
-4.107105,50,531.827685,0.0
-4.31383,50,531.863073,0.0
-4.082583,50,531.898554,0.0
-3.535227,50,531.933615,0.0
-3.982822,50,531.968414,0.0
-4.128063,50,532.00355,0.0
-3.37848,50,532.038543,0.0
-4.048035,50,532.073453,0.0
-3.567597,50,532.108517,0.0
-4.220107,50,532.144046,0.0
-4.147375,50,532.179513,0.0
-3.555643,50,532.215049,0.0
-3.798482,50,532.250193,0.0
-3.488022,50,532.285759,0.0
-3.44245,50,532.321127,0.0
-4.102489,50,532.356147,0.0
-3.843797,50,532.391631,0.0
-3.832438,50,532.426827,0.0
-3.898791,50,532.576324,0.0
-3.697971,50,532.61173,0.0
-4.235175,50,532.646892,0.0
-3.874381,50,532.68194,0.0
-4.292335,50,532.717115,0.0
-3.42894,50,532.752686,0.0
-4.155796,50,532.787676,0.0
-3.532973,50,532.822925,0.0
-4.390337,50,532.858284,0.0
-3.710563,50,532.89376,0.0
-4.724635,50,532.928797,0.0
-3.173877,50,532.964432,0.0
-3.251713,50,532.999052,0.0
-3.745044,50,533.033671,0.0
-4.245531,50,533.068597,0.0
-3.551374,50,533.103509,0.0
-3.495864,50,533.138449,0.0
-4.631965,50,533.17322,0.0
-4.284143,50,533.207886,0.0
-3.918373,50,533.242708,0.0
-3.620411,50,533.277147,0.0
-4.343459,50,533.312361,0.0
-4.255914,50,533.34738,0.0
-3.7322,50,533.382358,0.0
-3.640498,50,533.417409,0.0
-4.17926,50,533.452526,0.0
-3.86486,50,533.487456,0.0
-3.916426,50,533.522627,0.0
-3.92915,50,533.557481,0.0
-4.652035,50,533.593369,0.0
-3.951005,50,533.628484,0.0
-4.278505,50,533.66368,0.0
-4.938269,50,533.698895,0.0
-3.329444,50,533.734126,0.0
-3.560965,50,533.769464,0.0
-3.853504,50,533.804737,0.0
-4.189418,50,533.839873,0.0
-3.555117,50,533.875015,0.0
-4.148341,50,533.90999,0.0
-3.569419,50,533.94467,0.0
-3.784029,50,533.979977,0.0
-3.774177,50,534.129279,0.0
-4.44625,50,534.164946,0.0
-4.536639,50,534.20015,0.0
-3.701214,50,534.23561,0.0
-4.100894,50,534.270853,0.0
-4.232017,50,534.306112,0.0
-3.9675,50,534.341044,0.0
-3.936803,50,534.376555,0.0
-3.99389,50,534.411227,0.0
-3.523754,50,534.446317,0.0
-3.226908,50,534.481568,0.0
-4.236548,50,534.516747,0.0
-4.264376,50,534.551842,0.0
-3.80024,50,534.58736,0.0
-4.513766,50,534.622228,0.0
-4.200876,50,534.657437,0.0
-3.667908,50,534.692301,0.0
-3.841086,50,534.727579,0.0
-4.117098,50,534.762281,0.0
-4.056506,50,534.796998,0.0
-4.067569,50,534.83169,0.0
-3.824186,50,534.866552,0.0
-3.8755,50,534.90159,0.0
-4.133382,50,534.936553,0.0
-3.895525,50,534.971357,0.0
-4.540377,50,535.00631,0.0
-4.000836,50,535.04117,0.0
-3.921694,50,535.076355,0.0
-4.443487,50,535.111341,0.0
-3.899653,50,535.146335,0.0
-3.705771,50,535.18142,0.0
-3.630541,50,535.216591,0.0
-4.294428,50,535.251721,0.0
-3.909491,50,535.286851,0.0
-3.664177,50,535.321732,0.0
-3.519383,50,535.356679,0.0
-3.672501,50,535.391832,0.0
-3.851312,50,535.426889,0.0
-3.685326,50,535.462135,0.0
-4.145293,50,535.497386,0.0
-4.773354,50,535.532214,0.0
-3.468901,50,535.68168,0.0
-4.250266,50,535.717144,0.0
-4.184025,50,535.752673,0.0
-4.167993,50,535.787779,0.0
-3.815759,50,535.82303,0.0
-3.941412,50,535.858422,0.0
-4.028953,50,535.893462,0.0
-4.016826,50,535.928933,0.0
-3.63341,50,535.964601,0.0
-3.608518,50,536.000064,0.0
-3.749976,50,536.03552,0.0
-4.07781,50,536.070991,0.0
-3.772302,50,536.106089,0.0
-3.481941,50,536.141077,0.0
-4.2702,50,536.176335,0.0
-4.36849,50,536.211596,0.0
-3.76096,50,536.24723,0.0
-3.170126,50,536.282544,0.0
-3.746483,50,536.317513,0.0
-3.166221,50,536.352629,0.0
-4.469337,50,536.387783,0.0
-3.809352,50,536.423029,0.0
-3.633461,50,536.458189,0.0
-3.923079,50,536.492906,0.0
-3.461039,50,536.528504,0.0
-4.590144,50,536.563714,0.0
-3.83412,50,536.598562,0.0
-3.524379,50,536.633409,0.0
-3.842782,50,536.668304,0.0
-3.761521,50,536.70314,0.0
-3.794529,50,536.738472,0.0
-4.384322,50,536.773561,0.0
-3.348462,50,536.808817,0.0
-3.447447,50,536.844206,0.0
-3.553149,50,536.879398,0.0
-3.658844,50,536.914507,0.0
-3.683093,50,536.949692,0.0
-3.565104,50,536.984846,0.0
-3.995671,50,537.020274,0.0
-3.525782,50,537.05528,0.0
-3.406276,50,537.090184,0.0
-4.27246,50,537.238418,0.0
-3.777158,50,537.273635,0.0
-3.485667,50,537.308399,0.0
-3.453943,50,537.343334,0.0
-4.001428,50,537.378278,0.0
-3.796054,50,537.413158,0.0
-3.590355,50,537.448037,0.0
-4.064142,50,537.482849,0.0
-3.58431,50,537.518249,0.0
-3.556134,50,537.553849,0.0
-3.219992,50,537.589184,0.0
-3.494615,50,537.62441,0.0
-4.118909,50,537.659713,0.0
-4.1822,50,537.694862,0.0
-3.854459,50,537.729637,0.0
-4.19573,50,537.764708,0.0
-4.198255,50,537.7993,0.0
-4.264262,50,537.834559,0.0
-4.61753,50,537.869462,0.0
-3.978129,50,537.904671,0.0
-4.682688,50,537.939614,0.0
-3.210364,50,537.977075,0.0
-3.983379,50,538.012598,0.0
-3.810171,50,538.048077,0.0
-4.136795,50,538.083356,0.0
-3.511289,50,538.118332,0.0
-3.871503,50,538.153798,0.0
-4.016006,50,538.188954,0.0
-3.635497,50,538.224009,0.0
-3.390614,50,538.259202,0.0
-5.226075,50,538.293836,0.0
-3.275865,50,538.329,0.0
-4.021352,50,538.364033,0.0
-3.738658,50,538.399207,0.0
-4.078165,50,538.434584,0.0
-3.193075,50,538.469542,0.0
-3.607513,50,538.504547,0.0
-4.076698,50,538.539732,0.0
-3.726214,50,538.574417,0.0
-3.677624,50,538.609324,0.0
-3.735958,50,538.644297,0.0
-4.172529,50,538.793523,0.0
-4.144499,50,538.82867,0.0
-3.606594,50,538.863925,0.0
-4.694537,50,538.899307,0.0
-4.226883,50,538.934893,0.0
-4.048029,50,538.97047,0.0
-4.20742,50,539.005583,0.0
-3.920142,50,539.041104,0.0
-3.678793,50,539.076391,0.0
-4.127471,50,539.111755,0.0
-3.444698,50,539.146712,0.0
-3.235291,50,539.181894,0.0
-3.496931,50,539.216911,0.0
-4.23213,50,539.251701,0.0
-4.155507,50,539.286272,0.0
-3.894441,50,539.321314,0.0
-4.408252,50,539.356605,0.0
-4.14166,50,539.391662,0.0
-3.144693,50,539.426596,0.0
-4.035027,50,539.462174,0.0
-3.196651,50,539.497434,0.0
-3.920008,50,539.532597,0.0
-4.056628,50,539.567412,0.0
-4.107718,50,539.602313,0.0
-3.823167,50,539.637468,0.0
-4.164658,50,539.672532,0.0
-3.559101,50,539.707412,0.0
-3.948802,50,539.743591,0.0
-4.092016,50,539.779334,0.0
-3.680008,50,539.815814,0.0
-4.501614,50,539.851213,0.0
-4.213573,50,539.887109,0.0
-4.225891,50,539.923032,0.0
-4.016415,50,539.959092,0.0
-3.600419,50,539.995545,0.0
-4.50147,50,540.03176,0.0
-4.218704,50,540.067252,0.0
-3.560101,50,540.102884,0.0
-3.732419,50,540.138739,0.0
-3.924399,50,540.174809,0.0
-4.345923,50,540.210477,0.0
-3.455457,50,540.360735,0.0
-4.732068,50,540.395468,0.0
-4.662029,50,540.430029,0.0
-3.309005,50,540.464676,0.0
-3.376185,50,540.500729,0.0
-3.993864,50,540.5385,0.0
-3.59528,50,540.574465,0.0
-3.470957,50,540.611648,0.0
-3.577859,50,540.647434,0.0
-3.941133,50,540.683079,0.0
-4.178267,50,540.718305,0.0
-3.442486,50,540.754127,0.0
-3.454586,50,540.79056,0.0
-3.867888,50,540.826384,0.0
-4.015407,50,540.862866,0.0
-3.981258,50,540.899045,0.0
-3.450078,50,540.935197,0.0
-3.617247,50,540.97169,0.0
-3.324164,50,541.007523,0.0
-4.013675,50,541.042867,0.0
-3.751775,50,541.078584,0.0
-4.51226,50,541.114618,0.0
-4.190346,50,541.150445,0.0
-3.796748,50,541.185598,0.0
-3.647984,50,541.221929,0.0
-3.93313,50,541.257715,0.0
-4.083202,50,541.293224,0.0
-4.588201,50,541.329155,0.0
-4.375943,50,541.364951,0.0
-3.732745,50,541.401408,0.0
-3.523086,50,541.43743,0.0
-3.288869,50,541.472843,0.0
-3.474656,50,541.508451,0.0
-3.926164,50,541.911778,0.0
-4.06472,50,541.94734,0.0
-3.491059,50,541.984063,0.0
-4.138938,50,542.020435,0.0
-3.479384,50,542.05614,0.0
-4.02347,50,542.091753,0.0
-4.09422,50,542.127429,0.0
-4.234267,50,542.163039,0.0
-3.753077,50,542.315686,0.0
-4.090363,50,542.351774,0.0
-3.086999,50,542.387526,0.0
-3.876383,50,542.423463,0.0
-3.699431,50,542.459393,0.0
-3.734669,50,542.495305,0.0
-4.014414,50,542.531189,0.0
-3.328901,50,542.567275,0.0
-4.251343,50,542.602898,0.0
-4.320897,50,542.639085,0.0
-3.866407,50,542.67499,0.0
-3.976454,50,542.710556,0.0
-3.343239,50,542.746543,0.0
-4.439384,50,542.782616,0.0
-3.687496,50,542.818118,0.0
-4.089305,50,542.852479,0.0
-4.244077,50,542.887493,0.0
-3.771527,50,542.923142,0.0
-4.043738,50,542.958901,0.0
-3.657071,50,542.994481,0.0
-4.237238,50,543.030503,0.0
-4.478176,50,543.066202,0.0
-4.328403,50,543.101676,0.0
-3.660305,50,543.137447,0.0
-3.216635,50,543.173116,0.0
-4.551935,50,543.20849,0.0
-3.985858,50,543.243818,0.0
-3.501843,50,543.281129,0.0
-3.670325,50,543.317418,0.0
-3.689239,50,543.353372,0.0
-3.436666,50,543.388982,0.0
-4.419714,50,543.424643,0.0
-4.014854,50,543.460552,0.0
-3.907737,50,543.496591,0.0
-4.401127,50,543.532157,0.0
-3.850878,50,543.567819,0.0
-3.821892,50,543.603667,0.0
-4.695377,50,543.639099,0.0
-3.750584,50,543.674869,0.0
-4.12556,50,543.71146,0.0
-4.296287,50,543.747718,0.0
-4.282538,50,543.900127,0.0
-4.184344,50,543.936227,0.0
-4.060891,50,543.971651,0.0
-4.057037,50,544.007454,0.0
-4.1163,50,544.041922,0.0
-3.719903,50,544.076088,0.0
-3.934198,50,544.110547,0.0
-4.27794,50,544.145734,0.0
-4.135882,50,544.180847,0.0
-3.180159,50,544.215539,0.0
-3.745351,50,544.250852,0.0
-4.165501,50,544.286033,0.0
-4.015709,50,544.321053,0.0
-3.874495,50,544.357823,0.0
-3.807449,50,544.393999,0.0
-4.316803,50,544.42962,0.0
-4.131326,50,544.465506,0.0
-3.182232,50,544.500894,0.0
-4.16323,50,544.536182,0.0
-3.50542,50,544.571497,0.0
-4.360392,50,544.606651,0.0
-3.515899,50,544.641858,0.0
-4.009414,50,544.676792,0.0
-4.428905,50,544.711872,0.0
-4.261916,50,544.746906,0.0
-4.224541,50,544.78249,0.0
-3.549627,50,544.817838,0.0
-3.607635,50,544.853174,0.0
-4.533054,50,544.888715,0.0
-3.758901,50,544.924695,0.0
-4.265057,50,544.960797,0.0
-4.06092,50,544.999326,0.0
-4.111319,50,545.036443,0.0
-4.2447,50,545.071984,0.0
-4.492722,50,545.107661,0.0
-4.629339,50,545.143033,0.0
-4.534166,50,545.178785,0.0
-4.296699,50,545.214816,0.0
-4.938791,50,545.251034,0.0
-3.807529,50,545.28671,0.0
-3.747094,50,545.321958,0.0
-3.414096,50,545.474143,0.0
-3.734202,50,545.50981,0.0
-4.191194,50,545.545575,0.0
-4.06953,50,545.582085,0.0
-3.510573,50,545.617922,0.0
-3.855329,50,545.653836,0.0
-4.168034,50,545.689753,0.0
-3.426703,50,545.725069,0.0
-3.733093,50,545.761531,0.0
-3.794691,50,545.798936,0.0
-4.570646,50,545.834983,0.0
-3.610074,50,545.870368,0.0
-3.986313,50,545.905914,0.0
-3.67558,50,545.941509,0.0
-4.302783,50,545.976467,0.0
-3.971797,50,546.011874,0.0
-4.430086,50,546.047221,0.0
-4.056774,50,546.082307,0.0
-3.477585,50,546.117988,0.0
-3.392003,50,546.153387,0.0
-3.977323,50,546.187483,0.0
-3.884587,50,546.222466,0.0
-3.274448,50,546.256898,0.0
-4.066968,50,546.291952,0.0
-3.459868,50,546.327384,0.0
-3.138715,50,546.363059,0.0
-4.2127,50,546.398748,0.0
-3.816533,50,546.434291,0.0
-3.5646,50,546.469419,0.0
-4.588332,50,546.504952,0.0
-4.493755,50,546.54035,0.0
-3.684885,50,546.575516,0.0
-3.556067,50,546.610737,0.0
-3.911599,50,546.645952,0.0
-4.810684,50,546.68076,0.0
-3.355556,50,546.715734,0.0
-4.162416,50,546.750863,0.0
-3.427398,50,546.785998,0.0
-4.312702,50,546.821042,0.0
-4.043213,50,546.856006,0.0
-3.594425,50,546.89125,0.0
-4.557203,50,547.039716,0.0
-4.04255,50,547.074842,0.0
-4.459496,50,547.10979,0.0
-3.672519,50,547.145201,0.0
-3.334216,50,547.180294,0.0
-3.697053,50,547.214826,0.0
-3.877462,50,547.249829,0.0
-4.375477,50,547.28469,0.0
-4.385845,50,547.319459,0.0
-4.055705,50,547.354906,0.0
-3.267028,50,547.389854,0.0
-3.907942,50,547.424909,0.0
-3.928178,50,547.459582,0.0
-3.861514,50,547.494383,0.0
-4.129084,50,547.529341,0.0
-4.071287,50,547.564323,0.0
-4.789649,50,547.600032,0.0
-3.836254,50,547.635082,0.0
-4.426615,50,547.669951,0.0
-3.765281,50,547.705234,0.0
-4.206515,50,547.740166,0.0
-4.445178,50,547.775188,0.0
-4.727998,50,547.810403,0.0
-4.841229,50,547.846429,0.0
-3.873342,50,547.882535,0.0
-3.962957,50,547.918054,0.0
-3.618226,50,547.953329,0.0
-3.831745,50,547.988231,0.0
-3.859865,50,548.023258,0.0
-3.830429,50,548.05824,0.0
-3.417965,50,548.093311,0.0
-4.171831,50,548.128359,0.0
-4.218932,50,548.163486,0.0
-3.145234,50,548.198652,0.0
-3.993201,50,548.233658,0.0
-4.1276,50,548.268882,0.0
-3.991892,50,548.304295,0.0
-4.268911,50,548.339535,0.0
-4.369094,50,548.374993,0.0
-4.182257,50,548.410634,0.0
-3.926961,50,548.445492,0.0
-3.843347,50,548.594873,0.0
-4.102249,50,548.63009,0.0
-3.887489,50,548.665576,0.0
-4.718755,50,548.701054,0.0
-4.400828,50,548.736342,0.0
-4.126111,50,548.771823,0.0
-3.722809,50,548.806521,0.0
-3.586037,50,548.841365,0.0
-3.711416,50,548.876489,0.0
-4.114913,50,548.911821,0.0
-3.725633,50,548.946988,0.0
-4.31254,50,548.981863,0.0
-3.402695,50,549.016653,0.0
-3.973148,50,549.051837,0.0
-3.718124,50,549.088215,0.0
-4.316345,50,549.123443,0.0
-4.709156,50,549.158887,0.0
-4.170059,50,549.194068,0.0
-4.507454,50,549.229146,0.0
-3.754283,50,549.264465,0.0
-3.740078,50,549.299308,0.0
-4.262167,50,549.334195,0.0
-3.870114,50,549.369214,0.0
-4.080392,50,549.40425,0.0
-3.813614,50,549.439295,0.0
-4.252969,50,549.474291,0.0
-3.768703,50,549.509087,0.0
-3.53742,50,549.544111,0.0
-4.307032,50,549.578952,0.0
-4.058595,50,549.613762,0.0
-3.594137,50,549.648942,0.0
-3.426966,50,549.684204,0.0
-4.154145,50,549.719506,0.0
-3.947177,50,549.754699,0.0
-3.642072,50,549.790021,0.0
-3.742845,50,549.825197,0.0
-4.026603,50,549.860234,0.0
-3.681289,50,549.895257,0.0
-3.379154,50,549.930382,0.0
-3.683822,50,549.965597,0.0
-3.556935,50,550.001396,0.0
-3.272862,50,550.154846,0.0
-3.253697,50,550.191329,0.0
-4.479061,50,550.227307,0.0
-3.4394,50,550.26314,0.0
-4.164616,50,550.298582,0.0
-4.414556,50,550.334096,0.0
-3.998569,50,550.369735,0.0
-2.931478,50,550.405151,0.0
-4.211403,50,550.440485,0.0
-3.801865,50,550.475676,0.0
-4.004505,50,550.51118,0.0
-3.552201,50,550.546879,0.0
-3.816266,50,550.582541,0.0
-3.303593,50,550.617946,0.0
-3.773679,50,550.654054,0.0
-3.564263,50,550.689836,0.0
-4.422501,50,550.725184,0.0
-4.147186,50,550.761092,0.0
-4.051531,50,550.796907,0.0
-4.636966,50,550.832578,0.0
-4.311317,50,550.868621,0.0
-4.1422,50,550.904615,0.0
-3.771308,50,550.940485,0.0
-3.898097,50,550.976143,0.0
-3.469041,50,551.012538,0.0
-5.088875,50,551.048593,0.0
-3.049529,50,551.083715,0.0
-3.99577,50,551.119064,0.0
-4.6427,50,551.155257,0.0
-3.600538,50,551.191197,0.0
-3.901944,50,551.226943,0.0
-3.349106,50,551.262744,0.0
-3.585833,50,551.298913,0.0
-4.133423,50,551.335306,0.0
-4.096211,50,551.371201,0.0
-3.604096,50,551.406447,0.0
-4.513578,50,551.442768,0.0
-3.742754,50,551.479388,0.0
-3.909162,50,551.515474,0.0
-3.949659,50,551.550679,0.0
-3.896413,50,551.586367,0.0
-4.318285,50,551.737013,0.0
-3.868602,50,551.772626,0.0
-4.407877,50,551.808002,0.0
-4.003895,50,551.842929,0.0
-3.814662,50,551.878459,0.0
-3.830445,50,551.914269,0.0
-4.390899,50,551.95034,0.0
-5.130207,50,551.986298,0.0
-4.221068,50,552.021846,0.0
-4.009254,50,552.057176,0.0
-3.737191,50,552.092474,0.0
-3.524547,50,552.127608,0.0
-4.195226,50,552.163072,0.0
-4.356656,50,552.198271,0.0
-4.291801,50,552.233549,0.0
-4.36113,50,552.26865,0.0
-3.754503,50,552.303881,0.0
-4.329946,50,552.33939,0.0
-3.783201,50,552.374474,0.0
-3.896463,50,552.409695,0.0
-4.622061,50,552.444773,0.0
-4.04977,50,552.480294,0.0
-3.778868,50,552.516949,0.0
-4.799472,50,552.552683,0.0
-4.068053,50,552.587909,0.0
-4.275355,50,552.623001,0.0
-3.996096,50,552.658162,0.0
-4.082274,50,552.693645,0.0
-3.946084,50,552.729057,0.0
-3.993296,50,552.76461,0.0
-4.106845,50,552.799937,0.0
-4.38754,50,552.834767,0.0
-4.728509,50,552.869957,0.0
-3.27546,50,552.905174,0.0
-3.551189,50,552.940402,0.0
-4.621202,50,552.976141,0.0
-4.232828,50,553.011694,0.0
-4.414414,50,553.047154,0.0
-4.695127,50,553.082401,0.0
-3.293245,50,553.117711,0.0
-3.94979,50,553.152726,0.0
-4.001006,50,553.302183,0.0
-3.516053,50,553.337517,0.0
-4.202726,50,553.372899,0.0
-3.737351,50,553.408256,0.0
-3.528871,50,553.443632,0.0
-3.914312,50,553.478717,0.0
-3.996515,50,553.514058,0.0
-4.241916,50,553.5494,0.0
-3.301226,50,553.584298,0.0
-4.736347,50,553.619375,0.0
-4.149459,50,553.654535,0.0
-3.787026,50,553.689605,0.0
-3.908192,50,553.724659,0.0
-4.511861,50,553.759593,0.0
-4.616261,50,553.794379,0.0
-4.277456,50,553.82934,0.0
-3.775007,50,553.864455,0.0
-3.785447,50,553.899478,0.0
-3.546144,50,553.934421,0.0
-3.640396,50,553.970007,0.0
-4.264454,50,554.0052,0.0
-4.022701,50,554.040438,0.0
-3.678162,50,554.075676,0.0
-4.359289,50,554.1105,0.0
-3.406334,50,554.146145,0.0
-3.284837,50,554.181468,0.0
-3.757485,50,554.216756,0.0
-3.334172,50,554.251926,0.0
-3.654278,50,554.287185,0.0
-3.828448,50,554.32248,0.0
-3.493365,50,554.35804,0.0
-4.425209,50,554.393169,0.0
-4.39322,50,554.428847,0.0
-3.790655,50,554.464496,0.0
-4.430564,50,554.499256,0.0
-3.837844,50,554.534107,0.0
-4.133312,50,554.569121,0.0
-4.911378,50,554.604458,0.0
-4.85897,50,554.639302,0.0
-3.768345,50,554.674243,0.0
-4.03053,50,554.709341,0.0
-4.339798,50,554.860851,0.0
-3.950602,50,554.896576,0.0
-4.04907,50,554.932177,0.0
-4.211862,50,554.967687,0.0
-3.422608,50,555.002854,0.0
-3.500227,50,555.038401,0.0
-4.584756,50,555.073722,0.0
-4.14031,50,555.109038,0.0
-4.039665,50,555.144318,0.0
-3.464697,50,555.179829,0.0
-3.692352,50,555.215067,0.0
-4.079708,50,555.250135,0.0
-3.815466,50,555.285167,0.0
-4.200641,50,555.320445,0.0
-4.238375,50,555.35555,0.0
-4.790448,50,555.390803,0.0
-4.071373,50,555.42663,0.0
-3.865017,50,555.461562,0.0
-3.94367,50,555.49675,0.0
-4.028001,50,555.53215,0.0
-3.892888,50,555.567335,0.0
-4.151065,50,555.602381,0.0
-3.30083,50,555.637776,0.0
-4.209898,50,555.673012,0.0
-3.928185,50,555.708177,0.0
-3.865589,50,555.743509,0.0
-3.899374,50,555.778518,0.0
-4.520112,50,555.814148,0.0
-3.870215,50,555.849143,0.0
-4.286573,50,555.884366,0.0
-4.112231,50,555.919511,0.0
-3.578719,50,555.954676,0.0
-3.95614,50,555.989489,0.0
-3.866194,50,556.024288,0.0
-3.74459,50,556.05922,0.0
-4.031423,50,556.094185,0.0
-3.390095,50,556.129247,0.0
-4.246626,50,556.164153,0.0
-3.327791,50,556.199315,0.0
-3.768031,50,556.234534,0.0
-4.101425,50,556.384132,0.0
-4.134451,50,556.42019,0.0
-4.469134,50,556.45562,0.0
-3.58604,50,556.490839,0.0
-3.676757,50,556.526198,0.0
-4.611233,50,556.561314,0.0
-4.220883,50,556.596206,0.0
-3.890516,50,556.6315,0.0
-4.248371,50,556.66669,0.0
-3.902267,50,556.701597,0.0
-3.89612,50,556.736316,0.0
-3.962399,50,556.771368,0.0
-3.088837,50,556.806361,0.0
-4.41461,50,556.841576,0.0
-4.304546,50,556.877031,0.0
-4.492558,50,556.91209,0.0
-5.058533,50,556.947248,0.0
-4.334417,50,556.982003,0.0
-3.779719,50,557.017266,0.0
-3.808411,50,557.052285,0.0
-3.383051,50,557.087224,0.0
-4.383795,50,557.122552,0.0
-3.623685,50,557.157946,0.0
-4.922388,50,557.192979,0.0
-3.892701,50,557.228152,0.0
-4.418151,50,557.26328,0.0
-3.866906,50,557.298139,0.0
-4.146321,50,557.333411,0.0
-4.213204,50,557.368218,0.0
-4.565244,50,557.403209,0.0
-3.809232,50,557.438478,0.0
-4.155509,50,557.473942,0.0
-4.67709,50,557.509236,0.0
-3.644626,50,557.544313,0.0
-4.286397,50,557.579111,0.0
-4.778087,50,557.614023,0.0
-3.908325,50,557.648926,0.0
-3.461296,50,557.683679,0.0
-4.105137,50,557.71832,0.0
-3.591305,50,557.753218,0.0
-4.499892,50,557.788173,0.0
-4.575125,50,557.936538,0.0
-4.540348,50,557.971858,0.0
-3.926037,50,558.007257,0.0
-4.27414,50,558.04254,0.0
-4.434864,50,558.078067,0.0
-3.997483,50,558.113573,0.0
-3.553081,50,558.148949,0.0
-4.092734,50,558.184016,0.0
-4.224282,50,558.219306,0.0
-3.778671,50,558.254639,0.0
-4.339151,50,558.290011,0.0
-4.090042,50,558.32503,0.0
-4.066664,50,558.360083,0.0
-4.307338,50,558.395627,0.0
-4.052741,50,558.430914,0.0
-4.006377,50,558.465187,0.0
-3.856907,50,558.50057,0.0
-3.931797,50,558.535922,0.0
-4.397657,50,558.571296,0.0
-4.182799,50,558.606746,0.0
-4.296039,50,558.642275,0.0
-4.725857,50,558.677585,0.0
-4.446146,50,558.713163,0.0
-3.996835,50,558.748729,0.0
-3.518805,50,558.783786,0.0
-3.496759,50,558.818765,0.0
-3.511288,50,558.854349,0.0
-4.189003,50,558.888943,0.0
-3.675616,50,558.923864,0.0
-4.271957,50,558.95959,0.0
-3.303921,50,558.994337,0.0
-4.776493,50,559.02961,0.0
-4.12129,50,559.064928,0.0
-4.277675,50,559.100141,0.0
-4.719764,50,559.136108,0.0
-4.095871,50,559.17135,0.0
-3.585773,50,559.206782,0.0
-4.293653,50,559.242377,0.0
-3.848013,50,559.277565,0.0
-4.405815,50,559.312576,0.0
-4.231154,50,559.347917,0.0
-3.722841,50,559.498449,0.0
-4.24526,50,559.533994,0.0
-3.862812,50,559.569366,0.0
-3.887796,50,559.604791,0.0
-3.893295,50,559.640365,0.0
-3.419523,50,559.675497,0.0
-3.645406,50,559.71122,0.0
-3.919752,50,559.746197,0.0
-3.340448,50,559.781478,0.0
-3.871273,50,559.816238,0.0
-3.897847,50,559.851074,0.0
-4.324049,50,559.886492,0.0
-3.648795,50,559.922191,0.0
-3.699089,50,559.957247,0.0
-3.673843,50,559.99246,0.0
-3.934512,50,560.027893,0.0
-3.31146,50,560.062858,0.0
-3.623817,50,560.097977,0.0
-4.568882,50,560.133017,0.0
-3.835281,50,560.168407,0.0
-3.686763,50,560.203517,0.0
-4.725369,50,560.238669,0.0
-3.16761,50,560.27387,0.0
-3.790854,50,560.309107,0.0
-4.394986,50,560.343828,0.0
-3.660611,50,560.378061,0.0
-3.448682,50,560.41311,0.0
-4.236711,50,560.448382,0.0
-3.483098,50,560.483868,0.0
-3.459963,50,560.518976,0.0
-3.896948,50,560.55423,0.0
-3.453043,50,560.589532,0.0
-3.73358,50,560.624528,0.0
-4.280682,50,560.659449,0.0
-3.932009,50,560.694683,0.0
-3.445887,50,560.729845,0.0
-4.116639,50,560.764971,0.0
-3.617431,50,560.800177,0.0
-4.876248,50,560.835073,0.0
-4.029727,50,560.870366,0.0
-4.093858,50,560.905604,0.0
-4.296514,50,561.05413,0.0
-4.033089,50,561.089209,0.0
-4.086306,50,561.124481,0.0
-3.889641,50,561.159496,0.0
-4.586851,50,561.194392,0.0
-3.722344,50,561.229198,0.0
-4.770495,50,561.264321,0.0
-4.008668,50,561.299603,0.0
-4.073722,50,561.334853,0.0
-3.474018,50,561.369973,0.0
-4.682518,50,561.405157,0.0
-3.950566,50,561.440416,0.0
-3.509483,50,561.475084,0.0
-3.450147,50,561.5103,0.0
-3.214628,50,561.545151,0.0
-4.564225,50,561.579871,0.0
-4.222618,50,561.614859,0.0
-4.230842,50,561.649898,0.0
-4.465907,50,561.685034,0.0
-3.875179,50,561.720776,0.0
-3.445779,50,561.755969,0.0
-4.393723,50,561.791105,0.0
-3.843312,50,561.826445,0.0
-3.185321,50,561.861492,0.0
-3.363601,50,561.896561,0.0
-4.498586,50,561.931372,0.0
-4.048977,50,561.966719,0.0
-3.368916,50,562.001938,0.0
-4.559237,50,562.036845,0.0
-3.697773,50,562.071995,0.0
-4.211874,50,562.107031,0.0
-4.280027,50,562.142172,0.0
-3.261445,50,562.177355,0.0
-3.6554,50,562.212579,0.0
-4.138224,50,562.247738,0.0
-4.530981,50,562.282895,0.0
-3.86263,50,562.318041,0.0
-4.222477,50,562.353021,0.0
-3.600115,50,562.388333,0.0
-4.311406,50,562.423532,0.0
-4.168984,50,562.458534,0.0
-4.253018,50,562.607233,0.0
-4.67515,50,562.642739,0.0
-3.954184,50,562.678085,0.0
-4.118429,50,562.713481,0.0
-4.708377,50,562.74907,0.0
-4.477726,50,562.784671,0.0
-3.22664,50,562.819796,0.0
-3.771786,50,562.854912,0.0
-4.020713,50,562.889863,0.0
-3.774884,50,562.92505,0.0
-4.336975,50,562.960024,0.0
-4.03145,50,562.994975,0.0
-4.516387,50,563.030538,0.0
-3.457992,50,563.065817,0.0
-3.808536,50,563.100913,0.0
-4.159935,50,563.136025,0.0
-3.664766,50,563.170854,0.0
-4.410834,50,563.205834,0.0
-3.594365,50,563.241016,0.0
-4.134034,50,563.276161,0.0
-4.137002,50,563.311367,0.0
-4.308921,50,563.346373,0.0
-4.243018,50,563.381627,0.0
-4.04179,50,563.417438,0.0
-3.399124,50,563.452742,0.0
-3.519619,50,563.487826,0.0
-4.006934,50,563.523336,0.0
-4.273344,50,563.55821,0.0
-3.242199,50,563.593329,0.0
-3.593313,50,563.628802,0.0
-3.446767,50,563.664147,0.0
-3.815088,50,563.699687,0.0
-3.694895,50,563.735427,0.0
-3.511339,50,563.770579,0.0
-4.397196,50,563.805423,0.0
-4.049968,50,563.840649,0.0
-3.149926,50,563.875698,0.0
-3.657001,50,563.910891,0.0
-4.125332,50,563.946213,0.0
-4.441878,50,563.980932,0.0
-3.295415,50,564.01617,0.0
-3.544278,50,564.164679,0.0
-3.768648,50,564.199896,0.0
-4.252793,50,564.234945,0.0
-3.692618,50,564.270547,0.0
-4.228707,50,564.305942,0.0
-4.220924,50,564.34149,0.0
-3.534412,50,564.3772,0.0
-3.919934,50,564.41222,0.0
-4.15927,50,564.447063,0.0
-4.106576,50,564.482554,0.0
-3.654844,50,564.517818,0.0
-3.811987,50,564.552872,0.0
-4.654124,50,564.587963,0.0
-3.562149,50,564.622893,0.0
-4.41292,50,564.658071,0.0
-4.800086,50,564.693291,0.0
-3.751026,50,564.728105,0.0
-3.659363,50,564.763298,0.0
-3.246944,50,564.798079,0.0
-4.299089,50,564.832937,0.0
-3.795229,50,564.868322,0.0
-3.74452,50,564.903431,0.0
-3.720083,50,564.938388,0.0
-4.196664,50,564.973265,0.0
-3.143912,50,565.008308,0.0
-3.903067,50,565.043259,0.0
-4.545315,50,565.078457,0.0
-3.269344,50,565.113713,0.0
-3.857933,50,565.1487,0.0
-3.778312,50,565.183443,0.0
-3.907208,50,565.218496,0.0
-3.395683,50,565.253432,0.0
-3.552528,50,565.288369,0.0
-4.161406,50,565.3234,0.0
-4.458617,50,565.358573,0.0
-3.473968,50,565.393852,0.0
-3.837962,50,565.429304,0.0
-4.152379,50,565.464225,0.0
-4.11644,50,565.49935,0.0
-3.212527,50,565.534252,0.0
-3.554244,50,565.5693,0.0
-4.185318,50,565.717215,0.0
-4.672359,50,565.752695,0.0
-3.386041,50,565.787864,0.0
-4.045983,50,565.82292,0.0
-4.093487,50,565.858073,0.0
-3.817702,50,565.894042,0.0
-4.009052,50,565.929607,0.0
-3.738564,50,565.964909,0.0
-4.772559,50,566.000097,0.0
-3.51754,50,566.035123,0.0
-3.746236,50,566.069893,0.0
-3.693397,50,566.104757,0.0
-3.888104,50,566.139671,0.0
-3.726071,50,566.174593,0.0
-3.922542,50,566.209442,0.0
-4.071683,50,566.244939,0.0
-4.306842,50,566.279656,0.0
-3.892035,50,566.314746,0.0
-3.496845,50,566.349714,0.0
-3.543089,50,566.385162,0.0
-3.250295,50,566.420282,0.0
-3.656245,50,566.455393,0.0
-4.152868,50,566.490101,0.0
-4.211589,50,566.525066,0.0
-3.577089,50,566.560016,0.0
-4.366563,50,566.594873,0.0
-3.060442,50,566.629966,0.0
-3.752766,50,566.664759,0.0
-3.64909,50,566.700124,0.0
-4.025984,50,566.735905,0.0
-4.170702,50,566.770812,0.0
-3.892601,50,566.806189,0.0
-4.080903,50,566.841129,0.0
-4.92916,50,566.876065,0.0
-4.09864,50,566.911386,0.0
-4.315073,50,566.946773,0.0
-3.931031,50,566.982024,0.0
-4.60685,50,567.01743,0.0
-3.704459,50,567.052435,0.0
-3.333846,50,567.087472,0.0
-3.68996,50,567.122836,0.0
-4.252693,50,567.271865,0.0
-3.868841,50,567.307236,0.0
-4.260623,50,567.342202,0.0
-4.640481,50,567.377389,0.0
-3.69815,50,567.412434,0.0
-3.321854,50,567.447801,0.0
-3.909288,50,567.483593,0.0
-3.527881,50,567.5192,0.0
-3.891643,50,567.554445,0.0
-3.55442,50,567.589481,0.0
-3.619191,50,567.624646,0.0
-3.798182,50,567.659572,0.0
-4.746734,50,567.694678,0.0
-3.587791,50,567.729685,0.0
-3.800353,50,567.764767,0.0
-4.212399,50,567.799857,0.0
-3.501094,50,567.834831,0.0
-3.850763,50,567.870215,0.0
-4.075903,50,567.905429,0.0
-3.844886,50,567.94066,0.0
-4.080484,50,567.975953,0.0
-3.927349,50,568.010943,0.0
-3.968499,50,568.046286,0.0
-4.427053,50,568.08144,0.0
-3.769615,50,568.116454,0.0
-4.095619,50,568.151622,0.0
-4.357915,50,568.186734,0.0
-4.041436,50,568.221371,0.0
-4.634869,50,568.25673,0.0
-3.855655,50,568.29165,0.0
-4.427942,50,568.326816,0.0
-4.174822,50,568.362062,0.0
-3.989447,50,568.3969,0.0
-4.332927,50,568.43217,0.0
-4.667433,50,568.467096,0.0
-4.328377,50,568.50212,0.0
-3.923329,50,568.537066,0.0
-3.963191,50,568.572189,0.0
-3.950339,50,568.607467,0.0
-4.032051,50,568.642856,0.0
-4.137726,50,568.677828,0.0
-3.908301,50,568.826178,0.0
-3.628193,50,568.861558,0.0
-4.17711,50,568.8968,0.0
-4.125897,50,568.932007,0.0
-3.840413,50,568.967314,0.0
-4.580496,50,569.002338,0.0
-4.28236,50,569.037308,0.0
-3.968452,50,569.07234,0.0
-4.086255,50,569.107305,0.0
-3.543805,50,569.142059,0.0
-3.603909,50,569.177267,0.0
-3.502447,50,569.212621,0.0
-4.054159,50,569.247594,0.0
-3.669827,50,569.28262,0.0
-4.281255,50,569.317557,0.0
-4.402568,50,569.352881,0.0
-4.055337,50,569.387723,0.0
-4.163903,50,569.422954,0.0
-3.961598,50,569.458311,0.0
-3.223514,50,569.493711,0.0
-3.93392,50,569.529121,0.0
-4.34534,50,569.564491,0.0
-3.822604,50,569.599333,0.0
-3.959323,50,569.634266,0.0
-4.276908,50,569.669382,0.0
-4.233605,50,569.704632,0.0
-5.031154,50,569.73977,0.0
-4.371632,50,569.774649,0.0
-4.251183,50,569.809553,0.0
-4.402374,50,569.844726,0.0
-4.327848,50,569.879635,0.0
-4.553619,50,569.915242,0.0
-3.682234,50,569.950265,0.0
-4.538756,50,569.984981,0.0
-4.341767,50,570.020115,0.0
-4.054915,50,570.055551,0.0
-3.842094,50,570.090593,0.0
-3.861387,50,570.125733,0.0
-3.688467,50,570.160837,0.0
-4.688503,50,570.195806,0.0
-4.203982,50,570.230936,0.0
-4.301661,50,570.381298,0.0
-3.061287,50,570.416956,0.0
-4.477789,50,570.452275,0.0
-3.619389,50,570.487307,0.0
-4.198631,50,570.522239,0.0
-4.433628,50,570.556927,0.0
-3.52572,50,570.591988,0.0
-3.771533,50,570.626983,0.0
-4.030717,50,570.661731,0.0
-4.060142,50,570.696645,0.0
-4.493651,50,570.731771,0.0
-4.309044,50,570.766836,0.0
-4.842307,50,570.801541,0.0
-4.261292,50,570.836407,0.0
-4.094743,50,570.871459,0.0
-3.550964,50,570.906336,0.0
-4.025945,50,570.941799,0.0
-3.974718,50,570.976866,0.0
-3.551193,50,571.01194,0.0
-3.428175,50,571.047515,0.0
-4.171047,50,571.082702,0.0
-3.984771,50,571.118133,0.0
-3.371198,50,571.153583,0.0
-3.654757,50,571.188486,0.0
-4.058867,50,571.223166,0.0
-4.613325,50,571.258188,0.0
-3.622961,50,571.293056,0.0
-3.809124,50,571.328051,0.0
-4.588044,50,571.363329,0.0
-4.913932,50,571.39838,0.0
-3.512961,50,571.433541,0.0
-4.137558,50,571.469084,0.0
-3.648599,50,571.50415,0.0
-4.324589,50,571.539312,0.0
-3.657143,50,571.574463,0.0
-3.596395,50,571.609245,0.0
-4.210769,50,571.644041,0.0
-3.305606,50,571.678951,0.0
-3.889856,50,571.714424,0.0
-3.757059,50,571.749544,0.0
-3.645858,50,571.784555,0.0
-4.033768,50,571.935287,0.0
-4.115748,50,571.970889,0.0
-3.984262,50,572.006185,0.0
-3.940375,50,572.041528,0.0
-4.345162,50,572.076456,0.0
-4.191578,50,572.111638,0.0
-4.126462,50,572.14668,0.0
-4.189392,50,572.182059,0.0
-3.951319,50,572.217181,0.0
-3.893649,50,572.251936,0.0
-3.962892,50,572.287054,0.0
-3.469365,50,572.321882,0.0
-3.86928,50,572.356683,0.0
-4.132803,50,572.391809,0.0
-3.588909,50,572.426722,0.0
-4.364453,50,572.462289,0.0
-3.830664,50,572.497557,0.0
-3.618558,50,572.53239,0.0
-3.426152,50,572.567229,0.0
-3.648509,50,572.602391,0.0
-4.484791,50,572.637098,0.0
-3.656134,50,572.672223,0.0
-4.586234,50,572.707263,0.0
-3.909013,50,572.742846,0.0
-3.492202,50,572.778056,0.0
-4.044741,50,572.813237,0.0
-3.637465,50,572.848322,0.0
-4.046516,50,572.883478,0.0
-3.958784,50,572.918585,0.0
-4.2337,50,572.953448,0.0
-4.036054,50,572.988355,0.0
-3.705568,50,573.023016,0.0
-3.695446,50,573.05785,0.0
-3.538701,50,573.092796,0.0
-3.384949,50,573.127986,0.0
-4.363462,50,573.163212,0.0
-3.776116,50,573.198012,0.0
-4.024579,50,573.233208,0.0
-3.509792,50,573.267901,0.0
-4.366923,50,573.303245,0.0
-3.971084,50,573.33845,0.0
-3.698186,50,573.486751,0.0
-3.479793,50,573.522142,0.0
-3.810073,50,573.557685,0.0
-3.353375,50,573.592971,0.0
-4.744438,50,573.627893,0.0
-3.841655,50,573.662983,0.0
-3.960452,50,573.698286,0.0
-3.385789,50,573.732994,0.0
-3.798259,50,573.767901,0.0
-4.209521,50,573.802678,0.0
-3.75433,50,573.837473,0.0
-3.958546,50,573.872818,0.0
-4.036306,50,573.908069,0.0
-5.248133,50,573.942981,0.0
-4.121348,50,573.978364,0.0
-3.520049,50,574.013482,0.0
-3.618183,50,574.048635,0.0
-3.867316,50,574.083684,0.0
-3.418325,50,574.118495,0.0
-4.284381,50,574.153417,0.0
-3.350914,50,574.188285,0.0
-3.660353,50,574.222941,0.0
-4.097352,50,574.257709,0.0
-3.920227,50,574.292693,0.0
-3.922877,50,574.327569,0.0
-3.370524,50,574.362562,0.0
-4.577908,50,574.397778,0.0
-3.852834,50,574.433103,0.0
-4.282275,50,574.467829,0.0
-3.413442,50,574.502706,0.0
-3.575931,50,574.538153,0.0
-4.015019,50,574.573081,0.0
-4.017928,50,574.608024,0.0
-4.171543,50,574.643016,0.0
-3.980857,50,574.678197,0.0
-3.609749,50,574.713387,0.0
-3.623626,50,574.748205,0.0
-3.859375,50,574.783402,0.0
-3.595303,50,574.818998,0.0
-3.563622,50,574.854128,0.0
-3.57229,50,574.88963,0.0
-4.038131,50,575.039765,0.0
-3.86754,50,575.075335,0.0
-3.570037,50,575.110751,0.0
-4.347755,50,575.145905,0.0
-4.388751,50,575.181587,0.0
-4.213794,50,575.216921,0.0
-3.734199,50,575.252247,0.0
-4.18016,50,575.287499,0.0
-3.75858,50,575.32282,0.0
-3.500221,50,575.358191,0.0
-3.319504,50,575.393966,0.0
-4.312454,50,575.429161,0.0
-3.966332,50,575.464409,0.0
-3.884602,50,575.499812,0.0
-3.996795,50,575.535096,0.0
-3.881205,50,575.570416,0.0
-4.158694,50,575.60547,0.0
-3.965797,50,575.640452,0.0
-3.549868,50,575.675542,0.0
-3.997647,50,575.710723,0.0
-3.714191,50,575.746209,0.0
-3.228107,50,575.781735,0.0
-3.323988,50,575.816673,0.0
-4.111825,50,575.851339,0.0
-3.90046,50,575.886574,0.0
-3.646355,50,575.921635,0.0
-4.252192,50,575.956357,0.0
-4.322221,50,575.991366,0.0
-4.464945,50,576.026326,0.0
-3.498134,50,576.061329,0.0
-3.581323,50,576.096136,0.0
-3.666767,50,576.130902,0.0
-4.630225,50,576.165213,0.0
-3.938189,50,576.199359,0.0
-4.516847,50,576.233479,0.0
-4.073709,50,576.268109,0.0
-3.677629,50,576.302976,0.0
-4.285667,50,576.337639,0.0
-4.733498,50,576.372524,0.0
-3.773635,50,576.407592,0.0
-4.478262,50,576.442654,0.0
-3.720684,50,576.590515,0.0
-3.567501,50,576.625669,0.0
-3.673446,50,576.661256,0.0
-4.383052,50,576.697084,0.0
-3.943823,50,576.732577,0.0
-3.582143,50,576.767955,0.0
-4.036125,50,576.803193,0.0
-3.7652,50,576.838305,0.0
-4.280513,50,576.87336,0.0
-3.873671,50,576.908609,0.0
-3.845706,50,576.94378,0.0
-4.646726,50,576.979048,0.0
-4.134255,50,577.014066,0.0
-4.181048,50,577.048824,0.0
-3.597442,50,577.083715,0.0
-4.154471,50,577.118599,0.0
-3.728145,50,577.153331,0.0
-3.778665,50,577.188344,0.0
-3.566256,50,577.223215,0.0
-4.181231,50,577.258384,0.0
-3.465137,50,577.293307,0.0
-3.922488,50,577.328124,0.0
-4.145377,50,577.362867,0.0
-4.516345,50,577.397784,0.0
-3.702422,50,577.433028,0.0
-3.481693,50,577.467479,0.0
-3.774777,50,577.502962,0.0
-3.183335,50,577.538402,0.0
-4.202764,50,577.573705,0.0
-4.086597,50,577.609045,0.0
-4.331344,50,577.64428,0.0
-3.458656,50,577.679297,0.0
-4.4291,50,577.714826,0.0
-3.78523,50,577.750379,0.0
-3.561009,50,577.785246,0.0
-3.928605,50,577.820564,0.0
-4.572216,50,577.855568,0.0
-4.410674,50,577.890653,0.0
-4.202873,50,577.92593,0.0
-4.619696,50,577.960641,0.0
-4.203942,50,577.995882,0.0
-3.499851,50,578.143972,0.0
-4.319512,50,578.179298,0.0
-4.321698,50,578.214787,0.0
-3.88911,50,578.250093,0.0
-4.11486,50,578.285477,0.0
-3.510963,50,578.320488,0.0
-3.872231,50,578.355662,0.0
-3.852021,50,578.390832,0.0
-4.069559,50,578.425778,0.0
-3.554339,50,578.460866,0.0
-3.679439,50,578.496071,0.0
-3.809292,50,578.531023,0.0
-4.029151,50,578.566195,0.0
-3.764476,50,578.600822,0.0
-4.700062,50,578.635703,0.0
-3.414962,50,578.670317,0.0
-3.788126,50,578.705656,0.0
-3.461725,50,578.741021,0.0
-4.035464,50,578.776265,0.0
-4.149398,50,578.811553,0.0
-3.632502,50,578.847057,0.0
-4.574993,50,578.882702,0.0
-3.622767,50,578.917784,0.0
-3.557959,50,578.952961,0.0
-3.659357,50,578.988036,0.0
-4.107057,50,579.02304,0.0
-3.605039,50,579.058145,0.0
-4.426754,50,579.093378,0.0
-4.277078,50,579.128753,0.0
-4.475884,50,579.163773,0.0
-4.77379,50,579.198856,0.0
-3.549313,50,579.234053,0.0
-4.209106,50,579.268876,0.0
-3.270624,50,579.304141,0.0
-4.186343,50,579.339082,0.0
-3.597053,50,579.37411,0.0
-3.934595,50,579.409337,0.0
-4.335673,50,579.444803,0.0
-3.889624,50,579.480004,0.0
-4.126117,50,579.515072,0.0
-4.283198,50,579.549813,0.0
-3.94751,50,579.697385,0.0
-4.178742,50,579.733346,0.0
-4.120058,50,579.76868,0.0
-3.53719,50,579.803683,0.0
-4.539533,50,579.839096,0.0
-4.121322,50,579.874518,0.0
-3.577784,50,579.909686,0.0
-3.586129,50,579.94481,0.0
-4.341718,50,579.979927,0.0
-3.923335,50,580.372462,0.0
-3.920389,50,580.407592,0.0
-3.953491,50,580.442511,0.0
-4.393664,50,580.477422,0.0
-3.993277,50,580.512169,0.0
-4.255693,50,580.546906,0.0
-3.288343,50,580.582052,0.0
-4.908469,50,580.617318,0.0
-4.319661,50,580.652004,0.0
-4.232273,50,580.686872,0.0
-3.641818,50,580.721688,0.0
-4.138431,50,580.756845,0.0
-3.764057,50,580.791758,0.0
-3.684102,50,580.826651,0.0
-3.976614,50,580.861581,0.0
-3.653197,50,580.896459,0.0
-3.931343,50,580.931712,0.0
-3.601474,50,580.966674,0.0
-3.787644,50,581.001632,0.0
-3.837519,50,581.03671,0.0
-4.452441,50,581.07164,0.0
-3.7656,50,581.106505,0.0
-4.057545,50,581.14141,0.0
-3.279093,50,581.176702,0.0
-3.613054,50,581.211706,0.0
-3.258747,50,581.246511,0.0
-4.41622,50,581.28161,0.0
-3.643569,50,581.316503,0.0
-4.124331,50,581.351479,0.0
-4.310152,50,581.386771,0.0
-4.07466,50,581.42207,0.0
-3.884917,50,581.457307,0.0
-3.924766,50,581.606252,0.0
-3.82031,50,581.641589,0.0
-3.925023,50,581.676758,0.0
-4.165513,50,581.71151,0.0
-4.182559,50,581.746624,0.0
-4.074235,50,581.781744,0.0
-3.801379,50,581.816741,0.0
-3.477318,50,581.851826,0.0
-3.878206,50,581.887117,0.0
-4.345573,50,581.922417,0.0
-4.047333,50,581.957843,0.0
-3.932395,50,581.992865,0.0
-4.032029,50,582.028004,0.0
-3.964849,50,582.062914,0.0
-4.383771,50,582.09786,0.0
-4.098158,50,582.132872,0.0
-4.537661,50,582.168145,0.0
-3.550871,50,582.202814,0.0
-3.812647,50,582.237782,0.0
-4.241523,50,582.272674,0.0
-3.92184,50,582.307164,0.0
-3.706513,50,582.341962,0.0
-3.901723,50,582.376962,0.0
-3.486397,50,582.412032,0.0
-4.694835,50,582.448121,0.0
-4.298947,50,582.485807,0.0
-3.833716,50,582.52151,0.0
-3.738957,50,582.556827,0.0
-3.927026,50,582.591602,0.0
-4.106952,50,582.626474,0.0
-4.038498,50,582.66151,0.0
-3.97588,50,582.696195,0.0
-3.837839,50,582.731641,0.0
-4.414714,50,582.766969,0.0
-3.840158,50,582.801837,0.0
-4.05364,50,582.836659,0.0
-3.647597,50,582.871643,0.0
-4.464772,50,582.906585,0.0
-3.349864,50,582.941531,0.0
-3.448222,50,582.976771,0.0
-3.085903,50,583.011573,0.0
-4.173052,50,583.160096,0.0
-3.901994,50,583.194489,0.0
-3.305759,50,583.229448,0.0
-4.632178,50,583.264678,0.0
-3.364085,50,583.299693,0.0
-3.979733,50,583.334463,0.0
-3.814179,50,583.369576,0.0
-3.631159,50,583.404389,0.0
-4.363857,50,583.439504,0.0
-4.071163,50,583.474755,0.0
-4.106307,50,583.509421,0.0
-3.741659,50,583.544286,0.0
-4.595146,50,583.579125,0.0
-3.687885,50,583.613852,0.0
-4.603108,50,583.649802,0.0
-4.203695,50,583.684927,0.0
-4.542674,50,583.720533,0.0
-3.668568,50,583.756093,0.0
-4.365982,50,583.790959,0.0
-4.014631,50,583.826021,0.0
-3.240939,50,583.86106,0.0
-3.183691,50,583.895941,0.0
-4.176515,50,583.931118,0.0
-3.418755,50,583.966272,0.0
-3.321847,50,584.000839,0.0
-3.855311,50,584.035928,0.0
-3.624404,50,584.070796,0.0
-3.36071,50,584.105581,0.0
-3.744305,50,584.140416,0.0
-4.106396,50,584.174994,0.0
-3.45717,50,584.210008,0.0
-4.202662,50,584.244692,0.0
-4.209741,50,584.279396,0.0
-3.932381,50,584.314123,0.0
-4.276965,50,584.349119,0.0
-4.075034,50,584.385035,0.0
-4.069047,50,584.420368,0.0
-4.29335,50,584.454974,0.0
-3.799473,50,584.489987,0.0
-3.822945,50,584.524543,0.0
-4.184933,50,584.559507,0.0
-3.657744,50,584.708121,0.0
-4.078184,50,584.743474,0.0
-4.204977,50,584.778608,0.0
-4.177573,50,584.813273,0.0
-3.77914,50,584.84827,0.0
-4.037315,50,584.883472,0.0
-3.601816,50,584.918464,0.0
-4.147862,50,584.953595,0.0
-4.105569,50,584.988311,0.0
-3.667393,50,585.023485,0.0
-3.324208,50,585.058233,0.0
-3.822317,50,585.093007,0.0
-3.74277,50,585.127908,0.0
-3.690131,50,585.162518,0.0
-3.942662,50,585.197403,0.0
-3.483911,50,585.232591,0.0
-4.137808,50,585.267607,0.0
-4.510768,50,585.302502,0.0
-4.326867,50,585.337091,0.0
-3.939647,50,585.37249,0.0
-4.08379,50,585.407519,0.0
-4.71914,50,585.442508,0.0
-3.94712,50,585.477648,0.0
-3.639401,50,585.512202,0.0
-4.233439,50,585.547232,0.0
-4.22978,50,585.58223,0.0
-4.8136,50,585.617592,0.0
-4.669273,50,585.652802,0.0
-3.484943,50,585.687838,0.0
-4.039966,50,585.722523,0.0
-4.656505,50,585.757673,0.0
-3.525838,50,585.792543,0.0
-3.38914,50,585.827229,0.0
-3.181398,50,585.862189,0.0
-3.774496,50,585.897449,0.0
-5.205834,50,585.932109,0.0
-3.946863,50,585.967435,0.0
-3.311449,50,586.002397,0.0
-4.115775,50,586.037533,0.0
-4.615158,50,586.071985,0.0
-3.969357,50,586.10668,0.0
-3.775434,50,586.253399,0.0
-3.566229,50,586.288378,0.0
-3.825539,50,586.323123,0.0
-3.642937,50,586.358266,0.0
-4.25823,50,586.393531,0.0
-4.000919,50,586.428517,0.0
-3.443232,50,586.463453,0.0
-3.774654,50,586.498228,0.0
-4.099871,50,586.533152,0.0
-3.86632,50,586.567945,0.0
-3.675018,50,586.602853,0.0
-4.215171,50,586.637655,0.0
-3.582333,50,586.672658,0.0
-4.339021,50,586.707837,0.0
-4.756278,50,586.743284,0.0
-3.456199,50,586.778309,0.0
-3.923952,50,586.813651,0.0
-4.425295,50,586.848741,0.0
-3.555136,50,586.88358,0.0
-3.425875,50,586.918876,0.0
-3.902928,50,586.953852,0.0
-3.937903,50,586.988763,0.0
-3.891485,50,587.023644,0.0
-4.131253,50,587.058735,0.0
-4.137656,50,587.093777,0.0
-3.83119,50,587.128877,0.0
-3.73415,50,587.163833,0.0
-3.636898,50,587.199062,0.0
-4.495427,50,587.23409,0.0
-3.519911,50,587.269109,0.0
-4.078666,50,587.30418,0.0
-3.795749,50,587.338905,0.0
-3.771818,50,587.374263,0.0
-3.646845,50,587.40967,0.0
-4.641765,50,587.444744,0.0
-4.445685,50,587.479637,0.0
-3.938966,50,587.515153,0.0
-3.751758,50,587.550538,0.0
-3.81217,50,587.585875,0.0
-4.066346,50,587.62076,0.0
-3.782647,50,587.655598,0.0
-3.424018,50,587.805062,0.0
-3.667964,50,587.840395,0.0
-3.423309,50,587.875545,0.0
-4.634344,50,587.910479,0.0
-3.909488,50,587.945481,0.0
-4.152312,50,587.980218,0.0
-3.762598,50,588.015126,0.0
-4.137196,50,588.050003,0.0
-4.456517,50,588.084952,0.0
-3.866701,50,588.120103,0.0
-4.481223,50,588.154971,0.0
-3.655894,50,588.189762,0.0
-3.342318,50,588.224714,0.0
-4.12921,50,588.259398,0.0
-3.480987,50,588.293814,0.0
-3.707901,50,588.328425,0.0
-3.594197,50,588.36318,0.0
-3.536263,50,588.398485,0.0
-4.698952,50,588.433932,0.0
-3.979654,50,588.468936,0.0
-4.580306,50,588.504148,0.0
-3.948967,50,588.538824,0.0
-3.414822,50,588.573576,0.0
-4.207613,50,588.608062,0.0
-3.728662,50,588.642794,0.0
-4.215154,50,588.677977,0.0
-4.445162,50,588.712694,0.0
-4.280414,50,588.74785,0.0
-4.339103,50,588.782697,0.0
-3.848571,50,588.817106,0.0
-4.483319,50,588.851802,0.0
-3.612095,50,588.886752,0.0
-5.002747,50,588.922345,0.0
-4.027917,50,588.957537,0.0
-3.70292,50,588.992554,0.0
-3.15014,50,589.027662,0.0
-3.415793,50,589.062763,0.0
-4.254084,50,589.097514,0.0
-4.308521,50,589.132387,0.0
-4.707063,50,589.167289,0.0
-3.673009,50,589.202744,0.0
-4.297238,50,589.35044,0.0
-3.428667,50,589.38579,0.0
-3.850766,50,589.421239,0.0
-3.564583,50,589.456353,0.0
-4.4164,50,589.491361,0.0
-3.383689,50,589.526305,0.0
-3.974022,50,589.56109,0.0
-3.285475,50,589.596594,0.0
-3.742004,50,589.631626,0.0
-3.75265,50,589.666795,0.0
-4.030026,50,589.701408,0.0
-3.374616,50,589.736322,0.0
-3.856118,50,589.771438,0.0
-3.868624,50,589.805463,0.0
-3.882192,50,589.840388,0.0
-3.425085,50,589.875829,0.0
-4.378747,50,589.91132,0.0
-3.560438,50,589.947071,0.0
-3.878191,50,589.982359,0.0
-4.457088,50,590.017511,0.0
-3.37068,50,590.052584,0.0
-3.800866,50,590.087429,0.0
-3.190809,50,590.122529,0.0
-4.337372,50,590.157592,0.0
-3.494837,50,590.192431,0.0
-3.669033,50,590.227543,0.0
-3.98667,50,590.262386,0.0
-3.544603,50,590.297311,0.0
-4.3624,50,590.332178,0.0
-3.242441,50,590.367007,0.0
-3.829187,50,590.402157,0.0
-3.705383,50,590.437234,0.0
-3.924265,50,590.472232,0.0
-3.947216,50,590.507114,0.0
-3.675574,50,590.542218,0.0
-3.674637,50,590.578189,0.0
-3.75467,50,590.615483,0.0
-3.853194,50,590.651,0.0
-3.960492,50,590.685966,0.0
-4.172957,50,590.721654,0.0
-3.631144,50,590.757274,0.0
-4.46907,50,590.905324,0.0
-3.951331,50,590.940412,0.0
-4.201264,50,590.975616,0.0
-4.266113,50,591.010859,0.0
-3.762967,50,591.045558,0.0
-4.396914,50,591.080838,0.0
-4.367792,50,591.115975,0.0
-3.724959,50,591.152042,0.0
-4.641961,50,591.187353,0.0
-3.86124,50,591.223834,0.0
-3.558907,50,591.259396,0.0
-4.142712,50,591.294757,0.0
-3.476417,50,591.329939,0.0
-4.093681,50,591.365553,0.0
-5.137067,50,591.401489,0.0
-3.898288,50,591.437084,0.0
-4.10399,50,591.472221,0.0
-4.095038,50,591.507205,0.0
-3.51606,50,591.542903,0.0
-3.392382,50,591.577965,0.0
-4.234275,50,591.613009,0.0
-4.510127,50,591.647869,0.0
-3.970697,50,591.682888,0.0
-4.231196,50,591.717669,0.0
-4.598095,50,591.752654,0.0
-4.692296,50,591.787615,0.0
-3.877858,50,591.822691,0.0
-4.399384,50,591.857801,0.0
-3.809448,50,591.892784,0.0
-3.562661,50,591.927987,0.0
-3.573737,50,591.963185,0.0
-4.728793,50,591.998026,0.0
-4.275214,50,592.033141,0.0
-4.557586,50,592.067973,0.0
-3.996335,50,592.102736,0.0
-4.262908,50,592.137743,0.0
-3.858457,50,592.172835,0.0
-3.76847,50,592.207707,0.0
-3.796641,50,592.242688,0.0
-3.84404,50,592.277731,0.0
-3.922168,50,592.312388,0.0
-3.990645,50,592.46272,0.0
-4.156391,50,592.497913,0.0
-3.512816,50,592.533096,0.0
-4.150859,50,592.568372,0.0
-3.699612,50,592.603432,0.0
-3.482365,50,592.638868,0.0
-4.366414,50,592.674215,0.0
-4.75761,50,592.709471,0.0
-4.30229,50,592.74447,0.0
-4.290841,50,592.779286,0.0
-3.847641,50,592.814307,0.0
-4.261489,50,592.849304,0.0
-3.948564,50,592.88447,0.0
-3.575975,50,592.919746,0.0
-3.99347,50,592.954713,0.0
-3.773918,50,592.989747,0.0
-3.981954,50,593.024587,0.0
-3.619914,50,593.059616,0.0
-4.089031,50,593.094797,0.0
-4.111599,50,593.129742,0.0
-4.305105,50,593.164271,0.0
-3.706321,50,593.199263,0.0
-4.303806,50,593.234095,0.0
-3.560957,50,593.269104,0.0
-4.137669,50,593.303841,0.0
-4.168753,50,593.338681,0.0
-4.484035,50,593.374042,0.0
-4.208411,50,593.409009,0.0
-4.506366,50,593.444545,0.0
-3.851659,50,593.479626,0.0
-4.336388,50,593.514612,0.0
-4.158639,50,593.54982,0.0
-4.105966,50,593.584907,0.0
-3.573619,50,593.619534,0.0
-3.991547,50,593.654465,0.0
-3.464632,50,593.689679,0.0
-3.321338,50,593.724346,0.0
-4.148003,50,593.759666,0.0
-3.392692,50,593.794864,0.0
-3.880307,50,593.829799,0.0
-4.119702,50,593.864645,0.0
-4.19757,50,594.014133,0.0
-4.701432,50,594.049359,0.0
-4.253702,50,594.084035,0.0
-3.974548,50,594.119073,0.0
-3.549042,50,594.153798,0.0
-3.507738,50,594.188587,0.0
-4.024838,50,594.223645,0.0
-3.275805,50,594.258475,0.0
-3.788522,50,594.293931,0.0
-4.255627,50,594.328975,0.0
-3.923988,50,594.364165,0.0
-4.035285,50,594.399559,0.0
-3.833396,50,594.434708,0.0
-3.594891,50,594.470052,0.0
-3.730795,50,594.505136,0.0
-3.677965,50,594.539876,0.0
-3.932656,50,594.574695,0.0
-3.194149,50,594.609429,0.0
-4.210508,50,594.644233,0.0
-3.586999,50,594.67894,0.0
-4.408893,50,594.714137,0.0
-4.136089,50,594.749755,0.0
-4.109183,50,594.785308,0.0
-3.185011,50,594.820517,0.0
-4.30687,50,594.855784,0.0
-3.257608,50,594.890759,0.0
-4.437588,50,594.925464,0.0
-3.717122,50,594.960565,0.0
-3.966926,50,594.995508,0.0
-3.887304,50,595.030359,0.0
-3.922432,50,595.06541,0.0
-3.708366,50,595.100073,0.0
-4.013982,50,595.134964,0.0
-3.676647,50,595.169766,0.0
-4.317219,50,595.204437,0.0
-4.28566,50,595.23917,0.0
-3.927697,50,595.27422,0.0
-4.058533,50,595.309657,0.0
-4.699019,50,595.344568,0.0
-3.374987,50,595.379911,0.0
-4.219851,50,595.528329,0.0
-4.206432,50,595.563973,0.0
-3.882395,50,595.599062,0.0
-3.809933,50,595.633771,0.0
-3.547072,50,595.66881,0.0
-3.356993,50,595.704158,0.0
-3.449462,50,595.739088,0.0
-3.435573,50,595.773953,0.0
-4.423578,50,595.809082,0.0
-4.129545,50,595.843966,0.0
-3.615582,50,595.879001,0.0
-4.58725,50,595.913614,0.0
-4.233616,50,595.949152,0.0
-3.774098,50,595.984298,0.0
-3.612487,50,596.019139,0.0
-4.313767,50,596.054022,0.0
-3.357907,50,596.088726,0.0
-3.096368,50,596.123642,0.0
-4.078169,50,596.158521,0.0
-4.042077,50,596.193121,0.0
-3.907478,50,596.22791,0.0
-4.431423,50,596.262743,0.0
-4.183579,50,596.297734,0.0
-4.443675,50,596.332348,0.0
-4.137125,50,596.367196,0.0
-2.791371,50,596.402544,0.0
-4.386503,50,596.437194,0.0
-4.177039,50,596.47253,0.0
-3.728372,50,596.508046,0.0
-4.100257,50,596.543551,0.0
-3.578586,50,596.578849,0.0
-4.231996,50,596.613779,0.0
-4.541978,50,596.648678,0.0
-4.07502,50,596.683866,0.0
-3.859886,50,596.718979,0.0
-3.726702,50,596.753665,0.0
-4.098807,50,596.788532,0.0
-4.385907,50,596.823298,0.0
-3.54855,50,596.857937,0.0
-4.182871,50,596.893156,0.0
-4.012306,50,596.928258,0.0
-4.172252,50,597.076088,0.0
-3.858774,50,597.111229,0.0
-4.059142,50,597.146264,0.0
-4.019954,50,597.182027,0.0
-3.937805,50,597.217002,0.0
-3.41357,50,597.252301,0.0
-3.827305,50,597.287092,0.0
-4.006831,50,597.322217,0.0
-4.263471,50,597.357392,0.0
-3.315491,50,597.392336,0.0
-3.854381,50,597.427608,0.0
-3.535188,50,597.462387,0.0
-4.301025,50,597.498184,0.0
-4.208625,50,597.533294,0.0
-3.639088,50,597.56924,0.0
-3.636168,50,597.604303,0.0
-4.030963,50,597.639371,0.0
-4.19239,50,597.674476,0.0
-4.184286,50,597.709552,0.0
-3.89341,50,597.744548,0.0
-3.883345,50,597.779734,0.0
-3.179603,50,597.814991,0.0
-4.051138,50,597.850091,0.0
-4.175013,50,597.88503,0.0
-3.877626,50,597.920131,0.0
-3.863287,50,597.955027,0.0
-3.488652,50,597.990097,0.0
-3.880912,50,598.025038,0.0
-4.293306,50,598.061073,0.0
-5.106028,50,598.096506,0.0
-3.991325,50,598.131676,0.0
-4.115812,50,598.166593,0.0
-3.947323,50,598.201391,0.0
-4.028729,50,598.23605,0.0
-3.846429,50,598.271243,0.0
-4.843701,50,598.306042,0.0
-3.255181,50,598.340617,0.0
-3.596635,50,598.375863,0.0
-4.264365,50,598.411317,0.0
-3.606511,50,598.446613,0.0
-3.923335,50,598.481942,0.0
-3.672051,50,598.629407,0.0
-4.076904,50,598.664712,0.0
-3.714719,50,598.700006,0.0
-4.41821,50,598.735638,0.0
-3.387748,50,598.770633,0.0
-4.460456,50,598.805771,0.0
-3.975661,50,598.840908,0.0
-4.022597,50,598.876038,0.0
-3.684688,50,598.911016,0.0
-3.877505,50,598.945845,0.0
-3.883913,50,598.980917,0.0
-4.27772,50,599.016199,0.0
-3.242763,50,599.051255,0.0
-3.303219,50,599.086309,0.0
-3.950416,50,599.121771,0.0
-3.556446,50,599.156754,0.0
-3.809355,50,599.191826,0.0
-4.154442,50,599.226669,0.0
-4.583594,50,599.261356,0.0
-3.412724,50,599.29668,0.0
-3.657158,50,599.331897,0.0
-4.144585,50,599.367111,0.0
-4.270461,50,599.401944,0.0
-4.273823,50,599.436675,0.0
-3.548245,50,599.472258,0.0
-3.41137,50,599.50742,0.0
-4.813391,50,599.542394,0.0
-4.386241,50,599.578115,0.0
-4.154754,50,599.613383,0.0
-3.906009,50,599.648134,0.0
-3.634141,50,599.683353,0.0
-4.171405,50,599.718098,0.0
-4.45418,50,599.75298,0.0
-4.062571,50,599.787895,0.0
-3.890359,50,599.822844,0.0
-4.328857,50,599.857534,0.0
-4.382012,50,599.892574,0.0
-3.772678,50,599.927422,0.0
-4.174211,50,599.962411,0.0
-3.750238,50,599.996771,0.0
-3.537818,50,600.031858,0.0
-3.687411,50,600.179228,0.0
-4.312258,50,600.214447,0.0
-4.624309,50,600.249407,0.0
-3.490152,50,600.284605,0.0
-3.88779,50,600.319365,0.0
-3.561198,50,600.35446,0.0
-3.724732,50,600.389685,0.0
-3.531718,50,600.424706,0.0
-3.913361,50,600.459456,0.0
-4.031422,50,600.494068,0.0
-4.350602,50,600.528785,0.0
-3.880576,50,600.564532,0.0
-4.025596,50,600.599541,0.0
-4.283121,50,600.634136,0.0
-4.112565,50,600.669603,0.0
-4.467327,50,600.704668,0.0
-4.398525,50,600.739981,0.0
-3.491596,50,600.775028,0.0
-4.036072,50,600.810024,0.0
-4.072235,50,600.844707,0.0
-3.111147,50,600.879656,0.0
-4.021969,50,600.914624,0.0
-3.639185,50,600.94985,0.0
-4.006636,50,600.98464,0.0
-3.633778,50,601.019466,0.0
-3.863512,50,601.054248,0.0
-3.754257,50,601.088649,0.0
-3.519031,50,601.123614,0.0
-3.662363,50,601.158269,0.0
-3.214627,50,601.19306,0.0
-4.303582,50,601.227648,0.0
-3.632057,50,601.262401,0.0
-3.788203,50,601.297323,0.0
-3.465429,50,601.332187,0.0
-3.949046,50,601.367195,0.0
-3.900143,50,601.402293,0.0
-3.692905,50,601.437157,0.0
-4.362446,50,601.471957,0.0
-3.975121,50,601.506359,0.0
-3.987186,50,601.540916,0.0
-3.525101,50,601.575688,0.0
-4.283245,50,601.723766,0.0
-3.788385,50,601.759028,0.0
-4.194045,50,601.793923,0.0
-3.565265,50,601.829168,0.0
-3.977931,50,601.864195,0.0
-4.428333,50,601.899172,0.0
-3.812934,50,601.934207,0.0
-3.955266,50,601.968961,0.0
-3.577733,50,602.004102,0.0
-4.019671,50,602.038925,0.0
-3.912064,50,602.073169,0.0
-4.405551,50,602.108004,0.0
-4.44279,50,602.142617,0.0
-4.341247,50,602.177654,0.0
-4.361767,50,602.212209,0.0
-3.205281,50,602.246922,0.0
-3.65934,50,602.281572,0.0
-3.898299,50,602.316635,0.0
-3.814418,50,602.351971,0.0
-4.060773,50,602.387012,0.0
-4.024783,50,602.421705,0.0
-4.932146,50,602.456101,0.0
-3.98822,50,602.491123,0.0
-3.542884,50,602.526392,0.0
-3.8526,50,602.561723,0.0
-4.004937,50,602.597025,0.0
-4.526076,50,602.63228,0.0
-3.383986,50,602.666982,0.0
-4.262234,50,602.70237,0.0
-4.353859,50,602.73752,0.0
-4.171051,50,602.772844,0.0
-3.652814,50,602.808255,0.0
-3.426424,50,602.843662,0.0
-4.353465,50,602.879404,0.0
-4.044939,50,602.914645,0.0
-4.558682,50,602.950381,0.0
-3.97869,50,602.985807,0.0
-4.307679,50,603.020898,0.0
-3.756591,50,603.056257,0.0
-3.969596,50,603.09122,0.0
-3.671011,50,603.126106,0.0
-3.865757,50,603.27434,0.0
-4.214967,50,603.309442,0.0
-3.423588,50,603.3445,0.0
-3.982544,50,603.380013,0.0
-3.259006,50,603.415188,0.0
-4.490357,50,603.450015,0.0
-4.305483,50,603.485114,0.0
-4.136205,50,603.520009,0.0
-4.267907,50,603.555096,0.0
-4.228538,50,603.590554,0.0
-3.761363,50,603.625479,0.0
-4.40409,50,603.660069,0.0
-4.073601,50,603.695281,0.0
-3.986265,50,603.730066,0.0
-4.088894,50,603.765448,0.0
-3.546324,50,603.800337,0.0
-4.376235,50,603.834917,0.0
-3.791609,50,603.869893,0.0
-3.5616,50,603.90467,0.0
-4.674886,50,603.939568,0.0
-3.849705,50,603.974377,0.0
-3.944192,50,604.008788,0.0
-3.944121,50,604.043187,0.0
-3.627283,50,604.077116,0.0
-4.330899,50,604.111291,0.0
-3.958444,50,604.14602,0.0
-3.552999,50,604.180878,0.0
-4.375381,50,604.215629,0.0
-4.227699,50,604.250385,0.0
-3.27543,50,604.285552,0.0
-4.116775,50,604.319939,0.0
-3.553992,50,604.355088,0.0
-3.293873,50,604.391092,0.0
-3.699879,50,604.426489,0.0
-3.933472,50,604.461612,0.0
-4.633911,50,604.497018,0.0
-3.864702,50,604.532016,0.0
-4.001233,50,604.567598,0.0
-3.806396,50,604.602617,0.0
-4.053918,50,604.637637,0.0
-3.884905,50,604.672651,0.0
-4.48858,50,604.821546,0.0
-4.163221,50,604.856759,0.0
-3.94968,50,604.891945,0.0
-4.069489,50,604.92721,0.0
-3.932026,50,604.962491,0.0
-4.180217,50,604.997243,0.0
-3.681391,50,605.032323,0.0
-4.174141,50,605.06719,0.0
-4.27845,50,605.101993,0.0
-4.246528,50,605.137008,0.0
-4.235757,50,605.171649,0.0
-3.907735,50,605.206432,0.0
-5.052672,50,605.241328,0.0
-3.315286,50,605.27648,0.0
-3.402309,50,605.311236,0.0
-3.788062,50,605.345986,0.0
-3.687774,50,605.380892,0.0
-3.711484,50,605.415967,0.0
-3.286368,50,605.4507,0.0
-4.094087,50,605.485781,0.0
-4.171855,50,605.520586,0.0
-4.388935,50,605.555986,0.0
-3.487598,50,605.591028,0.0
-3.3582,50,605.62591,0.0
-4.544354,50,605.660995,0.0
-3.271914,50,605.695856,0.0
-4.604026,50,605.730599,0.0
-3.794619,50,605.765447,0.0
-4.20485,50,605.800494,0.0
-3.808323,50,605.835108,0.0
-3.8387,50,605.869944,0.0
-3.703299,50,605.905194,0.0
-4.126656,50,605.94044,0.0
-4.353675,50,605.97617,0.0
-3.380196,50,606.011166,0.0
-3.95429,50,606.046045,0.0
-3.981056,50,606.081089,0.0
-3.811759,50,606.115691,0.0
-3.739747,50,606.150724,0.0
-3.764068,50,606.185321,0.0
-3.404476,50,606.219762,0.0
-4.035319,50,606.367811,0.0
-4.184922,50,606.403216,0.0
-3.209226,50,606.438444,0.0
-4.135893,50,606.473544,0.0
-3.989081,50,606.508633,0.0
-3.927087,50,606.543434,0.0
-4.636701,50,606.578529,0.0
-3.914944,50,606.613663,0.0
-3.982256,50,606.648745,0.0
-4.320015,50,606.683978,0.0
-3.590413,50,606.719181,0.0
-3.793135,50,606.754402,0.0
-4.085495,50,606.789572,0.0
-4.081002,50,606.824611,0.0
-4.251675,50,606.859514,0.0
-4.170488,50,606.894782,0.0
-4.847839,50,606.929636,0.0
-3.971189,50,606.964964,0.0
-3.958045,50,606.999878,0.0
-4.781361,50,607.034875,0.0
-4.122161,50,607.06976,0.0
-3.594989,50,607.104767,0.0
-3.559392,50,607.13985,0.0
-4.202424,50,607.174682,0.0
-3.383517,50,607.209674,0.0
-3.476352,50,607.244577,0.0
-4.065709,50,607.27958,0.0
-3.661711,50,607.314615,0.0
-3.827898,50,607.349791,0.0
-3.941072,50,607.385818,0.0
-3.690203,50,607.421935,0.0
-3.881935,50,607.457679,0.0
-3.657992,50,607.493133,0.0
-3.56764,50,607.528396,0.0
-3.412641,50,607.564695,0.0
-4.165213,50,607.602732,0.0
-3.455073,50,607.638567,0.0
-3.779981,50,607.674596,0.0
-3.96197,50,607.710279,0.0
-3.837003,50,607.745662,0.0
-3.875125,50,607.781017,0.0
-3.826271,50,607.933559,0.0
-4.065205,50,607.969311,0.0
-4.024654,50,608.005099,0.0
-3.777301,50,608.040963,0.0
-3.507218,50,608.076972,0.0
-3.651612,50,608.112617,0.0
-3.405033,50,608.147869,0.0
-3.3218,50,608.184249,0.0
-3.994676,50,608.2203,0.0
-4.254643,50,608.25549,0.0
-3.790041,50,608.290558,0.0
-3.737211,50,608.325681,0.0
-4.451252,50,608.360801,0.0
-4.643165,50,608.396539,0.0
-3.83056,50,608.433217,0.0
-4.104015,50,608.469445,0.0
-3.539874,50,608.505139,0.0
-3.652627,50,608.540515,0.0
-3.873912,50,608.575967,0.0
-3.455244,50,608.611419,0.0
-4.311192,50,608.647123,0.0
-3.833771,50,608.681934,0.0
-3.710199,50,608.716975,0.0
-4.593744,50,608.75201,0.0
-4.361661,50,608.786926,0.0
-3.697972,50,608.821844,0.0
-3.562405,50,608.856984,0.0
-3.656717,50,608.891651,0.0
-3.787454,50,608.92696,0.0
-3.594503,50,608.961828,0.0
-4.534642,50,608.99698,0.0
-3.789452,50,609.03218,0.0
-4.733296,50,609.066892,0.0
-3.730029,50,609.10259,0.0
-3.470853,50,609.13864,0.0
-3.799373,50,609.174811,0.0
-3.92204,50,609.210273,0.0
-4.127757,50,609.245413,0.0
-3.839862,50,609.280623,0.0
-3.834497,50,609.315478,0.0
-4.125919,50,609.350782,0.0
-4.758363,50,609.501316,0.0
-3.894189,50,609.536819,0.0
-4.162006,50,609.572296,0.0
-3.696622,50,609.607642,0.0
-4.289033,50,609.642756,0.0
-3.816615,50,609.677652,0.0
-4.198302,50,609.712626,0.0
-3.871111,50,609.747461,0.0
-3.491949,50,609.782591,0.0
-3.140448,50,609.817239,0.0
-4.016336,50,609.851973,0.0
-3.888198,50,609.886991,0.0
-4.026747,50,609.921868,0.0
-4.320719,50,609.956746,0.0
-3.891794,50,609.991609,0.0
-3.774135,50,610.026434,0.0
-4.197563,50,610.061379,0.0
-3.923538,50,610.09601,0.0
-3.530444,50,610.130418,0.0
-3.778047,50,610.165178,0.0
-3.97626,50,610.199837,0.0
-4.055292,50,610.234528,0.0
-3.932919,50,610.269344,0.0
-4.469512,50,610.303848,0.0
-4.181933,50,610.338693,0.0
-3.590358,50,610.37346,0.0
-3.888877,50,610.408517,0.0
-3.572109,50,610.443737,0.0
-3.956076,50,610.478561,0.0
-4.660555,50,610.513272,0.0
-3.500493,50,610.54801,0.0
-4.336098,50,610.582821,0.0
-3.22139,50,610.617832,0.0
-4.015259,50,610.652685,0.0
-3.7531,50,610.687623,0.0
-4.637559,50,610.722249,0.0
-4.36011,50,610.756972,0.0
-3.747435,50,610.79207,0.0
-3.767572,50,610.826843,0.0
-4.590575,50,610.861747,0.0
-3.684294,50,610.896485,0.0
-3.882097,50,611.045104,0.0
-3.630386,50,611.080225,0.0
-4.561828,50,611.115087,0.0
-3.394387,50,611.14991,0.0
-4.419604,50,611.184819,0.0
-3.425357,50,611.220238,0.0
-3.698392,50,611.255925,0.0
-4.674695,50,611.290948,0.0
-4.188069,50,611.326055,0.0
-3.724778,50,611.361026,0.0
-4.023079,50,611.396384,0.0
-3.707582,50,611.43141,0.0
-3.93178,50,611.466112,0.0
-3.96706,50,611.501292,0.0
-3.941082,50,611.536174,0.0
-3.929604,50,611.571129,0.0
-4.1189,50,611.606109,0.0
-3.794795,50,611.641646,0.0
-3.755,50,611.676802,0.0
-3.844963,50,611.712529,0.0
-4.055978,50,611.747715,0.0
-4.118952,50,611.782792,0.0
-4.201831,50,611.817779,0.0
-4.329823,50,611.852986,0.0
-3.646521,50,611.888006,0.0
-3.84588,50,611.922991,0.0
-4.256705,50,611.95781,0.0
-3.781894,50,611.992573,0.0
-3.870999,50,612.027381,0.0
-4.004412,50,612.062332,0.0
-3.861583,50,612.097395,0.0
-4.370981,50,612.132564,0.0
-4.398857,50,612.167841,0.0
-3.718546,50,612.202807,0.0
-3.629347,50,612.237461,0.0
-3.668407,50,612.27252,0.0
-3.452176,50,612.307298,0.0
-3.759676,50,612.342696,0.0
-4.78817,50,612.37931,0.0
-4.089258,50,612.414735,0.0
-4.128579,50,612.450418,0.0
-3.057329,50,612.601542,0.0
-3.869497,50,612.637134,0.0
-3.951942,50,612.671901,0.0
-3.901333,50,612.706856,0.0
-3.299747,50,612.74236,0.0
-3.45233,50,612.778055,0.0
-3.601694,50,612.813922,0.0
-3.40875,50,612.849159,0.0
-3.994887,50,612.884675,0.0
-4.36133,50,612.921543,0.0
-3.994138,50,612.957509,0.0
-4.084403,50,612.99308,0.0
-3.373683,50,613.028291,0.0
-4.708479,50,613.064368,0.0
-3.93669,50,613.100469,0.0
-3.945842,50,613.135763,0.0
-3.571583,50,613.170887,0.0
-3.834463,50,613.206146,0.0
-3.719588,50,613.242427,0.0
-3.690539,50,613.277295,0.0
-3.959853,50,613.312506,0.0
-4.367762,50,613.347402,0.0
-3.800542,50,613.382831,0.0
-3.438833,50,613.418684,0.0
-3.499088,50,613.453743,0.0
-4.077652,50,613.488723,0.0
-4.285001,50,613.524021,0.0
-3.236469,50,613.55885,0.0
-3.406615,50,613.594355,0.0
-3.685022,50,613.629249,0.0
-3.835323,50,613.664297,0.0
-3.405254,50,613.699485,0.0
-4.164174,50,613.734543,0.0
-4.184182,50,613.769415,0.0
-3.446334,50,613.804369,0.0
-3.965425,50,613.839458,0.0
-3.586565,50,613.875716,0.0
-4.279422,50,613.91168,0.0
-4.610868,50,613.946559,0.0
-3.764157,50,613.982048,0.0
-4.232783,50,614.017742,0.0
-3.874181,50,614.170072,0.0
-3.483899,50,614.206289,0.0
-3.692386,50,614.2414,0.0
-3.408905,50,614.276585,0.0
-3.882709,50,614.311823,0.0
-3.645116,50,614.34829,0.0
-3.63203,50,614.384229,0.0
-3.724637,50,614.419749,0.0
-3.742384,50,614.455294,0.0
-4.239007,50,614.490987,0.0
-4.076536,50,614.526558,0.0
-3.966407,50,614.561668,0.0
-3.976165,50,614.596713,0.0
-3.892883,50,614.632069,0.0
-4.179115,50,614.667147,0.0
-3.959386,50,614.702523,0.0
-3.408325,50,614.738153,0.0
-3.42572,50,614.773422,0.0
-3.824388,50,614.808747,0.0
-3.635503,50,614.84373,0.0
-3.368522,50,614.880883,0.0
-4.022186,50,614.917437,0.0
-4.461409,50,614.953426,0.0
-4.108482,50,614.988834,0.0
-3.371961,50,615.024169,0.0
-3.57757,50,615.059809,0.0
-4.499247,50,615.094868,0.0
-3.258524,50,615.129965,0.0
-4.201572,50,615.164842,0.0
-3.76489,50,615.200299,0.0
-3.360819,50,615.235844,0.0
-4.039417,50,615.27071,0.0
-4.220449,50,615.305882,0.0
-3.814369,50,615.34089,0.0
-3.638738,50,615.375905,0.0
-3.853342,50,615.410818,0.0
-3.682215,50,615.445974,0.0
-3.511595,50,615.481184,0.0
-4.117067,50,615.516107,0.0
-4.036615,50,615.551136,0.0
-4.573609,50,615.586026,0.0
-3.529637,50,615.735109,0.0
-4.641222,50,615.770398,0.0
-4.435302,50,615.805393,0.0
-4.427053,50,615.840232,0.0
-3.840578,50,615.875453,0.0
-3.725439,50,615.91044,0.0
-3.98821,50,615.945612,0.0
-4.294059,50,615.981139,0.0
-3.323486,50,616.016163,0.0
-4.330918,50,616.051,0.0
-4.271569,50,616.08599,0.0
-3.836333,50,616.12092,0.0
-4.329723,50,616.156216,0.0
-3.668505,50,616.191115,0.0
-3.531759,50,616.226075,0.0
-4.058137,50,616.261283,0.0
-3.645935,50,616.296299,0.0
-3.137043,50,616.330955,0.0
-3.964928,50,616.366315,0.0
-3.682886,50,616.401513,0.0
-3.860571,50,616.436668,0.0
-4.022135,50,616.471398,0.0
-4.678299,50,616.505827,0.0
-4.641841,50,616.540683,0.0
-3.702408,50,616.575717,0.0
-3.474264,50,616.611025,0.0
-3.814816,50,616.646046,0.0
-3.432414,50,616.680686,0.0
-3.654706,50,616.715717,0.0
-3.053408,50,616.750686,0.0
-3.954133,50,616.785866,0.0
-4.746482,50,616.821273,0.0
-3.498807,50,616.856467,0.0
-3.710927,50,616.8919,0.0
-4.154793,50,616.926789,0.0
-3.584611,50,616.961483,0.0
-3.425036,50,616.99718,0.0
-4.219024,50,617.032194,0.0
-3.559287,50,617.067157,0.0
-3.689506,50,617.102484,0.0
-3.620605,50,617.137265,0.0
-4.136857,50,617.285763,0.0
-3.800826,50,617.320789,0.0
-4.041751,50,617.355999,0.0
-4.385891,50,617.391645,0.0
-4.687627,50,617.426993,0.0
-3.747897,50,617.462508,0.0
-3.799793,50,617.497602,0.0
-3.852649,50,617.532907,0.0
-3.792202,50,617.568468,0.0
-4.431576,50,617.603995,0.0
-3.404615,50,617.639299,0.0
-3.72498,50,617.674866,0.0
-3.781159,50,617.710009,0.0
-3.948916,50,617.745215,0.0
-4.020852,50,617.780305,0.0
-3.566729,50,617.815584,0.0
-4.937024,50,617.851231,0.0
-3.54379,50,617.886806,0.0
-3.537848,50,617.922266,0.0
-3.633949,50,617.957417,0.0
-4.033982,50,617.992876,0.0
-4.157497,50,618.027721,0.0
-3.934762,50,618.062493,0.0
-4.078863,50,618.097241,0.0
-4.210508,50,618.132083,0.0
-3.757168,50,618.167285,0.0
-3.720065,50,618.564923,0.0
-3.380954,50,618.600344,0.0
-4.574019,50,618.635949,0.0
-3.835487,50,618.670862,0.0
-4.378514,50,618.705839,0.0
-3.901361,50,618.741665,0.0
-4.119403,50,618.776831,0.0
-3.747828,50,618.811743,0.0
-4.146002,50,618.846694,0.0
-4.08281,50,618.881539,0.0
-3.863514,50,618.916567,0.0
-3.348461,50,618.951823,0.0
-4.112265,50,618.986918,0.0
-3.929016,50,619.022418,0.0
-4.380755,50,619.057645,0.0
-4.379575,50,619.206819,0.0
-3.885229,50,619.241759,0.0
-3.37002,50,619.276984,0.0
-3.340399,50,619.312453,0.0
-3.925401,50,619.348032,0.0
-2.89391,50,619.383896,0.0
-5.109537,50,619.420093,0.0
-3.180244,50,619.455641,0.0
-3.78739,50,619.490998,0.0
-4.74171,50,619.526261,0.0
-3.05955,50,619.561141,0.0
-3.654291,50,619.596232,0.0
-4.414707,50,619.631331,0.0
-4.052301,50,619.666901,0.0
-3.285114,50,619.702311,0.0
-3.647157,50,619.737728,0.0
-4.525833,50,619.774014,0.0
-3.860535,50,619.808743,0.0
-3.602918,50,619.843214,0.0
-4.006698,50,619.879225,0.0
-3.251039,50,619.914766,0.0
-3.779374,50,619.950332,0.0
-3.753245,50,619.98554,0.0
-3.570482,50,620.02051,0.0
-3.292096,50,620.055637,0.0
-3.361092,50,620.090971,0.0
-4.463795,50,620.126298,0.0
-3.427198,50,620.161133,0.0
-4.354466,50,620.196184,0.0
-3.986054,50,620.231429,0.0
-3.71905,50,620.26644,0.0
-3.784514,50,620.301524,0.0
-3.991639,50,620.336521,0.0
-3.436565,50,620.372396,0.0
-4.476031,50,620.408094,0.0
-3.417668,50,620.4435,0.0
-3.992142,50,620.478639,0.0
-3.692704,50,620.513844,0.0
-3.911805,50,620.548895,0.0
-3.362047,50,620.584306,0.0
-3.720352,50,620.619352,0.0
-4.39443,50,620.769579,0.0
-4.399563,50,620.804937,0.0
-3.560689,50,620.840893,0.0
-4.046716,50,620.876523,0.0
-4.111198,50,620.912084,0.0
-4.26963,50,620.946993,0.0
-3.534246,50,620.981979,0.0
-3.680187,50,621.017463,0.0
-4.037891,50,621.05314,0.0
-3.350172,50,621.088663,0.0
-3.474269,50,621.123629,0.0
-3.322785,50,621.158922,0.0
-3.366176,50,621.193906,0.0
-4.188913,50,621.229309,0.0
-3.522992,50,621.265046,0.0
-4.072308,50,621.300173,0.0
-3.790833,50,621.335331,0.0
-3.607098,50,621.370988,0.0
-3.849631,50,621.406285,0.0
-4.045806,50,621.441021,0.0
-4.392036,50,621.477086,0.0
-3.511436,50,621.513198,0.0
-4.761214,50,621.548704,0.0
-4.512361,50,621.583774,0.0
-4.210027,50,621.619073,0.0
-3.810575,50,621.654752,0.0
-3.922809,50,621.690163,0.0
-3.853102,50,621.725256,0.0
-4.110733,50,621.76066,0.0
-4.18249,50,621.796085,0.0
-4.403862,50,621.831297,0.0
-4.228022,50,621.86705,0.0
-3.392454,50,621.902198,0.0
-5.281049,50,621.937483,0.0
-3.784819,50,621.973135,0.0
-3.51043,50,622.008948,0.0
-3.730853,50,622.044302,0.0
-3.789054,50,622.079739,0.0
-3.878759,50,622.115183,0.0
-4.199965,50,622.15036,0.0
-3.395661,50,622.185743,0.0
-3.060874,50,622.334473,0.0
-4.100484,50,622.370206,0.0
-3.607042,50,622.405484,0.0
-3.683304,50,622.440853,0.0
-4.190789,50,622.476254,0.0
-4.07497,50,622.511694,0.0
-3.872467,50,622.546945,0.0
-3.924484,50,622.582382,0.0
-4.373059,50,622.617319,0.0
-4.387289,50,622.652388,0.0
-3.962748,50,622.68709,0.0
-3.659342,50,622.721841,0.0
-4.355067,50,622.756893,0.0
-4.405688,50,622.792169,0.0
-3.404689,50,622.82759,0.0
-4.198057,50,622.862614,0.0
-4.452745,50,622.897866,0.0
-4.162831,50,622.932829,0.0
-3.393964,50,622.968248,0.0
-3.408205,50,623.003427,0.0
-4.058456,50,623.038647,0.0
-3.36743,50,623.073129,0.0
-3.513425,50,623.107729,0.0
-3.61934,50,623.142776,0.0
-3.494957,50,623.177394,0.0
-4.109149,50,623.212341,0.0
-4.145004,50,623.2472,0.0
-3.509828,50,623.282025,0.0
-4.258926,50,623.316948,0.0
-4.623629,50,623.351951,0.0
-3.65405,50,623.387126,0.0
-3.710816,50,623.421942,0.0
-3.387006,50,623.456551,0.0
-3.333149,50,623.491554,0.0
-4.041167,50,623.526149,0.0
-4.470982,50,623.560983,0.0
-4.101712,50,623.59607,0.0
-3.351319,50,623.631234,0.0
-4.117318,50,623.666501,0.0
-4.124019,50,623.701659,0.0
-3.567966,50,623.736209,0.0
-4.026396,50,623.885433,0.0
-3.61657,50,623.920361,0.0
-3.882226,50,623.95569,0.0
-3.610831,50,623.991192,0.0
-4.808658,50,624.027107,0.0
-3.763537,50,624.062035,0.0
-4.096946,50,624.096864,0.0
-4.449654,50,624.131638,0.0
-4.351653,50,624.166521,0.0
-3.680198,50,624.201304,0.0
-4.175423,50,624.236296,0.0
-3.887595,50,624.27136,0.0
-3.17362,50,624.306786,0.0
-3.815297,50,624.341619,0.0
-4.125863,50,624.376701,0.0
-3.446969,50,624.41157,0.0
-3.960779,50,624.446396,0.0
-4.420564,50,624.481932,0.0
-3.731182,50,624.517309,0.0
-3.677328,50,624.552426,0.0
-4.047265,50,624.587583,0.0
-3.763928,50,624.622703,0.0
-3.690686,50,624.657424,0.0
-3.347154,50,624.692528,0.0
-4.443437,50,624.727142,0.0
-3.929595,50,624.762063,0.0
-3.625691,50,624.79694,0.0
-3.5457,50,624.831758,0.0
-3.978176,50,624.867111,0.0
-3.981384,50,624.902479,0.0
-3.558294,50,624.937634,0.0
-3.502684,50,624.972784,0.0
-3.488262,50,625.007784,0.0
-3.870374,50,625.042652,0.0
-4.401524,50,625.077864,0.0
-4.195157,50,625.113022,0.0
-4.116455,50,625.148276,0.0
-4.470263,50,625.183457,0.0
-4.271532,50,625.218377,0.0
-3.986727,50,625.253577,0.0
-3.917436,50,625.288538,0.0
-3.760816,50,625.439091,0.0
-4.347725,50,625.474695,0.0
-4.060494,50,625.510168,0.0
-3.645255,50,625.545548,0.0
-4.128132,50,625.580368,0.0
-3.909121,50,625.614996,0.0
-4.127677,50,625.650336,0.0
-3.748734,50,625.685324,0.0
-4.166497,50,625.720786,0.0
-3.41162,50,625.75592,0.0
-3.683564,50,625.791071,0.0
-3.81011,50,625.82621,0.0
-3.684465,50,625.861363,0.0
-4.095247,50,625.897011,0.0
-3.635976,50,625.932312,0.0
-4.005058,50,625.967611,0.0
-4.262795,50,626.002566,0.0
-4.248425,50,626.037531,0.0
-4.79175,50,626.072339,0.0
-4.399685,50,626.107266,0.0
-3.916382,50,626.142044,0.0
-4.556055,50,626.176955,0.0
-3.821693,50,626.212257,0.0
-3.517917,50,626.247307,0.0
-3.745435,50,626.282108,0.0
-3.867201,50,626.317001,0.0
-4.063214,50,626.352744,0.0
-3.877053,50,626.388432,0.0
-3.889583,50,626.424052,0.0
-3.781803,50,626.459879,0.0
-3.896939,50,626.495079,0.0
-3.995738,50,626.530214,0.0
-4.599901,50,626.565364,0.0
-3.95219,50,626.600674,0.0
-3.431339,50,626.635504,0.0
-4.227944,50,626.670663,0.0
-4.329966,50,626.706056,0.0
-4.590832,50,626.741111,0.0
-3.458596,50,626.776348,0.0
-3.469087,50,626.811455,0.0
-3.607731,50,626.84641,0.0
-3.986708,50,626.99656,0.0
-3.511807,50,627.03193,0.0
-4.173471,50,627.067426,0.0
-4.105961,50,627.102231,0.0
-3.86378,50,627.137134,0.0
-4.788655,50,627.172472,0.0
-3.907525,50,627.20762,0.0
-3.76567,50,627.242741,0.0
-3.858233,50,627.277723,0.0
-3.371559,50,627.312768,0.0
-3.918181,50,627.348049,0.0
-3.704016,50,627.383655,0.0
-3.772904,50,627.419009,0.0
-4.513268,50,627.454171,0.0
-4.051016,50,627.489066,0.0
-4.02001,50,627.523849,0.0
-4.084809,50,627.558806,0.0
-3.598162,50,627.593685,0.0
-4.251362,50,627.628807,0.0
-3.985705,50,627.664168,0.0
-3.233116,50,627.699193,0.0
-4.335052,50,627.734515,0.0
-4.374437,50,627.769948,0.0
-4.108137,50,627.804935,0.0
-3.560117,50,627.83998,0.0
-3.545222,50,627.875581,0.0
-3.887002,50,627.910662,0.0
-3.883898,50,627.946179,0.0
-3.490832,50,627.98149,0.0
-4.20138,50,628.01656,0.0
-3.93905,50,628.051794,0.0
-3.635183,50,628.086792,0.0
-4.568488,50,628.122143,0.0
-4.158391,50,628.157126,0.0
-4.652631,50,628.192201,0.0
-4.230115,50,628.22749,0.0
-4.912114,50,628.262547,0.0
-3.761881,50,628.297477,0.0
-4.632635,50,628.332545,0.0
-4.273727,50,628.367762,0.0
-4.036281,50,628.403727,0.0
-3.431778,50,628.551981,0.0
-4.061379,50,628.587,0.0
-3.469132,50,628.622082,0.0
-3.645056,50,628.657016,0.0
-4.130945,50,628.691912,0.0
-3.712878,50,628.72755,0.0
-4.254224,50,628.76336,0.0
-3.556823,50,628.798777,0.0
-4.41081,50,628.833839,0.0
-3.388185,50,628.868714,0.0
-3.955243,50,628.904311,0.0
-4.343156,50,628.939648,0.0
-4.483001,50,628.975099,0.0
-4.258265,50,629.010405,0.0
-4.060403,50,629.045435,0.0
-3.398649,50,629.080594,0.0
-4.126319,50,629.11559,0.0
-4.061274,50,629.15076,0.0
-4.664667,50,629.186398,0.0
-4.039939,50,629.221746,0.0
-4.620519,50,629.257174,0.0
-4.105531,50,629.292016,0.0
-3.654664,50,629.326696,0.0
-3.227712,50,629.361891,0.0
-3.408521,50,629.397095,0.0
-3.716061,50,629.432425,0.0
-5.068435,50,629.46769,0.0
-3.884909,50,629.502564,0.0
-3.913762,50,629.53744,0.0
-4.124475,50,629.572762,0.0
-4.195901,50,629.608201,0.0
-3.659088,50,629.643922,0.0
-3.866824,50,629.679752,0.0
-3.544599,50,629.71485,0.0
-3.978875,50,629.750163,0.0
-3.857654,50,629.785756,0.0
-3.364059,50,629.821182,0.0
-3.699759,50,629.856341,0.0
-3.143659,50,629.891828,0.0
-4.057504,50,629.927258,0.0
-3.039184,50,629.962814,0.0
-3.522364,50,630.112059,0.0
-4.208324,50,630.147452,0.0
-4.35328,50,630.182771,0.0
-3.422354,50,630.218057,0.0
-3.611491,50,630.253445,0.0
-3.653545,50,630.288409,0.0
-3.604604,50,630.323234,0.0
-3.714211,50,630.358391,0.0
-4.849129,50,630.393273,0.0
-3.85288,50,630.429105,0.0
-4.403225,50,630.464263,0.0
-4.295151,50,630.49879,0.0
-3.835913,50,630.533902,0.0
-3.552556,50,630.56912,0.0
-3.576293,50,630.604038,0.0
-3.985485,50,630.638703,0.0
-4.05991,50,630.673485,0.0
-3.371037,50,630.708916,0.0
-3.856063,50,630.744225,0.0
-4.584074,50,630.778764,0.0
-3.985391,50,630.813954,0.0
-4.833653,50,630.849044,0.0
-4.086582,50,630.884202,0.0
-3.626971,50,630.919815,0.0
-3.296665,50,630.95491,0.0
-3.662366,50,630.98981,0.0
-4.593644,50,631.024784,0.0
-3.224461,50,631.059824,0.0
-3.724787,50,631.094822,0.0
-3.843381,50,631.130115,0.0
-4.438369,50,631.165221,0.0
-4.175506,50,631.200433,0.0
-3.746218,50,631.235326,0.0
-3.536558,50,631.270033,0.0
-3.580374,50,631.305092,0.0
-4.429374,50,631.340159,0.0
-3.624935,50,631.375301,0.0
-3.549848,50,631.410202,0.0
-4.126041,50,631.445159,0.0
-3.932535,50,631.480101,0.0
-3.767526,50,631.514966,0.0
-4.073302,50,631.663704,0.0
-3.332658,50,631.698526,0.0
-3.341851,50,631.733653,0.0
-3.601202,50,631.768848,0.0
-3.580835,50,631.803839,0.0
-4.788407,50,631.839033,0.0
-4.258419,50,631.873681,0.0
-4.050234,50,631.908863,0.0
-3.121881,50,631.944003,0.0
-3.947748,50,631.978782,0.0
-3.430636,50,632.014068,0.0
-3.841714,50,632.049025,0.0
-4.305449,50,632.084044,0.0
-3.690758,50,632.119466,0.0
-3.708986,50,632.154337,0.0
-3.395681,50,632.189713,0.0
-4.064343,50,632.224717,0.0
-3.984627,50,632.259719,0.0
-3.540255,50,632.294858,0.0
-3.83337,50,632.329892,0.0
-3.623104,50,632.365354,0.0
-3.800539,50,632.40086,0.0
-3.991487,50,632.436365,0.0
-4.496885,50,632.471779,0.0
-4.025214,50,632.506967,0.0
-4.350944,50,632.542115,0.0
-4.813265,50,632.577506,0.0
-3.999951,50,632.613173,0.0
-3.99292,50,632.647943,0.0
-3.638919,50,632.682872,0.0
-4.158854,50,632.717891,0.0
-4.128777,50,632.75314,0.0
-3.68817,50,632.788807,0.0
-3.669439,50,632.823795,0.0
-4.003219,50,632.859043,0.0
-4.65983,50,632.894533,0.0
-3.770802,50,632.929716,0.0
-3.091615,50,632.964786,0.0
-4.024176,50,633.000279,0.0
-4.468733,50,633.035595,0.0
-4.215271,50,633.070813,0.0
-4.252669,50,633.220806,0.0
-4.521174,50,633.256449,0.0
-3.816815,50,633.291664,0.0
-3.539416,50,633.327308,0.0
-4.504552,50,633.362437,0.0
-3.691291,50,633.397689,0.0
-3.445427,50,633.433002,0.0
-3.792301,50,633.46844,0.0
-3.245124,50,633.503291,0.0
-3.787574,50,633.538542,0.0
-4.346048,50,633.573933,0.0
-4.156579,50,633.609122,0.0
-3.652957,50,633.644536,0.0
-4.782368,50,633.679546,0.0
-3.363411,50,633.714499,0.0
-3.582895,50,633.749897,0.0
-3.134226,50,633.784821,0.0
-3.481788,50,633.820268,0.0
-3.114742,50,633.856137,0.0
-3.594162,50,633.891675,0.0
-4.390373,50,633.926825,0.0
-3.720411,50,633.962077,0.0
-4.217301,50,633.997222,0.0
-4.002419,50,634.032137,0.0
-3.619208,50,634.06737,0.0
-3.450257,50,634.103131,0.0
-3.846522,50,634.138369,0.0
-3.22546,50,634.173373,0.0
-4.432709,50,634.208421,0.0
-3.730993,50,634.243878,0.0
-4.244441,50,634.279163,0.0
-3.867098,50,634.314364,0.0
-4.615422,50,634.34926,0.0
-4.149333,50,634.384041,0.0
-4.255891,50,634.41903,0.0
-3.784059,50,634.453895,0.0
-3.208095,50,634.488817,0.0
-3.996413,50,634.52378,0.0
-4.027058,50,634.558415,0.0
-4.058423,50,634.593237,0.0
-4.207557,50,634.741926,0.0
-3.779884,50,634.777311,0.0
-3.74039,50,634.812507,0.0
-4.065246,50,634.847502,0.0
-3.823149,50,634.882745,0.0
-4.426153,50,634.917969,0.0
-4.211681,50,634.95285,0.0
-3.48792,50,634.987786,0.0
-3.96235,50,635.022925,0.0
-4.447009,50,635.057901,0.0
-3.489512,50,635.092966,0.0
-3.732871,50,635.128032,0.0
-3.803739,50,635.163552,0.0
-4.092282,50,635.198774,0.0
-3.989704,50,635.233958,0.0
-4.041758,50,635.269288,0.0
-3.975325,50,635.304537,0.0
-3.755609,50,635.339836,0.0
-3.910455,50,635.375046,0.0
-3.542278,50,635.410178,0.0
-3.815648,50,635.445127,0.0
-3.691178,50,635.480111,0.0
-3.398371,50,635.515097,0.0
-3.936257,50,635.549837,0.0
-4.159925,50,635.585027,0.0
-3.348433,50,635.619959,0.0
-4.420973,50,635.654864,0.0
-4.564305,50,635.68949,0.0
-3.598312,50,635.724238,0.0
-3.456807,50,635.759312,0.0
-3.997893,50,635.794174,0.0
-4.272467,50,635.829345,0.0
-4.134347,50,635.86409,0.0
-3.650248,50,635.899833,0.0
-4.0227,50,635.935513,0.0
-3.941862,50,635.970755,0.0
-3.968585,50,636.005949,0.0
-3.50766,50,636.041531,0.0
-3.465778,50,636.076759,0.0
-4.106029,50,636.111855,0.0
-3.61686,50,636.146732,0.0
-3.588816,50,636.293555,0.0
-4.100645,50,636.328759,0.0
-3.893941,50,636.36408,0.0
-3.854466,50,636.399204,0.0
-4.011853,50,636.434165,0.0
-3.47892,50,636.469341,0.0
-4.090778,50,636.504144,0.0
-3.198978,50,636.538926,0.0
-3.711649,50,636.573879,0.0
-3.375896,50,636.608625,0.0
-4.542781,50,636.643821,0.0
-3.645546,50,636.678722,0.0
-4.657564,50,636.713592,0.0
-4.255951,50,636.748862,0.0
-3.601899,50,636.784531,0.0
-3.915903,50,636.819914,0.0
-4.628369,50,636.855031,0.0
-3.803289,50,636.890118,0.0
-3.882408,50,636.924886,0.0
-4.389325,50,636.960112,0.0
-3.909246,50,636.995362,0.0
-2.83916,50,637.03075,0.0
-3.82128,50,637.065872,0.0
-4.15047,50,637.101083,0.0
-4.191329,50,637.136409,0.0
-4.491458,50,637.171776,0.0
-3.830847,50,637.206589,0.0
-4.136343,50,637.24142,0.0
-3.933293,50,637.276166,0.0
-3.77501,50,637.311524,0.0
-4.548938,50,637.346776,0.0
-3.716147,50,637.382065,0.0
-3.975735,50,637.41752,0.0
-3.796459,50,637.452559,0.0
-4.086402,50,637.487422,0.0
-3.784118,50,637.52351,0.0
-3.822306,50,637.559048,0.0
-3.947135,50,637.59411,0.0
-3.921521,50,637.62952,0.0
-4.148368,50,637.664393,0.0
-3.835678,50,637.699381,0.0
-2.829398,50,637.848103,0.0
-3.936738,50,637.883848,0.0
-3.762889,50,637.919015,0.0
-3.61252,50,637.954176,0.0
-3.698625,50,637.98969,0.0
-4.099935,50,638.024846,0.0
-4.154528,50,638.059814,0.0
-4.006099,50,638.094556,0.0
-3.484457,50,638.129534,0.0
-3.526363,50,638.164713,0.0
-3.819176,50,638.199673,0.0
-3.673133,50,638.234877,0.0
-3.305526,50,638.269712,0.0
-4.130889,50,638.30456,0.0
-4.51177,50,638.340147,0.0
-4.227512,50,638.375797,0.0
-3.554832,50,638.410941,0.0
-3.549768,50,638.446144,0.0
-3.754881,50,638.481754,0.0
-4.001686,50,638.516962,0.0
-4.500227,50,638.552551,0.0
-3.480555,50,638.58763,0.0
-4.242674,50,638.622735,0.0
-3.633722,50,638.657964,0.0
-3.400931,50,638.692761,0.0
-3.155339,50,638.727837,0.0
-3.166658,50,638.762882,0.0
-4.708192,50,638.797668,0.0
-3.509495,50,638.832628,0.0
-4.270968,50,638.868389,0.0
-3.637152,50,638.903265,0.0
-3.599227,50,638.937789,0.0
-4.081884,50,638.972644,0.0
-3.690137,50,639.007918,0.0
-3.798269,50,639.042739,0.0
-3.70139,50,639.077999,0.0
-3.680735,50,639.113547,0.0
-4.241038,50,639.148612,0.0
-3.731212,50,639.183603,0.0
-3.574484,50,639.218844,0.0
-4.197036,50,639.253905,0.0
-3.904283,50,639.404619,0.0
-3.810761,50,639.440077,0.0
-3.506894,50,639.47517,0.0
-3.569591,50,639.510184,0.0
-3.568981,50,639.545356,0.0
-3.618295,50,639.580446,0.0
-3.406139,50,639.615548,0.0
-3.968193,50,639.650832,0.0
-3.386203,50,639.686007,0.0
-4.026487,50,639.720874,0.0
-3.337603,50,639.755958,0.0
-4.163905,50,639.790945,0.0
-4.074054,50,639.825923,0.0
-4.58836,50,639.861521,0.0
-4.206223,50,639.896926,0.0
-3.354994,50,639.931957,0.0
-4.008888,50,639.96711,0.0
-3.836094,50,640.002188,0.0
-4.35671,50,640.036941,0.0
-4.124621,50,640.071847,0.0
-3.266872,50,640.10668,0.0
-3.975088,50,640.141728,0.0
-4.010291,50,640.176907,0.0
-4.01579,50,640.211846,0.0
-3.42063,50,640.246723,0.0
-4.08645,50,640.28172,0.0
-3.588165,50,640.316593,0.0
-3.326996,50,640.351715,0.0
-3.855631,50,640.386214,0.0
-3.366224,50,640.421009,0.0
-4.084382,50,640.45616,0.0
-4.014886,50,640.491072,0.0
-3.709237,50,640.525992,0.0
-3.971658,50,640.560981,0.0
-3.43753,50,640.595921,0.0
-4.050752,50,640.631069,0.0
-3.368338,50,640.665741,0.0
-3.84928,50,640.701101,0.0
-3.592108,50,640.73628,0.0
-3.915543,50,640.771335,0.0
-4.343141,50,640.806424,0.0
-3.735945,50,640.954459,0.0
-4.207458,50,640.990152,0.0
-4.085389,50,641.025262,0.0
-3.340449,50,641.060429,0.0
-4.078862,50,641.095384,0.0
-3.780581,50,641.131097,0.0
-3.713213,50,641.166542,0.0
-3.952017,50,641.202398,0.0
-3.124507,50,641.237693,0.0
-4.401066,50,641.273374,0.0
-4.005458,50,641.308302,0.0
-3.703596,50,641.344089,0.0
-3.882284,50,641.379787,0.0
-4.238114,50,641.415522,0.0
-4.207857,50,641.450982,0.0
-3.925976,50,641.486107,0.0
-3.408049,50,641.521366,0.0
-3.342816,50,641.556522,0.0
-4.210797,50,641.591928,0.0
-3.868723,50,641.62688,0.0
-3.77195,50,641.66187,0.0
-3.665558,50,641.696932,0.0
-4.312469,50,641.732337,0.0
-4.6777,50,641.767667,0.0
-3.455161,50,641.803474,0.0
-4.205917,50,641.838691,0.0
-3.611614,50,641.873676,0.0
-4.092816,50,641.908761,0.0
-4.4696,50,641.944147,0.0
-3.581316,50,641.979623,0.0
-3.528488,50,642.014806,0.0
-4.580531,50,642.049683,0.0
-3.925645,50,642.08453,0.0
-3.876925,50,642.119672,0.0
-4.309884,50,642.154652,0.0
-3.903309,50,642.189357,0.0
-4.309223,50,642.224296,0.0
-3.196785,50,642.259505,0.0
-3.419902,50,642.29408,0.0
-3.463385,50,642.329216,0.0
-3.977754,50,642.36428,0.0
-3.979206,50,642.514076,0.0
-3.325688,50,642.549521,0.0
-4.788502,50,642.585094,0.0
-3.302944,50,642.620637,0.0
-3.993033,50,642.655945,0.0
-4.330135,50,642.691024,0.0
-3.786466,50,642.72638,0.0
-4.215781,50,642.761301,0.0
-3.978471,50,642.796438,0.0
-3.914702,50,642.83155,0.0
-3.802567,50,642.866693,0.0
-3.582587,50,642.901848,0.0
-3.454914,50,642.936849,0.0
-4.365061,50,642.97197,0.0
-3.662642,50,643.006934,0.0
-4.194723,50,643.041582,0.0
-3.875341,50,643.076369,0.0
-4.086987,50,643.111849,0.0
-3.41813,50,643.14727,0.0
-3.719151,50,643.182365,0.0
-3.722469,50,643.217482,0.0
-3.823021,50,643.252603,0.0
-4.283946,50,643.288104,0.0
-3.474203,50,643.323002,0.0
-3.825338,50,643.357655,0.0
-4.344683,50,643.39332,0.0
-3.891497,50,643.42837,0.0
-3.757454,50,643.463537,0.0
-4.289593,50,643.499064,0.0
-3.512031,50,643.534032,0.0
-4.100474,50,643.569227,0.0
-3.352162,50,643.604469,0.0
-4.201188,50,643.639219,0.0
-4.383902,50,643.674439,0.0
-3.427949,50,643.709762,0.0
-4.242446,50,643.744932,0.0
-3.672986,50,643.780153,0.0
-3.744328,50,643.815121,0.0
-4.133452,50,643.849984,0.0
-3.705688,50,643.885396,0.0
-4.100982,50,643.920547,0.0
-4.714915,50,644.069847,0.0
-3.306146,50,644.105693,0.0
-3.939768,50,644.141211,0.0
-3.520557,50,644.176592,0.0
-3.618662,50,644.211561,0.0
-3.549693,50,644.246682,0.0
-3.471245,50,644.281797,0.0
-3.907559,50,644.317106,0.0
-3.579446,50,644.352289,0.0
-3.147049,50,644.387257,0.0
-4.092038,50,644.422421,0.0
-4.286108,50,644.457487,0.0
-3.556307,50,644.492888,0.0
-3.694329,50,644.528392,0.0
-4.536869,50,644.563461,0.0
-3.683075,50,644.598356,0.0
-3.865753,50,644.633204,0.0
-3.955174,50,644.668375,0.0
-4.282824,50,644.70364,0.0
-4.167632,50,644.738361,0.0
-3.644986,50,644.773286,0.0
-4.276375,50,644.808206,0.0
-3.758454,50,644.843052,0.0
-3.710658,50,644.878502,0.0
-4.105749,50,644.914012,0.0
-3.627117,50,644.94911,0.0
-4.362017,50,644.984495,0.0
-3.687097,50,645.019516,0.0
-3.996534,50,645.054019,0.0
-3.989038,50,645.089469,0.0
-4.878439,50,645.124887,0.0
-3.880402,50,645.160183,0.0
-3.768064,50,645.195427,0.0
-4.515735,50,645.23056,0.0
-3.805757,50,645.265578,0.0
-3.910318,50,645.300681,0.0
-3.661019,50,645.335976,0.0
-4.56393,50,645.37107,0.0
-4.741254,50,645.40645,0.0
-4.326485,50,645.441575,0.0
-4.195312,50,645.476811,0.0
-3.419617,50,645.626808,0.0
-4.371527,50,645.662629,0.0
-3.621472,50,645.697968,0.0
-3.348876,50,645.73354,0.0
-3.939631,50,645.769342,0.0
-3.518281,50,645.804635,0.0
-3.919288,50,645.839888,0.0
-3.595107,50,645.875007,0.0
-3.473779,50,645.910993,0.0
-4.492691,50,645.946389,0.0
-3.910565,50,645.981816,0.0
-3.893435,50,646.017353,0.0
-4.133099,50,646.05249,0.0
-3.873717,50,646.087665,0.0
-3.716416,50,646.123017,0.0
-4.211525,50,646.158177,0.0
-4.032898,50,646.193337,0.0
-4.484207,50,646.228235,0.0
-3.405048,50,646.2633,0.0
-4.018121,50,646.298155,0.0
-4.009025,50,646.333091,0.0
-3.911834,50,646.368348,0.0
-4.052369,50,646.403502,0.0
-3.399824,50,646.438589,0.0
-4.118525,50,646.473907,0.0
-3.955164,50,646.508935,0.0
-4.970336,50,646.543775,0.0
-4.097174,50,646.579127,0.0
-3.885758,50,646.614102,0.0
-3.809825,50,646.649341,0.0
-4.587084,50,646.684727,0.0
-3.998279,50,646.719692,0.0
-4.293761,50,646.754697,0.0
-3.716234,50,646.78961,0.0
-4.849214,50,646.82467,0.0
-3.815254,50,646.860273,0.0
-3.848208,50,646.896088,0.0
-4.033414,50,646.931344,0.0
-3.898907,50,646.966538,0.0
-4.466096,50,647.002155,0.0
-4.261148,50,647.037163,0.0
-3.927899,50,647.186145,0.0
-3.838887,50,647.22155,0.0
-3.438058,50,647.256749,0.0
-3.78226,50,647.29219,0.0
-4.119985,50,647.32738,0.0
-3.541307,50,647.362424,0.0
-4.252615,50,647.397789,0.0
-4.329067,50,647.433007,0.0
-4.143135,50,647.467874,0.0
-3.459542,50,647.502915,0.0
-3.952353,50,647.537865,0.0
-4.236887,50,647.572693,0.0
-3.795167,50,647.607943,0.0
-3.996061,50,647.643212,0.0
-3.623369,50,647.678094,0.0
-4.078046,50,647.71311,0.0
-3.91702,50,647.74875,0.0
-4.149109,50,647.784261,0.0
-4.001545,50,647.819546,0.0
-3.886776,50,647.85448,0.0
-4.053296,50,647.89017,0.0
-3.567353,50,647.925777,0.0
-3.650444,50,647.960862,0.0
-3.849263,50,647.995931,0.0
-3.747612,50,648.030952,0.0
-4.09117,50,648.065969,0.0
-4.188546,50,648.101312,0.0
-4.318081,50,648.136752,0.0
-3.808382,50,648.172037,0.0
-4.387546,50,648.207342,0.0
-4.144852,50,648.242579,0.0
-3.726098,50,648.277495,0.0
-3.564509,50,648.312203,0.0
-4.859174,50,648.346784,0.0
-4.066391,50,648.381892,0.0
-3.926863,50,648.417317,0.0
-3.008453,50,648.452121,0.0
-3.995933,50,648.487276,0.0
-3.821989,50,648.522681,0.0
-3.913655,50,648.558133,0.0
-4.236129,50,648.593357,0.0
-3.665029,50,648.742074,0.0
-4.18292,50,648.777896,0.0
-3.929214,50,648.812971,0.0
-3.365079,50,648.848876,0.0
-3.26968,50,648.884461,0.0
-3.503054,50,648.919607,0.0
-3.785996,50,648.954878,0.0
-4.370939,50,648.990589,0.0
-3.789614,50,649.025861,0.0
-4.305969,50,649.061137,0.0
-4.309234,50,649.096275,0.0
-4.014336,50,649.131295,0.0
-4.229191,50,649.16631,0.0
-3.589088,50,649.201692,0.0
-3.740789,50,649.237163,0.0
-3.831663,50,649.272446,0.0
-3.939089,50,649.307553,0.0
-4.500631,50,649.342899,0.0
-4.113546,50,649.378213,0.0
-3.760626,50,649.413756,0.0
-3.736413,50,649.44895,0.0
-4.037372,50,649.484149,0.0
-4.504786,50,649.518939,0.0
-4.111627,50,649.554408,0.0
-3.637444,50,649.58922,0.0
-3.636341,50,649.624311,0.0
-3.756005,50,649.659424,0.0
-3.262403,50,649.694797,0.0
-3.79491,50,649.730005,0.0
-3.8575,50,649.765689,0.0
-3.955462,50,649.800916,0.0
-4.002597,50,649.836284,0.0
-3.423309,50,649.871593,0.0
-4.114546,50,649.906562,0.0
-3.211118,50,649.942114,0.0
-3.730886,50,649.977107,0.0
-3.855439,50,650.01208,0.0
-3.873986,50,650.046935,0.0
-4.094341,50,650.081986,0.0
-3.959052,50,650.117237,0.0
-4.655974,50,650.152323,0.0
-3.899117,50,650.301939,0.0
-3.38037,50,650.336901,0.0
-4.369652,50,650.371918,0.0
-3.75103,50,650.4073,0.0
-3.570605,50,650.442498,0.0
-4.145818,50,650.477347,0.0
-4.06891,50,650.512339,0.0
-3.15349,50,650.547387,0.0
-3.956084,50,650.58236,0.0
-3.942063,50,650.617594,0.0
-3.793412,50,650.652656,0.0
-4.162406,50,650.687606,0.0
-4.100064,50,650.722687,0.0
-4.079712,50,650.757741,0.0
-3.819084,50,650.793014,0.0
-4.149142,50,650.827606,0.0
-3.651166,50,650.862442,0.0
-3.835817,50,650.897409,0.0
-3.789635,50,650.932321,0.0
-3.666631,50,650.96723,0.0
-4.158343,50,651.002461,0.0
-3.43309,50,651.03753,0.0
-3.592151,50,651.0727,0.0
-3.709554,50,651.107478,0.0
-4.65474,50,651.142873,0.0
-4.156646,50,651.177463,0.0
-3.990034,50,651.212725,0.0
-4.271708,50,651.24809,0.0
-4.410053,50,651.282655,0.0
-3.849191,50,651.317792,0.0
-4.407542,50,651.353132,0.0
-4.064392,50,651.388191,0.0
-3.899141,50,651.423635,0.0
-3.606814,50,651.458723,0.0
-3.556223,50,651.493853,0.0
-3.765885,50,651.529041,0.0
-4.705322,50,651.564109,0.0
-4.394583,50,651.599014,0.0
-3.756681,50,651.634158,0.0
-4.709575,50,651.669158,0.0
-3.89166,50,651.704302,0.0
-3.057358,50,651.853056,0.0
-4.060655,50,651.888222,0.0
-3.898636,50,651.923363,0.0
-3.967732,50,651.958352,0.0
-3.909039,50,651.993087,0.0
-4.217423,50,652.027851,0.0
-3.296138,50,652.063047,0.0
-3.594847,50,652.098296,0.0
-4.491108,50,652.133118,0.0
-3.767011,50,652.168067,0.0
-3.957636,50,652.202908,0.0
-4.212236,50,652.237904,0.0
-3.921501,50,652.273433,0.0
-3.789823,50,652.308535,0.0
-3.952984,50,652.343597,0.0
-4.212739,50,652.378767,0.0
-3.412384,50,652.413929,0.0
-4.263355,50,652.449203,0.0
-3.92193,50,652.484171,0.0
-4.020745,50,652.519123,0.0
-3.936597,50,652.554084,0.0
-4.253026,50,652.588653,0.0
-3.603888,50,652.624068,0.0
-3.988916,50,652.659291,0.0
-4.114356,50,652.694277,0.0
-3.820878,50,652.729312,0.0
-4.113235,50,652.764147,0.0
-3.393929,50,652.799357,0.0
-4.535746,50,652.834634,0.0
-4.104776,50,652.869536,0.0
-3.411364,50,652.904571,0.0
-3.899731,50,652.939902,0.0
-4.382486,50,652.975266,0.0
-3.424847,50,653.010554,0.0
-4.298672,50,653.04615,0.0
-3.760958,50,653.081296,0.0
-3.639674,50,653.116397,0.0
-3.768588,50,653.151573,0.0
-4.041513,50,653.186613,0.0
-3.547891,50,653.221638,0.0
-4.165778,50,653.256594,0.0
-4.184347,50,653.406326,0.0
-4.024539,50,653.441765,0.0
-3.724924,50,653.477309,0.0
-3.296108,50,653.512785,0.0
-3.627288,50,653.54773,0.0
-4.194653,50,653.583154,0.0
-4.680979,50,653.618246,0.0
-4.108012,50,653.653286,0.0
-3.293669,50,653.688265,0.0
-4.576592,50,653.723462,0.0
-4.096814,50,653.758744,0.0
-4.400621,50,653.793869,0.0
-3.63922,50,653.828582,0.0
-3.38155,50,653.863747,0.0
-3.904533,50,653.898958,0.0
-3.743995,50,653.934008,0.0
-4.223604,50,653.968969,0.0
-3.372926,50,654.004108,0.0
-4.244844,50,654.039045,0.0
-3.899153,50,654.074001,0.0
-3.40635,50,654.108939,0.0
-4.169309,50,654.143942,0.0
-4.119886,50,654.178738,0.0
-3.317408,50,654.213431,0.0
-4.257253,50,654.248247,0.0
-4.408335,50,654.283021,0.0
-3.939095,50,654.318358,0.0
-4.057659,50,654.353231,0.0
-3.432691,50,654.38788,0.0
-4.810034,50,654.422909,0.0
-3.515732,50,654.457874,0.0
-3.411248,50,654.49287,0.0
-3.403668,50,654.527635,0.0
-3.995937,50,654.562296,0.0
-4.067763,50,654.596829,0.0
-4.323354,50,654.631406,0.0
-4.07954,50,654.666162,0.0
-3.82024,50,654.701455,0.0
-4.033276,50,654.736214,0.0
-3.206864,50,654.771168,0.0
-3.349228,50,654.806713,0.0
-4.458015,50,654.955625,0.0
-3.974523,50,654.990726,0.0
-4.295249,50,655.026186,0.0
-3.615283,50,655.061338,0.0
-3.955597,50,655.096297,0.0
-3.263028,50,655.131421,0.0
-3.767463,50,655.166213,0.0
-4.410669,50,655.201042,0.0
-4.188783,50,655.235925,0.0
-4.884791,50,655.270525,0.0
-4.046258,50,655.305741,0.0
-3.441715,50,655.340494,0.0
-3.261252,50,655.375842,0.0
-3.591752,50,655.411299,0.0
-3.914246,50,655.446582,0.0
-3.810175,50,655.481484,0.0
-3.572365,50,655.516652,0.0
-4.516193,50,655.551688,0.0
-4.352356,50,655.586643,0.0
-3.453823,50,655.621698,0.0
-4.079383,50,655.656528,0.0
-4.210827,50,655.691464,0.0
-3.840317,50,655.726317,0.0
-3.641632,50,655.761224,0.0
-4.26836,50,655.796105,0.0
-3.824648,50,655.830792,0.0
-3.854156,50,655.865726,0.0
-3.993787,50,655.901375,0.0
-3.361268,50,655.936321,0.0
-4.041156,50,655.971681,0.0
-3.441406,50,656.006665,0.0
-4.59875,50,656.041757,0.0
-4.11831,50,656.076625,0.0
-3.643002,50,656.111675,0.0
-3.831257,50,656.146657,0.0
-3.675098,50,656.181692,0.0
-3.871051,50,656.216498,0.0
-3.548437,50,656.251379,0.0
-4.286592,50,656.28631,0.0
-4.852799,50,656.32148,0.0
-4.386205,50,656.356911,0.0
-3.550026,50,656.506715,0.0
-3.883812,50,656.541813,0.0
-3.8603,50,656.937627,0.0
-3.922009,50,656.97301,0.0
-2.952118,50,657.008451,0.0
-3.800488,50,657.043544,0.0
-3.190749,50,657.078972,0.0
-3.978564,50,657.114059,0.0
-3.962726,50,657.149683,0.0
-4.091247,50,657.185017,0.0
-3.443754,50,657.22011,0.0
-4.149328,50,657.254917,0.0
-4.516072,50,657.289986,0.0
-4.732813,50,657.324847,0.0
-4.221999,50,657.360423,0.0
-3.367405,50,657.395683,0.0
-3.686677,50,657.431299,0.0
-3.28796,50,657.466466,0.0
-3.436805,50,657.501588,0.0
-3.320003,50,657.536477,0.0
-3.610554,50,657.571551,0.0
-3.488036,50,657.606546,0.0
-4.158559,50,657.641856,0.0
-3.487653,50,657.676848,0.0
-4.264938,50,657.711634,0.0
-3.866601,50,657.746864,0.0
-3.828984,50,657.781798,0.0
-4.308776,50,657.816787,0.0
-3.678171,50,657.852098,0.0
-3.741049,50,657.887179,0.0
-3.69718,50,657.921869,0.0
-3.517339,50,657.957001,0.0
-4.359114,50,657.992158,0.0
-3.903105,50,658.027374,0.0
-3.588423,50,658.063378,0.0
-4.429027,50,658.098538,0.0
-4.165322,50,658.133297,0.0
-3.370535,50,658.168778,0.0
-3.693118,50,658.203143,0.0
-3.578969,50,658.23858,0.0
-3.656003,50,658.27368,0.0
-3.250133,50,658.424621,0.0
-4.501651,50,658.459761,0.0
-3.403311,50,658.494618,0.0
-3.654836,50,658.529303,0.0
-3.47368,50,658.564233,0.0
-4.495456,50,658.599143,0.0
-3.522714,50,658.634092,0.0
-4.093665,50,658.669827,0.0
-3.346612,50,658.705041,0.0
-4.332111,50,658.740326,0.0
-4.865623,50,658.775495,0.0
-4.256325,50,658.811339,0.0
-3.283509,50,658.845993,0.0
-3.475931,50,658.881255,0.0
-3.928706,50,658.91621,0.0
-3.817891,50,658.951222,0.0
-3.965852,50,658.98661,0.0
-3.905732,50,659.021731,0.0
-3.354873,50,659.056623,0.0
-3.945544,50,659.09178,0.0
-4.259926,50,659.126476,0.0
-3.467866,50,659.161517,0.0
-4.34404,50,659.196596,0.0
-4.099695,50,659.231599,0.0
-4.588179,50,659.26687,0.0
-4.629597,50,659.302115,0.0
-4.041028,50,659.337013,0.0
-3.468476,50,659.372729,0.0
-4.004876,50,659.408016,0.0
-3.112005,50,659.443002,0.0
-4.233831,50,659.47802,0.0
-3.32865,50,659.512999,0.0
-3.659236,50,659.548127,0.0
-3.226073,50,659.583032,0.0
-3.774058,50,659.618095,0.0
-4.537514,50,659.652703,0.0
-3.777789,50,659.687596,0.0
-4.083973,50,659.722495,0.0
-3.377168,50,659.757217,0.0
-4.169046,50,659.792059,0.0
-4.690764,50,659.827298,0.0
-4.032617,50,659.980904,0.0
-3.995924,50,660.015905,0.0
-3.875602,50,660.050965,0.0
-4.227303,50,660.086112,0.0
-3.49562,50,660.120594,0.0
-4.244382,50,660.156122,0.0
-4.013212,50,660.191306,0.0
-4.021809,50,660.226775,0.0
-4.28083,50,660.26173,0.0
-3.423907,50,660.296648,0.0
-3.607238,50,660.33185,0.0
-4.075286,50,660.367034,0.0
-3.946533,50,660.402408,0.0
-3.313065,50,660.437192,0.0
-4.458218,50,660.471941,0.0
-3.864725,50,660.506924,0.0
-4.384273,50,660.541975,0.0
-4.27679,50,660.576448,0.0
-4.487195,50,660.611329,0.0
-4.038061,50,660.645998,0.0
-3.574917,50,660.680826,0.0
-3.46152,50,660.715328,0.0
-3.271964,50,660.750195,0.0
-3.638963,50,660.785464,0.0
-3.740638,50,660.820417,0.0
-3.682874,50,660.855201,0.0
-3.734614,50,660.890188,0.0
-3.571278,50,660.925301,0.0
-3.875675,50,660.960544,0.0
-3.86113,50,660.995972,0.0
-3.898047,50,661.031057,0.0
-3.803382,50,661.066496,0.0
-3.941236,50,661.101308,0.0
-4.307952,50,661.136232,0.0
-3.889512,50,661.171607,0.0
-3.377136,50,661.206566,0.0
-3.19887,50,661.241226,0.0
-3.418052,50,661.276255,0.0
-4.527526,50,661.310843,0.0
-4.024892,50,661.345806,0.0
-3.955068,50,661.380849,0.0
-4.331515,50,661.529847,0.0
-3.817601,50,661.565276,0.0
-3.578656,50,661.600573,0.0
-3.494497,50,661.635872,0.0
-4.069673,50,661.670936,0.0
-4.039149,50,661.706065,0.0
-3.696369,50,661.740716,0.0
-3.990674,50,661.775685,0.0
-3.53915,50,661.810901,0.0
-3.849821,50,661.845806,0.0
-3.690264,50,661.880713,0.0
-3.795914,50,661.915775,0.0
-3.313731,50,661.950526,0.0
-3.468604,50,661.985588,0.0
-3.596694,50,662.020863,0.0
-3.525726,50,662.056287,0.0
-3.381074,50,662.091325,0.0
-3.450889,50,662.126449,0.0
-4.20248,50,662.161652,0.0
-4.268071,50,662.196524,0.0
-4.247839,50,662.231434,0.0
-4.152207,50,662.266111,0.0
-4.219736,50,662.301092,0.0
-4.10949,50,662.335207,0.0
-4.03239,50,662.370197,0.0
-3.657367,50,662.405184,0.0
-3.960171,50,662.440211,0.0
-3.79201,50,662.474886,0.0
-4.010203,50,662.50983,0.0
-3.5494,50,662.54505,0.0
-3.343835,50,662.579917,0.0
-4.172827,50,662.615319,0.0
-4.109465,50,662.650776,0.0
-2.862698,50,662.685985,0.0
-3.443482,50,662.721104,0.0
-3.440737,50,662.75644,0.0
-3.425947,50,662.791279,0.0
-4.042392,50,662.827127,0.0
-4.500904,50,662.862475,0.0
-3.542613,50,662.897636,0.0
-4.12016,50,662.932599,0.0
-3.629645,50,663.082114,0.0
-3.840109,50,663.117152,0.0
-3.849421,50,663.152273,0.0
-3.265214,50,663.187678,0.0
-4.022284,50,663.222824,0.0
-3.593581,50,663.258779,0.0
-4.524376,50,663.294167,0.0
-3.96749,50,663.329468,0.0
-3.633584,50,663.364777,0.0
-4.635906,50,663.400126,0.0
-3.709007,50,663.435294,0.0
-4.367505,50,663.470064,0.0
-3.973132,50,663.505196,0.0
-3.540671,50,663.540288,0.0
-4.40946,50,663.575271,0.0
-3.833795,50,663.610337,0.0
-3.354984,50,663.645153,0.0
-3.574789,50,663.680036,0.0
-3.26102,50,663.714992,0.0
-4.095287,50,663.750254,0.0
-3.768303,50,663.785555,0.0
-3.469466,50,663.820661,0.0
-3.729663,50,663.855992,0.0
-3.532369,50,663.891209,0.0
-4.423526,50,663.926224,0.0
-4.437854,50,663.961348,0.0
-3.298708,50,663.996208,0.0
-3.532977,50,664.030784,0.0
-4.226115,50,664.065195,0.0
-3.515558,50,664.099442,0.0
-4.104072,50,664.134214,0.0
-3.546511,50,664.169335,0.0
-3.433715,50,664.20441,0.0
-3.693978,50,664.239621,0.0
-4.504244,50,664.274439,0.0
-3.484489,50,664.309569,0.0
-3.687064,50,664.344756,0.0
-3.574491,50,664.379734,0.0
-3.367733,50,664.414888,0.0
-3.689214,50,664.45007,0.0
-3.437546,50,664.484936,0.0
-4.049112,50,664.63462,0.0
-4.378879,50,664.669994,0.0
-3.796658,50,664.705211,0.0
-3.579979,50,664.740514,0.0
-4.317229,50,664.775414,0.0
-3.879384,50,664.810366,0.0
-3.416588,50,664.845443,0.0
-4.227512,50,664.880786,0.0
-3.556923,50,664.915695,0.0
-4.658808,50,664.950509,0.0
-3.579849,50,664.985599,0.0
-4.562739,50,665.020521,0.0
-3.491549,50,665.055039,0.0
-3.345839,50,665.08983,0.0
-3.965078,50,665.12463,0.0
-3.5238,50,665.159686,0.0
-3.630827,50,665.194487,0.0
-3.859806,50,665.229415,0.0
-3.500496,50,665.264848,0.0
-3.26133,50,665.300013,0.0
-3.523125,50,665.335146,0.0
-4.159318,50,665.370516,0.0
-4.054298,50,665.405564,0.0
-4.076853,50,665.441017,0.0
-4.053852,50,665.476264,0.0
-3.509644,50,665.511213,0.0
-4.85661,50,665.546833,0.0
-4.420111,50,665.581696,0.0
-3.492337,50,665.616841,0.0
-4.034245,50,665.651723,0.0
-3.883235,50,665.686493,0.0
-4.230037,50,665.721651,0.0
-4.075089,50,665.756446,0.0
-3.727136,50,665.791491,0.0
-3.920211,50,665.826859,0.0
-3.996543,50,665.862787,0.0
-3.623151,50,665.898157,0.0
-4.20694,50,665.933538,0.0
-4.222707,50,665.968692,0.0
-4.021058,50,666.004031,0.0
-3.943853,50,666.039319,0.0
-3.561064,50,666.187521,0.0
-4.753095,50,666.221933,0.0
-4.533877,50,666.256146,0.0
-3.353929,50,666.291191,0.0
-3.966619,50,666.327788,0.0
-3.746964,50,666.364048,0.0
-4.240878,50,666.400231,0.0
-4.359532,50,666.435606,0.0
-3.540197,50,666.471946,0.0
-4.177567,50,666.509214,0.0
-3.849693,50,666.545677,0.0
-4.394446,50,666.58129,0.0
-4.28156,50,666.616687,0.0
-3.672057,50,666.651767,0.0
-4.239483,50,666.686892,0.0
-3.756911,50,666.72206,0.0
-4.328511,50,666.757244,0.0
-4.764904,50,666.791967,0.0
-3.889874,50,666.827252,0.0
-3.244479,50,666.862646,0.0
-3.803964,50,666.897918,0.0
-3.448186,50,666.933158,0.0
-4.476619,50,666.968285,0.0
-3.761621,50,667.003532,0.0
-4.351563,50,667.038518,0.0
-3.871307,50,667.073504,0.0
-3.653041,50,667.109181,0.0
-3.87491,50,667.144923,0.0
-3.809876,50,667.18012,0.0
-4.37202,50,667.214866,0.0
-3.770892,50,667.250059,0.0
-4.445332,50,667.284904,0.0
-4.397633,50,667.319688,0.0
-3.269525,50,667.354686,0.0
-4.020253,50,667.389725,0.0
-3.919813,50,667.424874,0.0
-4.509086,50,667.459511,0.0
-3.370647,50,667.494521,0.0
-3.913982,50,667.529583,0.0
-4.427165,50,667.564399,0.0
-4.030018,50,667.599457,0.0
-3.546376,50,667.747061,0.0
-3.460164,50,667.782884,0.0
-3.979698,50,667.818186,0.0
-3.465057,50,667.853695,0.0
-3.450993,50,667.889053,0.0
-4.044524,50,667.924399,0.0
-3.662371,50,667.959871,0.0
-3.552377,50,667.995365,0.0
-4.240537,50,668.032212,0.0
-3.844308,50,668.068009,0.0
-3.751888,50,668.10324,0.0
-3.544109,50,668.138138,0.0
-3.730248,50,668.173211,0.0
-3.609433,50,668.20821,0.0
-4.59974,50,668.243362,0.0
-3.361556,50,668.278192,0.0
-3.596962,50,668.312746,0.0
-4.106551,50,668.347794,0.0
-4.013206,50,668.382586,0.0
-3.712896,50,668.417616,0.0
-3.878606,50,668.452851,0.0
-3.568985,50,668.487722,0.0
-3.534452,50,668.522644,0.0
-3.330919,50,668.55749,0.0
-3.301681,50,668.591985,0.0
-3.75174,50,668.627498,0.0
-3.844048,50,668.664029,0.0
-3.780916,50,668.699421,0.0
-3.567979,50,668.734572,0.0
-4.199255,50,668.769538,0.0
-3.776049,50,668.804792,0.0
-3.951148,50,668.840155,0.0
-3.409435,50,668.875937,0.0
-3.472725,50,668.911377,0.0
-3.898432,50,668.946893,0.0
-4.081966,50,668.982102,0.0
-3.265373,50,669.017177,0.0
-4.399028,50,669.05236,0.0
-4.182163,50,669.087417,0.0
-3.638253,50,669.122428,0.0
-3.831153,50,669.157329,0.0
-3.87017,50,669.305836,0.0
-3.480419,50,669.341214,0.0
-4.08136,50,669.376463,0.0
-3.464263,50,669.411565,0.0
-4.372938,50,669.446415,0.0
-4.307001,50,669.481265,0.0
-3.346174,50,669.516782,0.0
-3.685269,50,669.552266,0.0
-4.275105,50,669.58774,0.0
-4.770979,50,669.624439,0.0
-3.989215,50,669.659721,0.0
-3.808331,50,669.695654,0.0
-3.781799,50,669.731269,0.0
-3.973601,50,669.76626,0.0
-3.470895,50,669.801864,0.0
-3.421247,50,669.836845,0.0
-3.666763,50,669.872038,0.0
-3.7885,50,669.907328,0.0
-3.466848,50,669.942921,0.0
-3.720604,50,669.977795,0.0
-3.989171,50,670.0128,0.0
-4.215202,50,670.047749,0.0
-3.785674,50,670.082788,0.0
-4.232155,50,670.118003,0.0
-3.882897,50,670.153136,0.0
-4.385818,50,670.188416,0.0
-3.954525,50,670.222521,0.0
-3.838843,50,670.257631,0.0
-3.547527,50,670.29295,0.0
-3.526228,50,670.328204,0.0
-3.965611,50,670.363608,0.0
-4.804104,50,670.39877,0.0
-3.494502,50,670.434088,0.0
-3.426544,50,670.469308,0.0
-3.81166,50,670.504376,0.0
-4.703734,50,670.539497,0.0
-3.598132,50,670.574514,0.0
-3.882549,50,670.609388,0.0
-3.367425,50,670.644785,0.0
-4.182782,50,670.679953,0.0
-3.970135,50,670.714945,0.0
-3.419598,50,670.86519,0.0
-3.67918,50,670.900292,0.0
-4.74248,50,670.935305,0.0
-3.924573,50,670.970698,0.0
-4.671387,50,671.005727,0.0
-3.466784,50,671.040754,0.0
-3.518675,50,671.075911,0.0
-4.128443,50,671.111035,0.0
-3.307791,50,671.145989,0.0
-3.811225,50,671.180938,0.0
-3.765283,50,671.216077,0.0
-3.669487,50,671.25108,0.0
-4.036809,50,671.285807,0.0
-3.311027,50,671.320722,0.0
-4.049211,50,671.35536,0.0
-4.145664,50,671.39056,0.0
-3.556768,50,671.425562,0.0
-3.639825,50,671.460337,0.0
-3.268408,50,671.495246,0.0
-4.065691,50,671.529998,0.0
-4.319146,50,671.564667,0.0
-4.154802,50,671.599541,0.0
-4.398977,50,671.634243,0.0
-3.40337,50,671.669461,0.0
-4.184102,50,671.704386,0.0
-3.608762,50,671.740311,0.0
-3.437451,50,671.77657,0.0
-3.809399,50,671.811807,0.0
-3.988777,50,671.847045,0.0
-4.360925,50,671.882328,0.0
-4.177261,50,671.917613,0.0
-3.61377,50,671.95334,0.0
-3.553747,50,671.988676,0.0
-3.441952,50,672.023895,0.0
-3.820423,50,672.060059,0.0
-4.667317,50,672.095848,0.0
-4.042142,50,672.131172,0.0
-3.780383,50,672.166251,0.0
-4.198326,50,672.202568,0.0
-3.541728,50,672.238442,0.0
-3.411412,50,672.274249,0.0
-3.558824,50,672.426395,0.0
-4.22915,50,672.462237,0.0
-3.68333,50,672.498116,0.0
-3.480136,50,672.533616,0.0
-3.681917,50,672.569104,0.0
-3.54556,50,672.605512,0.0
-3.937058,50,672.641424,0.0
-3.371219,50,672.677513,0.0
-3.04071,50,672.71367,0.0
-4.61308,50,672.74906,0.0
-4.339998,50,672.784686,0.0
-3.588887,50,672.820179,0.0
-4.570829,50,672.858173,0.0
-4.07194,50,672.893542,0.0
-3.353352,50,672.928847,0.0
-4.147836,50,672.964512,0.0
-4.120092,50,673.000051,0.0
-4.118701,50,673.035845,0.0
-4.236238,50,673.071679,0.0
-3.872141,50,673.107033,0.0
-4.016797,50,673.14251,0.0
-3.64371,50,673.178322,0.0
-3.923834,50,673.213874,0.0
-4.036301,50,673.249301,0.0
-3.9593,50,673.284751,0.0
-4.058043,50,673.321679,0.0
-3.367709,50,673.357762,0.0
-3.702166,50,673.393376,0.0
-4.592793,50,673.429126,0.0
-3.098422,50,673.464766,0.0
-3.800462,50,673.500744,0.0
-4.341792,50,673.536414,0.0
-4.307856,50,673.571801,0.0
-4.479825,50,673.607258,0.0
-3.274848,50,673.642554,0.0
-3.783301,50,673.677861,0.0
-3.764068,50,673.713042,0.0
-3.743139,50,673.747889,0.0
-3.592366,50,673.782675,0.0
-3.664328,50,673.817864,0.0
-3.904359,50,673.967507,0.0
-4.310383,50,674.003121,0.0
-3.708186,50,674.040202,0.0
-4.166685,50,674.075724,0.0
-4.318987,50,674.111284,0.0
-4.63783,50,674.14661,0.0
-3.301385,50,674.181339,0.0
-3.334089,50,674.216402,0.0
-3.55213,50,674.251207,0.0
-4.137612,50,674.286228,0.0
-3.921351,50,674.321458,0.0
-4.193867,50,674.356624,0.0
-3.333499,50,674.391849,0.0
-3.177175,50,674.427014,0.0
-4.656851,50,674.46171,0.0
-3.494539,50,674.496975,0.0
-3.159927,50,674.531962,0.0
-3.821121,50,674.566865,0.0
-3.850125,50,674.601773,0.0
-3.878558,50,674.636943,0.0
-3.283737,50,674.671935,0.0
-4.525822,50,674.707062,0.0
-3.74051,50,674.74188,0.0
-4.658308,50,674.777095,0.0
-3.668586,50,674.812098,0.0
-3.602265,50,674.846773,0.0
-3.629301,50,674.881915,0.0
-3.647078,50,674.916842,0.0
-3.157543,50,674.951807,0.0
-3.485054,50,674.986775,0.0
-3.980427,50,675.021803,0.0
-3.804994,50,675.056686,0.0
-3.541318,50,675.091427,0.0
-3.94517,50,675.126427,0.0
-3.838818,50,675.161343,0.0
-4.067023,50,675.196186,0.0
-4.339009,50,675.230683,0.0
-3.448688,50,675.265736,0.0
-3.722037,50,675.300748,0.0
-3.477697,50,675.335684,0.0
-4.501387,50,675.370471,0.0
-3.879521,50,675.51986,0.0
-3.687882,50,675.554878,0.0
-4.029585,50,675.589949,0.0
-3.247194,50,675.625009,0.0
-3.958099,50,675.659897,0.0
-3.715743,50,675.694976,0.0
-3.601333,50,675.729602,0.0
-3.390307,50,675.764692,0.0
-3.599488,50,675.799654,0.0
-3.608695,50,675.834793,0.0
-4.433404,50,675.869813,0.0
-4.396619,50,675.904791,0.0
-3.984549,50,675.939676,0.0
-3.725401,50,675.975136,0.0
-4.18874,50,676.010405,0.0
-3.217776,50,676.045941,0.0
-2.976827,50,676.08095,0.0
-3.687846,50,676.116271,0.0
-3.705412,50,676.151559,0.0
-3.812237,50,676.186648,0.0
-4.59545,50,676.221662,0.0
-3.780265,50,676.256573,0.0
-4.352789,50,676.291296,0.0
-4.467357,50,676.326549,0.0
-4.278345,50,676.36183,0.0
-4.151488,50,676.39694,0.0
-4.261053,50,676.432254,0.0
-4.658254,50,676.467303,0.0
-3.561498,50,676.502399,0.0
-3.25804,50,676.538934,0.0
-3.943161,50,676.574571,0.0
-3.634537,50,676.609723,0.0
-4.564006,50,676.645484,0.0
-3.243309,50,676.68092,0.0
-3.639365,50,676.716341,0.0
-3.837643,50,676.751609,0.0
-4.560377,50,676.786769,0.0
-3.438956,50,676.821735,0.0
-3.820467,50,676.857113,0.0
-4.530436,50,676.892168,0.0
-3.788814,50,676.927054,0.0
-3.786865,50,677.075536,0.0
-4.311938,50,677.111184,0.0
-4.081709,50,677.14648,0.0
-3.881644,50,677.181686,0.0
-4.020732,50,677.217044,0.0
-3.179532,50,677.251794,0.0
-3.97973,50,677.287193,0.0
-3.76804,50,677.322193,0.0
-3.909349,50,677.357367,0.0
-3.464508,50,677.393023,0.0
-3.543615,50,677.42845,0.0
-3.697953,50,677.463781,0.0
-3.465577,50,677.498957,0.0
-4.468515,50,677.534223,0.0
-3.262588,50,677.569324,0.0
-3.477488,50,677.60438,0.0
-3.625111,50,677.639323,0.0
-4.726561,50,677.673975,0.0
-3.388801,50,677.708865,0.0
-4.105608,50,677.743812,0.0
-3.39779,50,677.77898,0.0
-4.040992,50,677.813818,0.0
-4.048048,50,677.848604,0.0
-3.378284,50,677.88387,0.0
-3.343473,50,677.918914,0.0
-4.859826,50,677.953643,0.0
-3.719908,50,677.988902,0.0
-4.234118,50,678.022953,0.0
-4.07111,50,678.057484,0.0
-3.479601,50,678.092565,0.0
-4.301985,50,678.127397,0.0
-4.229284,50,678.162423,0.0
-3.97357,50,678.197133,0.0
-3.883597,50,678.232059,0.0
-3.223574,50,678.266802,0.0
-4.093728,50,678.301494,0.0
-3.597866,50,678.336166,0.0
-3.507649,50,678.371335,0.0
-4.349564,50,678.406493,0.0
-3.465279,50,678.441527,0.0
-4.105984,50,678.476206,0.0
-3.971603,50,678.623025,0.0
-4.381499,50,678.65852,0.0
-3.104697,50,678.69367,0.0
-3.424712,50,678.728528,0.0
-4.444332,50,678.76344,0.0
-3.546653,50,678.79822,0.0
-3.703631,50,678.833158,0.0
-3.033864,50,678.867817,0.0
-3.92398,50,678.903515,0.0
-3.360262,50,678.938529,0.0
-3.897037,50,678.973596,0.0
-4.306222,50,679.008743,0.0
-3.502549,50,679.043956,0.0
-3.637553,50,679.079094,0.0
-3.456589,50,679.11401,0.0
-4.208777,50,679.148947,0.0
-4.099586,50,679.183782,0.0
-4.621001,50,679.218837,0.0
-4.071083,50,679.253458,0.0
-3.229829,50,679.288293,0.0
-4.036373,50,679.323546,0.0
-3.847519,50,679.358525,0.0
-3.177828,50,679.393667,0.0
-3.588194,50,679.428787,0.0
-4.595294,50,679.463216,0.0
-3.696525,50,679.498238,0.0
-4.873081,50,679.53323,0.0
-3.430297,50,679.568088,0.0
-3.609863,50,679.603099,0.0
-3.46341,50,679.637715,0.0
-4.915178,50,679.672445,0.0
-3.601666,50,679.707204,0.0
-3.580435,50,679.742003,0.0
-3.198551,50,679.777641,0.0
-3.568333,50,679.812024,0.0
-4.369255,50,679.847884,0.0
-3.753905,50,679.883504,0.0
-3.813758,50,679.918648,0.0
-3.526594,50,679.953594,0.0
-3.261143,50,679.988402,0.0
-3.270147,50,680.023075,0.0
-3.729189,50,680.171973,0.0
-3.564454,50,680.207325,0.0
-3.728687,50,680.242919,0.0
-2.863547,50,680.278258,0.0
-3.625292,50,680.313381,0.0
-3.666481,50,680.34846,0.0
-3.566906,50,680.383727,0.0
-4.817407,50,680.41925,0.0
-3.453548,50,680.454413,0.0
-3.171236,50,680.489569,0.0
-3.738641,50,680.525929,0.0
-3.84084,50,680.561288,0.0
-3.225034,50,680.596393,0.0
-3.556242,50,680.631512,0.0
-3.641019,50,680.666343,0.0
-3.605322,50,680.70173,0.0
-4.142591,50,680.736791,0.0
-3.501767,50,680.771411,0.0
-3.938923,50,680.806427,0.0
-3.810891,50,680.841721,0.0
-3.879094,50,680.87677,0.0
-4.058089,50,680.911995,0.0
-3.506239,50,680.947394,0.0
-3.672405,50,680.98362,0.0
-3.636554,50,681.019695,0.0
-3.498357,50,681.055403,0.0
-4.399899,50,681.090491,0.0
-3.416426,50,681.125975,0.0
-3.698672,50,681.161202,0.0
-3.500113,50,681.196243,0.0
-4.282186,50,681.231763,0.0
-4.04466,50,681.267299,0.0
-3.952882,50,681.302569,0.0
-3.912172,50,681.337686,0.0
-3.537272,50,681.373258,0.0
-3.800577,50,681.408484,0.0
-3.878659,50,681.443665,0.0
-3.788799,50,681.478797,0.0
-4.653602,50,681.51385,0.0
-3.653207,50,681.549003,0.0
-4.251408,50,681.584642,0.0
-4.570151,50,681.734233,0.0
-4.017496,50,681.769404,0.0
-3.325109,50,681.804538,0.0
-3.75037,50,681.839634,0.0
-4.37321,50,681.874776,0.0
-3.934298,50,681.910076,0.0
-4.32784,50,681.945317,0.0
-4.514087,50,681.980415,0.0
-5.104464,50,682.015115,0.0
-3.905953,50,682.049738,0.0
-4.032427,50,682.084618,0.0
-3.501491,50,682.119307,0.0
-3.443201,50,682.154345,0.0
-3.848787,50,682.189255,0.0
-4.649047,50,682.224062,0.0
-4.642123,50,682.258997,0.0
-4.580233,50,682.293721,0.0
-4.21764,50,682.328552,0.0
-3.911174,50,682.363616,0.0
-4.511759,50,682.398718,0.0
-3.645273,50,682.433929,0.0
-4.272385,50,682.468681,0.0
-4.392201,50,682.503491,0.0
-3.909082,50,682.538243,0.0
-4.02141,50,682.573099,0.0
-4.023377,50,682.607844,0.0
-3.689283,50,682.642741,0.0
-3.713846,50,682.67737,0.0
-3.464165,50,682.712277,0.0
-3.694073,50,682.747042,0.0
-3.871264,50,682.782044,0.0
-3.577017,50,682.816989,0.0
-3.811492,50,682.851756,0.0
-4.390021,50,682.886864,0.0
-4.113516,50,682.921573,0.0
-3.758478,50,682.956374,0.0
-4.117813,50,682.991433,0.0
-3.53069,50,683.026277,0.0
-4.078052,50,683.061094,0.0
-4.258772,50,683.095958,0.0
-4.670478,50,683.130531,0.0
-3.425128,50,683.277618,0.0
-3.400122,50,683.312586,0.0
-3.540939,50,683.347444,0.0
-3.23145,50,683.383127,0.0
-3.818044,50,683.418386,0.0
-4.039844,50,683.45452,0.0
-3.567442,50,683.490137,0.0
-3.546693,50,683.525632,0.0
-4.281098,50,683.56051,0.0
-3.997751,50,683.595581,0.0
-4.020371,50,683.630733,0.0
-4.338562,50,683.665762,0.0
-3.89344,50,683.701012,0.0
-3.809093,50,683.735913,0.0
-3.948182,50,683.770435,0.0
-4.203357,50,683.805297,0.0
-4.522883,50,683.839909,0.0
-4.875135,50,683.87481,0.0
-4.413024,50,683.910079,0.0
-3.479146,50,683.94522,0.0
-3.383015,50,683.980714,0.0
-3.668791,50,684.015636,0.0
-5.041849,50,684.050651,0.0
-3.59734,50,684.085516,0.0
-3.837386,50,684.120457,0.0
-4.394323,50,684.155402,0.0
-3.847499,50,684.190388,0.0
-4.534445,50,684.225437,0.0
-3.918812,50,684.260424,0.0
-3.363173,50,684.295423,0.0
-3.460939,50,684.330483,0.0
-4.287759,50,684.366074,0.0
-3.375901,50,684.401099,0.0
-4.475183,50,684.436071,0.0
-3.588116,50,684.470799,0.0
-3.372162,50,684.505782,0.0
-3.977121,50,684.540748,0.0
-3.56058,50,684.575969,0.0
-3.441632,50,684.61107,0.0
-3.948136,50,684.646933,0.0
-4.596907,50,684.681907,0.0
-4.427053,50,684.831593,0.0
-3.91716,50,684.867075,0.0
-3.732941,50,684.902265,0.0
-3.542408,50,684.937397,0.0
-4.21007,50,684.972448,0.0
-4.051214,50,685.007535,0.0
-4.462459,50,685.042063,0.0
-3.637105,50,685.076971,0.0
-3.994066,50,685.112534,0.0
-3.469221,50,685.147427,0.0
-4.553614,50,685.182577,0.0
-3.769298,50,685.21773,0.0
-3.649611,50,685.252544,0.0
-3.855308,50,685.287539,0.0
-3.683128,50,685.322213,0.0
-4.0237,50,685.357133,0.0
-3.859787,50,685.392689,0.0
-3.950171,50,685.427896,0.0
-4.258697,50,685.46297,0.0
-3.624879,50,685.497996,0.0
-3.948173,50,685.532994,0.0
-3.830726,50,685.568683,0.0
-4.599659,50,685.60396,0.0
-4.866995,50,685.638902,0.0
-3.384993,50,685.67409,0.0
-3.679318,50,685.708927,0.0
-4.322766,50,685.743734,0.0
-4.616785,50,685.778552,0.0
-4.211957,50,685.813154,0.0
-3.806478,50,685.848015,0.0
-4.085967,50,685.883164,0.0
-3.749433,50,685.918414,0.0
-4.506145,50,685.953432,0.0
-3.642465,50,685.988293,0.0
-4.04988,50,686.023057,0.0
-3.454957,50,686.057859,0.0
-3.870385,50,686.092453,0.0
-3.491547,50,686.126841,0.0
-3.643752,50,686.161841,0.0
-3.36855,50,686.196735,0.0
-3.587372,50,686.231693,0.0
-4.720863,50,686.380912,0.0
-3.709343,50,686.416342,0.0
-4.028016,50,686.451635,0.0
-4.773467,50,686.486873,0.0
-3.809759,50,686.521753,0.0
-3.673382,50,686.557051,0.0
-4.564152,50,686.592285,0.0
-3.821747,50,686.627438,0.0
-3.801187,50,686.662351,0.0
-4.213002,50,686.697379,0.0
-3.364824,50,686.732418,0.0
-4.360579,50,686.767545,0.0
-3.741899,50,686.802291,0.0
-3.779765,50,686.837377,0.0
-3.964495,50,686.872637,0.0
-4.279557,50,686.907599,0.0
-3.764754,50,686.942741,0.0
-4.425974,50,686.977763,0.0
-3.923696,50,687.012653,0.0
-3.650566,50,687.047879,0.0
-3.805139,50,687.08311,0.0
-4.239791,50,687.118198,0.0
-3.753946,50,687.153139,0.0
-3.93445,50,687.188047,0.0
-4.629124,50,687.223222,0.0
-3.267436,50,687.258238,0.0
-3.971972,50,687.293242,0.0
-4.262943,50,687.328532,0.0
-4.008214,50,687.363575,0.0
-3.705272,50,687.398735,0.0
-3.053997,50,687.433852,0.0
-3.727635,50,687.468706,0.0
-3.677819,50,687.50368,0.0
-3.631723,50,687.53887,0.0
-3.682992,50,687.573943,0.0
-3.427435,50,687.609222,0.0
-3.528806,50,687.644329,0.0
-4.144904,50,687.679225,0.0
-4.014182,50,687.714329,0.0
-3.694192,50,687.749237,0.0
-3.68742,50,687.78404,0.0
-3.163425,50,687.932683,0.0
-3.630009,50,687.968147,0.0
-3.842789,50,688.003498,0.0
-4.170955,50,688.038757,0.0
-3.455724,50,688.074087,0.0
-3.568089,50,688.109045,0.0
-3.942525,50,688.143981,0.0
-4.145589,50,688.178835,0.0
-4.241801,50,688.213017,0.0
-4.173236,50,688.247836,0.0
-3.74258,50,688.282357,0.0
-3.871128,50,688.317195,0.0
-3.879172,50,688.352218,0.0
-4.318756,50,688.387303,0.0
-3.811386,50,688.422456,0.0
-3.457372,50,688.457426,0.0
-3.792006,50,688.492273,0.0
-3.545635,50,688.527319,0.0
-4.307163,50,688.562062,0.0
-4.498018,50,688.597112,0.0
-3.329205,50,688.631742,0.0
-4.023452,50,688.666393,0.0
-4.596584,50,688.701569,0.0
-3.153669,50,688.736704,0.0
-3.591006,50,688.771909,0.0
-3.275042,50,688.807211,0.0
-4.071958,50,688.842086,0.0
-3.628452,50,688.877258,0.0
-3.557546,50,688.912411,0.0
-4.051767,50,688.947414,0.0
-3.90866,50,688.982219,0.0
-3.727193,50,689.017427,0.0
-4.009806,50,689.05242,0.0
-3.449824,50,689.087492,0.0
-3.541824,50,689.122298,0.0
-4.063935,50,689.157334,0.0
-3.856713,50,689.192449,0.0
-3.927241,50,689.227558,0.0
-4.180302,50,689.262579,0.0
-4.526974,50,689.297195,0.0
-3.360393,50,689.332745,0.0
-3.416331,50,689.481209,0.0
-3.573464,50,689.516601,0.0
-3.95919,50,689.551709,0.0
-3.596827,50,689.586337,0.0
-3.196231,50,689.621398,0.0
-3.844607,50,689.656284,0.0
-3.693596,50,689.69132,0.0
-3.310299,50,689.726371,0.0
-3.686225,50,689.76225,0.0
-3.751957,50,689.797687,0.0
-4.199646,50,689.833257,0.0
-4.078552,50,689.868571,0.0
-4.20394,50,689.904043,0.0
-4.526419,50,689.939476,0.0
-3.97593,50,689.97464,0.0
-4.773077,50,690.009587,0.0
-4.283328,50,690.044335,0.0
-3.808811,50,690.079157,0.0
-4.052625,50,690.113905,0.0
-3.224899,50,690.148513,0.0
-3.57292,50,690.183392,0.0
-4.045919,50,690.218195,0.0
-3.958915,50,690.252987,0.0
-4.247869,50,690.288004,0.0
-3.752419,50,690.323146,0.0
-3.794419,50,690.358289,0.0
-3.822539,50,690.393599,0.0
-3.987466,50,690.428927,0.0
-4.360432,50,690.464145,0.0
-4.115181,50,690.499125,0.0
-3.987016,50,690.533784,0.0
-4.338998,50,690.56898,0.0
-3.751292,50,690.603725,0.0
-3.690656,50,690.638814,0.0
-3.830623,50,690.673813,0.0
-3.79585,50,690.708641,0.0
-3.904787,50,690.744041,0.0
-3.539585,50,690.778973,0.0
-3.787364,50,690.813792,0.0
-4.063556,50,690.848803,0.0
-4.045679,50,690.884055,0.0
-3.80694,50,691.033017,0.0
-3.692159,50,691.067935,0.0
-3.532821,50,691.102819,0.0
-4.629608,50,691.137954,0.0
-4.444097,50,691.172813,0.0
-3.881714,50,691.207933,0.0
-3.800573,50,691.242915,0.0
-4.567836,50,691.277839,0.0
-3.899598,50,691.312726,0.0
-4.265668,50,691.347744,0.0
-3.63391,50,691.383401,0.0
-4.184542,50,691.419064,0.0
-4.387716,50,691.454065,0.0
-4.44373,50,691.489189,0.0
-4.728921,50,691.524735,0.0
-3.627528,50,691.559649,0.0
-4.303749,50,691.594795,0.0
-4.269294,50,691.629712,0.0
-4.532686,50,691.664614,0.0
-3.706993,50,691.699675,0.0
-4.553913,50,691.734664,0.0
-4.123429,50,691.769702,0.0
-4.070519,50,691.804398,0.0
-3.917004,50,691.839632,0.0
-3.832242,50,691.874726,0.0
-3.510642,50,691.909581,0.0
-3.731107,50,691.94471,0.0
-3.461647,50,691.979647,0.0
-4.715625,50,692.014603,0.0
-3.381924,50,692.049375,0.0
-3.783347,50,692.084049,0.0
-3.944919,50,692.118986,0.0
-3.52998,50,692.154173,0.0
-3.664465,50,692.18921,0.0
-4.191802,50,692.223964,0.0
-3.971174,50,692.259102,0.0
-3.381393,50,692.294245,0.0
-3.517086,50,692.329266,0.0
-3.871142,50,692.364374,0.0
-3.420157,50,692.39996,0.0
-3.417081,50,692.435022,0.0
-4.617123,50,692.584105,0.0
-3.723134,50,692.619034,0.0
-3.775393,50,692.654242,0.0
-4.636975,50,692.689244,0.0
-4.388733,50,692.724169,0.0
-3.928252,50,692.759313,0.0
-4.489505,50,692.794244,0.0
-3.004761,50,692.829303,0.0
-3.777235,50,692.864361,0.0
-3.684022,50,692.899279,0.0
-3.523043,50,692.934348,0.0
-4.937623,50,692.969963,0.0
-3.68299,50,693.00517,0.0
-4.288866,50,693.040075,0.0
-3.954492,50,693.075461,0.0
-3.648696,50,693.110353,0.0
-4.290637,50,693.145248,0.0
-3.419224,50,693.18037,0.0
-4.080235,50,693.215038,0.0
-3.460555,50,693.250036,0.0
-3.347386,50,693.284768,0.0
-3.243029,50,693.319797,0.0
-4.403898,50,693.354791,0.0
-4.09743,50,693.389745,0.0
-3.986001,50,693.424806,0.0
-3.400371,50,693.459677,0.0
-4.269561,50,693.494362,0.0
-3.748094,50,693.52921,0.0
-3.752376,50,693.564146,0.0
-3.382393,50,693.599173,0.0
-4.139307,50,693.63404,0.0
-4.0024,50,693.668891,0.0
-3.662292,50,693.703847,0.0
-3.662661,50,693.738854,0.0
-3.677241,50,693.774162,0.0
-3.651476,50,693.809351,0.0
-4.191073,50,693.844364,0.0
-3.68896,50,693.879616,0.0
-3.850718,50,693.914556,0.0
-3.986143,50,693.949592,0.0
-4.255774,50,693.984669,0.0
-3.641427,50,694.132129,0.0
-4.72941,50,694.167193,0.0
-4.57306,50,694.201926,0.0
-4.354612,50,694.237039,0.0
-3.436501,50,694.272076,0.0
-3.736376,50,694.306943,0.0
-3.512499,50,694.342358,0.0
-3.736101,50,694.37735,0.0
-3.28801,50,694.412408,0.0
-3.787259,50,694.447711,0.0
-3.705343,50,694.482622,0.0
-3.210366,50,694.517812,0.0
-4.069729,50,694.552599,0.0
-3.095232,50,694.587878,0.0
-3.275557,50,694.623184,0.0
-4.215118,50,694.658088,0.0
-3.622775,50,694.693201,0.0
-3.731089,50,694.727948,0.0
-3.676538,50,694.762924,0.0
-3.288709,50,695.160965,0.0
-3.590788,50,695.195933,0.0
-3.736591,50,695.230588,0.0
-3.316933,50,695.265641,0.0
-4.30649,50,695.300782,0.0
-3.708315,50,695.336518,0.0
-3.862943,50,695.371841,0.0
-3.611265,50,695.406781,0.0
-4.116875,50,695.441861,0.0
-3.653073,50,695.477021,0.0
-3.529232,50,695.511814,0.0
-4.272248,50,695.546719,0.0
-3.815272,50,695.581883,0.0
-3.993147,50,695.616817,0.0
-4.405646,50,695.651761,0.0
-3.996385,50,695.686252,0.0
-4.023324,50,695.72158,0.0
-3.619238,50,695.756801,0.0
-3.744676,50,695.791907,0.0
-3.824273,50,695.826753,0.0
-3.371966,50,695.861891,0.0
-4.045706,50,695.896898,0.0
-3.96268,50,696.04455,0.0
-3.920782,50,696.079556,0.0
-4.196347,50,696.114595,0.0
-3.425414,50,696.149161,0.0
-4.454556,50,696.184147,0.0
-3.626601,50,696.218479,0.0
-3.625839,50,696.252943,0.0
-3.871134,50,696.289372,0.0
-4.198155,50,696.324666,0.0
-4.10718,50,696.359995,0.0
-3.787923,50,696.395013,0.0
-3.338815,50,696.429745,0.0
-4.481425,50,696.465124,0.0
-3.549203,50,696.50031,0.0
-4.367747,50,696.535508,0.0
-3.944406,50,696.571024,0.0
-3.912189,50,696.606697,0.0
-3.654825,50,696.642011,0.0
-3.72431,50,696.677357,0.0
-3.165387,50,696.712619,0.0
-4.075541,50,696.747909,0.0
-3.92355,50,696.783212,0.0
-3.976657,50,696.818262,0.0
-3.533869,50,696.853665,0.0
-4.078986,50,696.889133,0.0
-3.689951,50,696.92426,0.0
-4.630751,50,696.959593,0.0
-3.807013,50,696.995196,0.0
-3.693793,50,697.030491,0.0
-3.266633,50,697.065744,0.0
-3.377874,50,697.100904,0.0
-4.131168,50,697.136178,0.0
-4.601743,50,697.171471,0.0
-3.467928,50,697.206647,0.0
-3.670715,50,697.241939,0.0
-3.503922,50,697.277092,0.0
-3.694646,50,697.312374,0.0
-3.356608,50,697.347787,0.0
-4.238297,50,697.38327,0.0
-3.853198,50,697.418558,0.0
-3.363012,50,697.454118,0.0
-3.621527,50,697.602573,0.0
-3.613938,50,697.637913,0.0
-3.066253,50,697.672941,0.0
-4.146436,50,697.708248,0.0
-3.331086,50,697.743442,0.0
-3.493739,50,697.778321,0.0
-3.50237,50,697.813201,0.0
-3.490011,50,697.848216,0.0
-4.361054,50,697.884393,0.0
-4.01534,50,697.919684,0.0
-3.384076,50,697.954587,0.0
-3.982306,50,697.989525,0.0
-4.139165,50,698.02465,0.0
-4.992403,50,698.059461,0.0
-3.660904,50,698.094375,0.0
-3.392098,50,698.129285,0.0
-3.617566,50,698.164116,0.0
-3.941319,50,698.199318,0.0
-3.570629,50,698.233862,0.0
-3.810147,50,698.268801,0.0
-4.486221,50,698.303615,0.0
-3.525707,50,698.338714,0.0
-4.489555,50,698.374569,0.0
-4.045157,50,698.409874,0.0
-3.585952,50,698.445032,0.0
-3.463987,50,698.480165,0.0
-3.973184,50,698.515329,0.0
-4.388668,50,698.550363,0.0
-4.044555,50,698.585583,0.0
-3.275971,50,698.620514,0.0
-4.429186,50,698.655472,0.0
-3.5869,50,698.690576,0.0
-3.829881,50,698.725532,0.0
-3.375581,50,698.760979,0.0
-3.346796,50,698.79604,0.0
-4.488113,50,698.830871,0.0
-3.343136,50,698.866217,0.0
-3.666531,50,698.901552,0.0
-3.965353,50,698.936463,0.0
-3.944511,50,698.972139,0.0
-3.755961,50,699.007128,0.0
-4.293548,50,699.155785,0.0
-3.637922,50,699.190844,0.0
-3.465241,50,699.225965,0.0
-3.806363,50,699.261,0.0
-3.848789,50,699.295954,0.0
-4.587529,50,699.330934,0.0
-4.09555,50,699.366204,0.0
-4.313705,50,699.401318,0.0
-3.764382,50,699.436522,0.0
-3.645994,50,699.471355,0.0
-4.027089,50,699.506374,0.0
-3.316319,50,699.541167,0.0
-3.94935,50,699.576001,0.0
-3.599008,50,699.610869,0.0
-4.478718,50,699.644912,0.0
-3.843541,50,699.679771,0.0
-4.086461,50,699.714787,0.0
-3.629809,50,699.749667,0.0
-3.37561,50,699.784539,0.0
-3.735835,50,699.819266,0.0
-4.112969,50,699.854536,0.0
-3.529543,50,699.889786,0.0
-3.506955,50,699.924491,0.0
-4.72608,50,699.959876,0.0
-3.637383,50,699.994694,0.0
-4.316838,50,700.029666,0.0
-4.077049,50,700.064715,0.0
-3.78669,50,700.099434,0.0
-3.647144,50,700.134102,0.0
-3.588871,50,700.169033,0.0
-4.48996,50,700.203668,0.0
-3.907562,50,700.238565,0.0
-4.218816,50,700.273324,0.0
-3.890959,50,700.308121,0.0
-3.745074,50,700.342877,0.0
-3.986047,50,700.378224,0.0
-3.959342,50,700.413519,0.0
-3.546451,50,700.44844,0.0
-3.56968,50,700.483169,0.0
-4.270238,50,700.51838,0.0
-3.882167,50,700.553426,0.0
-3.71283,50,700.702079,0.0
-3.950555,50,700.737251,0.0
-3.991354,50,700.772948,0.0
-3.534852,50,700.808999,0.0
-3.512509,50,700.844328,0.0
-4.506294,50,700.879578,0.0
-3.431936,50,700.914605,0.0
-4.012546,50,700.950155,0.0
-3.878315,50,700.985827,0.0
-3.408972,50,701.020826,0.0
-4.106221,50,701.056125,0.0
-3.669015,50,701.091359,0.0
-3.767585,50,701.126252,0.0
-4.516867,50,701.161285,0.0
-3.981592,50,701.196594,0.0
-3.548302,50,701.231637,0.0
-4.050075,50,701.267027,0.0
-3.870553,50,701.30204,0.0
-3.594709,50,701.337064,0.0
-3.582952,50,701.372192,0.0
-3.859282,50,701.407689,0.0
-3.587042,50,701.443392,0.0
-4.019564,50,701.478662,0.0
-3.574646,50,701.51365,0.0
-3.527588,50,701.549055,0.0
-3.543033,50,701.584478,0.0
-4.040013,50,701.619585,0.0
-3.666197,50,701.654562,0.0
-3.652465,50,701.689606,0.0
-3.757273,50,701.724563,0.0
-4.062341,50,701.75996,0.0
-3.393081,50,701.795133,0.0
-3.215641,50,701.830323,0.0
-4.040949,50,701.865806,0.0
-4.243068,50,701.901213,0.0
-3.511918,50,701.936249,0.0
-3.769642,50,701.971438,0.0
-3.762923,50,702.006524,0.0
-4.548358,50,702.041772,0.0
-4.043554,50,702.076746,0.0
-3.861364,50,702.111965,0.0
-3.368365,50,702.260293,0.0
-3.987851,50,702.295621,0.0
-4.21136,50,702.330851,0.0
-3.396382,50,702.366219,0.0
-3.726362,50,702.401421,0.0
-3.862996,50,702.436412,0.0
-3.57722,50,702.471084,0.0
-3.817461,50,702.50622,0.0
-4.05352,50,702.54069,0.0
-3.871958,50,702.575438,0.0
-4.040412,50,702.61062,0.0
-3.844149,50,702.645382,0.0
-3.866122,50,702.68063,0.0
-3.885994,50,702.715622,0.0
-3.727011,50,702.750304,0.0
-3.514847,50,702.785356,0.0
-3.586104,50,702.819925,0.0
-4.331226,50,702.854713,0.0
-3.260435,50,702.889939,0.0
-3.997621,50,702.924826,0.0
-3.306812,50,702.959997,0.0
-3.856885,50,702.994855,0.0
-3.554444,50,703.029769,0.0
-4.819609,50,703.064419,0.0
-3.596718,50,703.099158,0.0
-3.409272,50,703.13446,0.0
-3.78911,50,703.169434,0.0
-3.865537,50,703.204544,0.0
-3.603448,50,703.239461,0.0
-4.15692,50,703.27443,0.0
-3.691845,50,703.309242,0.0
-3.46191,50,703.34406,0.0
-3.959534,50,703.379008,0.0
-3.31049,50,703.414166,0.0
-3.842011,50,703.449584,0.0
-4.041689,50,703.484162,0.0
-4.174718,50,703.519348,0.0
-3.259653,50,703.5545,0.0
-3.884316,50,703.589612,0.0
-3.582423,50,703.624527,0.0
-3.4692,50,703.659244,0.0
-3.811122,50,703.808133,0.0
-4.249904,50,703.843272,0.0
-4.246892,50,703.878583,0.0
-4.128703,50,703.913772,0.0
-3.735399,50,703.948768,0.0
-3.531164,50,703.984004,0.0
-3.668992,50,704.018905,0.0
-3.802392,50,704.053726,0.0
-4.339699,50,704.088621,0.0
-3.386352,50,704.123925,0.0
-3.73653,50,704.158139,0.0
-4.435944,50,704.193238,0.0
-3.460864,50,704.228492,0.0
-3.957394,50,704.263046,0.0
-4.034056,50,704.298206,0.0
-3.975929,50,704.333147,0.0
-3.412469,50,704.36819,0.0
-3.749794,50,704.403409,0.0
-4.407174,50,704.4384,0.0
-3.662989,50,704.473371,0.0
-3.76172,50,704.509132,0.0
-3.743264,50,704.544271,0.0
-3.370945,50,704.579142,0.0
-4.191888,50,704.61427,0.0
-3.808337,50,704.64917,0.0
-3.883271,50,704.683916,0.0
-4.10914,50,704.719112,0.0
-3.59874,50,704.75436,0.0
-4.052694,50,704.789688,0.0
-3.547526,50,704.824684,0.0
-3.402381,50,704.859538,0.0
-3.985417,50,704.894757,0.0
-3.946752,50,704.929503,0.0
-3.550583,50,704.965241,0.0
-3.633237,50,705.00136,0.0
-3.392917,50,705.036499,0.0
-3.873287,50,705.072062,0.0
-3.775471,50,705.107558,0.0
-4.027448,50,705.142823,0.0
-4.134145,50,705.17811,0.0
-4.289656,50,705.213496,0.0
-3.573271,50,705.361929,0.0
-3.55799,50,705.398348,0.0
-4.178198,50,705.43359,0.0
-3.668226,50,705.468784,0.0
-3.867084,50,705.503693,0.0
-4.356043,50,705.5388,0.0
-3.575124,50,705.573855,0.0
-3.889017,50,705.608463,0.0
-4.329588,50,705.643419,0.0
-4.05252,50,705.678751,0.0
-4.23545,50,705.714091,0.0
-3.543948,50,705.749322,0.0
-4.189679,50,705.784906,0.0
-3.716655,50,705.820141,0.0
-3.942555,50,705.855449,0.0
-3.415956,50,705.890465,0.0
-3.355008,50,705.92615,0.0
-3.662914,50,705.961594,0.0
-3.867861,50,705.996258,0.0
-4.53968,50,706.031321,0.0
-3.895962,50,706.066364,0.0
-3.696872,50,706.101029,0.0
-4.081325,50,706.136243,0.0
-3.829474,50,706.171166,0.0
-3.819881,50,706.205764,0.0
-4.100541,50,706.241189,0.0
-3.477482,50,706.276021,0.0
-4.004243,50,706.31151,0.0
-4.152574,50,706.346636,0.0
-3.790501,50,706.38191,0.0
-4.656614,50,706.417105,0.0
-4.013889,50,706.452299,0.0
-3.643297,50,706.487572,0.0
-4.281588,50,706.522842,0.0
-3.716976,50,706.558017,0.0
-4.266196,50,706.593403,0.0
-3.793417,50,706.628295,0.0
-4.262826,50,706.663407,0.0
-3.710589,50,706.698477,0.0
-3.986562,50,706.733562,0.0
-3.88697,50,706.768621,0.0
-4.446133,50,706.917406,0.0
-3.951584,50,706.952723,0.0
-4.295404,50,706.987799,0.0
-3.446832,50,707.023251,0.0
-4.136761,50,707.058374,0.0
-3.501015,50,707.093236,0.0
-3.907316,50,707.127759,0.0
-4.229811,50,707.16251,0.0
-3.716968,50,707.197022,0.0
-3.393379,50,707.231811,0.0
-4.090797,50,707.26693,0.0
-3.823008,50,707.301805,0.0
-3.485644,50,707.336991,0.0
-3.650658,50,707.37247,0.0
-4.060758,50,707.407727,0.0
-4.330388,50,707.443102,0.0
-3.555194,50,707.477772,0.0
-3.73114,50,707.513157,0.0
-3.690459,50,707.548448,0.0
-4.097749,50,707.583316,0.0
-3.447232,50,707.618491,0.0
-3.53494,50,707.65356,0.0
-4.049284,50,707.688557,0.0
-3.472305,50,707.723332,0.0
-3.877373,50,707.758116,0.0
-3.671801,50,707.793031,0.0
-3.926274,50,707.828206,0.0
-3.401334,50,707.863004,0.0
-3.695865,50,707.8982,0.0
-3.539352,50,707.933082,0.0
-4.146046,50,707.967589,0.0
-3.603994,50,708.002497,0.0
-3.481669,50,708.037625,0.0
-3.817588,50,708.072755,0.0
-4.377179,50,708.107893,0.0
-4.02644,50,708.143345,0.0
-3.859403,50,708.178349,0.0
-3.295211,50,708.21335,0.0
-3.348126,50,708.248379,0.0
-4.847067,50,708.28334,0.0
-4.302205,50,708.318639,0.0
-3.570318,50,708.469691,0.0
-3.976628,50,708.504803,0.0
-3.705629,50,708.539964,0.0
-3.846852,50,708.575209,0.0
-3.473365,50,708.610289,0.0
-3.612118,50,708.645178,0.0
-4.172889,50,708.680473,0.0
-4.070525,50,708.715359,0.0
-3.62892,50,708.750378,0.0
-3.534197,50,708.785131,0.0
-4.023283,50,708.819956,0.0
-3.363661,50,708.855208,0.0
-3.534113,50,708.890089,0.0
-3.504492,50,708.925049,0.0
-4.116199,50,708.960504,0.0
-3.624673,50,708.995973,0.0
-3.666775,50,709.031607,0.0
-3.906193,50,709.066678,0.0
-3.924504,50,709.101453,0.0
-3.860176,50,709.136722,0.0
-3.831531,50,709.171228,0.0
-3.620712,50,709.206401,0.0
-3.760285,50,709.24138,0.0
-3.732008,50,709.276285,0.0
-4.098167,50,709.311263,0.0
-3.946156,50,709.346462,0.0
-3.931549,50,709.381434,0.0
-4.369657,50,709.416047,0.0
-3.929388,50,709.451031,0.0
-3.907925,50,709.485985,0.0
-3.654681,50,709.520722,0.0
-4.258498,50,709.555635,0.0
-3.771456,50,709.590543,0.0
-4.095959,50,709.625593,0.0
-3.616906,50,709.660745,0.0
-4.526006,50,709.695815,0.0
-3.792861,50,709.730967,0.0
-4.080308,50,709.766056,0.0
-3.922426,50,709.801136,0.0
-3.604003,50,709.836175,0.0
-4.061158,50,709.871844,0.0
-3.804635,50,710.021856,0.0
-4.397781,50,710.057118,0.0
-4.252743,50,710.092032,0.0
-3.738403,50,710.12709,0.0
-4.3857,50,710.161796,0.0
-3.839055,50,710.196513,0.0
-3.495564,50,710.231546,0.0
-3.875259,50,710.266773,0.0
-4.31737,50,710.301742,0.0
-3.589574,50,710.337178,0.0
-3.361371,50,710.372511,0.0
-3.631752,50,710.40694,0.0
-4.395059,50,710.442152,0.0
-4.111636,50,710.476816,0.0
-3.848584,50,710.512498,0.0
-4.245657,50,710.547444,0.0
-3.465271,50,710.58224,0.0
-3.903549,50,710.617084,0.0
-3.881705,50,710.651899,0.0
-3.806856,50,710.686733,0.0
-3.597939,50,710.721672,0.0
-3.887031,50,710.756105,0.0
-3.858212,50,710.790931,0.0
-3.674783,50,710.825584,0.0
-3.56995,50,710.860342,0.0
-4.597473,50,710.895637,0.0
-3.502882,50,710.930827,0.0
-3.578585,50,710.966404,0.0
-3.379821,50,711.00149,0.0
-4.550917,50,711.036478,0.0
-4.052214,50,711.071591,0.0
-3.385263,50,711.106495,0.0
-3.290085,50,711.141063,0.0
-4.190752,50,711.175834,0.0
-4.023907,50,711.210881,0.0
-3.638328,50,711.2459,0.0
-3.551275,50,711.280822,0.0
-4.312622,50,711.315605,0.0
-4.028358,50,711.350772,0.0
-4.209751,50,711.386226,0.0
-3.408099,50,711.421492,0.0
-3.922626,50,711.571543,0.0
-3.68244,50,711.606493,0.0
-4.328892,50,711.64172,0.0
-3.609739,50,711.676805,0.0
-3.833115,50,711.711742,0.0
-3.706664,50,711.746806,0.0
-3.837075,50,711.78179,0.0
-3.820133,50,711.816836,0.0
-4.096484,50,711.851787,0.0
-3.783183,50,711.886998,0.0
-4.650709,50,711.922185,0.0
-3.966147,50,711.956949,0.0
-3.786634,50,711.992061,0.0
-3.712702,50,712.027159,0.0
-3.422377,50,712.062189,0.0
-3.340122,50,712.096868,0.0
-3.514943,50,712.131736,0.0
-3.460601,50,712.167008,0.0
-3.493839,50,712.20198,0.0
-3.759796,50,712.236632,0.0
-4.340007,50,712.271698,0.0
-3.623045,50,712.306599,0.0
-3.609152,50,712.341059,0.0
-4.023228,50,712.376661,0.0
-3.840564,50,712.412052,0.0
-4.134992,50,712.447279,0.0
-4.062744,50,712.482428,0.0
-4.072186,50,712.517256,0.0
-3.559992,50,712.552079,0.0
-3.378827,50,712.587014,0.0
-4.793277,50,712.621805,0.0
-4.182138,50,712.657202,0.0
-4.035599,50,712.691861,0.0
-4.151434,50,712.726698,0.0
-4.282439,50,712.761529,0.0
-3.509108,50,712.796346,0.0
-3.670453,50,712.831418,0.0
-4.366091,50,712.866998,0.0
-3.79638,50,712.902501,0.0
-3.424692,50,712.938156,0.0
-4.255578,50,713.088645,0.0
-3.997343,50,713.124276,0.0
-3.375257,50,713.159544,0.0
-3.730075,50,713.195083,0.0
-3.459515,50,713.230908,0.0
-3.43156,50,713.266635,0.0
-3.786706,50,713.301731,0.0
-3.614244,50,713.336951,0.0
-4.139214,50,713.372563,0.0
-3.763802,50,713.407748,0.0
-4.210691,50,713.443141,0.0
-3.804835,50,713.477996,0.0
-3.975944,50,713.512887,0.0
-3.955135,50,713.548062,0.0
-3.740198,50,713.583041,0.0
-3.664144,50,713.618079,0.0
-3.596445,50,713.652924,0.0
-4.006152,50,713.687747,0.0
-3.975456,50,713.72261,0.0
-3.455122,50,713.757194,0.0
-3.304068,50,713.79205,0.0
-4.139215,50,713.826929,0.0
-3.95564,50,713.861836,0.0
-3.736752,50,713.89668,0.0
-3.732118,50,713.931412,0.0
-3.524542,50,713.9664,0.0
-3.7035,50,714.001209,0.0
-3.752123,50,714.0368,0.0
-3.547699,50,714.072401,0.0
-4.097946,50,714.107296,0.0
-4.116639,50,714.142051,0.0
-3.614089,50,714.176961,0.0
-3.52242,50,714.211821,0.0
-3.629192,50,714.246969,0.0
-4.471154,50,714.282201,0.0
-3.508157,50,714.317469,0.0
-4.305922,50,714.352556,0.0
-4.158241,50,714.387618,0.0
-3.400431,50,714.422586,0.0
-3.979576,50,714.457387,0.0
-3.95261,50,714.492252,0.0
-4.050981,50,714.639994,0.0
-4.526126,50,714.675283,0.0
-3.960207,50,714.710177,0.0
-3.53954,50,714.745094,0.0
-3.52425,50,714.780308,0.0
-4.317628,50,714.81526,0.0
-4.063899,50,714.849783,0.0
-3.793038,50,714.884725,0.0
-3.959788,50,714.919625,0.0
-4.105563,50,714.954788,0.0
-3.935034,50,714.989833,0.0
-3.676965,50,715.025138,0.0
-3.924152,50,715.060249,0.0
-4.287003,50,715.094836,0.0
-3.93559,50,715.129694,0.0
-3.865463,50,715.164777,0.0
-3.50327,50,715.199967,0.0
-3.250227,50,715.234904,0.0
-3.732199,50,715.269833,0.0
-3.841467,50,715.304314,0.0
-3.913236,50,715.339195,0.0
-4.168783,50,715.374399,0.0
-3.510871,50,715.40939,0.0
-3.766163,50,715.444674,0.0
-3.553731,50,715.479314,0.0
-4.479631,50,715.514493,0.0
-4.434543,50,715.54957,0.0
-3.585714,50,715.584315,0.0
-3.615355,50,715.619166,0.0
-4.157963,50,715.65389,0.0
-3.978908,50,715.688389,0.0
-4.17337,50,715.722999,0.0
-4.227155,50,715.757481,0.0
-3.478186,50,715.792668,0.0
-3.532175,50,715.827528,0.0
-4.018454,50,715.862326,0.0
-3.779113,50,715.897624,0.0
-3.954933,50,715.933152,0.0
-3.593643,50,715.96836,0.0
-3.449147,50,716.003185,0.0
-4.308867,50,716.038074,0.0
-4.009096,50,716.18641,0.0
-3.708584,50,716.22178,0.0
-4.22303,50,716.256937,0.0
-3.600848,50,716.291975,0.0
-4.259637,50,716.326994,0.0
-3.659396,50,716.362096,0.0
-3.585073,50,716.397713,0.0
-4.355176,50,716.433054,0.0
-3.833008,50,716.468571,0.0
-3.547099,50,716.503887,0.0
-3.703631,50,716.539046,0.0
-3.723373,50,716.574361,0.0
-3.625304,50,716.609357,0.0
-4.351638,50,716.644388,0.0
-4.392462,50,716.679821,0.0
-4.226832,50,716.71523,0.0
-3.64118,50,716.75028,0.0
-4.11711,50,716.785128,0.0
-3.991016,50,716.819877,0.0
-3.761365,50,716.854931,0.0
-3.688887,50,716.889893,0.0
-3.630939,50,716.925404,0.0
-3.741663,50,716.96079,0.0
-3.841453,50,716.996041,0.0
-3.907664,50,717.031091,0.0
-3.651444,50,717.067184,0.0
-4.32519,50,717.102475,0.0
-3.824798,50,717.13771,0.0
-3.534497,50,717.172784,0.0
-3.671421,50,717.208095,0.0
-3.617935,50,717.243131,0.0
-4.116588,50,717.27829,0.0
-3.84924,50,717.313511,0.0
-4.200358,50,717.348682,0.0
-3.874746,50,717.383843,0.0
-4.071149,50,717.419385,0.0
-3.863305,50,717.454561,0.0
-4.512609,50,717.489829,0.0
-3.670547,50,717.524876,0.0
-4.488209,50,717.559917,0.0
-4.665267,50,717.594968,0.0
-4.121704,50,717.743616,0.0
-3.656179,50,717.779077,0.0
-3.410553,50,717.81415,0.0
-3.724781,50,717.84918,0.0
-3.815733,50,717.884886,0.0
-4.124603,50,717.920495,0.0
-4.392032,50,717.95536,0.0
-3.902364,50,717.990333,0.0
-3.607981,50,718.025283,0.0
-4.615187,50,718.060635,0.0
-4.158824,50,718.095787,0.0
-4.194306,50,718.130916,0.0
-3.649832,50,718.165462,0.0
-4.330516,50,718.199764,0.0
-2.721828,50,718.234705,0.0
-3.951951,50,718.269853,0.0
-3.790044,50,718.304748,0.0
-3.94492,50,718.340012,0.0
-3.947966,50,718.375325,0.0
-3.886226,50,718.410593,0.0
-3.684797,50,718.445824,0.0
-3.755464,50,718.480727,0.0
-3.767071,50,718.515881,0.0
-3.491052,50,718.550566,0.0
-3.699137,50,718.585619,0.0
-4.272982,50,718.620614,0.0
-3.903865,50,718.655564,0.0
-3.665971,50,718.690454,0.0
-3.895073,50,718.725498,0.0
-4.197044,50,718.760222,0.0
-4.181919,50,718.795356,0.0
-4.00052,50,718.830217,0.0
-4.077384,50,718.865438,0.0
-3.434857,50,718.900387,0.0
-3.951396,50,718.935522,0.0
-3.814473,50,718.970367,0.0
-3.27848,50,719.005443,0.0
-3.798619,50,719.041026,0.0
-4.38117,50,719.076824,0.0
-3.716111,50,719.111998,0.0
-3.607276,50,719.146886,0.0
-3.69939,50,719.29619,0.0
-4.171105,50,719.331879,0.0
-3.714239,50,719.367216,0.0
-4.14699,50,719.402706,0.0
-4.126494,50,719.437639,0.0
-3.684377,50,719.472562,0.0
-3.934245,50,719.507655,0.0
-3.528187,50,719.54247,0.0
-3.483981,50,719.577295,0.0
-3.757739,50,719.611874,0.0
-3.805823,50,719.647285,0.0
-3.36396,50,719.68186,0.0
-4.22763,50,719.716558,0.0
-4.229676,50,719.751613,0.0
-4.062806,50,719.786324,0.0
-4.005523,50,719.821488,0.0
-4.004862,50,719.856607,0.0
-3.716371,50,719.892213,0.0
-3.866606,50,719.92793,0.0
-4.489234,50,719.963151,0.0
-3.685478,50,719.998087,0.0
-3.864444,50,720.033137,0.0
-4.142954,50,720.068162,0.0
-3.818455,50,720.102985,0.0
-3.907543,50,720.137773,0.0
-3.871621,50,720.172735,0.0
-3.894708,50,720.207738,0.0
-3.803972,50,720.242603,0.0
-4.441129,50,720.277125,0.0
-3.674912,50,720.311443,0.0
-4.102417,50,720.345753,0.0
-3.829829,50,720.38094,0.0
-3.785431,50,720.415791,0.0
-3.546424,50,720.450679,0.0
-4.124818,50,720.485657,0.0
-4.117464,50,720.520642,0.0
-3.844742,50,720.556327,0.0
-3.716383,50,720.591314,0.0
-4.213091,50,720.626182,0.0
-3.650221,50,720.661386,0.0
-3.612738,50,720.696246,0.0
-3.495101,50,720.844347,0.0
-3.524261,50,720.879657,0.0
-4.136981,50,720.914564,0.0
-4.120987,50,720.949651,0.0
-3.782091,50,720.98473,0.0
-4.081764,50,721.019695,0.0
-3.4334,50,721.054738,0.0
-3.509671,50,721.0901,0.0
-4.295945,50,721.125265,0.0
-3.881151,50,721.160161,0.0
-3.935143,50,721.195265,0.0
-3.696982,50,721.230162,0.0
-3.453711,50,721.265126,0.0
-4.193152,50,721.299978,0.0
-3.293307,50,721.334938,0.0
-3.9329,50,721.369862,0.0
-3.772915,50,721.404858,0.0
-3.865848,50,721.440051,0.0
-3.382351,50,721.474792,0.0
-3.788182,50,721.50949,0.0
-4.407032,50,721.544372,0.0
-4.112474,50,721.579345,0.0
-3.940584,50,721.614084,0.0
-3.940267,50,721.64958,0.0
-3.825772,50,721.684582,0.0
-3.772076,50,721.719833,0.0
-3.971799,50,721.754877,0.0
-3.613826,50,721.789948,0.0
-4.32509,50,721.824627,0.0
-3.570616,50,721.85948,0.0
-4.172962,50,721.894116,0.0
-4.048423,50,721.92891,0.0
-3.981726,50,721.963793,0.0
-3.699549,50,721.998425,0.0
-3.884379,50,722.033437,0.0
-3.433568,50,722.068364,0.0
-3.616459,50,722.103266,0.0
-3.35819,50,722.138098,0.0
-3.945498,50,722.17284,0.0
-3.985693,50,722.208028,0.0
-3.852391,50,722.243274,0.0
-4.082411,50,722.393239,0.0
-3.936258,50,722.428594,0.0
-3.852901,50,722.464166,0.0
-3.467564,50,722.499275,0.0
-3.809285,50,722.533987,0.0
-4.234306,50,722.568721,0.0
-3.903705,50,722.603692,0.0
-4.027172,50,722.638638,0.0
-3.816876,50,722.674348,0.0
-3.479612,50,722.709493,0.0
-3.176148,50,722.744909,0.0
-3.662845,50,722.779961,0.0
-3.986946,50,722.815154,0.0
-3.885178,50,722.852552,0.0
-4.342521,50,722.887959,0.0
-3.393459,50,722.923377,0.0
-4.256479,50,722.958397,0.0
-3.804941,50,722.993547,0.0
-3.90798,50,723.028412,0.0
-4.061733,50,723.063684,0.0
-3.897553,50,723.098951,0.0
-3.960799,50,723.133882,0.0
-3.707958,50,723.169692,0.0
-4.135453,50,723.205212,0.0
-3.83944,50,723.239772,0.0
-4.18116,50,723.274641,0.0
-3.991927,50,723.309835,0.0
-4.009326,50,723.345048,0.0
-3.233325,50,723.380521,0.0
-3.9135,50,723.415614,0.0
-3.412239,50,723.450918,0.0
-3.92084,50,723.486083,0.0
-3.560198,50,723.521538,0.0
-4.531125,50,723.556634,0.0
-3.832604,50,723.591656,0.0
-3.45817,50,723.626642,0.0
-3.521902,50,723.661831,0.0
-3.789869,50,723.696883,0.0
-3.812511,50,723.731985,0.0
-4.096011,50,723.766952,0.0
-3.317353,50,723.801843,0.0
-4.053176,50,723.950313,0.0
-4.01195,50,723.985455,0.0
-3.918152,50,724.020856,0.0
-4.191775,50,724.055185,0.0
-3.397336,50,724.08953,0.0
-3.199479,50,724.123962,0.0
-3.607988,50,724.158696,0.0
-3.767918,50,724.19364,0.0
-3.480669,50,724.22854,0.0
-3.517489,50,724.263391,0.0
-4.314893,50,724.298043,0.0
-3.635391,50,724.332997,0.0
-3.471028,50,724.369087,0.0
-3.368979,50,724.404289,0.0
-3.734893,50,724.439474,0.0
-3.718164,50,724.474663,0.0
-4.103382,50,724.509707,0.0
-4.642613,50,724.544782,0.0
-3.552201,50,724.579882,0.0
-4.445182,50,724.614679,0.0
-4.135448,50,724.65,0.0
-4.776413,50,724.685023,0.0
-3.585996,50,724.719724,0.0
-3.594302,50,724.754967,0.0
-4.033802,50,724.789942,0.0
-3.95224,50,724.825094,0.0
-3.939663,50,724.860268,0.0
-3.9664,50,724.895154,0.0
-3.942205,50,724.930394,0.0
-3.375792,50,724.965491,0.0
-3.75511,50,725.000352,0.0
-3.232198,50,725.035317,0.0
-4.026847,50,725.070465,0.0
-3.779777,50,725.105807,0.0
-3.598019,50,725.141516,0.0
-3.658235,50,725.176921,0.0
-3.945703,50,725.212028,0.0
-3.908428,50,725.247453,0.0
-3.785536,50,725.282448,0.0
-4.476467,50,725.317691,0.0
-4.096691,50,725.352899,0.0
-3.980841,50,725.504945,0.0
-3.740482,50,725.541066,0.0
-4.587822,50,725.576966,0.0
-4.226335,50,725.61353,0.0
-4.015153,50,725.651365,0.0
-4.284812,50,725.68856,0.0
-3.852312,50,725.723834,0.0
-3.814947,50,725.758966,0.0
-4.279737,50,725.794115,0.0
-3.264174,50,725.829045,0.0
-3.43131,50,725.864587,0.0
-4.165578,50,725.899922,0.0
-3.811898,50,725.934796,0.0
-3.787955,50,725.969609,0.0
-4.135664,50,726.004319,0.0
-4.175455,50,726.039084,0.0
-3.497907,50,726.074792,0.0
-3.676652,50,726.109814,0.0
-4.027164,50,726.144837,0.0
-3.884641,50,726.179606,0.0
-4.113369,50,726.213779,0.0
-3.96253,50,726.248471,0.0
-3.680652,50,726.283156,0.0
-3.975768,50,726.318261,0.0
-3.768594,50,726.353602,0.0
-3.723136,50,726.388518,0.0
-3.533224,50,726.423862,0.0
-4.060929,50,726.459455,0.0
-3.840177,50,726.494791,0.0
-3.964398,50,726.529861,0.0
-3.518568,50,726.564842,0.0
-3.649735,50,726.599897,0.0
-4.415294,50,726.634836,0.0
-3.426934,50,726.669733,0.0
-3.74176,50,726.704986,0.0
-3.396799,50,726.740908,0.0
-3.893777,50,726.776277,0.0
-4.137616,50,726.81137,0.0
-3.87559,50,726.846817,0.0
-3.812735,50,726.881882,0.0
-4.192694,50,726.917062,0.0
-3.530436,50,727.065609,0.0
-4.404302,50,727.101413,0.0
-4.093103,50,727.136466,0.0
-3.548965,50,727.171404,0.0
-4.029143,50,727.206929,0.0
-3.445835,50,727.242023,0.0
-4.116987,50,727.277254,0.0
-3.807854,50,727.311972,0.0
-3.973059,50,727.346653,0.0
-3.779653,50,727.381943,0.0
-3.785398,50,727.416989,0.0
-4.05754,50,727.451821,0.0
-4.177083,50,727.486672,0.0
-4.550576,50,727.521436,0.0
-3.581565,50,727.556422,0.0
-3.977298,50,727.591209,0.0
-3.603925,50,727.626234,0.0
-3.248882,50,727.662085,0.0
-4.338003,50,727.697314,0.0
-3.599744,50,727.732567,0.0
-3.562429,50,727.768065,0.0
-4.298785,50,727.80365,0.0
-4.295424,50,727.838878,0.0
-4.141919,50,727.874072,0.0
-3.854196,50,727.909132,0.0
-4.158271,50,727.944414,0.0
-3.79412,50,727.979835,0.0
-3.250215,50,728.014567,0.0
-3.964857,50,728.049644,0.0
-3.715193,50,728.084844,0.0
-4.084949,50,728.120226,0.0
-4.172972,50,728.155618,0.0
-3.570836,50,728.190586,0.0
-4.206481,50,728.225536,0.0
-3.878627,50,728.26028,0.0
-3.725393,50,728.295089,0.0
-3.230056,50,728.330443,0.0
-3.998638,50,728.365563,0.0
-3.693025,50,728.400605,0.0
-3.607217,50,728.435756,0.0
-4.033715,50,728.471208,0.0
-4.092046,50,728.620057,0.0
-3.810158,50,728.655604,0.0
-3.995359,50,728.69138,0.0
-3.960717,50,728.726431,0.0
-3.930734,50,728.761553,0.0
-3.793566,50,728.797498,0.0
-3.5063,50,728.832508,0.0
-3.90371,50,728.867995,0.0
-3.585204,50,728.903727,0.0
-3.48059,50,728.939204,0.0
-3.697042,50,728.97463,0.0
-3.972601,50,729.009821,0.0
-3.457225,50,729.044818,0.0
-3.733086,50,729.079579,0.0
-4.070616,50,729.11473,0.0
-3.823757,50,729.149478,0.0
-3.350681,50,729.184011,0.0
-3.796647,50,729.219345,0.0
-3.733399,50,729.25411,0.0
-4.438176,50,729.28934,0.0
-3.832971,50,729.32701,0.0
-4.15071,50,729.362873,0.0
-4.132504,50,729.398342,0.0
-3.656428,50,729.434042,0.0
-4.125276,50,729.471084,0.0
-4.108669,50,729.507613,0.0
-3.218116,50,729.543334,0.0
-3.701761,50,729.578899,0.0
-4.547653,50,729.614631,0.0
-4.222874,50,729.651415,0.0
-3.756752,50,729.687413,0.0
-3.637644,50,729.72319,0.0
-3.871701,50,729.759336,0.0
-4.495051,50,729.795219,0.0
-4.102208,50,729.831586,0.0
-4.28124,50,729.867521,0.0
-3.944457,50,729.903147,0.0
-3.83529,50,729.938929,0.0
-3.612435,50,729.974318,0.0
-4.141999,50,730.009741,0.0
-3.466582,50,730.045759,0.0
-4.231169,50,730.198768,0.0
-4.439622,50,730.234535,0.0
-4.02597,50,730.270551,0.0
-3.542888,50,730.306785,0.0
-4.134261,50,730.34313,0.0
-4.369227,50,730.378837,0.0
-4.047272,50,730.414304,0.0
-4.685415,50,730.449536,0.0
-3.725209,50,730.484852,0.0
-3.486571,50,730.520157,0.0
-4.052947,50,730.555285,0.0
-3.855092,50,730.590705,0.0
-3.624235,50,730.626064,0.0
-4.231425,50,730.661206,0.0
-3.541017,50,730.696143,0.0
-3.979836,50,730.731655,0.0
-4.099063,50,730.76686,0.0
-3.941788,50,730.801649,0.0
-4.112167,50,730.837169,0.0
-3.624135,50,730.872434,0.0
-3.831599,50,730.90788,0.0
-3.785917,50,730.943127,0.0
-4.047582,50,730.978352,0.0
-3.886891,50,731.013512,0.0
-4.003391,50,731.048835,0.0
-3.565682,50,731.083663,0.0
-4.081497,50,731.119615,0.0
-4.832528,50,731.156157,0.0
-3.598177,50,731.191955,0.0
-3.67955,50,731.227446,0.0
-4.00815,50,731.262763,0.0
-4.115958,50,731.297614,0.0
-3.868316,50,731.332595,0.0
-3.894966,50,731.367795,0.0
-3.695173,50,731.403094,0.0
-4.404528,50,731.438424,0.0
-3.765636,50,731.473552,0.0
-3.53898,50,731.508153,0.0
-3.803138,50,731.542937,0.0
-3.659512,50,731.577654,0.0
-3.637408,50,731.612905,0.0
-3.515004,50,731.761705,0.0
-3.753347,50,731.797656,0.0
-3.506927,50,731.833016,0.0
-4.273614,50,731.868118,0.0
-4.76963,50,731.903633,0.0
-3.606035,50,731.938891,0.0
-4.196804,50,731.974076,0.0
-3.329801,50,732.009593,0.0
-3.530244,50,732.044463,0.0
-3.538981,50,732.079889,0.0
-3.598017,50,732.114978,0.0
-3.647138,50,732.150004,0.0
-3.546436,50,732.184825,0.0
-3.77426,50,732.220257,0.0
-3.726808,50,732.255641,0.0
-3.842121,50,732.290172,0.0
-3.913517,50,732.32509,0.0
-3.80567,50,732.359752,0.0
-3.753091,50,732.394967,0.0
-3.6884,50,732.429885,0.0
-4.112881,50,732.465021,0.0
-3.967375,50,732.500146,0.0
-3.708572,50,732.53537,0.0
-3.351404,50,732.570698,0.0
-4.22445,50,732.60565,0.0
-3.92023,50,732.640792,0.0
-3.64876,50,732.676069,0.0
-3.500652,50,732.711424,0.0
-3.572837,50,732.746867,0.0
-3.566653,50,732.782005,0.0
-4.38278,50,732.816841,0.0
-4.04058,50,732.852277,0.0
-4.068502,50,732.887289,0.0
-4.002484,50,732.922411,0.0
-3.986244,50,732.957622,0.0
-3.642567,50,732.992774,0.0
-4.332722,50,733.388285,0.0
-4.553025,50,733.423545,0.0
-3.966411,50,733.458427,0.0
-3.985085,50,733.493279,0.0
-3.957932,50,733.527913,0.0
-4.101647,50,733.677597,0.0
-3.612854,50,733.713273,0.0
-3.42057,50,733.748627,0.0
-3.611341,50,733.783885,0.0
-3.936767,50,733.81899,0.0
-3.718631,50,733.854215,0.0
-3.559147,50,733.889273,0.0
-3.303574,50,733.924912,0.0
-3.772448,50,733.960324,0.0
-3.54017,50,733.995902,0.0
-4.109699,50,734.031401,0.0
-3.336513,50,734.066716,0.0
-3.951752,50,734.102233,0.0
-3.959597,50,734.137564,0.0
-3.94793,50,734.172686,0.0
-3.722204,50,734.207902,0.0
-3.691438,50,734.242831,0.0
-3.440694,50,734.277848,0.0
-3.909342,50,734.312989,0.0
-3.595481,50,734.348338,0.0
-3.728096,50,734.383539,0.0
-3.746318,50,734.418601,0.0
-3.974338,50,734.45367,0.0
-3.960188,50,734.488589,0.0
-3.468694,50,734.523791,0.0
-3.628484,50,734.55902,0.0
-4.352397,50,734.594567,0.0
-3.338444,50,734.629729,0.0
-3.901516,50,734.664908,0.0
-3.291471,50,734.700199,0.0
-3.727058,50,734.735401,0.0
-4.080438,50,734.770537,0.0
-3.548613,50,734.805567,0.0
-3.626594,50,734.840664,0.0
-3.959764,50,734.875649,0.0
-3.609491,50,734.910542,0.0
-4.246521,50,734.94587,0.0
-3.770356,50,734.981003,0.0
-4.547442,50,735.016395,0.0
-4.09838,50,735.052726,0.0
-4.237433,50,735.087887,0.0
-4.160493,50,735.236938,0.0
-4.12128,50,735.271894,0.0
-3.706274,50,735.307022,0.0
-3.373913,50,735.34257,0.0
-4.230461,50,735.377509,0.0
-3.841254,50,735.412676,0.0
-3.753474,50,735.447735,0.0
-4.451652,50,735.48298,0.0
-3.72877,50,735.517782,0.0
-3.546182,50,735.552555,0.0
-3.614722,50,735.587668,0.0
-4.173568,50,735.622507,0.0
-3.495248,50,735.657303,0.0
-3.602508,50,735.692271,0.0
-3.78084,50,735.727071,0.0
-3.989159,50,735.762137,0.0
-3.721161,50,735.79707,0.0
-3.786511,50,735.831823,0.0
-3.465818,50,735.867027,0.0
-4.023003,50,735.902193,0.0
-3.306601,50,735.937001,0.0
-3.998669,50,735.972442,0.0
-4.091611,50,736.007629,0.0
-4.182589,50,736.042755,0.0
-4.571034,50,736.078248,0.0
-4.002001,50,736.113397,0.0
-3.564476,50,736.149012,0.0
-3.86632,50,736.184301,0.0
-3.81964,50,736.219439,0.0
-3.239643,50,736.254695,0.0
-3.974357,50,736.289672,0.0
-3.585801,50,736.324923,0.0
-3.733856,50,736.36018,0.0
-3.991958,50,736.395279,0.0
-3.819233,50,736.430085,0.0
-3.352926,50,736.464965,0.0
-4.253489,50,736.499732,0.0
-3.861579,50,736.534828,0.0
-3.898411,50,736.569658,0.0
-4.557801,50,736.604256,0.0
-3.973339,50,736.639157,0.0
-4.429253,50,736.786994,0.0
-4.257273,50,736.821844,0.0
-4.286871,50,736.857035,0.0
-3.948018,50,736.892202,0.0
-3.712403,50,736.927308,0.0
-3.490314,50,736.961998,0.0
-3.820136,50,736.99689,0.0
-3.907547,50,737.03163,0.0
-3.872359,50,737.066405,0.0
-3.558567,50,737.101491,0.0
-3.978712,50,737.136764,0.0
-3.650252,50,737.171989,0.0
-3.927665,50,737.206609,0.0
-3.788063,50,737.24139,0.0
-3.818561,50,737.275996,0.0
-4.114902,50,737.310703,0.0
-4.012059,50,737.34565,0.0
-4.322205,50,737.38037,0.0
-3.876979,50,737.415375,0.0
-3.561332,50,737.450304,0.0
-4.020459,50,737.485073,0.0
-3.708605,50,737.519874,0.0
-3.627153,50,737.554751,0.0
-3.643,50,737.589479,0.0
-3.991354,50,737.62426,0.0
-3.275013,50,737.658943,0.0
-3.948197,50,737.693606,0.0
-3.940287,50,737.728164,0.0
-3.461546,50,737.762929,0.0
-4.112891,50,737.797729,0.0
-4.041885,50,737.832685,0.0
-3.519963,50,737.868083,0.0
-3.865258,50,737.903576,0.0
-3.448982,50,737.938957,0.0
-3.80615,50,737.974571,0.0
-3.4959,50,738.010662,0.0
-3.427732,50,738.045623,0.0
-4.047017,50,738.080727,0.0
-3.157515,50,738.115817,0.0
-3.695367,50,738.150709,0.0
-3.714286,50,738.185965,0.0
-3.69826,50,738.335653,0.0
-3.476264,50,738.371103,0.0
-3.656126,50,738.406166,0.0
-4.204803,50,738.441818,0.0
-3.79389,50,738.477073,0.0
-3.969171,50,738.512326,0.0
-3.930069,50,738.547556,0.0
-3.335167,50,738.582394,0.0
-3.569722,50,738.617732,0.0
-3.341468,50,738.652796,0.0
-3.818352,50,738.68797,0.0
-3.57888,50,738.722845,0.0
-3.711348,50,738.757987,0.0
-3.469234,50,738.792708,0.0
-3.661598,50,738.827595,0.0
-4.031818,50,738.862395,0.0
-4.255153,50,738.897604,0.0
-3.963037,50,738.932687,0.0
-3.293096,50,738.967532,0.0
-3.633488,50,739.002761,0.0
-3.916822,50,739.037445,0.0
-3.942592,50,739.071493,0.0
-3.500826,50,739.10618,0.0
-3.612188,50,739.140858,0.0
-3.973297,50,739.175617,0.0
-3.872336,50,739.210335,0.0
-4.18046,50,739.244873,0.0
-4.102779,50,739.279917,0.0
-3.363144,50,739.314641,0.0
-4.602056,50,739.349286,0.0
-3.415698,50,739.384426,0.0
-3.284727,50,739.419251,0.0
-4.102946,50,739.45423,0.0
-3.744615,50,739.48899,0.0
-3.586023,50,739.523906,0.0
-3.276968,50,739.558596,0.0
-3.636931,50,739.593102,0.0
-3.448181,50,739.62772,0.0
-3.762602,50,739.662275,0.0
-4.011455,50,739.6973,0.0
-3.900987,50,739.73285,0.0
-4.034203,50,739.881086,0.0
-3.871624,50,739.91688,0.0
-3.692017,50,739.952346,0.0
-3.968365,50,739.987726,0.0
-3.244697,50,740.022791,0.0
-3.829868,50,740.057926,0.0
-3.902123,50,740.092958,0.0
-3.415852,50,740.128144,0.0
-3.401301,50,740.164008,0.0
-3.688603,50,740.199345,0.0
-3.700333,50,740.234272,0.0
-3.725497,50,740.26912,0.0
-4.206343,50,740.303855,0.0
-3.7221,50,740.338434,0.0
-3.756962,50,740.373445,0.0
-4.013602,50,740.408252,0.0
-4.35213,50,740.443018,0.0
-3.878477,50,740.478466,0.0
-4.05638,50,740.513501,0.0
-3.80563,50,740.548526,0.0
-3.797459,50,740.584413,0.0
-3.452165,50,740.620063,0.0
-4.103318,50,740.655391,0.0
-3.778665,50,740.691241,0.0
-3.540254,50,740.726251,0.0
-3.893085,50,740.761463,0.0
-4.007937,50,740.796441,0.0
-4.069826,50,740.831896,0.0
-4.312194,50,740.867292,0.0
-3.593142,50,740.902478,0.0
-3.513901,50,740.937513,0.0
-3.461081,50,740.972475,0.0
-3.442028,50,741.007587,0.0
-3.373312,50,741.04262,0.0
-3.679664,50,741.077401,0.0
-4.237971,50,741.112103,0.0
-3.434624,50,741.147624,0.0
-3.700467,50,741.182491,0.0
-3.832189,50,741.217362,0.0
-3.57705,50,741.25249,0.0
-3.80217,50,741.287599,0.0
-3.734126,50,741.437383,0.0
-4.054146,50,741.472689,0.0
-4.049002,50,741.508027,0.0
-3.961113,50,741.542938,0.0
-3.334017,50,741.577658,0.0
-3.669841,50,741.612686,0.0
-3.678603,50,741.647694,0.0
-4.140763,50,741.682536,0.0
-3.658715,50,741.717624,0.0
-3.976861,50,741.752846,0.0
-4.293544,50,741.788147,0.0
-4.170332,50,741.82347,0.0
-3.961726,50,741.858345,0.0
-4.115458,50,741.893739,0.0
-3.497619,50,741.928914,0.0
-3.968139,50,741.964103,0.0
-3.845248,50,741.999222,0.0
-3.714048,50,742.034599,0.0
-3.633137,50,742.070112,0.0
-3.615273,50,742.1052,0.0
-3.483406,50,742.140633,0.0
-3.38084,50,742.176053,0.0
-4.0847,50,742.211115,0.0
-3.635266,50,742.246045,0.0
-4.044344,50,742.281124,0.0
-4.018902,50,742.316013,0.0
-4.04887,50,742.35098,0.0
-3.582937,50,742.386252,0.0
-4.017808,50,742.421155,0.0
-3.361452,50,742.456382,0.0
-3.702175,50,742.491226,0.0
-4.279814,50,742.526059,0.0
-3.723197,50,742.561413,0.0
-3.64399,50,742.596584,0.0
-4.456372,50,742.631604,0.0
-3.491429,50,742.667336,0.0
-3.794949,50,742.702447,0.0
-4.179373,50,742.737555,0.0
-4.177899,50,742.772589,0.0
-4.084242,50,742.807523,0.0
-3.528566,50,742.842431,0.0
-4.362115,50,742.991396,0.0
-3.422217,50,743.026623,0.0
-3.741573,50,743.061521,0.0
-3.931947,50,743.096847,0.0
-3.466101,50,743.131687,0.0
-3.788335,50,743.166623,0.0
-4.591817,50,743.201746,0.0
-3.539969,50,743.2364,0.0
-3.575841,50,743.271231,0.0
-4.263548,50,743.30629,0.0
-3.70408,50,743.341067,0.0
-3.625403,50,743.376261,0.0
-3.682758,50,743.411241,0.0
-3.855574,50,743.445894,0.0
-3.845749,50,743.480615,0.0
-3.29871,50,743.515434,0.0
-3.938701,50,743.550954,0.0
-3.3603,50,743.585806,0.0
-4.07236,50,743.620601,0.0
-3.304295,50,743.655787,0.0
-3.581143,50,743.690757,0.0
-3.824961,50,743.725587,0.0
-3.31369,50,743.760731,0.0
-4.037303,50,743.79626,0.0
-3.906325,50,743.831562,0.0
-4.043674,50,743.866853,0.0
-3.318882,50,743.90197,0.0
-3.867952,50,743.937455,0.0
-4.309806,50,743.972724,0.0
-3.479528,50,744.007672,0.0
-3.359535,50,744.042962,0.0
-3.551477,50,744.077875,0.0
-4.190742,50,744.112602,0.0
-3.722509,50,744.147709,0.0
-3.305869,50,744.182505,0.0
-4.306825,50,744.217443,0.0
-3.706469,50,744.252153,0.0
-4.015917,50,744.286978,0.0
-4.269161,50,744.322177,0.0
-4.306215,50,744.357369,0.0
-3.553175,50,744.392648,0.0
-3.992386,50,744.541349,0.0
-3.968968,50,744.576686,0.0
-3.46623,50,744.61185,0.0
-3.54819,50,744.646885,0.0
-4.433724,50,744.681899,0.0
-3.544213,50,744.71675,0.0
-4.406736,50,744.751873,0.0
-3.913958,50,744.786564,0.0
-3.766417,50,744.82141,0.0
-3.952706,50,744.856925,0.0
-3.896981,50,744.892439,0.0
-3.727186,50,744.927668,0.0
-3.409661,50,744.962915,0.0
-3.83266,50,744.997817,0.0
-4.133175,50,745.033812,0.0
-3.830612,50,745.069043,0.0
-3.991406,50,745.104046,0.0
-3.636496,50,745.139114,0.0
-3.335682,50,745.174229,0.0
-4.086553,50,745.208997,0.0
-3.464208,50,745.244054,0.0
-4.272633,50,745.279092,0.0
-3.820107,50,745.313888,0.0
-3.676335,50,745.348662,0.0
-3.721702,50,745.383514,0.0
-3.566366,50,745.418442,0.0
-4.140585,50,745.453262,0.0
-3.326088,50,745.488056,0.0
-4.408718,50,745.522906,0.0
-4.007192,50,745.557861,0.0
-4.10804,50,745.592871,0.0
-4.138208,50,745.627455,0.0
-3.720409,50,745.661868,0.0
-3.869389,50,745.696833,0.0
-3.799524,50,745.731407,0.0
-3.83293,50,745.766296,0.0
-3.740503,50,745.800974,0.0
-3.831238,50,745.835407,0.0
-3.59826,50,745.87074,0.0
-3.308089,50,745.905977,0.0
-3.793918,50,745.941078,0.0
-3.517512,50,746.091137,0.0
-3.422842,50,746.126965,0.0
-3.454887,50,746.16272,0.0
-3.627194,50,746.197915,0.0
-4.366245,50,746.233357,0.0
-4.270887,50,746.268675,0.0
-4.0592,50,746.303576,0.0
-4.009986,50,746.338924,0.0
-4.307534,50,746.374034,0.0
-3.605102,50,746.409367,0.0
-3.824658,50,746.444498,0.0
-4.366527,50,746.479289,0.0
-3.671751,50,746.514358,0.0
-3.559159,50,746.549445,0.0
-3.942054,50,746.584442,0.0
-3.217114,50,746.619206,0.0
-3.501109,50,746.654038,0.0
-3.571202,50,746.688852,0.0
-4.282483,50,746.723579,0.0
-4.215783,50,746.7584,0.0
-3.649838,50,746.793349,0.0
-3.915878,50,746.828147,0.0
-3.834411,50,746.862873,0.0
-3.85026,50,746.897962,0.0
-4.250231,50,746.933339,0.0
-4.000759,50,746.9688,0.0
-3.561636,50,747.003918,0.0
-3.729087,50,747.039077,0.0
-3.562119,50,747.074128,0.0
-3.948538,50,747.109097,0.0
-3.824428,50,747.144228,0.0
-4.534327,50,747.178941,0.0
-3.456788,50,747.214253,0.0
-3.873992,50,747.249258,0.0
-3.589357,50,747.284933,0.0
-3.30899,50,747.320228,0.0
-3.370246,50,747.354136,0.0
-3.478016,50,747.388917,0.0
-4.171916,50,747.423893,0.0
-3.867393,50,747.458934,0.0
-3.021887,50,747.493969,0.0
-3.949054,50,747.642642,0.0
-4.063553,50,747.677815,0.0
-4.332461,50,747.713338,0.0
-3.92233,50,747.748473,0.0
-3.542428,50,747.783087,0.0
-4.095115,50,747.818335,0.0
-4.061739,50,747.853497,0.0
-3.520941,50,747.888563,0.0
-3.664636,50,747.923908,0.0
-4.12338,50,747.958988,0.0
-4.153852,50,747.994103,0.0
-3.756907,50,748.029256,0.0
-4.00774,50,748.064212,0.0
-3.9212,50,748.099405,0.0
-3.681518,50,748.134027,0.0
-3.305229,50,748.168947,0.0
-3.757989,50,748.203712,0.0
-4.233244,50,748.238229,0.0
-4.564082,50,748.273806,0.0
-3.947365,50,748.30869,0.0
-3.774639,50,748.343726,0.0
-3.443417,50,748.378896,0.0
-4.241203,50,748.414322,0.0
-4.282896,50,748.449449,0.0
-4.264382,50,748.484703,0.0
-4.164978,50,748.519836,0.0
-3.662624,50,748.554717,0.0
-4.425925,50,748.58961,0.0
-4.184156,50,748.624551,0.0
-3.625332,50,748.659537,0.0
-3.62873,50,748.694629,0.0
-3.754446,50,748.729485,0.0
-3.824862,50,748.76449,0.0
-4.121992,50,748.799505,0.0
-4.522517,50,748.834288,0.0
-4.047247,50,748.86948,0.0
-3.566402,50,748.905043,0.0
-3.821114,50,748.940153,0.0
-3.575788,50,748.97522,0.0
-3.932518,50,749.010152,0.0
-3.212807,50,749.045221,0.0
-4.134281,50,749.19376,0.0
-3.363447,50,749.229265,0.0
-3.535717,50,749.264328,0.0
-3.668248,50,749.299217,0.0
-3.457566,50,749.33407,0.0
-3.600104,50,749.369082,0.0
-3.966301,50,749.404112,0.0
-3.93798,50,749.43931,0.0
-3.846936,50,749.474095,0.0
-3.542839,50,749.509535,0.0
-3.519219,50,749.544582,0.0
-3.803446,50,749.579506,0.0
-4.357783,50,749.614596,0.0
-3.993043,50,749.649116,0.0
-3.693657,50,749.683959,0.0
-3.871515,50,749.718892,0.0
-3.735338,50,749.753886,0.0
-3.612648,50,749.789065,0.0
-3.837815,50,749.824413,0.0
-3.702351,50,749.859339,0.0
-3.833043,50,749.89459,0.0
-4.090602,50,749.929778,0.0
-4.039083,50,749.965724,0.0
-4.372652,50,750.001157,0.0
-4.046816,50,750.036229,0.0
-3.974987,50,750.071187,0.0
-4.11924,50,750.105346,0.0
-3.743087,50,750.140578,0.0
-3.892645,50,750.175855,0.0
-4.356238,50,750.211204,0.0
-3.941238,50,750.246252,0.0
-3.376405,50,750.281375,0.0
-4.092572,50,750.316224,0.0
-3.738857,50,750.35117,0.0
-3.514492,50,750.386329,0.0
-3.758685,50,750.422059,0.0
-3.656385,50,750.457245,0.0
-3.900383,50,750.492275,0.0
-3.686355,50,750.527682,0.0
-3.5755,50,750.562782,0.0
-4.039656,50,750.597835,0.0
-3.980805,50,750.745724,0.0
-3.823139,50,750.780697,0.0
-4.046505,50,750.816325,0.0
-3.394167,50,750.851929,0.0
-3.50643,50,750.887349,0.0
-3.672334,50,750.922749,0.0
-3.870282,50,750.957461,0.0
-4.233508,50,750.992762,0.0
-4.400415,50,751.027817,0.0
-3.940393,50,751.062647,0.0
-3.758682,50,751.097295,0.0
-3.928616,50,751.132051,0.0
-4.356744,50,751.167206,0.0
-4.230128,50,751.202951,0.0
-4.063591,50,751.237713,0.0
-3.408756,50,751.272924,0.0
-3.515051,50,751.307671,0.0
-3.277328,50,751.342938,0.0
-3.601848,50,751.377821,0.0
-3.462457,50,751.412565,0.0
-3.828941,50,751.447587,0.0
-3.400222,50,751.482259,0.0
-3.802044,50,751.517075,0.0
-3.930041,50,751.55206,0.0
-3.96382,50,751.586701,0.0
-3.77098,50,751.621649,0.0
-3.879709,50,751.65738,0.0
-3.605494,50,751.692491,0.0
-3.309888,50,751.727669,0.0
-4.003853,50,751.762668,0.0
-3.87718,50,751.797392,0.0
-3.863233,50,751.832234,0.0
-3.45438,50,751.867394,0.0
-3.7482,50,751.902497,0.0
-3.941186,50,751.937529,0.0
-3.979244,50,751.972377,0.0
-3.926914,50,752.007533,0.0
-3.997421,50,752.042514,0.0
-3.896735,50,752.07748,0.0
-4.010092,50,752.112409,0.0
-3.671967,50,752.260914,0.0
-3.879563,50,752.296292,0.0
-3.350858,50,752.331475,0.0
-4.725855,50,752.366496,0.0
-4.175922,50,752.401687,0.0
-4.375249,50,752.436635,0.0
-4.019613,50,752.471602,0.0
-3.700123,50,752.506565,0.0
-4.041243,50,752.541464,0.0
-4.013248,50,752.576503,0.0
-4.053324,50,752.611698,0.0
-3.903024,50,752.646564,0.0
-4.21029,50,752.681013,0.0
-3.956292,50,752.715539,0.0
-3.796904,50,752.7507,0.0
-4.053877,50,752.785507,0.0
-3.401857,50,752.820494,0.0
-3.45683,50,752.855579,0.0
-3.716695,50,752.890503,0.0
-3.539301,50,752.925629,0.0
-3.218657,50,752.960739,0.0
-3.568195,50,752.995523,0.0
-3.825912,50,753.03054,0.0
-4.446828,50,753.065393,0.0
-4.107735,50,753.100374,0.0
-4.014691,50,753.135189,0.0
-3.84675,50,753.169819,0.0
-4.146764,50,753.205444,0.0
-4.029411,50,753.240383,0.0
-3.852798,50,753.275527,0.0
-3.342891,50,753.310469,0.0
-3.817668,50,753.345371,0.0
-4.004201,50,753.380442,0.0
-4.377056,50,753.415578,0.0
-4.038209,50,753.450387,0.0
-3.793928,50,753.485264,0.0
-3.371296,50,753.520073,0.0
-3.731571,50,753.55472,0.0
-3.814006,50,753.589826,0.0
-3.919643,50,753.624344,0.0
-4.08273,50,753.659137,0.0
-3.835739,50,753.807147,0.0
-3.761503,50,753.842462,0.0
-3.989641,50,753.877821,0.0
-3.73706,50,753.913187,0.0
-4.146325,50,753.948189,0.0
-4.191435,50,753.98334,0.0
-4.095736,50,754.018168,0.0
-3.613747,50,754.053218,0.0
-4.675731,50,754.08838,0.0
-3.771604,50,754.123073,0.0
-3.341125,50,754.157645,0.0
-3.956338,50,754.192984,0.0
-3.799055,50,754.228174,0.0
-3.350693,50,754.263063,0.0
-3.434997,50,754.297725,0.0
-3.608666,50,754.332528,0.0
-4.055764,50,754.367683,0.0
-3.733435,50,754.402872,0.0
-3.703016,50,754.437954,0.0
-3.755335,50,754.472914,0.0
-3.43343,50,754.50738,0.0
-4.121449,50,754.542151,0.0
-3.660653,50,754.577145,0.0
-3.805519,50,754.611716,0.0
-3.655112,50,754.647015,0.0
-4.293088,50,754.681985,0.0
-4.114224,50,754.716948,0.0
-3.695423,50,754.751915,0.0
-3.45014,50,754.786851,0.0
-3.800493,50,754.821926,0.0
-4.063364,50,754.857553,0.0
-4.451062,50,754.892458,0.0
-4.287288,50,754.927759,0.0
-4.055916,50,754.962609,0.0
-3.625635,50,754.997482,0.0
-3.488238,50,755.03256,0.0
-3.293039,50,755.067331,0.0
-3.377121,50,755.102102,0.0
-3.904848,50,755.137014,0.0
-3.735318,50,755.171899,0.0
-3.669482,50,755.206616,0.0
-4.000082,50,755.355139,0.0
-3.890342,50,755.390555,0.0
-3.328842,50,755.425657,0.0
-3.914379,50,755.460973,0.0
-4.059911,50,755.495866,0.0
-3.96962,50,755.531122,0.0
-4.127537,50,755.566343,0.0
-3.760522,50,755.602084,0.0
-4.148467,50,755.637132,0.0
-3.632037,50,755.672643,0.0
-3.748553,50,755.707975,0.0
-3.247736,50,755.743223,0.0
-3.616194,50,755.778258,0.0
-4.260416,50,755.813518,0.0
-4.020186,50,755.848827,0.0
-4.695248,50,755.883751,0.0
-4.103242,50,755.918772,0.0
-3.741231,50,755.954207,0.0
-3.438659,50,755.989062,0.0
-3.581662,50,756.024076,0.0
-3.7526,50,756.059187,0.0
-4.364487,50,756.094322,0.0
-3.207441,50,756.12956,0.0
-3.868451,50,756.164376,0.0
-3.307438,50,756.198743,0.0
-3.880593,50,756.233371,0.0
-3.610353,50,756.267623,0.0
-3.867289,50,756.302874,0.0
-3.319946,50,756.337835,0.0
-3.926526,50,756.372892,0.0
-3.427043,50,756.408156,0.0
-4.108542,50,756.442877,0.0
-3.821972,50,756.477932,0.0
-3.582931,50,756.512972,0.0
-4.103405,50,756.547619,0.0
-3.415357,50,756.582408,0.0
-3.264146,50,756.61756,0.0
-3.366189,50,756.652424,0.0
-4.187407,50,756.687487,0.0
-2.798623,50,756.72232,0.0
-3.850227,50,756.757245,0.0
-3.676101,50,756.906631,0.0
-4.237018,50,756.942389,0.0
-3.893138,50,756.977819,0.0
-3.836243,50,757.012791,0.0
-3.274186,50,757.047835,0.0
-4.075011,50,757.083035,0.0
-3.731313,50,757.118055,0.0
-4.534403,50,757.153395,0.0
-3.699458,50,757.188307,0.0
-3.706359,50,757.22351,0.0
-3.108828,50,757.258325,0.0
-3.537692,50,757.293223,0.0
-4.034515,50,757.327815,0.0
-3.183187,50,757.362349,0.0
-3.698857,50,757.397501,0.0
-4.152212,50,757.43286,0.0
-3.520293,50,757.467645,0.0
-4.208519,50,757.502465,0.0
-3.363605,50,757.537934,0.0
-3.451927,50,757.572793,0.0
-3.440611,50,757.607852,0.0
-4.05247,50,757.642843,0.0
-3.851708,50,757.677906,0.0
-3.961187,50,757.71317,0.0
-3.644199,50,757.748194,0.0
-4.138162,50,757.782889,0.0
-3.803819,50,757.817846,0.0
-4.269534,50,757.852878,0.0
-4.237735,50,757.887934,0.0
-3.503913,50,757.923383,0.0
-3.613136,50,757.958695,0.0
-3.270895,50,757.994201,0.0
-4.47846,50,758.028962,0.0
-3.750219,50,758.064281,0.0
-3.326242,50,758.099678,0.0
-3.899958,50,758.134818,0.0
-3.999926,50,758.170055,0.0
-3.166706,50,758.205206,0.0
-3.833421,50,758.24087,0.0
-4.15806,50,758.276074,0.0
-3.981179,50,758.311769,0.0
-3.425947,50,758.460913,0.0
-3.903257,50,758.496202,0.0
-4.022897,50,758.531283,0.0
-3.253851,50,758.566236,0.0
-3.460616,50,758.601228,0.0
-3.664508,50,758.637034,0.0
-3.356398,50,758.672761,0.0
-3.884598,50,758.707991,0.0
-3.46444,50,758.743507,0.0
-3.388615,50,758.778705,0.0
-3.873997,50,758.814042,0.0
-3.656031,50,758.84895,0.0
-4.631943,50,758.883991,0.0
-4.104942,50,758.919309,0.0
-3.712026,50,758.95445,0.0
-3.906555,50,758.989586,0.0
-3.794465,50,759.024886,0.0
-3.787508,50,759.060104,0.0
-3.918781,50,759.094954,0.0
-3.797,50,759.129684,0.0
-3.774197,50,759.164541,0.0
-3.619701,50,759.199529,0.0
-4.280602,50,759.234568,0.0
-4.284476,50,759.269398,0.0
-3.670785,50,759.304801,0.0
-4.124329,50,759.339659,0.0
-3.552017,50,759.374857,0.0
-3.707399,50,759.410061,0.0
-3.661054,50,759.445096,0.0
-3.602481,50,759.479886,0.0
-3.510956,50,759.514897,0.0
-3.578275,50,759.549798,0.0
-3.848113,50,759.584801,0.0
-3.579928,50,759.620103,0.0
-4.14864,50,759.655169,0.0
-3.365046,50,759.689949,0.0
-3.819027,50,759.725123,0.0
-4.05005,50,759.760137,0.0
-4.537576,50,759.794935,0.0
-3.973629,50,759.830146,0.0
-3.473816,50,759.865046,0.0
-3.506267,50,760.013465,0.0
-3.361888,50,760.04887,0.0
-3.694086,50,760.084077,0.0
-3.782772,50,760.11929,0.0
-3.316835,50,760.154423,0.0
-4.064307,50,760.189192,0.0
-3.316152,50,760.224232,0.0
-4.186618,50,760.259088,0.0
-4.28748,50,760.292879,0.0
-3.964197,50,760.327231,0.0
-3.575614,50,760.362128,0.0
-3.729903,50,760.397685,0.0
-3.702613,50,760.433045,0.0
-3.690256,50,760.468272,0.0
-3.705662,50,760.503383,0.0
-4.172277,50,760.538431,0.0
-4.233585,50,760.573039,0.0
-3.760537,50,760.60832,0.0
-4.027943,50,760.643348,0.0
-3.734526,50,760.67823,0.0
-3.703435,50,760.713075,0.0
-4.433724,50,760.747659,0.0
-3.701875,50,760.782562,0.0
-3.628267,50,760.817566,0.0
-3.912742,50,760.852457,0.0
-3.666924,50,760.887293,0.0
-4.620508,50,760.922343,0.0
-4.048829,50,760.957524,0.0
-3.487266,50,760.993024,0.0
-3.520575,50,761.02816,0.0
-3.267062,50,761.063079,0.0
-4.159529,50,761.0981,0.0
-3.877091,50,761.132893,0.0
-3.885438,50,761.168238,0.0
-3.766585,50,761.203122,0.0
-3.635095,50,761.238169,0.0
-3.951734,50,761.273428,0.0
-3.709097,50,761.308073,0.0
-3.884862,50,761.343012,0.0
-4.24564,50,761.377978,0.0
-3.601467,50,761.413303,0.0
-3.383584,50,761.561811,0.0
-3.502866,50,761.59715,0.0
-3.46064,50,761.632249,0.0
-4.253962,50,761.667199,0.0
-3.714758,50,761.702354,0.0
-3.969143,50,761.737557,0.0
-4.281084,50,761.772536,0.0
-3.761757,50,761.807346,0.0
-3.382147,50,761.842062,0.0
-4.053205,50,761.877128,0.0
-3.797597,50,761.912001,0.0
-4.005406,50,761.946913,0.0
-3.811551,50,761.981884,0.0
-3.687094,50,762.016939,0.0
-4.092818,50,762.052378,0.0
-3.609935,50,762.087063,0.0
-4.414873,50,762.121943,0.0
-3.583226,50,762.157188,0.0
-3.428885,50,762.19177,0.0
-2.970262,50,762.226618,0.0
-4.318468,50,762.261825,0.0
-3.571163,50,762.296602,0.0
-3.76015,50,762.331632,0.0
-3.901531,50,762.366971,0.0
-3.588876,50,762.401785,0.0
-4.23964,50,762.43716,0.0
-3.58903,50,762.472415,0.0
-3.890108,50,762.507422,0.0
-3.610131,50,762.542427,0.0
-5.136018,50,762.577166,0.0
-3.938879,50,762.61222,0.0
-3.929469,50,762.646972,0.0
-3.398091,50,762.682003,0.0
-3.827969,50,762.717277,0.0
-4.025239,50,762.752199,0.0
-3.859643,50,762.786877,0.0
-3.784789,50,762.822201,0.0
-3.923758,50,762.856995,0.0
-3.628633,50,762.892257,0.0
-3.733564,50,762.927196,0.0
-3.502405,50,762.962369,0.0
-3.449212,50,763.112855,0.0
-3.776513,50,763.147774,0.0
-3.794557,50,763.182457,0.0
-4.363389,50,763.217719,0.0
-3.817657,50,763.252795,0.0
-4.380778,50,763.28844,0.0
-3.082362,50,763.323301,0.0
-3.869145,50,763.358505,0.0
-3.890273,50,763.39406,0.0
-3.445255,50,763.429497,0.0
-4.101368,50,763.464739,0.0
-3.81508,50,763.500017,0.0
-3.709067,50,763.535027,0.0
-4.017308,50,763.5698,0.0
-4.337345,50,763.604887,0.0
-3.764816,50,763.639876,0.0
-3.734066,50,763.674932,0.0
-4.288308,50,763.709677,0.0
-3.749021,50,763.74502,0.0
-4.044885,50,763.780059,0.0
-3.682959,50,763.814814,0.0
-4.475189,50,763.849837,0.0
-3.944358,50,763.884716,0.0
-3.83298,50,763.919864,0.0
-3.722116,50,763.954875,0.0
-3.597185,50,763.989804,0.0
-3.46789,50,764.024543,0.0
-4.05895,50,764.059234,0.0
-4.082227,50,764.09427,0.0
-3.341543,50,764.129391,0.0
-4.214935,50,764.164339,0.0
-3.977953,50,764.199254,0.0
-4.059598,50,764.23494,0.0
-3.409799,50,764.270142,0.0
-3.790934,50,764.30547,0.0
-3.80185,50,764.34074,0.0
-3.94295,50,764.375669,0.0
-3.614633,50,764.410917,0.0
-3.984621,50,764.446156,0.0
-3.470549,50,764.481407,0.0
-3.759815,50,764.516361,0.0
-3.571448,50,764.664207,0.0
-4.034721,50,764.699638,0.0
-3.749472,50,764.734718,0.0
-3.784696,50,764.769764,0.0
-3.725124,50,764.804938,0.0
-3.64727,50,764.839774,0.0
-3.597054,50,764.874971,0.0
-4.209692,50,764.909808,0.0
-3.662606,50,764.94484,0.0
-3.633387,50,764.979545,0.0
-3.975117,50,765.014258,0.0
-3.250711,50,765.048894,0.0
-3.19695,50,765.084271,0.0
-3.583075,50,765.119794,0.0
-4.124964,50,765.154766,0.0
-4.009311,50,765.189624,0.0
-4.76499,50,765.2247,0.0
-3.787854,50,765.2603,0.0
-3.304055,50,765.29539,0.0
-3.580323,50,765.33064,0.0
-3.272546,50,765.365876,0.0
-4.20933,50,765.400881,0.0
-3.49295,50,765.435757,0.0
-4.316104,50,765.470945,0.0
-3.673917,50,765.506519,0.0
-4.012884,50,765.541573,0.0
-3.423224,50,765.576106,0.0
-3.48233,50,765.611235,0.0
-3.435295,50,765.64591,0.0
-3.791977,50,765.680754,0.0
-4.288009,50,765.715787,0.0
-3.563839,50,765.750367,0.0
-3.343101,50,765.785178,0.0
-4.532594,50,765.819782,0.0
-4.221923,50,765.854209,0.0
-4.278653,50,765.889289,0.0
-3.929143,50,765.924813,0.0
-4.542129,50,765.960151,0.0
-4.115948,50,765.99606,0.0
-4.595494,50,766.031365,0.0
-3.545216,50,766.06662,0.0
-3.553312,50,766.215786,0.0
-3.379348,50,766.251471,0.0
-4.375687,50,766.286662,0.0
-4.493049,50,766.321672,0.0
-4.01778,50,766.357187,0.0
-3.278471,50,766.392377,0.0
-3.857402,50,766.427295,0.0
-3.813526,50,766.462349,0.0
-3.561624,50,766.497257,0.0
-3.797361,50,766.532552,0.0
-3.642395,50,766.567766,0.0
-4.309963,50,766.602943,0.0
-3.927049,50,766.638603,0.0
-3.72842,50,766.674334,0.0
-3.363399,50,766.709325,0.0
-3.221491,50,766.744712,0.0
-3.978491,50,766.779971,0.0
-3.603717,50,766.815638,0.0
-3.935308,50,766.850745,0.0
-4.853978,50,766.885896,0.0
-4.168818,50,766.920956,0.0
-4.333252,50,766.95591,0.0
-3.552631,50,766.991257,0.0
-3.431352,50,767.026384,0.0
-3.601973,50,767.061898,0.0
-4.035892,50,767.096978,0.0
-4.012372,50,767.131912,0.0
-3.416785,50,767.166812,0.0
-3.905103,50,767.201741,0.0
-3.664111,50,767.236664,0.0
-3.757374,50,767.271784,0.0
-4.079446,50,767.306906,0.0
-3.579413,50,767.341852,0.0
-3.620332,50,767.376536,0.0
-4.237209,50,767.411323,0.0
-3.387492,50,767.446339,0.0
-3.433206,50,767.481052,0.0
-4.23416,50,767.515735,0.0
-4.400749,50,767.550818,0.0
-3.956495,50,767.585482,0.0
-3.791037,50,767.620892,0.0
-3.945911,50,767.768987,0.0
-4.028175,50,767.804299,0.0
-3.661569,50,767.839416,0.0
-3.63282,50,767.874536,0.0
-3.559039,50,767.909454,0.0
-3.402289,50,767.944648,0.0
-3.736944,50,767.979635,0.0
-3.540623,50,768.014429,0.0
-4.501461,50,768.049297,0.0
-3.863689,50,768.084078,0.0
-3.917382,50,768.118718,0.0
-4.103155,50,768.153643,0.0
-3.451448,50,768.188324,0.0
-4.289047,50,768.223011,0.0
-3.58027,50,768.257674,0.0
-3.164081,50,768.292647,0.0
-4.146189,50,768.327536,0.0
-3.926364,50,768.362419,0.0
-3.541457,50,768.397393,0.0
-3.675659,50,768.432294,0.0
-3.53082,50,768.467105,0.0
-3.832903,50,768.502263,0.0
-3.611405,50,768.537068,0.0
-3.291181,50,768.571762,0.0
-3.862686,50,768.60662,0.0
-3.693985,50,768.641407,0.0
-4.162349,50,768.676209,0.0
-3.820256,50,768.711195,0.0
-3.507674,50,768.746456,0.0
-4.160087,50,768.781537,0.0
-4.554924,50,768.816149,0.0
-4.529124,50,768.850889,0.0
-3.655322,50,768.885916,0.0
-3.679702,50,768.92067,0.0
-3.537118,50,768.955567,0.0
-4.044536,50,768.990361,0.0
-4.624375,50,769.025457,0.0
-4.681219,50,769.060159,0.0
-3.905143,50,769.094848,0.0
-4.154855,50,769.129661,0.0
-3.996337,50,769.164362,0.0
-3.339719,50,769.312098,0.0
-4.156721,50,769.347264,0.0
-3.488724,50,769.382509,0.0
-3.458779,50,769.41747,0.0
-3.186476,50,769.452613,0.0
-3.924694,50,769.487432,0.0
-3.612056,50,769.522301,0.0
-3.787773,50,769.557379,0.0
-3.75802,50,769.592049,0.0
-3.999354,50,769.626934,0.0
-3.853549,50,769.662232,0.0
-3.53511,50,769.697044,0.0
-3.513469,50,769.7322,0.0
-3.688221,50,769.767403,0.0
-3.357912,50,769.802112,0.0
-3.466399,50,769.836705,0.0
-4.242773,50,769.871327,0.0
-3.696116,50,769.906121,0.0
-4.404056,50,769.940835,0.0
-4.025403,50,769.976094,0.0
-3.652946,50,770.011513,0.0
-3.788304,50,770.046529,0.0
-3.860536,50,770.081479,0.0
-3.995488,50,770.117301,0.0
-3.620511,50,770.152502,0.0
-3.962667,50,770.187564,0.0
-3.986631,50,770.222954,0.0
-3.823285,50,770.25822,0.0
-3.541988,50,770.293403,0.0
-3.424204,50,770.328485,0.0
-3.99376,50,770.363324,0.0
-3.464482,50,770.398815,0.0
-3.83441,50,770.433919,0.0
-4.28165,50,770.469211,0.0
-3.921965,50,770.504715,0.0
-3.767115,50,770.539959,0.0
-3.787214,50,770.575813,0.0
-3.444464,50,770.61106,0.0
-3.683967,50,770.646099,0.0
-3.938335,50,770.681435,0.0
-3.512212,50,770.716352,0.0
-4.080548,50,770.865416,0.0
-4.18712,50,770.901007,0.0
-4.053382,50,770.936581,0.0
-3.73582,50,770.972267,0.0
-4.147727,50,771.007648,0.0
-4.513775,50,771.042445,0.0
-3.827906,50,771.07759,0.0
-3.846086,50,771.112411,0.0
-4.136772,50,771.147908,0.0
-2.993449,50,771.182838,0.0
-3.72881,50,771.218028,0.0
-3.659648,50,771.253085,0.0
-3.683917,50,771.653245,0.0
-3.553209,50,771.688396,0.0
-4.145296,50,771.723503,0.0
-4.567181,50,771.758848,0.0
-4.459635,50,771.793857,0.0
-3.513635,50,771.829283,0.0
-3.848927,50,771.864082,0.0
-3.700493,50,771.899168,0.0
-3.913738,50,771.934311,0.0
-4.210054,50,771.969003,0.0
-4.36035,50,772.003578,0.0
-3.703408,50,772.038691,0.0
-3.855757,50,772.073686,0.0
-3.874998,50,772.10858,0.0
-4.668182,50,772.143596,0.0
-3.537059,50,772.178253,0.0
-3.475461,50,772.213371,0.0
-3.717366,50,772.248389,0.0
-3.830393,50,772.283415,0.0
-4.234658,50,772.318417,0.0
-4.251364,50,772.353197,0.0
-3.704971,50,772.388486,0.0
-4.006144,50,772.423575,0.0
-3.572155,50,772.458492,0.0
-3.26569,50,772.493698,0.0
-3.966944,50,772.528809,0.0
-4.116332,50,772.563787,0.0
-3.504919,50,772.598654,0.0
-4.435566,50,772.633518,0.0
