rollout/success_rate,time/iterations,time/fps,time/total_timesteps,rollout/ep_len_mean,time/time_elapsed,rollout/ep_rew_mean,train/explained_variance,train/entropy_loss,train/policy_gradient_loss,train/n_updates,train/clip_range,train/approx_kl,train/learning_rate,train/value_loss,train/clip_fraction,train/loss,train/std
0.0,1,1405,2048,50.0,1,-6.470811925,,,,,,,,,,,
0.0,2,1356,4096,50.0,3,-6.474691851851852,-1.3421802520751953,-28.38022541999817,-0.08549104686826467,10,0.2,0.05049575,0.0003,0.706184133887291,0.41572265625,0.060205623507499695,1.000023603439331
0.0,3,1342,6144,50.0,4,-6.4941221900000015,-0.3050764799118042,-28.36447126865387,-0.08228478999226355,20,0.2,0.047977097,0.0003,0.48193833902478217,0.372509765625,-0.026977747678756714,0.998493492603302
0.0,4,1337,8192,50.0,6,-6.391367089999999,-0.24501502513885498,-28.32337486743927,-0.08715965590672567,30,0.2,0.051115207,0.0003,0.36976930052042006,0.403759765625,-0.038414403796195984,0.9963003396987915
0.0,5,1332,10240,50.0,7,-6.289156289999999,-0.32088422775268555,-28.283300137519838,-0.08670524082845077,40,0.2,0.052516475,0.0003,0.29877789691090584,0.405078125,-0.049872398376464844,0.9946902990341187
0.0,6,1329,12288,50.0,9,-6.26156019,-0.3589322566986084,-28.26888291835785,-0.09029328827746212,50,0.2,0.057090737,0.0003,0.23901478927582503,0.421533203125,-0.06073964387178421,0.9946392178535461
0.0,7,1328,14336,50.0,10,-6.14457768,-0.3896979093551636,-28.265494894981384,-0.09268637881614268,60,0.2,0.06240134,0.0003,0.19961958164349197,0.430322265625,-0.08246617019176483,0.9939864873886108
0.0,8,1325,16384,50.0,12,-6.011573510000001,-0.46016907691955566,-28.23890941143036,-0.09560906181577593,70,0.2,0.06441561,0.0003,0.15450504077598454,0.444970703125,-0.0960090160369873,0.9929010272026062
0.0,9,1324,18432,50.0,13,-5.97736239,-0.4941343069076538,-28.216351294517516,-0.09748521916335448,80,0.2,0.06835213,0.0003,0.1296344350092113,0.459375,-0.0998099073767662,0.9907971620559692
0.0,10,1322,20480,50.0,15,-5.9573100199999995,-0.5724301338195801,-28.17924909591675,-0.09836977010127157,90,0.2,0.06684438,0.0003,0.11341848690062761,0.468994140625,-0.10988679528236389,0.9895370602607727
0.0,11,1322,22528,50.0,17,-5.96124507,-0.7035441398620605,-28.144756412506105,-0.09915983394021169,100,0.2,0.07318249,0.0003,0.09184229676611722,0.477490234375,-0.10884829610586166,0.987445056438446
0.0,12,1321,24576,50.0,18,-5.8870811100000005,-0.5046288967132568,-28.11285593509674,-0.10010026774252764,110,0.2,0.07139145,0.0003,0.07827241350896656,0.4779296875,-0.11995714902877808,0.9863025546073914
0.0,13,1321,26624,50.0,20,-5.84379678,-0.5156040191650391,-28.08214702606201,-0.10200096466578543,120,0.2,0.07067643,0.0003,0.0673950691241771,0.48974609375,-0.12406839430332184,0.9847393035888672
0.0,14,1320,28672,50.0,21,-5.775739529999999,-0.3705577850341797,-28.06293377876282,-0.10687442916678265,130,0.2,0.08013694,0.0003,0.07295725448057055,0.51689453125,-0.1214505285024643,0.9841821789741516
0.0,15,1320,30720,50.0,23,-5.759871260000001,-0.5064313411712646,-28.04277217388153,-0.10772511175600812,140,0.2,0.08289966,0.0003,0.06142118414863944,0.51875,-0.1297665238380432,0.98334801197052
0.0,16,1320,32768,50.0,24,-5.81320101,-0.7281208038330078,-28.036599922180176,-0.10763428106438369,150,0.2,0.07644565,0.0003,0.04960621814243495,0.520947265625,-0.13254974782466888,0.9830883145332336
0.0,17,1319,34816,50.0,26,-5.799042100000001,-0.2828575372695923,-28.01815218925476,-0.10584625957999379,160,0.2,0.08540055,0.0003,0.056592839397490026,0.515771484375,-0.12535995244979858,0.9811338186264038
0.0,18,1319,36864,50.0,27,-5.755298229999999,-0.9803613424301147,-27.97256546020508,-0.10534104238031432,170,0.2,0.09155624,0.0003,0.03632553925272077,0.553271484375,-0.132838636636734,0.9789678454399109
0.0,19,1319,38912,50.0,29,-5.745673970000001,-0.40786564350128174,-27.926528429985048,-0.10722161809680983,180,0.2,0.09893632,0.0003,0.04008599694352597,0.55166015625,-0.1288517564535141,0.9767369031906128
0.0,20,1319,40960,50.0,31,-5.70088873,-0.23448657989501953,-27.88653748035431,-0.10670048653846606,190,0.2,0.097367994,0.0003,0.04931537085212767,0.541796875,-0.12826158106327057,0.9753869771957397
0.0,21,1318,43008,50.0,32,-5.727090020000002,-0.24953222274780273,-27.86042242050171,-0.10721421771449968,200,0.2,0.09750062,0.0003,0.04508529829327017,0.54833984375,-0.128078430891037,0.9736264944076538
0.0,22,1318,45056,50.0,34,-5.673267029999998,-0.4073193073272705,-27.809098744392394,-0.10554533189861104,210,0.2,0.09106491,0.0003,0.03500844466034323,0.543603515625,-0.13267973065376282,0.9707487225532532
0.0,23,1318,47104,50.0,35,-5.5851108699999985,-0.3250986337661743,-27.75942461490631,-0.10730290281353519,220,0.2,0.09482147,0.0003,0.033286407310515645,0.560986328125,-0.13492007553577423,0.9691781997680664
0.0,24,1318,49152,50.0,37,-5.57550197,-0.14654755592346191,-27.730756163597107,-0.1092798822093755,230,0.2,0.09915557,0.0003,0.03454859924968332,0.56533203125,-0.13707681000232697,0.9670723676681519
0.0,25,1306,51200,50.0,39,-5.49354252,-0.2848604917526245,-27.69665675163269,-0.10903338823700323,240,0.2,0.10449634,0.0003,0.030816574417985975,0.584619140625,-0.1315869837999344,0.9661491513252258
0.0,26,1307,53248,50.0,40,-5.470551299999999,-0.13408350944519043,-27.675595664978026,-0.10790339191444218,250,0.2,0.11191815,0.0003,0.03341875991318375,0.5619140625,-0.13080145418643951,0.9650409817695618
0.0,27,1307,55296,50.0,42,-5.502994580000001,-0.04275333881378174,-27.655594801902772,-0.10549318545963615,260,0.2,0.10094164,0.0003,0.03296304030809551,0.5607421875,-0.1360989362001419,0.9640172719955444
0.0,28,1308,57344,50.0,43,-5.412032199999999,-0.28167736530303955,-27.61500322818756,-0.10759918819530867,270,0.2,0.10375425,0.0003,0.02703656512312591,0.57001953125,-0.14172452688217163,0.9616209268569946
0.0,29,1308,59392,50.0,45,-5.346762709999999,-0.04516804218292236,-27.5787184715271,-0.10591896488331258,280,0.2,0.10650009,0.0003,0.03491680019069463,0.554736328125,-0.13352225720882416,0.9602293968200684
0.0,30,1309,61440,50.0,46,-5.41246569,-0.08492577075958252,-27.551449704170228,-0.10643444953020662,290,0.2,0.115981184,0.0003,0.029453258076682687,0.579345703125,-0.12774935364723206,0.9590452313423157
0.0,31,1310,63488,50.0,48,-5.480084550000002,-0.2641061544418335,-27.520107340812682,-0.10693531049182639,300,0.2,0.11800312,0.0003,0.025780381355434655,0.5759765625,-0.13452064990997314,0.9573057293891907
0.0,32,1310,65536,50.0,50,-5.43126415,-0.251173734664917,-27.490080761909486,-0.11215360366040841,310,0.2,0.121841624,0.0003,0.022686428506858647,0.587646484375,-0.14070169627666473,0.9562877416610718
0.0,33,1310,67584,50.0,51,-5.33595089,-0.023407816886901855,-27.47357909679413,-0.109586947230855,320,0.2,0.11798716,0.0003,0.029082522657699884,0.590087890625,-0.1426234096288681,0.9557464718818665
0.0,34,1310,69632,50.0,53,-5.24966534,0.029816389083862305,-27.45631034374237,-0.10937750325538217,330,0.2,0.10984311,0.0003,0.030541234905831514,0.58203125,-0.13089098036289215,0.9545690417289734
0.0,35,1311,71680,50.0,54,-5.270743460000001,-0.28862881660461426,-27.42201237678528,-0.11137040017347317,340,0.2,0.11286533,0.0003,0.022569168591871858,0.580419921875,-0.13847430050373077,0.9530137777328491
0.0,36,1312,73728,50.0,56,-5.255234840000001,-0.0489804744720459,-27.381741189956664,-0.11115215654717758,350,0.2,0.12205463,0.0003,0.028515406721271574,0.5880859375,-0.13526082038879395,0.9500740170478821
0.0,37,1312,75776,50.0,57,-5.19395871,-0.03762185573577881,-27.334506487846376,-0.10804786690277979,360,0.2,0.11020517,0.0003,0.03643320060800761,0.5740234375,-0.12984614074230194,0.9483909606933594
0.0,38,1312,77824,50.0,59,-5.178441340000001,-0.24073219299316406,-27.290643739700318,-0.10996893148403615,370,0.2,0.108216055,0.0003,0.02720917679835111,0.580029296875,-0.1352737993001938,0.9465295672416687
0.0,39,1312,79872,50.0,60,-5.190878170000001,-0.22894668579101562,-27.267766427993774,-0.10997795162256807,380,0.2,0.12064761,0.0003,0.020634393231011926,0.59609375,-0.13997414708137512,0.9458651542663574
0.0,40,1312,81920,50.0,62,-5.128292029999999,0.02541452646255493,-27.233286380767822,-0.1084973031654954,390,0.2,0.11712597,0.0003,0.0244902997976169,0.592529296875,-0.1451932042837143,0.9439999461174011
0.0,41,1311,83968,50.0,64,-5.08686773,-0.07991993427276611,-27.202985191345213,-0.11152458850992844,400,0.2,0.1156026,0.0003,0.025232901494018734,0.58125,-0.13601619005203247,0.9425592422485352
0.0,42,1310,86016,50.0,65,-4.99105845,-0.12728846073150635,-27.16627688407898,-0.10961425471177791,410,0.2,0.1231411,0.0003,0.020570409786887466,0.5921875,-0.1384202390909195,0.9408294558525085
0.0,43,1310,88064,50.0,67,-4.95964137,-0.08991551399230957,-27.13753561973572,-0.11093296532053501,420,0.2,0.13187364,0.0003,0.018406295124441384,0.597509765625,-0.13844797015190125,0.9398153424263
0.0,44,1310,90112,50.0,68,-4.93044688,-0.13255274295806885,-27.118536758422852,-0.11247159847989678,430,0.2,0.12348887,0.0003,0.020392952580004932,0.587353515625,-0.13726502656936646,0.9391616582870483
0.0,45,1310,92160,50.0,70,-4.96879046,0.02143096923828125,-27.099589228630066,-0.10833101449534296,440,0.2,0.1317153,0.0003,0.02134810566203669,0.586474609375,-0.13907590508460999,0.937680721282959
0.0,46,1310,94208,50.0,71,-4.98324268,-0.10890638828277588,-27.064830660820007,-0.1094155925908126,450,0.2,0.12553725,0.0003,0.020934749394655228,0.59228515625,-0.13635028898715973,0.9365497827529907
0.0,47,1310,96256,50.0,73,-4.9114960299999995,-0.1406865119934082,-27.036747694015503,-0.1103372517565731,460,0.2,0.13479006,0.0003,0.020104201207868756,0.5998046875,-0.1412104070186615,0.9350383877754211
0.0,48,1310,98304,50.0,75,-4.88136094,-0.014383792877197266,-26.996464896202088,-0.10623395062284544,470,0.2,0.12574843,0.0003,0.024344341666437685,0.5900390625,-0.13332796096801758,0.9330064654350281
0.0,49,1304,100352,50.0,76,-4.908334470000001,-0.24186456203460693,-26.963627314567567,-0.1093060658313334,480,0.2,0.12309409,0.0003,0.018339409539476038,0.597021484375,-0.1366681307554245,0.9319164156913757
0.0,50,1304,102400,50.0,78,-4.92515037,-0.11046719551086426,-26.948437023162843,-0.11168229064205662,490,0.2,0.12815331,0.0003,0.02389002402778715,0.5966796875,-0.139822319149971,0.9309890866279602
0.0,51,1304,104448,50.0,80,-4.9006523600000005,-0.07164084911346436,-26.929030442237853,-0.11009827439847868,500,0.2,0.14063874,0.0003,0.023315900447778405,0.597216796875,-0.13575857877731323,0.9303733706474304
0.0,52,1305,106496,50.0,81,-4.853148050000001,-0.08465981483459473,-26.893695688247682,-0.11122212168993428,510,0.2,0.12678468,0.0003,0.01863933525746688,0.597412109375,-0.13875000178813934,0.9280544519424438
0.0,53,1305,108544,50.0,83,-4.8492667,-0.02777707576751709,-26.842976927757263,-0.11348062986508012,520,0.2,0.13325673,0.0003,0.023742918949574233,0.6091796875,-0.13890618085861206,0.9259475469589233
0.0,54,1305,110592,50.0,84,-4.7936211,0.08668231964111328,-26.81521954536438,-0.10892291368218139,530,0.2,0.13891456,0.0003,0.021574433823116124,0.605126953125,-0.14003674685955048,0.925208568572998
0.0,55,1305,112640,50.0,86,-4.774861899999999,-0.10444259643554688,-26.775370907783508,-0.10994535368517973,540,0.2,0.15053108,0.0003,0.012728002853691578,0.6103515625,-0.14469362795352936,0.9224697947502136
0.0,56,1305,114688,50.0,87,-4.79498861,-0.06905078887939453,-26.719842982292175,-0.10684769437648356,550,0.2,0.12841299,0.0003,0.020374670915771276,0.597412109375,-0.13020648062229156,0.9205056428909302
0.0,57,1305,116736,50.0,89,-4.81505593,-0.05253779888153076,-26.688535165786742,-0.11051409234059975,560,0.2,0.13594495,0.0003,0.018370397086255253,0.60546875,-0.14010566473007202,0.9189131855964661
0.0,58,1305,118784,50.0,90,-4.80560645,-0.24354422092437744,-26.652858209609985,-0.10982128321775235,570,0.2,0.14426476,0.0003,0.014859940542373806,0.6205078125,-0.13537651300430298,0.9175241589546204
0.0,59,1305,120832,50.0,92,-4.83992808,-0.15709137916564941,-26.62645604610443,-0.10970082067651674,580,0.2,0.14856425,0.0003,0.014515575277619064,0.6240234375,-0.1461149901151657,0.916455090045929
0.0,60,1305,122880,50.0,94,-4.79965743,-0.09821271896362305,-26.59270441532135,-0.10772348890313879,590,0.2,0.13571253,0.0003,0.014400278637185692,0.607470703125,-0.14054636657238007,0.9141440391540527
0.0,61,1305,124928,50.0,95,-4.7873388299999995,0.05763810873031616,-26.54172384738922,-0.10681970614241436,600,0.2,0.14728759,0.0003,0.016286262939684094,0.605322265625,-0.13449564576148987,0.9124418497085571
0.0,62,1306,126976,50.0,97,-4.7590324200000005,-0.05860710144042969,-26.517785668373108,-0.10668409180943854,610,0.2,0.14900282,0.0003,0.017428497900255024,0.59873046875,-0.13393369317054749,0.9115649461746216
0.0,63,1306,129024,50.0,98,-4.74893962,0.05028343200683594,-26.49240310192108,-0.11259135446161964,620,0.2,0.15745577,0.0003,0.019862740219105036,0.6251953125,-0.14372143149375916,0.9101667404174805
0.0,64,1306,131072,50.0,100,-4.74537373,0.08821040391921997,-26.467959547042845,-0.10878838778007775,630,0.2,0.15840322,0.0003,0.016758180467877536,0.630322265625,-0.13909608125686646,0.9097722768783569
0.0,65,1306,133120,50.0,101,-4.74815229,-0.07873785495758057,-26.44731044769287,-0.11036158404313028,640,0.2,0.15676689,0.0003,0.019791296613402665,0.61611328125,-0.13877969980239868,0.9081346392631531
0.0,66,1306,135168,50.0,103,-4.723062870000001,-0.017159104347229004,-26.423728156089783,-0.11153410724364221,650,0.2,0.15817958,0.0003,0.013822560792323201,0.621142578125,-0.14213886857032776,0.9079534411430359
0.0,67,1306,137216,50.0,105,-4.6680519700000005,-0.04495859146118164,-26.39720039367676,-0.11076211058534682,660,0.2,0.16216418,0.0003,0.01622179471887648,0.6349609375,-0.14354215562343597,0.9057718515396118
0.0,68,1306,139264,50.0,106,-4.6585509300000005,0.018484890460968018,-26.361432433128357,-0.11529950816184283,670,0.2,0.1659857,0.0003,0.014300470298621804,0.634423828125,-0.13956093788146973,0.9045923352241516
0.0,69,1306,141312,50.0,108,-4.66407815,-0.1316150426864624,-26.316444849967958,-0.11259821592248045,680,0.2,0.14221539,0.0003,0.015276370034553111,0.61318359375,-0.14640435576438904,0.9017831683158875
0.0,70,1306,143360,50.0,109,-4.677904949999999,-0.07622098922729492,-26.26253788471222,-0.11018997532664798,690,0.2,0.16664733,0.0003,0.011900711862836033,0.617041015625,-0.13982343673706055,0.900107204914093
0.0,71,1306,145408,50.0,111,-4.666003300000001,0.06181055307388306,-26.229143810272216,-0.11094874865375459,700,0.2,0.16380021,0.0003,0.015601574699394405,0.619873046875,-0.1451067179441452,0.8984898328781128
0.0,72,1306,147456,50.0,112,-4.65315399,-0.06728780269622803,-26.177204179763795,-0.11308574043214321,710,0.2,0.17137861,0.0003,0.0179049841593951,0.63837890625,-0.14009404182434082,0.8959426879882812
0.0,73,1307,149504,50.0,114,-4.6562148400000005,0.01964038610458374,-26.122858929634095,-0.10973855829215609,720,0.2,0.1647084,0.0003,0.013207523128949105,0.644921875,-0.14527712762355804,0.893603503704071
0.0,74,1303,151552,50.0,116,-4.65417732,0.03225642442703247,-26.066993880271912,-0.10782018477329984,730,0.2,0.1741184,0.0003,0.0210749345831573,0.614013671875,-0.13725122809410095,0.8911838531494141
0.0,75,1303,153600,50.0,117,-4.61237524,-0.023705720901489258,-26.022839188575745,-0.11444696158869191,740,0.2,0.17141473,0.0003,0.01848262334242463,0.6423828125,-0.14160889387130737,0.8898417353630066
0.0,76,1303,155648,50.0,119,-4.5893783,0.006808578968048096,-26.004108667373657,-0.110629663587315,750,0.2,0.17853664,0.0003,0.017299688002094627,0.62587890625,-0.1335008442401886,0.888981819152832
0.0,77,1303,157696,50.0,120,-4.61137751,0.02526193857192993,-25.975471949577333,-0.10897884229198099,760,0.2,0.16957715,0.0003,0.015802982298191638,0.6291015625,-0.1331949532032013,0.8879342079162598
0.0,78,1303,159744,50.0,122,-4.59487559,0.01471930742263794,-25.931762385368348,-0.11263086188118905,770,0.2,0.18514961,0.0003,0.016295057942625136,0.6375,-0.14187735319137573,0.8852881193161011
0.0,79,1303,161792,50.0,124,-4.57108522,0.02777230739593506,-25.879832673072816,-0.10974978393642232,780,0.2,0.16832066,0.0003,0.01967618251219392,0.630859375,-0.13237372040748596,0.8833667635917664
0.0,80,1303,163840,50.0,125,-4.50245215,0.05673563480377197,-25.845823764801025,-0.11366035561077296,790,0.2,0.1780008,0.0003,0.018167410022579135,0.632080078125,-0.1440812051296234,0.8819640874862671
0.0,81,1303,165888,50.0,127,-4.5526299,0.09007269144058228,-25.811323952674865,-0.10983570407843217,800,0.2,0.17327052,0.0003,0.019280487846117467,0.633056640625,-0.13433176279067993,0.8807986378669739
0.0,82,1303,167936,50.0,128,-4.51417962,0.05976313352584839,-25.771683549880983,-0.10870437655830756,810,0.2,0.17701533,0.0003,0.013199530460406094,0.640576171875,-0.14123022556304932,0.878587543964386
0.0,83,1303,169984,50.0,130,-4.5254476,0.03869318962097168,-25.726582598686218,-0.11023017389234155,820,0.2,0.18765709,0.0003,0.018726361950393768,0.6384765625,-0.13917510211467743,0.8763378262519836
0.0,84,1303,172032,50.0,131,-4.54295959,-0.0021857023239135742,-25.663605308532716,-0.1077745835762471,830,0.2,0.19118004,0.0003,0.011669686040841043,0.63359375,-0.14367704093456268,0.8731792569160461
0.0,85,1303,174080,50.0,133,-4.47753302,0.0890694260597229,-25.600319147109985,-0.11045443644979969,840,0.2,0.19708285,0.0003,0.013189888757187873,0.637548828125,-0.14606860280036926,0.8708935976028442
0.0,86,1303,176128,50.0,135,-4.418671209999999,0.11342334747314453,-25.585377383232117,-0.11027498009498231,850,0.2,0.21956143,0.0003,0.014917654101736844,0.647314453125,-0.1379297375679016,0.8722391128540039
0.0,87,1303,178176,50.0,136,-4.41122893,0.117470383644104,-25.58311219215393,-0.10701487156329677,860,0.2,0.1918985,0.0003,0.016083214373793453,0.641162109375,-0.13778792321681976,0.8706811666488647
0.0,88,1304,180224,50.0,138,-4.43329044,0.053491950035095215,-25.538317227363585,-0.11458891176152974,870,0.2,0.20992039,0.0003,0.01639441439183429,0.66171875,-0.13840138912200928,0.8689793348312378
0.0,89,1304,182272,50.0,139,-4.3997408,0.008240818977355957,-25.498602414131163,-0.11482132257078774,880,0.2,0.19561768,0.0003,0.017591035435907544,0.650390625,-0.1427437961101532,0.8673030734062195
0.0,90,1304,184320,50.0,141,-4.408930810000001,0.1495988965034485,-25.464520263671876,-0.10638302668812685,890,0.2,0.19595551,0.0003,0.016513721738010644,0.651953125,-0.1346544325351715,0.8657538294792175
0.0,91,1304,186368,50.0,142,-4.469319680000001,0.10382390022277832,-25.42028968334198,-0.11304739046609029,900,0.2,0.1783059,0.0003,0.01795241340296343,0.64921875,-0.13348087668418884,0.8635139465332031
0.0,92,1304,188416,50.0,144,-4.43704295,0.09867089986801147,-25.38851637840271,-0.11342257112264634,910,0.2,0.19750914,0.0003,0.01703330735908821,0.655419921875,-0.13771261274814606,0.8628252744674683
0.0,93,1305,190464,50.0,145,-4.401079230000001,0.08389663696289062,-25.36418213844299,-0.1102830447256565,920,0.2,0.20382717,0.0003,0.01927823118166998,0.63212890625,-0.14000356197357178,0.8615193367004395
0.0,94,1305,192512,50.0,147,-4.48563449,0.12456130981445312,-25.321565246582033,-0.10985771111445501,930,0.2,0.21600103,0.0003,0.011673291365150362,0.6484375,-0.14125290513038635,0.8594001531600952
0.0,95,1305,194560,50.0,149,-4.478149409999999,0.1684499979019165,-25.287339329719543,-0.11422868338413536,940,0.2,0.21837144,0.0003,0.014854731399100273,0.66337890625,-0.1433788686990738,0.8586634397506714
0.0,96,1305,196608,50.0,150,-4.4307794,0.18061327934265137,-25.275587487220765,-0.11269976929761469,950,0.2,0.20893948,0.0003,0.017967180348932743,0.6517578125,-0.14150138199329376,0.8579862713813782
0.0,97,1305,198656,50.0,152,-4.42143854,0.03999239206314087,-25.240539073944092,-0.11121632875292561,960,0.2,0.21447885,0.0003,0.012665517907589675,0.64482421875,-0.14001131057739258,0.856512725353241
0.0,98,1302,200704,50.0,154,-4.36828621,0.20576274394989014,-25.194539046287538,-0.11292556709377095,970,0.2,0.23722902,0.0003,0.018649267172440885,0.662158203125,-0.14149856567382812,0.8541232943534851
0.0,99,1303,202752,50.0,155,-4.3909921800000005,0.15410113334655762,-25.145739030838012,-0.11228889243211597,980,0.2,0.2130393,0.0003,0.016393814655020832,0.657666015625,-0.14354686439037323,0.8521751165390015
0.0,100,1303,204800,50.0,157,-4.395846919999999,0.16812098026275635,-25.107040095329285,-0.11132228503702209,990,0.2,0.19957016,0.0003,0.018652878410648555,0.650341796875,-0.13964076340198517,0.851037859916687
0.0,101,1303,206848,50.0,158,-4.44110744,0.2414972186088562,-25.083303999900817,-0.11422995503526182,1000,0.2,0.2032718,0.0003,0.01574605474015698,0.650537109375,-0.14191754162311554,0.8503092527389526
0.0,102,1304,208896,50.0,160,-4.39973781,0.14604365825653076,-25.069190096855163,-0.11084675162564964,1010,0.2,0.21269101,0.0003,0.015780603454913944,0.659912109375,-0.14518065750598907,0.8494918942451477
0.0,103,1304,210944,50.0,161,-4.422075899999999,0.25029414892196655,-25.04136347770691,-0.11304543723817914,1020,0.2,0.21713978,0.0003,0.017806606274098156,0.64970703125,-0.13380004465579987,0.8483943939208984
0.0,104,1304,212992,50.0,163,-4.41410749,0.18846309185028076,-25.01791305541992,-0.1097124740248546,1030,0.2,0.22912186,0.0003,0.015044644603040069,0.664306640625,-0.13173289597034454,0.8471417427062988
0.0,105,1304,215040,50.0,164,-4.400687809999999,0.11550402641296387,-24.986010241508485,-0.11340661550057121,1040,0.2,0.23705587,0.0003,0.012667398701887577,0.664697265625,-0.14577242732048035,0.8458797335624695
0.0,106,1304,217088,50.0,166,-4.38094289,0.21038037538528442,-24.938401460647583,-0.10626194350188597,1050,0.2,0.21023774,0.0003,0.015971754933707415,0.666015625,-0.1385251134634018,0.8430881500244141
0.0,107,1304,219136,50.0,167,-4.41647627,0.24915707111358643,-24.874557518959044,-0.1096016575815156,1060,0.2,0.21335761,0.0003,0.012923741713166237,0.651123046875,-0.13624781370162964,0.8410345315933228
0.0,108,1304,221184,50.0,169,-4.36175951,0.19389832019805908,-24.820859909057617,-0.1139081017463468,1070,0.2,0.22575489,0.0003,0.015782778454013168,0.660009765625,-0.1414608359336853,0.8386933207511902
0.0,109,1304,223232,50.0,171,-4.3694885800000005,0.12170350551605225,-24.7836341381073,-0.11512824454111978,1080,0.2,0.21706331,0.0003,0.012972494319546968,0.648388671875,-0.14877110719680786,0.8377707600593567
0.0,110,1304,225280,50.0,172,-4.39573469,0.0692949891090393,-24.73972737789154,-0.11215971470810474,1090,0.2,0.22786061,0.0003,0.012932922248728574,0.665478515625,-0.14139552414417267,0.8350909352302551
0.0,111,1304,227328,50.0,174,-4.362017340000001,0.18555724620819092,-24.692809844017027,-0.11166826400440186,1100,0.2,0.23356761,0.0003,0.013558738608844578,0.6513671875,-0.14677008986473083,0.8339227437973022
0.0,112,1304,229376,50.0,175,-4.38376627,-0.024654746055603027,-24.66707866191864,-0.11204076784197241,1110,0.2,0.23340529,0.0003,0.012769307580310852,0.658642578125,-0.14637641608715057,0.8324384689331055
0.0,113,1304,231424,50.0,177,-4.3000099,0.05787235498428345,-24.636987948417662,-0.11223646188154816,1120,0.2,0.22857064,0.0003,0.015468422195408494,0.65791015625,-0.13703759014606476,0.8319530487060547
0.0,114,1304,233472,50.0,178,-4.3048436699999995,0.02818232774734497,-24.614266061782835,-0.11324880594620482,1130,0.2,0.23234175,0.0003,0.01213929062942043,0.664208984375,-0.14142794907093048,0.8305527567863464
0.0,115,1304,235520,50.0,180,-4.36177023,0.004221916198730469,-24.580579233169555,-0.1128241978934966,1140,0.2,0.25469327,0.0003,0.014337411266751587,0.668896484375,-0.13879865407943726,0.8294728398323059
0.0,116,1304,237568,50.0,182,-4.412768740000001,0.12765341997146606,-24.552781724929808,-0.10852642304380425,1150,0.2,0.25082427,0.0003,0.011828973121009768,0.662744140625,-0.12844546139240265,0.8282365798950195
0.0,117,1304,239616,50.0,183,-4.35143964,0.1435062289237976,-24.53036313056946,-0.11073991635930724,1160,0.2,0.23729631,0.0003,0.014741819258779288,0.67099609375,-0.1374032348394394,0.8276381492614746
0.0,118,1304,241664,50.0,185,-4.31405073,0.01634681224822998,-24.51888015270233,-0.10919615119928494,1170,0.2,0.24688666,0.0003,0.012977877166122198,0.673876953125,-0.14269207417964935,0.8272139430046082
0.0,119,1305,243712,50.0,186,-4.288563109999999,0.09761613607406616,-24.48337004184723,-0.11088345942553132,1180,0.2,0.25131172,0.0003,0.013231671776156872,0.67265625,-0.14288966357707977,0.8250311017036438
0.0,120,1305,245760,50.0,188,-4.3184694,0.11019903421401978,-24.438812375068665,-0.1092271942878142,1190,0.2,0.25542265,0.0003,0.015002310927957296,0.670947265625,-0.13425873219966888,0.8235461115837097
0.0,121,1305,247808,50.0,189,-4.292387280000001,0.02007991075515747,-24.40146048069,-0.11204898204887286,1200,0.2,0.2983318,0.0003,0.013141674397047609,0.669482421875,-0.14514382183551788,0.8219311833381653
0.0,122,1305,249856,50.0,191,-4.35476717,0.11708700656890869,-24.351233029365538,-0.11436182575998828,1210,0.2,0.24940336,0.0003,0.014643480046652257,0.670947265625,-0.140313059091568,0.819583535194397
0.0,123,1303,251904,50.0,193,-4.376565729999999,0.007375478744506836,-24.318435668945312,-0.11233985489816405,1220,0.2,0.25677136,0.0003,0.017161934752948582,0.683740234375,-0.14043663442134857,0.8190951347351074
0.0,124,1303,253952,50.0,194,-4.41998252,0.07274836301803589,-24.286822414398195,-0.10707764873513952,1230,0.2,0.27580905,0.0003,0.018355185934342443,0.68359375,-0.12994767725467682,0.8171590566635132
0.0,125,1304,256000,50.0,196,-4.3568881699999995,-0.06632590293884277,-24.2495228767395,-0.11290593026205897,1240,0.2,0.26160896,0.0003,0.015515211946330964,0.67451171875,-0.14560724794864655,0.8160966038703918
0.0,126,1304,258048,50.0,197,-4.30767185,0.12007218599319458,-24.21997776031494,-0.11392075246549212,1250,0.2,0.2555817,0.0003,0.016321348235942425,0.6650390625,-0.14007611572742462,0.8148406147956848
0.0,127,1304,260096,50.0,199,-4.28588979,0.08185917139053345,-24.184190583229064,-0.11566255678189918,1260,0.2,0.28727698,0.0003,0.018430878990329802,0.68212890625,-0.1333092898130417,0.8136957287788391
0.0,128,1304,262144,50.0,200,-4.25187246,0.05991780757904053,-24.172366523742674,-0.1144791879458353,1270,0.2,0.26767313,0.0003,0.014452044176869095,0.68154296875,-0.14173263311386108,0.8135319948196411
0.0,129,1305,264192,50.0,202,-4.30602073,0.039815545082092285,-24.152097320556642,-0.11552005286794156,1280,0.2,0.2519046,0.0003,0.013978313456755131,0.6822265625,-0.14769451320171356,0.8124880790710449
0.0,130,1305,266240,50.0,203,-4.35877308,0.029023468494415283,-24.107029223442076,-0.11241498775780201,1290,0.2,0.25659865,0.0003,0.017820457695052028,0.664501953125,-0.13751427829265594,0.8098593950271606
0.0,131,1305,268288,50.0,205,-4.36795498,0.06867247819900513,-24.049338722229002,-0.11556328702135943,1300,0.2,0.26975647,0.0003,0.015295206545852124,0.6865234375,-0.14954185485839844,0.80827796459198
0.0,132,1305,270336,50.0,207,-4.328914190000001,0.019289612770080566,-24.02198553085327,-0.11179242403013631,1310,0.2,0.27280706,0.0003,0.019218476093374192,0.662939453125,-0.13702541589736938,0.8076820373535156
0.0,133,1305,272384,50.0,208,-4.30523172,0.020596742630004883,-24.0206303358078,-0.11358070424903417,1320,0.2,0.26049024,0.0003,0.01171624471899122,0.68076171875,-0.13624070584774017,0.8077470064163208
0.0,134,1305,274432,50.0,210,-4.29352804,0.19492793083190918,-23.98899550437927,-0.1100062740035355,1330,0.2,0.24957272,0.0003,0.013520482345484197,0.668896484375,-0.12833988666534424,0.8061312437057495
0.0,135,1305,276480,50.0,211,-4.33373245,0.06269335746765137,-23.94901223182678,-0.10899615654489025,1340,0.2,0.2454701,0.0003,0.014230381266679614,0.679833984375,-0.13609084486961365,0.8042184710502625
0.0,136,1305,278528,50.0,213,-4.364336150000001,0.1414567232131958,-23.917558717727662,-0.10872347303666174,1350,0.2,0.2735727,0.0003,0.014089490729384124,0.67177734375,-0.13087281584739685,0.8032785654067993
0.0,137,1305,280576,50.0,214,-4.308559939999999,0.21055155992507935,-23.893403315544127,-0.10859233213122935,1360,0.2,0.2652976,0.0003,0.012316671793814748,0.67294921875,-0.1467621922492981,0.8026759028434753
0.0,138,1305,282624,50.0,216,-4.24175211,0.05828434228897095,-23.868159770965576,-0.11062711204285733,1370,0.2,0.26342386,0.0003,0.012156725255772471,0.671142578125,-0.14059874415397644,0.8014482259750366
0.0,139,1305,284672,50.0,217,-4.236875459999999,0.030842959880828857,-23.85362310409546,-0.1093284183414653,1380,0.2,0.26361203,0.0003,0.011272991937585176,0.666064453125,-0.14112655818462372,0.8009887933731079
0.0,140,1305,286720,50.0,219,-4.2696081900000005,0.1268818974494934,-23.82653589248657,-0.11019057766534388,1390,0.2,0.28004843,0.0003,0.011783906829077751,0.68466796875,-0.1335553675889969,0.7994460463523865
0.0,141,1305,288768,50.0,221,-4.2436856999999994,0.1625373363494873,-23.793348717689515,-0.10570131386630237,1400,0.2,0.27367368,0.0003,0.013427330448757857,0.66435546875,-0.13272926211357117,0.7984601259231567
0.0,142,1306,290816,50.0,222,-4.23028332,0.14618074893951416,-23.772599029541016,-0.1108018287224695,1410,0.2,0.2850576,0.0003,0.01354621748905629,0.67607421875,-0.13256439566612244,0.7976078987121582
0.0,143,1306,292864,50.0,224,-4.1972108200000005,0.20125925540924072,-23.738178181648255,-0.11081833010539413,1420,0.2,0.29017028,0.0003,0.011581634439062327,0.6759765625,-0.13806329667568207,0.796259880065918
0.0,144,1306,294912,50.0,225,-4.217261389999999,0.1995881199836731,-23.70523774623871,-0.11231295188190416,1430,0.2,0.2568938,0.0003,0.014172501384746284,0.68125,-0.146560937166214,0.7947274446487427
0.0,145,1306,296960,50.0,227,-4.19633547,0.24820202589035034,-23.657689261436463,-0.10688875731430017,1440,0.2,0.32210702,0.0003,0.013814590347465128,0.686328125,-0.12410254031419754,0.7928155660629272
0.0,146,1306,299008,50.0,228,-4.19064383,0.13836932182312012,-23.61828649044037,-0.10746413227170706,1450,0.2,0.25649536,0.0003,0.01751648699864745,0.681884765625,-0.1311616748571396,0.7913125157356262
0.0,147,1304,301056,50.0,230,-4.15052304,0.16868937015533447,-23.580890774726868,-0.11191112607484684,1460,0.2,0.27784303,0.0003,0.013377874449361116,0.68564453125,-0.14314676821231842,0.7900162935256958
0.0,148,1304,303104,50.0,232,-4.18527582,0.22386139631271362,-23.5500910282135,-0.1153736989479512,1470,0.2,0.31958002,0.0003,0.009840282436925918,0.688720703125,-0.1452661007642746,0.7891077995300293
0.0,149,1304,305152,50.0,233,-4.21567271,0.19922083616256714,-23.53599750995636,-0.11029852534411475,1480,0.2,0.28056616,0.0003,0.012472814077045768,0.68564453125,-0.13837698101997375,0.7884973883628845
0.0,150,1304,307200,50.0,235,-4.22246691,0.21549111604690552,-23.502084732055664,-0.10653437402215786,1490,0.2,0.2753551,0.0003,0.016576587001327425,0.685498046875,-0.13139837980270386,0.7869792580604553
0.0,151,1304,309248,50.0,237,-4.180849169999999,0.12852901220321655,-23.475378561019898,-0.11435039455536752,1500,0.2,0.3306441,0.0003,0.014361274160910398,0.68564453125,-0.1389005184173584,0.7863789796829224
0.0,152,1304,311296,50.0,238,-4.2487204,0.22763991355895996,-23.437640953063966,-0.11285421631764621,1510,0.2,0.30839399,0.0003,0.017662844236474483,0.687841796875,-0.13646309077739716,0.7845884561538696
0.0,153,1304,313344,50.0,240,-4.2541297799999995,0.0736534595489502,-23.403873562812805,-0.11307673631235957,1520,0.2,0.27880067,0.0003,0.014451492624357343,0.7021484375,-0.14021024107933044,0.7836686968803406
0.0,154,1304,315392,50.0,241,-4.15187347,0.1972704529762268,-23.381613278388976,-0.11115701995440759,1530,0.2,0.29203582,0.0003,0.01719721860717982,0.679345703125,-0.14271697402000427,0.7829774022102356
0.0,155,1304,317440,50.0,243,-4.12512641,0.23471063375473022,-23.341863131523134,-0.1117513860866893,1540,0.2,0.29659826,0.0003,0.01816753394668922,0.683154296875,-0.13825739920139313,0.7809019088745117
0.0,156,1304,319488,50.0,244,-4.1635392399999995,0.18770432472229004,-23.291025972366334,-0.11321864905767143,1550,0.2,0.2991991,0.0003,0.01365734034916386,0.696142578125,-0.14976410567760468,0.7786644697189331
0.0,157,1304,321536,50.0,246,-4.2326669500000005,0.03301972150802612,-23.23195402622223,-0.1116771504166536,1560,0.2,0.30542046,0.0003,0.011342224932741373,0.680908203125,-0.14568911492824554,0.777039110660553
0.0,158,1304,323584,50.0,248,-4.1845869,0.18480408191680908,-23.197423815727234,-0.11242134075146168,1570,0.2,0.27973276,0.0003,0.012374489381909371,0.678369140625,-0.1462928056716919,0.775647759437561
0.0,159,1304,325632,50.0,249,-4.16878612,-0.015195250511169434,-23.137856245040894,-0.10628016623668372,1580,0.2,0.31886727,0.0003,0.009494478238048032,0.688330078125,-0.13912098109722137,0.7732231020927429
0.0,160,1304,327680,50.0,251,-4.1575486999999995,0.2023966908454895,-23.098141980171203,-0.10691545888548717,1590,0.2,0.31417862,0.0003,0.01539939852664247,0.686962890625,-0.1277957558631897,0.7719794511795044
0.0,161,1304,329728,50.0,252,-4.154024779999999,0.16731303930282593,-23.07338080406189,-0.102562744775787,1600,0.2,0.2995595,0.0003,0.015349887637421488,0.686865234375,-0.13008083403110504,0.7711102366447449
0.0,162,1304,331776,50.0,254,-4.16046565,0.1987813115119934,-23.058745622634888,-0.11280418259557337,1610,0.2,0.3440572,0.0003,0.014129979163408279,0.70576171875,-0.14195910096168518,0.7708767056465149
0.0,163,1304,333824,50.0,255,-4.178801479999999,0.1938989758491516,-23.035566401481628,-0.10449577611871064,1620,0.2,0.30258733,0.0003,0.014791434770449996,0.682861328125,-0.1335553228855133,0.7697084546089172
0.0,164,1304,335872,50.0,257,-4.174884199999999,0.15380322933197021,-23.005728077888488,-0.10325119206681847,1630,0.2,0.26576665,0.0003,0.011384572717361152,0.679541015625,-0.13036474585533142,0.7682766914367676
0.0,165,1304,337920,50.0,258,-4.09989884,0.16497761011123657,-22.970526266098023,-0.11067196915391833,1640,0.2,0.32685205,0.0003,0.01261830935254693,0.69580078125,-0.1369951218366623,0.7672280073165894
0.0,166,1304,339968,50.0,260,-4.0897695899999995,-0.007746458053588867,-22.95063896179199,-0.1063325924333185,1650,0.2,0.31690055,0.0003,0.010802569496445358,0.685791015625,-0.1348385065793991,0.7667775750160217
0.0,167,1304,342016,50.0,262,-4.1172078899999995,-0.02639305591583252,-22.922793006896974,-0.11293369844788685,1660,0.2,0.30540264,0.0003,0.015970362268853934,0.706494140625,-0.1447959840297699,0.7652226090431213
0.0,168,1304,344064,50.0,263,-4.128368910000001,0.1517048478126526,-22.876435494422914,-0.10845442422432824,1670,0.2,0.33286452,0.0003,0.011704243707936258,0.677294921875,-0.1397416591644287,0.7633051872253418
0.0,169,1305,346112,50.0,265,-4.14418613,-0.011283040046691895,-22.848938488960265,-0.10650658151134848,1680,0.2,0.3013851,0.0003,0.015506452694535256,0.68828125,-0.13720357418060303,0.7627780437469482
0.0,170,1305,348160,50.0,266,-4.13174175,0.17276549339294434,-22.82592043876648,-0.10845585393253714,1690,0.2,0.3353224,0.0003,0.009795061923796311,0.693994140625,-0.1422542929649353,0.761734664440155
0.0,171,1303,350208,50.0,268,-4.08261685,0.12855219841003418,-22.80675928592682,-0.10588735431665555,1700,0.2,0.32804257,0.0003,0.010979472380131482,0.686865234375,-0.14129842817783356,0.7613754868507385
0.0,172,1303,352256,50.0,270,-4.049617899999999,0.10719764232635498,-22.78641586303711,-0.10966367638902738,1710,0.2,0.31532618,0.0003,0.011381337698549033,0.693798828125,-0.13916701078414917,0.7600534558296204
0.0,173,1303,354304,50.0,271,-4.08486208,0.19416522979736328,-22.748925805091858,-0.10525661400752143,1720,0.2,0.32077336,0.0003,0.013509022176731379,0.68671875,-0.13767755031585693,0.7586178779602051
0.0,174,1304,356352,50.0,273,-4.07737066,0.04284471273422241,-22.726188158988954,-0.10252388254739345,1730,0.2,0.29853857,0.0003,0.013167870929464698,0.687646484375,-0.13240860402584076,0.7582467794418335
0.0,175,1304,358400,50.0,274,-4.03625473,0.10117602348327637,-22.69879791736603,-0.11027741752332076,1740,0.2,0.3092991,0.0003,0.012904486153274775,0.6927734375,-0.14108715951442719,0.756670355796814
0.0,176,1304,360448,50.0,276,-4.0896484200000005,0.24090129137039185,-22.646743655204773,-0.1103795675910078,1750,0.2,0.3135977,0.0003,0.010417083604261279,0.6927734375,-0.1482434719800949,0.7548654675483704
0.0,177,1304,362496,50.0,277,-4.13878768,0.2065051794052124,-22.615642857551574,-0.11171780060685706,1760,0.2,0.3562257,0.0003,0.012509496067650616,0.700830078125,-0.14080220460891724,0.7540575861930847
0.0,178,1304,364544,50.0,279,-4.1361571999999995,0.16358453035354614,-22.603485822677612,-0.11106579226907343,1770,0.2,0.35225332,0.0003,0.011264798883348703,0.69638671875,-0.13746735453605652,0.753673255443573
0.0,179,1304,366592,50.0,281,-4.1151700700000005,0.15391945838928223,-22.581223964691162,-0.11105092795332894,1780,0.2,0.34006822,0.0003,0.01318250639596954,0.695703125,-0.13361158967018127,0.7519660592079163
0.0,180,1304,368640,50.0,282,-4.0403107899999995,0.16937333345413208,-22.524105024337768,-0.11280681346543134,1790,0.2,0.34891322,0.0003,0.012324768281541765,0.709521484375,-0.14410947263240814,0.7501953840255737
0.0,181,1304,370688,50.0,284,-4.087173959999999,0.1949499249458313,-22.482745862007143,-0.1104911434231326,1800,0.2,0.32293612,0.0003,0.010746934486087411,0.693896484375,-0.14375537633895874,0.7481032609939575
0.0,182,1304,372736,50.0,285,-4.0762266,0.17777138948440552,-22.443031120300294,-0.11044346505077555,1810,0.2,0.3440913,0.0003,0.016798061795998364,0.706201171875,-0.13593317568302155,0.7475578188896179
0.0,183,1304,374784,50.0,287,-4.05049095,0.16900920867919922,-22.41877121925354,-0.11268135256832465,1820,0.2,0.33914182,0.0003,0.011649841035250574,0.69736328125,-0.13989007472991943,0.7462491989135742
0.0,184,1304,376832,50.0,288,-4.04589361,0.09004426002502441,-22.387891316413878,-0.11051189008867368,1830,0.2,0.34383237,0.0003,0.010802847088780255,0.68984375,-0.13611441850662231,0.7450223565101624
0.0,185,1304,378880,50.0,290,-4.041551020000001,0.24805110692977905,-22.342507696151735,-0.11166029790183529,1840,0.2,0.351687,0.0003,0.0077221118495799605,0.702197265625,-0.1423669159412384,0.7433518171310425
0.0,186,1305,380928,50.0,291,-4.04220452,0.06144195795059204,-22.309856867790224,-0.1085746675496921,1850,0.2,0.33208412,0.0003,0.01233142988057807,0.691162109375,-0.12990818917751312,0.7424982786178589
0.0,187,1305,382976,50.0,293,-4.01250217,0.22623401880264282,-22.27173833847046,-0.1052391417848412,1860,0.2,0.35122082,0.0003,0.012643825681880116,0.70107421875,-0.11359172314405441,0.7409108877182007
0.0,188,1305,385024,50.0,295,-3.99210615,0.22284626960754395,-22.235522055625914,-0.1087256732629612,1870,0.2,0.34607917,0.0003,0.012913274927996099,0.706591796875,-0.14070849120616913,0.7399588227272034
0.0,189,1305,387072,50.0,296,-4.05388884,0.26534950733184814,-22.216941666603088,-0.10527298475499265,1880,0.2,0.37181693,0.0003,0.009375274030026049,0.707080078125,-0.13368931412696838,0.7391146421432495
0.0,190,1305,389120,50.0,298,-4.063965540000001,0.21926701068878174,-22.176992845535278,-0.10597265143878758,1890,0.2,0.34615284,0.0003,0.014123621606267988,0.70458984375,-0.1325002759695053,0.7373600006103516
0.0,191,1305,391168,50.0,299,-4.06601336,0.15753036737442017,-22.140847516059875,-0.1077169922995381,1900,0.2,0.3447657,0.0003,0.010884922393597663,0.716064453125,-0.14015541970729828,0.7365870475769043
0.0,192,1305,393216,50.0,301,-4.018205030000001,0.20967739820480347,-22.10332581996918,-0.10996790657518432,1910,0.2,0.32543355,0.0003,0.011867228290066123,0.702685546875,-0.1422313004732132,0.7343841791152954
0.0,193,1305,395264,50.0,302,-3.9930138900000003,0.0360640287399292,-22.06910684108734,-0.1036148481653072,1920,0.2,0.38221738,0.0003,0.012291824596468359,0.70439453125,-0.138936385512352,0.7340062856674194
0.0,194,1305,397312,50.0,304,-4.089403529999999,0.1355907917022705,-22.046954822540282,-0.10325883354526014,1930,0.2,0.3820525,0.0003,0.009881271026097238,0.702294921875,-0.13404116034507751,0.7326698899269104
0.0,195,1305,399360,50.0,305,-4.0947534999999995,0.1016952395439148,-22.01119167804718,-0.111936786910519,1940,0.2,0.3577107,0.0003,0.011136366217397154,0.70927734375,-0.14726072549819946,0.7317404747009277
0.0,196,1304,401408,50.0,307,-4.08372625,0.18173706531524658,-21.985156297683716,-0.11012299952562898,1950,0.2,0.40152442,0.0003,0.01152436073170975,0.696484375,-0.12840424478054047,0.7307100296020508
0.0,197,1304,403456,50.0,309,-4.068905930000001,0.14762479066848755,-21.9575483083725,-0.1104142262134701,1960,0.2,0.46333772,0.0003,0.012814827775582672,0.71337890625,-0.1380494087934494,0.7296913266181946
0.0,198,1304,405504,50.0,310,-4.07844332,0.16902828216552734,-21.934199810028076,-0.11361903601791709,1970,0.2,0.40605542,0.0003,0.012378813908435404,0.7146484375,-0.13206902146339417,0.7287643551826477
0.0,199,1304,407552,50.0,312,-4.1203515600000005,0.05229008197784424,-21.904052257537842,-0.10253443358233198,1980,0.2,0.3866604,0.0003,0.008657251525437459,0.69404296875,-0.13033880293369293,0.7277575731277466
0.0,200,1304,409600,50.0,314,-4.16695188,0.2017197608947754,-21.867946529388426,-0.10861838897690176,1990,0.2,0.36248606,0.0003,0.010592296009417624,0.716796875,-0.1351505070924759,0.7261654138565063
0.0,201,1304,411648,50.0,315,-4.136463040000001,0.1885424256324768,-21.822032928466797,-0.10719385221600533,2000,0.2,0.35467207,0.0003,0.01192213965114206,0.70205078125,-0.13583481311798096,0.7250191569328308
0.0,202,1304,413696,50.0,317,-4.05453624,0.08089399337768555,-21.79336247444153,-0.10502270361175761,2010,0.2,0.42861614,0.0003,0.015392294840421528,0.716259765625,-0.1271369755268097,0.7239363789558411
0.0,203,1304,415744,50.0,318,-4.0751655,0.1245923638343811,-21.770592355728148,-0.10653670533210971,2020,0.2,0.4529064,0.0003,0.01044493512599729,0.70234375,-0.14029039442539215,0.7233802080154419
0.0,204,1304,417792,50.0,320,-4.08138205,0.19774609804153442,-21.737462711334228,-0.10923456244636327,2030,0.2,0.3743268,0.0003,0.010063413681928068,0.717578125,-0.13621142506599426,0.7215636968612671
0.0,205,1304,419840,50.0,321,-4.06723079,0.08983993530273438,-21.696248483657836,-0.11220518111949787,2040,0.2,0.39330757,0.0003,0.010268075519707053,0.7037109375,-0.14592896401882172,0.7201235890388489
0.0,206,1304,421888,50.0,323,-4.04449922,0.07927316427230835,-21.64423198699951,-0.1130757215199992,2050,0.2,0.38910472,0.0003,0.012556017388124018,0.721826171875,-0.14685901999473572,0.7183505892753601
0.0,207,1304,423936,50.0,324,-4.051897520000001,0.08240067958831787,-21.618049812316894,-0.10908100777305663,2060,0.2,0.4470468,0.0003,0.007998146570753307,0.71875,-0.1396692544221878,0.7178493142127991
0.0,208,1304,425984,50.0,326,-4.05813819,-0.0025638341903686523,-21.577528285980225,-0.10989014154183678,2070,0.2,0.3875451,0.0003,0.011975098657421768,0.70546875,-0.14318138360977173,0.7160927653312683
0.0,209,1305,428032,50.0,327,-4.05924997,0.09533530473709106,-21.53887574672699,-0.10697083242703229,2080,0.2,0.40187776,0.0003,0.01453592247562483,0.721142578125,-0.13752241432666779,0.7152191400527954
0.0,210,1305,430080,50.0,329,-4.0324221499999995,0.11937922239303589,-21.501665449142457,-0.10450567950028926,2090,0.2,0.38716686,0.0003,0.013966979924589396,0.709521484375,-0.13819552958011627,0.7133766412734985
0.0,211,1305,432128,50.0,331,-4.0432633,0.0675591230392456,-21.465858364105223,-0.10442218286916613,2100,0.2,0.4171841,0.0003,0.010447021300205962,0.712158203125,-0.13630090653896332,0.7124053835868835
0.0,212,1305,434176,50.0,332,-4.02136856,-0.0631183385848999,-21.43978819847107,-0.10753733390010893,2110,0.2,0.39234862,0.0003,0.014735819573979824,0.71484375,-0.13500751554965973,0.7115747332572937
0.0,213,1305,436224,50.0,334,-4.067986390000001,0.09009677171707153,-21.401107811927794,-0.1090010869957041,2120,0.2,0.41425723,0.0003,0.01031017757486552,0.705419921875,-0.13538849353790283,0.7101678252220154
0.0,214,1305,438272,50.0,335,-4.04923452,0.15540963411331177,-21.37811644077301,-0.1072574202727992,2130,0.2,0.420668,0.0003,0.011470642220228911,0.714453125,-0.13404981791973114,0.709743857383728
0.0,215,1305,440320,50.0,337,-4.012484799999999,0.11151427030563354,-21.37021675109863,-0.10774523619329557,2140,0.2,0.4522593,0.0003,0.01152554047293961,0.7216796875,-0.13751643896102905,0.709821879863739
0.0,216,1305,442368,50.0,338,-3.9849001100000003,0.19049209356307983,-21.34376037120819,-0.10856386261293664,2150,0.2,0.4217065,0.0003,0.009145960106980055,0.714892578125,-0.1388997733592987,0.708051860332489
0.0,217,1306,444416,50.0,340,-3.98498529,0.19072097539901733,-21.281633806228637,-0.11135701538296416,2160,0.2,0.4076149,0.0003,0.010210834327153862,0.706689453125,-0.13857388496398926,0.7052167057991028
0.0,218,1306,446464,50.0,341,-4.0440427,0.12150830030441284,-21.222006225585936,-0.1088780160760507,2170,0.2,0.40381193,0.0003,0.010547753714490682,0.71533203125,-0.1424380987882614,0.7038910388946533
0.0,219,1306,448512,50.0,343,-4.06366143,0.028492510318756104,-21.178518867492677,-0.10839646534295752,2180,0.2,0.41286117,0.0003,0.009791194694116712,0.7125,-0.1376267820596695,0.702884316444397
0.0,220,1304,450560,50.0,345,-4.080362399999999,-0.08315467834472656,-21.170658040046693,-0.1075233869254589,2190,0.2,0.40061727,0.0003,0.013245805248152465,0.714111328125,-0.1421133577823639,0.7028452157974243
0.0,221,1305,452608,50.0,346,-4.09599126,0.06640708446502686,-21.150275444984437,-0.10567994054872543,2200,0.2,0.403899,0.0003,0.01131519383052364,0.708837890625,-0.12539948523044586,0.7018857002258301
0.0,222,1305,454656,50.0,348,-4.078656820000001,0.05607306957244873,-21.123026371002197,-0.1061713338829577,2210,0.2,0.42540258,0.0003,0.01122467553941533,0.712744140625,-0.13375839591026306,0.7010275721549988
0.0,223,1305,456704,50.0,349,-4.02170944,0.1590949296951294,-21.113912057876586,-0.11033143033273518,2220,0.2,0.41927665,0.0003,0.008305419818498194,0.715869140625,-0.13971641659736633,0.7009965181350708
0.0,224,1305,458752,50.0,351,-4.03297239,0.08026981353759766,-21.095487904548644,-0.11250144918449223,2230,0.2,0.4433447,0.0003,0.007571634551277384,0.72900390625,-0.13864640891551971,0.6998658776283264
0.0,225,1305,460800,50.0,352,-4.040092080000001,0.10445636510848999,-21.071790885925292,-0.1054590473882854,2240,0.2,0.4698056,0.0003,0.0124097756925039,0.7171875,-0.13384105265140533,0.6997536420822144
0.0,226,1305,462848,50.0,354,-4.03267341,-0.04993796348571777,-21.05792999267578,-0.10355125279165804,2250,0.2,0.47198996,0.0003,0.012046867294702678,0.7271484375,-0.13503675162792206,0.6989585757255554
0.0,227,1305,464896,50.0,356,-4.01920713,-0.11091732978820801,-21.034694933891295,-0.10753148157382383,2260,0.2,0.45008078,0.0003,0.0124898977461271,0.726123046875,-0.13540785014629364,0.6978238224983215
0.0,228,1284,466944,50.0,363,-4.01462042,-0.037786006927490234,-20.99458854198456,-0.1024947463069111,2270,0.2,0.3917458,0.0003,0.011279888125136495,0.70625,-0.13530027866363525,0.6969209909439087
0.0,229,1284,468992,50.0,365,-4.011676560000001,0.029407620429992676,-20.971132612228395,-0.10623726304620504,2280,0.2,0.43627238,0.0003,0.010020829329732805,0.710546875,-0.13054989278316498,0.6958690881729126
0.0,230,1284,471040,50.0,366,-4.05350261,0.07799553871154785,-20.935007977485657,-0.10837203310802579,2290,0.2,0.42369097,0.0003,0.010463065467774868,0.72421875,-0.1446315497159958,0.6946561932563782
0.0,231,1284,473088,50.0,368,-4.04524168,0.023176848888397217,-20.90955924987793,-0.10563836337532848,2300,0.2,0.43686485,0.0003,0.01116879474138841,0.72080078125,-0.13509130477905273,0.6938744187355042
0.0,232,1285,475136,50.0,369,-4.034749399999999,0.09169137477874756,-20.878692317008973,-0.10445226898882538,2310,0.2,0.39342216,0.0003,0.007441471435595304,0.714697265625,-0.15013375878334045,0.6924664974212646
0.0,233,1285,477184,50.0,371,-4.01873886,-0.07171809673309326,-20.85478985309601,-0.10785668108146637,2320,0.2,0.4403849,0.0003,0.014468571601901204,0.715380859375,-0.140577033162117,0.6918252110481262
0.0,234,1285,479232,50.0,372,-4.088697120000001,0.1752023696899414,-20.816412806510925,-0.10678994099143893,2330,0.2,0.4267519,0.0003,0.009551741316681728,0.722265625,-0.13869436085224152,0.6904381513595581
0.0,235,1285,481280,50.0,374,-4.09989951,0.05048644542694092,-20.779032731056212,-0.10915318243205548,2340,0.2,0.43895218,0.0003,0.011418454232625663,0.71611328125,-0.13752208650112152,0.6894208192825317
0.0,236,1285,483328,50.0,375,-4.0366284199999996,0.1343594193458557,-20.753491592407226,-0.10466972659341992,2350,0.2,0.4459575,0.0003,0.012009863450657576,0.722412109375,-0.128400981426239,0.6883507966995239
0.0,237,1285,485376,50.0,377,-4.006333200000001,0.08177834749221802,-20.71547544002533,-0.10852453144034371,2360,0.2,0.48045087,0.0003,0.010765839554369449,0.727587890625,-0.13457973301410675,0.6872283816337585
0.0,238,1285,487424,50.0,379,-4.039699700000001,0.1134495735168457,-20.69313895702362,-0.10730910218553617,2370,0.2,0.4079873,0.0003,0.011858428060077131,0.716064453125,-0.1407797634601593,0.6870570182800293
0.0,239,1285,489472,50.0,380,-4.032461060000001,0.18221288919448853,-20.67536828517914,-0.10482466343382839,2380,0.2,0.43368894,0.0003,0.01307127020554617,0.709326171875,-0.12989644706249237,0.6857940554618835
0.0,240,1286,491520,50.0,382,-4.038089629999999,0.11451584100723267,-20.635763669013976,-0.10941747350152582,2390,0.2,0.4805727,0.0003,0.01149509841343388,0.7232421875,-0.13639885187149048,0.6848257780075073
0.0,241,1286,493568,50.0,383,-4.027751969999999,0.132581889629364,-20.612922191619873,-0.10793274885509163,2400,0.2,0.40710595,0.0003,0.012261070020031184,0.7255859375,-0.1306711733341217,0.6840527057647705
0.0,242,1286,495616,50.0,385,-4.053447800000001,0.1630602478981018,-20.58236231803894,-0.10662169834249653,2410,0.2,0.42325485,0.0003,0.013624492927920073,0.712744140625,-0.13519369065761566,0.6830413937568665
0.0,243,1287,497664,50.0,386,-4.0347704,0.06162530183792114,-20.5488263130188,-0.11179331477032975,2420,0.2,0.4254944,0.0003,0.01395770525559783,0.723486328125,-0.14053790271282196,0.6817408204078674
0.0,244,1287,499712,50.0,388,-3.9911419,0.19702404737472534,-20.509736371040344,-0.10693811116507276,2430,0.2,0.45133686,0.0003,0.010573165910318493,0.731591796875,-0.13796398043632507,0.6805881261825562
0.0,245,1286,501760,50.0,390,-4.000134140000001,0.2022942304611206,-20.48251042366028,-0.10638210122706368,2440,0.2,0.4817909,0.0003,0.010829009104054422,0.7287109375,-0.13562747836112976,0.6797191500663757
0.0,246,1286,503808,50.0,391,-4.019029939999999,0.19516724348068237,-20.44754660129547,-0.11126912693143823,2450,0.2,0.45645094,0.0003,0.012517462484538555,0.725830078125,-0.13791079819202423,0.6779869794845581
0.0,247,1286,505856,50.0,393,-4.00607353,0.27140283584594727,-20.406318259239196,-0.1053586715599522,2460,0.2,0.47448,0.0003,0.011671408778056502,0.724853515625,-0.13532786071300507,0.6770728230476379
0.0,248,1287,507904,50.0,394,-3.9768573699999994,0.09236806631088257,-20.374620342254637,-0.10889268581522629,2470,0.2,0.46946847,0.0003,0.011082946578972042,0.72119140625,-0.14143705368041992,0.675685465335846
0.0,249,1287,509952,50.0,396,-3.9701262600000007,0.2759459614753723,-20.336134219169615,-0.1049943379824981,2480,0.2,0.41943157,0.0003,0.008954455435741693,0.72373046875,-0.13057367503643036,0.6742959022521973
0.0,250,1287,512000,50.0,397,-4.00863732,0.23582994937896729,-20.291629552841187,-0.10647859525633976,2490,0.2,0.48665893,0.0003,0.011365918151568621,0.740966796875,-0.12920787930488586,0.6726151704788208
0.0,251,1287,514048,50.0,399,-4.01012671,0.20663827657699585,-20.25554072856903,-0.10576126131345517,2500,0.2,0.42796043,0.0003,0.013827439118176698,0.716015625,-0.12128349393606186,0.6718502640724182
0.0,252,1288,516096,50.0,400,-4.048518759999999,0.23823708295822144,-20.233233737945557,-0.10327052301436197,2510,0.2,0.49789238,0.0003,0.01356842543464154,0.738916015625,-0.13202068209648132,0.6711302995681763
0.0,253,1288,518144,50.0,402,-4.010858259999999,0.2738390564918518,-20.17551484107971,-0.10225603297585621,2520,0.2,0.44634557,0.0003,0.013953032379504293,0.719482421875,-0.12993688881397247,0.668559193611145
0.0,254,1288,520192,50.0,403,-3.9733149999999995,0.2567562460899353,-20.121546149253845,-0.10080526600941084,2530,0.2,0.49193007,0.0003,0.015330262272618711,0.72265625,-0.13073407113552094,0.6674624681472778
0.0,255,1288,522240,50.0,405,-3.9675347399999996,0.23372173309326172,-20.077412819862367,-0.10471451177727431,2540,0.2,0.46248782,0.0003,0.013957301701884717,0.722998046875,-0.13255949318408966,0.6655726432800293
0.0,256,1288,524288,50.0,406,-4.01030125,0.3526621460914612,-20.036583399772645,-0.09966546920477412,2550,0.2,0.4865821,0.0003,0.013584329094737769,0.71806640625,-0.11767510324716568,0.6645930409431458
0.0,257,1289,526336,50.0,408,-3.9977599299999995,0.22133249044418335,-20.001814866065978,-0.10764516525669024,2560,0.2,0.43637335,0.0003,0.014290637476369739,0.72158203125,-0.14501680433750153,0.6631180047988892
0.0,258,1289,528384,50.0,409,-4.012545589999999,0.26596254110336304,-19.964877128601074,-0.10325385145843029,2570,0.2,0.45759293,0.0003,0.011222803499549627,0.74130859375,-0.13879407942295074,0.6622174978256226
0.0,259,1289,530432,50.0,411,-4.0487043300000005,0.25989311933517456,-19.93303511142731,-0.10169787746854127,2580,0.2,0.46653956,0.0003,0.008935636735986918,0.72744140625,-0.12755495309829712,0.6609887480735779
0.0,260,1289,532480,50.0,412,-4.048835189999999,0.2373431921005249,-19.891126346588134,-0.10009565608925186,2590,0.2,0.4829523,0.0003,0.01689090746222064,0.71630859375,-0.13136588037014008,0.6596064567565918
0.0,261,1289,534528,50.0,414,-3.9887026299999997,0.2672140598297119,-19.83407816886902,-0.10940523728495463,2600,0.2,0.44090724,0.0003,0.01686901112552732,0.724365234375,-0.13521519303321838,0.6571310758590698
0.0,262,1290,536576,50.0,415,-3.97541428,0.19816893339157104,-19.772125697135927,-0.11040439862990752,2610,0.2,0.53582835,0.0003,0.012813452107366174,0.730322265625,-0.13594311475753784,0.6558093428611755
0.0,263,1290,538624,50.0,417,-3.97879461,0.3388414978981018,-19.737078976631164,-0.10524229546426796,2620,0.2,0.5074254,0.0003,0.01445987558690831,0.73076171875,-0.126649871468544,0.6546899676322937
0.0,264,1290,540672,50.0,419,-3.9912741900000004,0.2620342969894409,-19.70557496547699,-0.10544506532605738,2630,0.2,0.5362387,0.0003,0.014373572124168277,0.728857421875,-0.13664187490940094,0.6540696024894714
0.0,265,1290,542720,50.0,420,-3.9359454100000004,0.35168933868408203,-19.682712197303772,-0.10183268500259146,2640,0.2,0.51978874,0.0003,0.012450417736545205,0.7384765625,-0.13350175321102142,0.6528699398040771
0.0,266,1290,544768,50.0,422,-3.9952428,0.21298331022262573,-19.632891035079957,-0.10778347785817459,2650,0.2,0.5535836,0.0003,0.010860768391285091,0.734228515625,-0.13314524292945862,0.6512789726257324
0.0,267,1290,546816,50.0,423,-3.9945803600000005,0.31720662117004395,-19.570005202293395,-0.10857520110730548,2660,0.2,0.7365701,0.0003,0.013969530188478529,0.73916015625,-0.13451586663722992,0.6489914059638977
0.0,268,1290,548864,50.0,425,-4.01146629,0.3918013572692871,-19.519629454612733,-0.1109754389966838,2670,0.2,0.47557765,0.0003,0.011108246282674372,0.748291015625,-0.13891249895095825,0.6479315757751465
0.0,269,1289,550912,50.0,427,-3.9903691400000003,0.27640944719314575,-19.48114116191864,-0.10564972271677106,2680,0.2,0.48792532,0.0003,0.012396824185270817,0.737646484375,-0.13230590522289276,0.6467932462692261
0.0,270,1289,552960,50.0,428,-3.9514729599999994,0.15528267621994019,-19.438567566871644,-0.10445156012428924,2690,0.2,0.57234186,0.0003,0.011079425772186369,0.724951171875,-0.12604308128356934,0.6451932787895203
0.0,271,1289,555008,50.0,430,-3.9091225899999995,0.30324316024780273,-19.399997615814208,-0.10418184094596654,2700,0.2,0.51654315,0.0003,0.01072497870773077,0.739697265625,-0.13261426985263824,0.6444458365440369
0.0,272,1289,557056,50.0,431,-3.9403831200000003,0.2580256462097168,-19.374854946136473,-0.10424719664733857,2710,0.2,0.48230478,0.0003,0.011866380961146205,0.72119140625,-0.13694511353969574,0.6436680555343628
0.0,273,1289,559104,50.0,433,-3.9470328599999998,0.28979063034057617,-19.351061987876893,-0.10040415129624307,2720,0.2,0.6126883,0.0003,0.012389606691431253,0.73916015625,-0.12249975651502609,0.6431980729103088
0.0,274,1289,561152,50.0,435,-3.9520446099999997,0.15984421968460083,-19.34143536090851,-0.10386604007217101,2730,0.2,0.47014236,0.0003,0.012614927010145039,0.73515625,-0.13304270803928375,0.642652690410614
0.0,275,1289,563200,50.0,436,-3.9554420799999996,0.13865184783935547,-19.33325927257538,-0.10225244048051536,2740,0.2,0.4674781,0.0003,0.01294588929740712,0.735107421875,-0.12852665781974792,0.642421543598175
0.0,276,1289,565248,50.0,438,-3.9236266099999995,0.18891555070877075,-19.30983054637909,-0.10463785296306014,2750,0.2,0.5482224,0.0003,0.01785343778319657,0.746533203125,-0.13155320286750793,0.6414902210235596
0.0,277,1289,567296,50.0,439,-3.949170000000001,0.39176881313323975,-19.276293897628783,-0.10542767165461556,2760,0.2,0.5190748,0.0003,0.008373834274243564,0.736376953125,-0.14142897725105286,0.6405866146087646
0.0,278,1290,569344,50.0,441,-4.01055531,0.3039736747741699,-19.258588743209838,-0.10713639833847992,2770,0.2,0.51006997,0.0003,0.010650710621848702,0.7359375,-0.13374052941799164,0.640285313129425
0.0,279,1290,571392,50.0,442,-4.004263259999999,0.2962799668312073,-19.230610013008118,-0.10229531402874273,2780,0.2,0.5019162,0.0003,0.00906156626297161,0.72783203125,-0.14102141559123993,0.6391542553901672
0.0,280,1290,573440,50.0,444,-3.98003937,0.2437569499015808,-19.20644052028656,-0.09768201524857431,2790,0.2,0.53225416,0.0003,0.012287011841544881,0.74404296875,-0.12852473556995392,0.638874351978302
0.0,281,1290,575488,50.0,445,-3.95997024,0.22826814651489258,-19.19031708240509,-0.10717901246389375,2800,0.2,0.48662943,0.0003,0.010522112029138952,0.742724609375,-0.14071135222911835,0.6378756761550903
0.0,282,1290,577536,50.0,447,-3.9673242600000003,0.3765811324119568,-19.15874240398407,-0.11011558440513909,2810,0.2,0.5734375,0.0003,0.009801342349965126,0.738623046875,-0.14011245965957642,0.637511134147644
0.0,283,1290,579584,50.0,449,-3.95484165,0.19142955541610718,-19.143503379821777,-0.1044121477403678,2820,0.2,0.51395845,0.0003,0.01341722229262814,0.739404296875,-0.1242823675274849,0.6369032859802246
0.0,284,1290,581632,50.0,450,-3.9639076600000003,0.3629117012023926,-19.127732133865358,-0.11037758686579764,2830,0.2,0.50583446,0.0003,0.008501381322275847,0.73232421875,-0.13831374049186707,0.6365423202514648
0.0,285,1290,583680,50.0,452,-3.9338896699999997,0.15369927883148193,-19.107265758514405,-0.0977065779879922,2840,0.2,0.5459894,0.0003,0.00856829906697385,0.736669921875,-0.12862713634967804,0.6356998682022095
0.0,286,1290,585728,50.0,453,-3.9366996599999995,0.1784549355506897,-19.09118731021881,-0.10395053767133504,2850,0.2,0.6190136,0.0003,0.007318016496719792,0.7365234375,-0.14169499278068542,0.636027991771698
0.0,287,1290,587776,50.0,455,-3.9289429199999995,0.235301673412323,-19.095082020759584,-0.09898859881795943,2860,0.2,0.615507,0.0003,0.009982154367025941,0.7392578125,-0.13998788595199585,0.6358169317245483
0.0,288,1291,589824,50.0,456,-3.94475534,0.22692739963531494,-19.095789861679076,-0.09998277357080951,2870,0.2,0.5662005,0.0003,0.012372586678247898,0.739404296875,-0.12984733283519745,0.6359620094299316
0.0,289,1291,591872,50.0,458,-3.94524605,0.29146087169647217,-19.075499367713928,-0.09830156728858128,2880,0.2,0.53839123,0.0003,0.008505647140555083,0.740576171875,-0.13979186117649078,0.6342347264289856
0.0,290,1291,593920,50.0,459,-3.91412244,0.3105866312980652,-19.034061455726622,-0.10514162430772558,2890,0.2,0.4882735,0.0003,0.012135242111980915,0.73193359375,-0.12900127470493317,0.6334077715873718
0.0,291,1291,595968,50.0,461,-3.92329209,0.3181171417236328,-18.98708131313324,-0.09970452023553662,2900,0.2,0.48429522,0.0003,0.009455299912951886,0.739013671875,-0.12524031102657318,0.6316462159156799
0.0,292,1291,598016,50.0,463,-3.89397466,0.336874783039093,-18.965156745910644,-0.09770827228203416,2910,0.2,0.60432494,0.0003,0.007315014500636608,0.73232421875,-0.1302088052034378,0.6318489909172058
0.0,293,1290,600064,50.0,465,-3.89940273,0.15382075309753418,-18.94529640674591,-0.10088312202715315,2920,0.2,0.63300204,0.0003,0.00868895252351649,0.74072265625,-0.12711849808692932,0.6308585405349731
0.0,294,1290,602112,50.0,466,-3.8819517199999996,0.33183395862579346,-18.921100211143493,-0.10208218278421555,2930,0.2,0.49085695,0.0003,0.011730823304969818,0.745703125,-0.1330948770046234,0.6298456192016602
0.0,295,1290,604160,50.0,468,-3.87283568,0.39763695001602173,-18.88759229183197,-0.09995469145942479,2940,0.2,0.5030575,0.0003,0.008362253982340917,0.74189453125,-0.13896064460277557,0.6287351846694946
0.0,296,1290,606208,50.0,469,-3.9104912499999993,0.4130191206932068,-18.866499137878417,-0.10494586536660791,2950,0.2,0.605613,0.0003,0.010841541725676506,0.751708984375,-0.14100904762744904,0.6283095479011536
0.0,297,1290,608256,50.0,471,-3.9862357999999993,0.38430601358413696,-18.848091220855714,-0.09984926558681764,2960,0.2,0.52184266,0.0003,0.011474668118171393,0.737255859375,-0.13047821819782257,0.6276307106018066
0.0,298,1290,610304,50.0,472,-3.95651239,0.362326443195343,-18.825781869888306,-0.0985636436380446,2970,0.2,0.55271566,0.0003,0.012983811891172082,0.742236328125,-0.12727998197078705,0.6269375681877136
0.0,299,1290,612352,50.0,474,-3.9050915500000003,0.2745816707611084,-18.794167852401735,-0.09942664892878383,2980,0.2,0.5535253,0.0003,0.01074062556726858,0.733984375,-0.13345977663993835,0.6261056065559387
0.0,300,1290,614400,50.0,475,-3.8981968900000004,0.18035471439361572,-18.79062783718109,-0.10147357092937455,2990,0.2,0.6010698,0.0003,0.010726853518281131,0.74609375,-0.13426534831523895,0.626411497592926
0.0,301,1291,616448,50.0,477,-3.92923613,0.21941494941711426,-18.787802028656007,-0.10285593592561781,3000,0.2,0.529415,0.0003,0.01364694102667272,0.740185546875,-0.13951030373573303,0.6258490085601807
0.0,302,1291,618496,50.0,479,-3.9321399899999996,0.29084914922714233,-18.761373376846315,-0.10000700713135302,3010,0.2,0.58985174,0.0003,0.01207599404733628,0.73916015625,-0.1375703662633896,0.6245490908622742
0.0,303,1291,620544,50.0,480,-3.89153311,0.29614967107772827,-18.729992198944093,-0.10659782987786456,3020,0.2,0.5328988,0.0003,0.01530458334600553,0.742431640625,-0.13107004761695862,0.6237027049064636
0.0,304,1291,622592,50.0,482,-3.9426522400000006,0.29060596227645874,-18.689453959465027,-0.1039128428674303,3030,0.2,0.5506525,0.0003,0.009768428356619552,0.740966796875,-0.12987788021564484,0.6221655011177063
0.0,305,1291,624640,50.0,483,-3.9506644,0.3442203998565674,-18.64839816093445,-0.10324442505370826,3040,0.2,0.55407953,0.0003,0.009719145356211812,0.731494140625,-0.13696931302547455,0.6210750341415405
0.0,306,1291,626688,50.0,485,-3.93852839,0.1843317151069641,-18.58687014579773,-0.10340534048154951,3050,0.2,0.5413795,0.0003,0.012154560978524387,0.741064453125,-0.12817932665348053,0.6186778545379639
0.0,307,1291,628736,50.0,486,-3.89433987,0.21221250295639038,-18.545590472221374,-0.09867399163777009,3060,0.2,0.569623,0.0003,0.011104614578653128,0.743359375,-0.13831330835819244,0.6188243627548218
0.0,308,1291,630784,50.0,488,-3.91594163,0.38965028524398804,-18.53764362335205,-0.09884051175322384,3070,0.2,0.57104015,0.0003,0.010185652202926576,0.734619140625,-0.1267816722393036,0.6181623339653015
0.0,309,1291,632832,50.0,489,-3.97403304,0.1728515625,-18.52612602710724,-0.09940171996131539,3080,0.2,0.5020072,0.0003,0.016950513003394008,0.733154296875,-0.13007639348506927,0.6178918480873108
0.0,310,1291,634880,50.0,491,-3.9851552999999997,0.20121312141418457,-18.499441576004028,-0.10063554993830622,3090,0.2,0.5162833,0.0003,0.015374217415228486,0.738037109375,-0.13332566618919373,0.6167320013046265
0.0,311,1291,636928,50.0,493,-3.95077583,0.18283939361572266,-18.456733179092407,-0.10369077139766887,3100,0.2,0.60616434,0.0003,0.012958512036129832,0.741748046875,-0.13759934902191162,0.6154457926750183
0.0,312,1291,638976,50.0,494,-3.91378317,0.3232407569885254,-18.435258150100708,-0.09785176999866962,3110,0.2,0.5068068,0.0003,0.012655064021237195,0.738427734375,-0.12479449063539505,0.6150034666061401
0.0,313,1291,641024,50.0,496,-3.8983687700000003,0.014240384101867676,-18.421472334861754,-0.10031368823256344,3120,0.2,0.5277842,0.0003,0.012978275923524052,0.7328125,-0.13286402821540833,0.6145826578140259
0.0,314,1291,643072,50.0,497,-3.9399652000000005,0.2250409722328186,-18.41026337146759,-0.10125406853621825,3130,0.2,0.5120537,0.0003,0.012568798894062639,0.73818359375,-0.14261038601398468,0.6141312122344971
0.0,315,1291,645120,50.0,499,-3.9401175500000005,0.252485990524292,-18.400702238082886,-0.10329692205414176,3140,0.2,0.52994883,0.0003,0.013558019697666169,0.747900390625,-0.13871656358242035,0.6138567328453064
0.0,316,1291,647168,50.0,500,-3.9780258200000005,0.2203657627105713,-18.380038213729858,-0.10424174539512024,3150,0.2,0.62230885,0.0003,0.010515617101918905,0.746875,-0.1358260214328766,0.6131293177604675
0.0,317,1291,649216,50.0,502,-3.98677319,0.17649877071380615,-18.364560675621032,-0.09313205361831933,3160,0.2,0.5064566,0.0003,0.014196846564300359,0.748095703125,-0.13042578101158142,0.6128672361373901
0.0,318,1291,651264,50.0,504,-3.9705063800000007,0.22161149978637695,-18.337236285209656,-0.09437251087510959,3170,0.2,0.52892196,0.0003,0.012231668434105813,0.741796875,-0.09174390882253647,0.6117112040519714
0.0,319,1291,653312,50.0,505,-3.9070383700000004,0.17739880084991455,-18.3126131772995,-0.09626061687013135,3180,0.2,0.52438444,0.0003,0.012336671026423574,0.739697265625,-0.12811648845672607,0.6113154888153076
0.0,320,1291,655360,50.0,507,-3.91087904,0.4431341290473938,-18.288805460929872,-0.09094969331054018,3190,0.2,0.5843942,0.0003,0.008936147793428972,0.740576171875,-0.114659883081913,0.6104601621627808
0.0,321,1291,657408,50.0,509,-3.9627901300000006,0.34079456329345703,-18.25663549900055,-0.09899242337560281,3200,0.2,0.49344411,0.0003,0.009986152092460543,0.747998046875,-0.1378733217716217,0.6093974113464355
0.0,322,1291,659456,50.0,510,-3.942546200000001,0.07858049869537354,-18.23316342830658,-0.09210358704440295,3210,0.2,0.44331867,0.0003,0.013573837839066983,0.72763671875,-0.11817529052495956,0.608552098274231
0.0,323,1291,661504,50.0,512,-3.9124804999999996,0.2537077069282532,-18.211593365669252,-0.09717862147372217,3220,0.2,0.5632255,0.0003,0.008763124805409462,0.740283203125,-0.12964148819446564,0.6084241271018982
0.0,324,1291,663552,50.0,513,-3.9312097900000005,0.009537100791931152,-18.2009263753891,-0.09859077150467783,3230,0.2,0.5306269,0.0003,0.00861211025621742,0.757421875,-0.14133794605731964,0.6078675985336304
0.0,325,1291,665600,50.0,515,-3.9804904899999993,0.2917053699493408,-18.171004796028136,-0.0984710201388225,3240,0.2,0.5384708,0.0003,0.012604583089705556,0.74150390625,-0.129574716091156,0.606014609336853
0.0,326,1291,667648,50.0,516,-3.9771480400000008,0.1787787675857544,-18.11122567653656,-0.09354146000696346,3250,0.2,0.4731872,0.0003,0.010618313949089497,0.74033203125,-0.13384519517421722,0.6044093370437622
0.0,327,1291,669696,50.0,518,-3.9085713099999997,0.20962846279144287,-18.047438788414002,-0.0991462190169841,3260,0.2,0.54798067,0.0003,0.009012165543390438,0.734423828125,-0.14027459919452667,0.6020689010620117
0.0,328,1291,671744,50.0,520,-3.8725694999999996,0.3143766522407532,-17.997184443473817,-0.09199476644862443,3270,0.2,0.50800043,0.0003,0.010772039368748664,0.74736328125,-0.1261480152606964,0.601403534412384
0.0,329,1291,673792,50.0,521,-3.89113745,0.260409951210022,-17.974093079566956,-0.0893103557638824,3280,0.2,0.4861921,0.0003,0.010987384000327439,0.737548828125,-0.1259617805480957,0.6007394790649414
0.0,330,1291,675840,50.0,523,-3.8500663799999995,0.3164018988609314,-17.946014285087585,-0.09805560676613823,3290,0.2,0.5953616,0.0003,0.008694948448101059,0.757470703125,-0.1362341046333313,0.5999329686164856
0.0,331,1291,677888,50.0,524,-3.8349578599999994,0.40962332487106323,-17.91830096244812,-0.10029879545327276,3300,0.2,0.45727152,0.0003,0.009512969967909157,0.739697265625,-0.13030748069286346,0.5986164808273315
0.0,332,1292,679936,50.0,526,-3.8786162800000006,0.28762102127075195,-17.870095872879027,-0.09148437704425305,3310,0.2,0.5467529,0.0003,0.010708370758220554,0.735546875,-0.11383804678916931,0.5975590944290161
0.0,333,1292,681984,50.0,527,-3.9249114599999997,0.11868947744369507,-17.840340971946716,-0.09517304114997387,3320,0.2,0.6220144,0.0003,0.010292928270064294,0.75361328125,-0.11163580417633057,0.5965233445167542
0.0,334,1292,684032,50.0,529,-3.8893559799999995,0.1741601824760437,-17.80268187522888,-0.09467440457083284,3330,0.2,0.50896287,0.0003,0.01106948604574427,0.73740234375,-0.13150930404663086,0.5950871109962463
0.0,335,1292,686080,50.0,530,-3.8569762300000003,0.1586521863937378,-17.771717047691347,-0.08799394713714719,3340,0.2,0.574932,0.0003,0.01073585517005995,0.7427734375,-0.12028734385967255,0.5948358774185181
0.0,336,1292,688128,50.0,532,-3.8835089300000005,0.249367356300354,-17.76659677028656,-0.09484101651469246,3350,0.2,0.50054985,0.0003,0.009000702173216269,0.741552734375,-0.11704310774803162,0.5941616296768188
0.0,337,1292,690176,50.0,533,-3.89839675,0.26973772048950195,-17.757508969306947,-0.09340131581993774,3360,0.2,0.5077278,0.0003,0.01015245807939209,0.751904296875,-0.12133193016052246,0.5943119525909424
0.0,338,1292,692224,50.0,535,-3.94698791,0.07273578643798828,-17.742231965065002,-0.09533319503534585,3370,0.2,0.4867684,0.0003,0.014907326875254511,0.738720703125,-0.12283391505479813,0.5931764841079712
0.0,339,1292,694272,50.0,537,-3.9055714600000004,0.0689268708229065,-17.702494311332703,-0.10068007321096957,3380,0.2,0.51045585,0.0003,0.010469076619483531,0.73173828125,-0.14145058393478394,0.5919754505157471
0.0,340,1292,696320,50.0,538,-3.8589023100000004,0.1868419051170349,-17.659365940093995,-0.09653992062667385,3390,0.2,0.5840051,0.0003,0.011605546693317592,0.741796875,-0.11963143199682236,0.5909478664398193
0.0,341,1292,698368,50.0,540,-3.8801619000000005,0.11587685346603394,-17.633257961273195,-0.09837047337787226,3400,0.2,0.5283341,0.0003,0.015329708531498908,0.73388671875,-0.1254669427871704,0.590187668800354
0.0,342,1291,700416,50.0,542,-3.8894434399999995,0.12468034029006958,-17.62576291561127,-0.10080012893304229,3410,0.2,0.54998463,0.0003,0.01233531660400331,0.749853515625,-0.13113033771514893,0.5899562239646912
0.0,343,1291,702464,50.0,543,-3.9134226600000006,0.15641462802886963,-17.60033631324768,-0.09761356064118445,3420,0.2,0.5271917,0.0003,0.013372215174604208,0.74287109375,-0.12431446462869644,0.5890785455703735
0.0,344,1291,704512,50.0,545,-3.97447922,0.10210180282592773,-17.591991353034974,-0.10344125994015485,3430,0.2,0.57956314,0.0003,0.013005312590394169,0.746044921875,-0.12983523309230804,0.5891680121421814
0.0,345,1291,706560,50.0,546,-3.95940004,0.21707642078399658,-17.592720198631287,-0.09973030122928321,3440,0.2,0.7213072,0.0003,0.011264413688331842,0.75576171875,-0.11542527377605438,0.588802695274353
0.0,346,1292,708608,50.0,548,-3.99652495,0.3109697103500366,-17.57915530204773,-0.09812749784905464,3450,0.2,0.57140577,0.0003,0.012051901977974922,0.7373046875,-0.12097679823637009,0.5885847806930542
0.0,347,1292,710656,50.0,550,-3.969817560000001,0.14563173055648804,-17.559588766098024,-0.09671544856391848,3460,0.2,0.6131768,0.0003,0.013578127487562597,0.75595703125,-0.1323276162147522,0.5874713659286499
0.0,348,1292,712704,50.0,551,-3.9285304299999995,0.17222005128860474,-17.52842960357666,-0.09719110138248652,3470,0.2,0.66210854,0.0003,0.01122823697514832,0.74736328125,-0.1369069218635559,0.586864173412323
0.0,349,1292,714752,50.0,553,-3.9763895800000006,0.16272038221359253,-17.517354798316955,-0.09608686733990908,3480,0.2,0.5364404,0.0003,0.01735578920925036,0.73466796875,-0.11276403814554214,0.5869965553283691
0.0,350,1292,716800,50.0,554,-4.02357189,-0.11727094650268555,-17.516694378852844,-0.09722051073331386,3490,0.2,0.5158697,0.0003,0.015265814552549273,0.739208984375,-0.12786813080310822,0.5863733887672424
0.0,351,1292,718848,50.0,556,-3.9940798599999994,0.11008185148239136,-17.493048429489136,-0.0974822818301618,3500,0.2,0.54354095,0.0003,0.015842604404315352,0.7427734375,-0.1324109137058258,0.5858035683631897
0.0,352,1292,720896,50.0,557,-4.02065181,0.19531488418579102,-17.474602699279785,-0.09374817069619894,3510,0.2,1.7301743,0.0003,0.011785992025397717,0.7435546875,-0.11526298522949219,0.5855613350868225
0.0,353,1292,722944,50.0,559,-4.0663215,0.06601709127426147,-17.45965256690979,-0.09968269153032452,3520,0.2,0.5607211,0.0003,0.017128776339814068,0.746923828125,-0.13356268405914307,0.5849104523658752
0.0,354,1292,724992,50.0,560,-4.012144559999999,0.1312880516052246,-17.440028810501097,-0.09880660915514454,3530,0.2,0.5758349,0.0003,0.013006649783346803,0.7478515625,-0.12778450548648834,0.5842870473861694
0.0,355,1292,727040,50.0,562,-3.9393291400000003,0.28644222021102905,-17.403659629821778,-0.10173168277833611,3540,0.2,0.622726,0.0003,0.0128455207683146,0.747998046875,-0.1254505217075348,0.5831728577613831
0.0,356,1292,729088,50.0,564,-3.95153756,0.3052961230278015,-17.36159715652466,-0.1025402102037333,3550,0.2,0.6259863,0.0003,0.014458327600732446,0.7560546875,-0.13204285502433777,0.5817739963531494
0.0,357,1292,731136,50.0,565,-3.91470257,0.14292210340499878,-17.301444673538207,-0.10477719490882009,3560,0.2,0.5862986,0.0003,0.014608121488709002,0.748046875,-0.14111940562725067,0.5801216959953308
0.0,358,1292,733184,50.0,567,-3.8770076599999994,0.27057158946990967,-17.276677656173707,-0.09967299856361933,3570,0.2,0.629941,0.0003,0.014346337981987745,0.7412109375,-0.12785597145557404,0.5801531076431274
0.0,359,1292,735232,50.0,568,-3.94548362,0.11400103569030762,-17.25774190425873,-0.10036204216303304,3580,0.2,0.67925596,0.0003,0.01478198206750676,0.747998046875,-0.12120427191257477,0.5792105793952942
0.0,360,1292,737280,50.0,570,-4.039174099999999,0.05622953176498413,-17.23945472240448,-0.10021199098555371,3590,0.2,0.643748,0.0003,0.010636350372806191,0.754638671875,-0.13309115171432495,0.5791720151901245
0.0,361,1292,739328,50.0,571,-4.05068108,0.18595194816589355,-17.230885243415834,-0.09878811431699433,3600,0.2,0.64962655,0.0003,0.010633721563499421,0.7595703125,-0.13401319086551666,0.5786622166633606
0.0,362,1293,741376,50.0,573,-3.9990225300000004,0.06748032569885254,-17.210204005241394,-0.10076114882249385,3610,0.2,0.6599542,0.0003,0.015695022186264396,0.75146484375,-0.121238574385643,0.577854573726654
0.0,363,1293,743424,50.0,574,-3.9019536400000003,0.3318710923194885,-17.188496804237367,-0.10132400430738926,3620,0.2,0.692103,0.0003,0.008396144810831174,0.75283203125,-0.12841229140758514,0.577548623085022
0.0,364,1293,745472,50.0,576,-3.9028773699999992,0.41546303033828735,-17.16500778198242,-0.09319452866911888,3630,0.2,0.61698586,0.0003,0.012540615838952362,0.753173828125,-0.12004229426383972,0.5763818621635437
0.0,365,1293,747520,50.0,578,-3.9399994799999996,0.34634530544281006,-17.11817421913147,-0.09984576313581783,3640,0.2,0.5748315,0.0003,0.011574566818308086,0.745068359375,-0.1317233145236969,0.5748869776725769
0.0,366,1293,749568,50.0,579,-3.981073310000001,0.3388766050338745,-17.082353019714354,-0.09846699281479232,3650,0.2,0.56389546,0.0003,0.011501462792512029,0.74248046875,-0.13111533224582672,0.5743948817253113
0.0,367,1292,751616,50.0,581,-3.96417452,0.3278798460960388,-17.070094299316406,-0.10579197785118595,3660,0.2,0.65434813,0.0003,0.011740367719903588,0.758349609375,-0.13744691014289856,0.5738301277160645
0.0,368,1292,753664,50.0,583,-3.9626978499999996,0.38610023260116577,-17.049105501174928,-0.10079141218448058,3670,0.2,0.5960579,0.0003,0.010964596387930214,0.74521484375,-0.12633845210075378,0.5733060836791992
0.0,369,1292,755712,50.0,584,-3.9276162,0.2653576135635376,-17.0354407787323,-0.09553145141107962,3680,0.2,0.61650264,0.0003,0.010669772763503716,0.75185546875,-0.13216213881969452,0.5731788873672485
0.0,370,1292,757760,50.0,586,-3.95298232,0.28112852573394775,-17.02543785572052,-0.09690025717718527,3690,0.2,0.69185144,0.0003,0.013868658489082008,0.74765625,-0.12762078642845154,0.5724467039108276
0.0,371,1292,759808,50.0,587,-3.9424521500000003,0.33404040336608887,-16.98839201927185,-0.09979171017184854,3700,0.2,0.6292042,0.0003,0.015466828260105103,0.74931640625,-0.13267092406749725,0.5712341070175171
0.0,372,1293,761856,50.0,589,-3.96748502,0.29879534244537354,-16.955790066719054,-0.1010808106395416,3710,0.2,0.5971922,0.0003,0.00991556589724496,0.755078125,-0.12086869776248932,0.5708152651786804
0.0,373,1293,763904,50.0,590,-3.9014137699999996,0.3191450238227844,-16.93997519016266,-0.10193256370257586,3720,0.2,0.66969025,0.0003,0.01383942785905674,0.756298828125,-0.13152341544628143,0.5706014633178711
0.0,374,1293,765952,50.0,592,-3.96465875,0.35683387517929077,-16.915391206741333,-0.09888230062206275,3730,0.2,0.672629,0.0003,0.010179259633878246,0.76328125,-0.14089246094226837,0.5695412755012512
0.0,375,1293,768000,50.0,593,-3.999339270000001,0.3500847816467285,-16.885794901847838,-0.09692285560304299,3740,0.2,0.603187,0.0003,0.012055252969730645,0.7546875,-0.1290806233882904,0.5684747695922852
0.0,376,1293,770048,50.0,595,-3.98011889,0.3919183015823364,-16.860990500450136,-0.09824856091290712,3750,0.2,0.61918867,0.0003,0.009012570552295074,0.760693359375,-0.13418416678905487,0.5685935616493225
0.0,377,1293,772096,50.0,596,-3.94062667,0.32459527254104614,-16.86718144416809,-0.09632247453555465,3760,0.2,0.58469486,0.0003,0.01187399891205132,0.750732421875,-0.14151227474212646,0.5688099265098572
0.0,378,1293,774144,50.0,598,-3.94122115,0.25622010231018066,-16.854661774635314,-0.09751871860353276,3770,0.2,0.5827519,0.0003,0.01435971591854468,0.760693359375,-0.13054324686527252,0.5680803060531616
0.0,379,1293,776192,50.0,600,-3.95764964,0.4115772247314453,-16.83478753566742,-0.09570749667473137,3780,0.2,0.6910378,0.0003,0.010719133960083126,0.750146484375,-0.11302410811185837,0.5682647228240967
0.0,380,1293,778240,50.0,601,-3.93184098,0.40364909172058105,-16.840293645858765,-0.09894834482111037,3790,0.2,0.5061674,0.0003,0.010994041175581514,0.74560546875,-0.11805105954408646,0.5676919221878052
0.0,381,1293,780288,50.0,603,-3.960095980000001,0.34530842304229736,-16.803608894348145,-0.1000398248899728,3800,0.2,0.6127423,0.0003,0.01016764489468187,0.747705078125,-0.12472819536924362,0.5663660168647766
0.0,382,1293,782336,50.0,604,-3.95070856,0.3440139889717102,-16.775864839553833,-0.09728901974158362,3810,0.2,0.64948714,0.0003,0.011441072530578822,0.756298828125,-0.13059604167938232,0.566179633140564
0.0,383,1293,784384,50.0,606,-3.9552379900000005,0.37833070755004883,-16.772659564018248,-0.09988344896119088,3820,0.2,0.67026514,0.0003,0.011803885118570178,0.764599609375,-0.13293856382369995,0.5660030841827393
0.0,384,1293,786432,50.0,607,-3.9251513100000004,0.3565989136695862,-16.755657362937928,-0.09429107122123241,3830,0.2,0.6506511,0.0003,0.012465714919380843,0.753271484375,-0.12523715198040009,0.5656011700630188
0.0,385,1293,788480,50.0,609,-3.9055394699999995,0.4139630198478699,-16.752846217155458,-0.08859114528167993,3840,0.2,0.6425982,0.0003,0.011088179762009532,0.75087890625,-0.12354904413223267,0.5654388666152954
0.0,386,1294,790528,50.0,610,-3.9033104599999997,0.3948991894721985,-16.742705631256104,-0.09694002562318929,3850,0.2,0.62140095,0.0003,0.01174536139005795,0.75068359375,-0.1171373501420021,0.5652273893356323
0.0,387,1294,792576,50.0,612,-3.9631812399999995,0.19633376598358154,-16.71467819213867,-0.09698723135516048,3860,0.2,0.71961904,0.0003,0.011768310191109776,0.75419921875,-0.13520263135433197,0.5640349388122559
0.0,388,1294,794624,50.0,614,-3.91514889,0.26280391216278076,-16.668238592147826,-0.09627278633415699,3870,0.2,0.68776697,0.0003,0.00989783146069385,0.75068359375,-0.11955834925174713,0.5629456043243408
0.0,389,1294,796672,50.0,615,-3.8574366499999995,0.3102959394454956,-16.651979827880858,-0.09347997436998412,3880,0.2,0.583009,0.0003,0.010755146981682628,0.746533203125,-0.12033044546842575,0.5632376670837402
0.0,390,1294,798720,50.0,617,-3.8541624199999998,0.2612513303756714,-16.63829207420349,-0.0955352539778687,3890,0.2,0.6157273,0.0003,0.010504474549088627,0.750634765625,-0.13597716391086578,0.5625123381614685
0.0,391,1293,800768,50.0,619,-3.9126144099999998,0.1066594123840332,-16.612002515792845,-0.09297422552481294,3900,0.2,0.58187425,0.0003,0.015006879426073283,0.748486328125,-0.13523836433887482,0.5614535808563232
0.0,392,1293,802816,50.0,620,-3.8587311,0.16276633739471436,-16.576654267311095,-0.0911754891218152,3910,0.2,0.66119814,0.0003,0.01112712121102959,0.765234375,-0.11657825112342834,0.5609081387519836
0.0,393,1293,804864,50.0,622,-3.885201140000001,0.2966569662094116,-16.541367077827452,-0.0954088284401223,3920,0.2,0.62480044,0.0003,0.01771591226570308,0.74404296875,-0.12033944576978683,0.5593801736831665
0.0,394,1293,806912,50.0,623,-3.886846899999999,0.3983302116394043,-16.501486253738403,-0.09298900355352088,3930,0.2,0.57522833,0.0003,0.013276037166360766,0.752734375,-0.12236476689577103,0.5590589046478271
0.0,395,1293,808960,50.0,625,-3.92267784,0.2219567894935608,-16.48828649520874,-0.09836620176211,3940,0.2,0.64379597,0.0003,0.01323421795386821,0.758935546875,-0.13582062721252441,0.5580828189849854
0.0,396,1293,811008,50.0,626,-3.92973095,0.3898167610168457,-16.44675691127777,-0.09467367333127186,3950,0.2,0.59987986,0.0003,0.01087616898585111,0.75390625,-0.12568069994449615,0.5567163228988647
0.0,397,1293,813056,50.0,628,-3.9780208100000003,0.3537824749946594,-16.403164196014405,-0.09569081210065633,3960,0.2,0.61883366,0.0003,0.010166703932918608,0.74619140625,-0.12796977162361145,0.5552996397018433
0.0,398,1293,815104,50.0,629,-3.9453878099999993,0.2861791253089905,-16.33215618133545,-0.09523667216999457,3970,0.2,0.54371274,0.0003,0.013009481690824031,0.75498046875,-0.12956146895885468,0.5530823469161987
0.0,399,1293,817152,50.0,631,-3.9315797899999994,0.3718070387840271,-16.302644634246825,-0.09914220552891492,3980,0.2,0.6035711,0.0003,0.01538200955837965,0.753662109375,-0.13337011635303497,0.553418755531311
0.0,400,1294,819200,50.0,633,-3.8835252499999995,0.2984884977340698,-16.305446720123292,-0.09288595527177676,3990,0.2,0.7187829,0.0003,0.014363600872457027,0.74912109375,-0.12499560415744781,0.5530773997306824
0.0,401,1294,821248,50.0,634,-3.881180160000001,0.34890472888946533,-16.2820907831192,-0.09338773214258253,4000,0.2,0.5841124,0.0003,0.01462859814055264,0.749755859375,-0.12429389357566833,0.5524644255638123
0.0,402,1294,823296,50.0,636,-3.913953859999999,0.310627281665802,-16.2513619184494,-0.09863026747480035,4010,0.2,0.5530224,0.0003,0.01509562412975356,0.760302734375,-0.11860936135053635,0.5511053800582886
0.0,403,1294,825344,50.0,637,-3.91580832,0.2955974340438843,-16.21968266963959,-0.09311384232714773,4020,0.2,0.71940523,0.0003,0.00971922823227942,0.75791015625,-0.11309853941202164,0.5508615374565125
0.0,404,1294,827392,50.0,639,-3.8710171100000004,0.281497061252594,-16.201391196250917,-0.08973980012815445,4030,0.2,0.78693855,0.0003,0.014936187607236206,0.75380859375,-0.11711329966783524,0.5498489737510681
0.0,405,1294,829440,50.0,640,-3.8379987800000004,0.33254921436309814,-16.15609254837036,-0.09661863377550617,4040,0.2,0.5976719,0.0003,0.011955210624728351,0.75048828125,-0.12672530114650726,0.548408031463623
0.0,406,1294,831488,50.0,642,-3.833932289999999,0.3346901535987854,-16.1257741689682,-0.09268430637894198,4050,0.2,0.57553875,0.0003,0.010987720778211951,0.75615234375,-0.1174887865781784,0.547960638999939
0.0,407,1294,833536,50.0,643,-3.8731265299999995,0.36517661809921265,-16.107083129882813,-0.0953130281646736,4060,0.2,0.56111944,0.0003,0.012343001388944685,0.75419921875,-0.12980426847934723,0.5472180843353271
0.0,408,1294,835584,50.0,645,-3.926326670000001,0.3472006916999817,-16.0951101064682,-0.09653463168651796,4070,0.2,0.53246796,0.0003,0.010474998597055673,0.743212890625,-0.12914124131202698,0.547387957572937
0.0,409,1294,837632,50.0,647,-3.9579697800000004,0.36064422130584717,-16.09505009651184,-0.09306603688746691,4080,0.2,0.6058774,0.0003,0.013169134652707725,0.7544921875,-0.12882336974143982,0.547383189201355
0.0,410,1294,839680,50.0,648,-3.9847648499999995,0.30879801511764526,-16.08978190422058,-0.08963996159145608,4090,0.2,0.60904044,0.0003,0.012039422302041202,0.7544921875,-0.10808274894952774,0.5472398996353149
0.0,411,1294,841728,50.0,650,-3.9480623,0.4555727243423462,-16.102597332000734,-0.0826243374729529,4100,0.2,0.5241976,0.0003,0.008308910857886076,0.753564453125,-0.11538083851337433,0.5478816628456116
0.0,412,1294,843776,50.0,651,-3.933293800000001,0.2909999489784241,-16.082710719108583,-0.09132596709532663,4110,0.2,0.53483474,0.0003,0.009854757483117283,0.735205078125,-0.12889039516448975,0.5463692545890808
0.0,413,1294,845824,50.0,653,-3.9133260500000007,0.3184390068054199,-16.03130602836609,-0.08442618900444358,4120,0.2,0.5419668,0.0003,0.011557374626863747,0.738720703125,-0.11340290307998657,0.5451635718345642
0.0,414,1294,847872,50.0,654,-3.9367511399999997,0.47284066677093506,-15.995614194869995,-0.09444387724943226,4130,0.2,0.49171394,0.0003,0.009273514739470556,0.73974609375,-0.12735681235790253,0.5443389415740967
0.0,415,1294,849920,50.0,656,-3.9229855599999994,0.4509408473968506,-15.980167317390443,-0.08720175126800314,4140,0.2,0.500039,0.0003,0.013724353723227977,0.734228515625,-0.11172442138195038,0.5443342328071594
0.0,416,1294,851968,50.0,658,-3.87317613,0.4690948724746704,-15.97894082069397,-0.09045777829596773,4150,0.2,0.4822541,0.0003,0.012210399517789483,0.7359375,-0.12478490173816681,0.5441939234733582
0.0,417,1294,854016,50.0,659,-3.8673216999999993,0.5084077715873718,-15.952869760990144,-0.08788411156274378,4160,0.2,0.4696685,0.0003,0.011749549966771156,0.742529296875,-0.11319926381111145,0.5430687069892883
0.0,418,1294,856064,50.0,661,-3.8770008799999998,0.36447668075561523,-15.917306780815125,-0.09110909975133837,4170,0.2,0.53680897,0.0003,0.01700189106632024,0.744140625,-0.1308475285768509,0.54195636510849
0.0,419,1294,858112,50.0,662,-3.85456219,0.40602195262908936,-15.879115724563599,-0.08610184104181826,4180,0.2,0.43217504,0.0003,0.010532175679691136,0.737158203125,-0.12519574165344238,0.5408665537834167
0.0,420,1294,860160,50.0,664,-3.79822126,0.49965912103652954,-15.839316213130951,-0.08791522595565766,4190,0.2,0.5107714,0.0003,0.009740854997653514,0.73876953125,-0.10215646028518677,0.5396431684494019
0.0,421,1294,862208,50.0,666,-3.8426768499999993,0.44932591915130615,-15.804501879215241,-0.0897013427107595,4200,0.2,0.47126073,0.0003,0.01175107304006815,0.7384765625,-0.1314324587583542,0.5389712452888489
0.0,422,1294,864256,50.0,667,-3.9225599499999997,0.3623608946800232,-15.791199684143066,-0.08651369290892034,4210,0.2,0.523764,0.0003,0.011006000451743603,0.737890625,-0.12368915230035782,0.5388991236686707
0.0,423,1294,866304,50.0,669,-3.90384005,0.4781946539878845,-15.777357912063598,-0.0841704069840489,4220,0.2,0.5695301,0.0003,0.012287810526322574,0.74677734375,-0.12003377079963684,0.5381631255149841
0.0,424,1294,868352,50.0,670,-3.8501268299999998,0.5803163051605225,-15.730498766899109,-0.07997994209872558,4230,0.2,0.49446025,0.0003,0.007928113779053092,0.741845703125,-0.10672608017921448,0.5365480184555054
0.0,425,1294,870400,50.0,672,-3.8508144299999993,0.4070478081703186,-15.69280436038971,-0.0865806435700506,4240,0.2,0.47702563,0.0003,0.012032217811793089,0.7533203125,-0.12069995701313019,0.5362387895584106
0.0,426,1294,872448,50.0,673,-3.87165384,0.4688411355018616,-15.672584629058838,-0.08455140191363171,4250,0.2,0.5152287,0.0003,0.011304312699940056,0.751025390625,-0.12408018857240677,0.5352644920349121
0.0,427,1294,874496,50.0,675,-3.8507571299999994,0.4570085406303406,-15.640927338600159,-0.0849810004234314,4260,0.2,0.6526239,0.0003,0.012428983813151717,0.74248046875,-0.10709742456674576,0.5347203612327576
0.0,428,1294,876544,50.0,676,-3.856262520000001,0.2911183834075928,-15.61014083623886,-0.08503285452025011,4270,0.2,0.47026432,0.0003,0.014150110527407379,0.74345703125,-0.1237371414899826,0.5337759852409363
0.0,429,1294,878592,50.0,678,-3.8517806500000003,0.4263349771499634,-15.596981561183929,-0.07762594836531207,4280,0.2,0.6353333,0.0003,0.014771558938082307,0.75009765625,-0.11036809533834457,0.5339366793632507
0.0,430,1294,880640,50.0,680,-3.84191008,0.48685580492019653,-15.59364411830902,-0.08881626506336034,4290,0.2,0.5169817,0.0003,0.012715652328915894,0.743603515625,-0.11641684174537659,0.5336157083511353
0.0,431,1295,882688,50.0,681,-3.79130497,0.3930548429489136,-15.576006877422333,-0.08786485434975475,4300,0.2,0.45900473,0.0003,0.017175595136359335,0.734619140625,-0.11182781308889389,0.5330657958984375
0.0,432,1295,884736,50.0,683,-3.88488466,0.5377804636955261,-15.56808021068573,-0.08187361310119741,4310,0.2,0.53988373,0.0003,0.011138166685122996,0.74091796875,-0.09541812539100647,0.5335673689842224
0.0,433,1295,886784,50.0,684,-3.95764171,0.39226675033569336,-15.571906340122222,-0.09171696638222784,4320,0.2,0.5159458,0.0003,0.013728333998005837,0.746875,-0.11077239364385605,0.5330193638801575
0.0,434,1295,888832,50.0,686,-3.9210579500000007,0.5025038719177246,-15.551685655117035,-0.07985710231587291,4330,0.2,0.6235304,0.0003,0.014112279971595854,0.745556640625,-0.12928839027881622,0.5325444340705872
0.0,435,1295,890880,50.0,687,-3.9118802599999998,0.43357956409454346,-15.516553866863251,-0.08729724229779094,4340,0.2,0.5069484,0.0003,0.01186329887714237,0.745458984375,-0.11786045134067535,0.5308868885040283
0.0,436,1295,892928,50.0,689,-3.8794906799999995,0.5061042904853821,-15.47268192768097,-0.07947160413023084,4350,0.2,0.6087167,0.0003,0.009850740741239861,0.754248046875,-0.11328331381082535,0.5302093625068665
0.0,437,1295,894976,50.0,690,-3.8498885900000004,0.4593432545661926,-15.45880743265152,-0.09209289846476168,4360,0.2,0.5414392,0.0003,0.010903316998155787,0.746435546875,-0.11824983358383179,0.5300949811935425
0.0,438,1295,897024,50.0,692,-3.8976242500000007,0.5800675749778748,-15.436253595352174,-0.07841217571403832,4370,0.2,0.50410056,0.0003,0.009215252584544942,0.75283203125,-0.11656099557876587,0.5291961431503296
0.0,439,1295,899072,50.0,693,-3.9285649,0.6432588696479797,-15.410011970996857,-0.08619327931664884,4380,0.2,0.6068817,0.0003,0.010972130426671356,0.73935546875,-0.13020512461662292,0.5285452604293823
0.0,440,1294,901120,50.0,695,-3.82182912,0.6467146873474121,-15.371417164802551,-0.07955940249375999,4390,0.2,0.54764116,0.0003,0.010804602655116468,0.75419921875,-0.12101519107818604,0.527613639831543
0.0,441,1294,903168,50.0,697,-3.81885141,0.5005054473876953,-15.35278422832489,-0.08027085987851024,4400,0.2,0.4989085,0.0003,0.011579860001802444,0.744775390625,-0.11844949424266815,0.5273339152336121
0.0,442,1294,905216,50.0,699,-3.8329411999999996,0.6094032526016235,-15.327677655220032,-0.08253058062400669,4410,0.2,0.551274,0.0003,0.011000927863642573,0.747900390625,-0.10623251646757126,0.5260041952133179
0.0,443,1295,907264,50.0,700,-3.839999609999999,0.5875532627105713,-15.29516988992691,-0.08086893537547439,4420,0.2,0.5644705,0.0003,0.01226827766513452,0.741064453125,-0.11095979809761047,0.5257227420806885
0.0,444,1295,909312,50.0,702,-3.8471398,0.6419662237167358,-15.26316179037094,-0.08663827780401334,4430,0.2,0.61795324,0.0003,0.00919579062028788,0.752734375,-0.11270985007286072,0.5245364308357239
0.0,445,1295,911360,50.0,703,-3.8211826700000007,0.6758591532707214,-15.234929573535918,-0.07629916820442303,4440,0.2,0.5694666,0.0003,0.007635205250699073,0.7400390625,-0.09199697524309158,0.5242080688476562
0.0,446,1295,913408,50.0,705,-3.8059057499999995,0.554224967956543,-15.228292620182037,-0.0872046462725848,4450,0.2,0.57993245,0.0003,0.008919172431342303,0.746875,-0.12840880453586578,0.5239957571029663
0.0,447,1295,915456,50.0,706,-3.8631553000000003,0.656545877456665,-15.214874136447907,-0.0888020787271671,4460,0.2,0.67667925,0.0003,0.007189616386312991,0.761865234375,-0.12435619533061981,0.523820698261261
0.0,448,1295,917504,50.0,708,-3.87049122,0.48480623960494995,-15.205811429023743,-0.0919982235878706,4470,0.2,0.55312055,0.0003,0.008511809207266196,0.750146484375,-0.13347479701042175,0.5233978033065796
0.0,449,1295,919552,50.0,709,-3.862824559999999,0.38103002309799194,-15.189876472949981,-0.09354843114269898,4480,0.2,0.92752135,0.0003,0.010972975892946124,0.765283203125,-0.1228889599442482,0.5228915214538574
0.0,450,1295,921600,50.0,711,-3.8495215299999996,0.3321124315261841,-15.17663379907608,-0.09124239219818264,4490,0.2,0.71940434,0.0003,0.006661657046061009,0.758154296875,-0.12005072832107544,0.5227921605110168
0.0,451,1295,923648,50.0,712,-3.8827973699999996,0.431543231010437,-15.14195054769516,-0.0946998689789325,4500,0.2,0.6582397,0.0003,0.01096510534407571,0.751123046875,-0.12396912276744843,0.5212100744247437
0.0,452,1295,925696,50.0,714,-3.8347729600000005,0.24377208948135376,-15.098122572898864,-0.08658350269543007,4510,0.2,0.7332746,0.0003,0.01116331698722206,0.757958984375,-0.12337173521518707,0.5206395983695984
0.0,453,1295,927744,50.0,716,-3.8645507699999997,0.4331398606300354,-15.090286254882812,-0.09485010749194771,4520,0.2,0.9422568,0.0003,0.00821258734795265,0.761279296875,-0.13426873087882996,0.5206731557846069
0.0,454,1295,929792,50.0,717,-3.8928820900000005,0.3605208396911621,-15.070295977592469,-0.08683696099324152,4530,0.2,0.69281566,0.0003,0.009558890014886856,0.75966796875,-0.11910168081521988,0.519771933555603
0.0,455,1295,931840,50.0,719,-3.8967200900000005,0.13694733381271362,-15.03463954925537,-0.0929802612401545,4540,0.2,0.7802546,0.0003,0.010556849115528167,0.754443359375,-0.13033074140548706,0.5190830826759338
0.0,456,1295,933888,50.0,720,-3.8987662300000006,0.2117791771888733,-15.0188068151474,-0.08194144693552516,4550,0.2,0.7047757,0.0003,0.00990421986207366,0.7666015625,-0.11359169334173203,0.5189046859741211
0.0,457,1295,935936,50.0,722,-3.86069558,0.5311371088027954,-15.008975172042847,-0.08697243405040353,4560,0.2,0.6689152,0.0003,0.00660123698762618,0.75302734375,-0.11461583524942398,0.5184146165847778
0.0,458,1295,937984,50.0,723,-3.8420169800000004,0.595123291015625,-14.980746579170226,-0.08511956458678469,4570,0.2,0.65836334,0.0003,0.007517064228886738,0.75888671875,-0.11881732940673828,0.5175506472587585
0.0,459,1295,940032,50.0,725,-3.83907797,0.0875999927520752,-14.96189101934433,-0.09458775530802085,4580,0.2,0.8002529,0.0003,0.009147208236390725,0.772314453125,-0.1279771327972412,0.5175999402999878
0.0,460,1295,942080,50.0,726,-3.85580001,0.2291833758354187,-14.940071177482604,-0.09742049541091546,4590,0.2,0.77332944,0.0003,0.011613189929630608,0.76787109375,-0.10957728326320648,0.5166729092597961
0.0,461,1296,944128,50.0,728,-3.8727920199999994,0.3781012296676636,-14.907038342952728,-0.09488392308412585,4600,0.2,0.6469577,0.0003,0.008440443099243567,0.76142578125,-0.12256187945604324,0.5159034729003906
0.0,462,1296,946176,50.0,730,-3.8678833200000002,0.2542646527290344,-14.884031021595002,-0.09502672362141311,4610,0.2,0.72212344,0.0003,0.010051047650631518,0.774365234375,-0.1393032968044281,0.5154041051864624
0.0,463,1296,948224,50.0,731,-3.8950850299999997,0.46648192405700684,-14.855332326889037,-0.08909293831093237,4620,0.2,0.67949533,0.0003,0.007778228935785591,0.757958984375,-0.1323983371257782,0.5142756700515747
0.0,464,1295,950272,50.0,733,-3.8998801499999995,0.3411915898323059,-14.835758626461029,-0.09080705142696388,4630,0.2,0.7226728,0.0003,0.008985601895255968,0.76728515625,-0.12432850152254105,0.5142616033554077
0.0,465,1295,952320,50.0,735,-3.82931307,0.37347346544265747,-14.82378293275833,-0.0872011871659197,4640,0.2,0.6256596,0.0003,0.00821277346694842,0.76240234375,-0.131988987326622,0.5133712887763977
0.0,466,1295,954368,50.0,736,-3.83998778,0.6120319366455078,-14.79210298061371,-0.08925974012818187,4650,0.2,0.8711029,0.0003,0.007555260439403355,0.75185546875,-0.11770736426115036,0.5129916667938232
0.0,467,1295,956416,50.0,738,-3.8388693999999997,0.4410609006881714,-14.785822832584381,-0.0915719966054894,4660,0.2,0.7402896,0.0003,0.008299599337624386,0.766796875,-0.1215008869767189,0.5125771760940552
0.0,468,1295,958464,50.0,739,-3.80159061,0.6132429838180542,-14.760549092292786,-0.08462179698399268,4670,0.2,0.6236106,0.0003,0.006712457758840174,0.760595703125,-0.12092290073633194,0.5114894509315491
0.0,469,1295,960512,50.0,741,-3.75089529,0.36354565620422363,-14.708966183662415,-0.08512301228474825,4680,0.2,0.7097626,0.0003,0.00872546824393794,0.755224609375,-0.13359519839286804,0.5096813440322876
0.0,470,1295,962560,50.0,742,-3.8053824400000007,0.6422407627105713,-14.667620277404785,-0.08710573154967279,4690,0.2,0.5512375,0.0003,0.005647513322765007,0.752099609375,-0.11862654983997345,0.5089904069900513
0.0,471,1295,964608,50.0,744,-3.803843530000001,0.5524884462356567,-14.630159342288971,-0.09089993704401422,4700,0.2,0.5195969,0.0003,0.007649087317986414,0.750634765625,-0.13099898397922516,0.5077418088912964
0.0,472,1295,966656,50.0,745,-3.82132518,0.5840381383895874,-14.60341830253601,-0.08910072087310254,4710,0.2,0.60150385,0.0003,0.009090725041460246,0.7568359375,-0.12120730429887772,0.5076321363449097
0.0,473,1295,968704,50.0,747,-3.81863072,0.5321775674819946,-14.58788322210312,-0.08742228430928663,4720,0.2,0.62968665,0.0003,0.007525073306169361,0.75380859375,-0.12740826606750488,0.5069910287857056
0.0,474,1295,970752,50.0,749,-3.8486355800000003,0.5095492601394653,-14.572295701503753,-0.08676369041786529,4730,0.2,0.8084035,0.0003,0.009271050617098809,0.75810546875,-0.12682126462459564,0.5065776705741882
0.0,475,1296,972800,50.0,750,-3.8501186299999994,0.41420114040374756,-14.563604879379273,-0.08870919829641935,4740,0.2,0.7291618,0.0003,0.008831485215341672,0.759716796875,-0.1186506524682045,0.506409764289856
0.0,476,1296,974848,50.0,752,-3.8444982999999993,0.4185851812362671,-14.557718110084533,-0.0910370806523133,4750,0.2,0.826398,0.0003,0.006833068537525832,0.769775390625,-0.1257072240114212,0.5060564875602722
0.0,477,1296,976896,50.0,753,-3.85879007,0.5864320397377014,-14.537407612800598,-0.08391909834463149,4760,0.2,0.65278494,0.0003,0.0070075021241791545,0.75556640625,-0.11441878229379654,0.5054288506507874
0.0,478,1296,978944,50.0,755,-3.848911760000001,0.4211748242378235,-14.505949258804321,-0.079806491243653,4770,0.2,0.6845498,0.0003,0.009616373694734648,0.764599609375,-0.1261766403913498,0.5046373605728149
0.0,479,1296,980992,50.0,756,-3.815917950000001,0.44176238775253296,-14.48934202194214,-0.0851047980133444,4780,0.2,0.6195462,0.0003,0.009362203784985468,0.75615234375,-0.12276257574558258,0.5039764642715454
0.0,480,1296,983040,50.0,758,-3.7838554699999993,0.3363998532295227,-14.471068024635315,-0.08387795435264707,4790,0.2,0.65694153,0.0003,0.011547110392712057,0.751953125,-0.1196741983294487,0.503940761089325
0.0,481,1296,985088,50.0,759,-3.7618131500000005,0.17493724822998047,-14.461534714698791,-0.09628624301985837,4800,0.2,0.8077581,0.0003,0.01214960850775242,0.7533203125,-0.1295146942138672,0.5034711956977844
0.0,482,1296,987136,50.0,761,-3.8072848599999998,0.5358501672744751,-14.46605612039566,-0.09434000814799219,4810,0.2,0.6614954,0.0003,0.008313902438385413,0.75478515625,-0.13991223275661469,0.5036687254905701
0.0,483,1296,989184,50.0,762,-3.8133120700000007,0.39362865686416626,-14.455603861808777,-0.0808952008606866,4820,0.2,0.6710928,0.0003,0.008439745829673485,0.746826171875,-0.10785102099180222,0.5028815269470215
0.0,484,1296,991232,50.0,764,-3.8285449700000003,0.3780360221862793,-14.428030204772949,-0.08204986625351011,4830,0.2,0.64435494,0.0003,0.011653826688416302,0.750830078125,-0.10099279135465622,0.5023176074028015
0.0,485,1296,993280,50.0,766,-3.8443063799999995,0.38106513023376465,-14.385580456256866,-0.09114112546667456,4840,0.2,0.71668905,0.0003,0.008135506638791413,0.7701171875,-0.1207314133644104,0.5008471608161926
0.0,486,1296,995328,50.0,767,-3.82680927,0.38734233379364014,-14.355763971805573,-0.09123698710463941,4850,0.2,0.68739706,0.0003,0.013282814528793097,0.760400390625,-0.1331642121076584,0.5008260607719421
0.0,487,1296,997376,50.0,769,-3.86886326,0.46413713693618774,-14.359664523601532,-0.09325733168516308,4860,0.2,0.73299575,0.0003,0.011537541158031673,0.760595703125,-0.13338981568813324,0.5008966326713562
0.0,488,1296,999424,50.0,770,-3.808295319999999,0.42428189516067505,-14.3645916223526,-0.08575984445633367,4870,0.2,0.7364329,0.0003,0.011365634796675295,0.776708984375,-0.12174474447965622,0.5009638071060181
0.0,489,1296,1001472,50.0,772,-3.8623117599999994,0.3819546699523926,-14.345080482959748,-0.08711467263055965,4880,0.2,0.9240645,0.0003,0.00730544034158811,0.76826171875,-0.12965643405914307,0.5000632405281067
,,,,,,,0.3938830494880676,-14.31527384519577,-0.0885635270504281,4890,0.2,0.7852108,0.0003,0.011406447575427591,0.761083984375,-0.09921002388000488,0.49957209825515747
