time/fps,time/time_elapsed,time/iterations,rollout/success_rate,time/total_timesteps,rollout/ep_rew_mean,rollout/ep_len_mean,train/entropy_loss,train/clip_fraction,train/n_updates,train/value_loss,train/loss,train/approx_kl,train/learning_rate,train/clip_range,train/std,train/explained_variance,train/policy_gradient_loss
1399,1,1,0.0,2048,-6.470811925,50.0,,,,,,,,,,,
1348,3,2,0.0,4096,-6.492437913580246,50.0,-28.377459621429445,0.121630859375,10,1.4892579376697541,0.33140844106674194,0.0031672444,3e-05,0.1,0.9998796582221985,-1.3421802520751953,-0.02299396808957681
1334,4,3,0.0,6144,-6.514497089999999,50.0,-28.375842809677124,0.10126953125,20,1.1177511468529702,0.24246591329574585,0.0026233909,3e-05,0.1,0.9997787475585938,-1.0643248558044434,-0.01601246210630052
1325,6,4,0.0,8192,-6.423865879999999,50.0,-28.37162141799927,0.09296875,30,0.9327306970953941,0.269538938999176,0.0025740245,3e-05,0.1,0.9994553327560425,-1.0291244983673096,-0.016173396119847895
1321,7,5,0.0,10240,-6.35583072,50.0,-28.36608729362488,0.111083984375,40,0.7807569824159145,0.1986389309167862,0.0027837222,3e-05,0.1,0.999268651008606,-1.3977625370025635,-0.016856599686434492
1318,9,6,0.0,12288,-6.35336357,50.0,-28.36170756816864,0.09638671875,50,0.706562764942646,0.24584579467773438,0.0026857925,3e-05,0.1,0.9989668130874634,-1.7758150100708008,-0.015991730109089986
1316,10,7,0.0,14336,-6.2697878099999995,50.0,-28.35466375350952,0.1005859375,60,0.6331617388874292,0.1486966609954834,0.002743099,3e-05,0.1,0.9985538721084595,-2.101954698562622,-0.017001039028400555
1315,12,8,0.0,16384,-6.1874338799999995,50.0,-28.34411952495575,0.1234375,70,0.5378022909164428,0.17446768283843994,0.002992333,3e-05,0.1,0.9979300498962402,-1.7375211715698242,-0.01980599764501676
1314,14,9,0.0,18432,-6.19027482,50.0,-28.334823894500733,0.125146484375,80,0.4189218759536743,0.11553485691547394,0.0031120433,3e-05,0.1,0.9976608157157898,-1.750331163406372,-0.019259953490109182
1313,15,10,0.0,20480,-6.2067507000000015,50.0,-28.328495144844055,0.106884765625,90,0.3682573553174734,0.11420215666294098,0.002736677,3e-05,0.1,0.9972671270370483,-2.22947359085083,-0.01861260425648652
1312,17,11,0.0,22528,-6.23874949,50.0,-28.321449041366577,0.09765625,100,0.31110757645219567,0.0909680426120758,0.0026532938,3e-05,0.1,0.9969797134399414,-2.1487274169921875,-0.01810386556899175
1311,18,12,0.0,24576,-6.15114428,50.0,-28.316746306419372,0.114453125,110,0.26911985259503124,0.07874096930027008,0.002712701,3e-05,0.1,0.9968292117118835,-1.8390252590179443,-0.02009132179664448
1310,20,13,0.0,26624,-6.082874170000001,50.0,-28.31570348739624,0.13837890625,120,0.24594449140131475,0.06398098170757294,0.0029806183,3e-05,0.1,0.9968814849853516,-1.7039926052093506,-0.021649909520056097
1309,21,14,0.0,28672,-6.00503178,50.0,-28.315961360931396,0.145849609375,130,0.2285460712388158,0.07861703634262085,0.0033143642,3e-05,0.1,0.9967933893203735,-1.3220269680023193,-0.022292066359659655
1309,23,15,0.0,30720,-5.9799862699999995,50.0,-28.311226963996887,0.158740234375,140,0.2150046478956938,0.05280729755759239,0.0034752982,3e-05,0.1,0.996448814868927,-1.3925106525421143,-0.02358183292672038
1309,25,16,0.0,32768,-6.019374140000001,50.0,-28.305829071998595,0.142333984375,150,0.19241325408220292,0.04877135157585144,0.0031380653,3e-05,0.1,0.996300995349884,-2.25134539604187,-0.02258323144633323
1309,26,17,0.0,34816,-6.02702663,50.0,-28.303153371810915,0.13671875,160,0.20318110454827548,0.051745712757110596,0.0034608734,3e-05,0.1,0.996167004108429,-1.386171579360962,-0.022195120551623405
1308,28,18,0.0,36864,-6.02070107,50.0,-28.300219583511353,0.12158203125,170,0.17019788771867753,0.04764747619628906,0.0030392597,3e-05,0.1,0.9959591031074524,-1.4805431365966797,-0.022302970866439863
1308,29,19,0.0,38912,-6.020088859999999,50.0,-28.29385461807251,0.16513671875,180,0.15944144912064076,0.02888600528240204,0.0036390983,3e-05,0.1,0.9955769777297974,-1.4122436046600342,-0.023561519826762377
1308,31,20,0.0,40960,-5.96990909,50.0,-28.287749552726744,0.150634765625,190,0.17552290204912424,0.03971489518880844,0.0033038082,3e-05,0.1,0.9953133463859558,-1.3809998035430908,-0.023314820538507773
1308,32,21,0.0,43008,-5.95669392,50.0,-28.281767296791077,0.149072265625,200,0.16350641679018735,0.038285911083221436,0.003513561,3e-05,0.1,0.9950453042984009,-1.5239741802215576,-0.024563494441099464
1308,34,22,0.0,45056,-5.92102236,50.0,-28.27555909156799,0.141552734375,210,0.14444376323372127,0.029041975736618042,0.0033946375,3e-05,0.1,0.9946274757385254,-1.9196171760559082,-0.023132289393106475
1308,35,23,0.0,47104,-5.85855797,50.0,-28.27081353664398,0.158544921875,220,0.14814226040616632,0.03247310221195221,0.0036465144,3e-05,0.1,0.9946675300598145,-2.3235487937927246,-0.023647574230562896
1308,37,24,0.0,49152,-5.88656709,50.0,-28.270743632316588,0.157373046875,230,0.14521114537492394,0.02656860277056694,0.0034459312,3e-05,0.1,0.9945188760757446,-1.2944331169128418,-0.023754525533877312
1297,39,25,0.0,51200,-5.79269814,50.0,-28.267536926269532,0.156201171875,240,0.12494112541899086,0.024724282324314117,0.0036178106,3e-05,0.1,0.994391143321991,-2.0311193466186523,-0.023931994917802513
1297,41,26,0.0,53248,-5.75437681,50.0,-28.264688777923585,0.123486328125,250,0.11835085302591324,0.019839290529489517,0.0030300408,3e-05,0.1,0.9942183494567871,-1.6580829620361328,-0.022053641773527487
1297,42,27,0.0,55296,-5.837785929999999,50.0,-28.25812451839447,0.15009765625,260,0.1253173617646098,0.022879552096128464,0.0036926318,3e-05,0.1,0.9937494993209839,-1.532616376876831,-0.023551773087820038
1297,44,28,0.0,57344,-5.771890259999999,50.0,-28.248795485496522,0.139990234375,270,0.1285535584203899,0.01578141748905182,0.0030022813,3e-05,0.1,0.9933121800422668,-1.4127311706542969,-0.022691751166712494
1297,45,29,0.0,59392,-5.732285280000001,50.0,-28.24218111038208,0.124365234375,280,0.12560278000310063,0.030458927154541016,0.002787388,3e-05,0.1,0.9930858612060547,-1.2295477390289307,-0.021983973775058986
1298,47,30,0.0,61440,-5.820296730000001,50.0,-28.23576400279999,0.145263671875,290,0.11649680072441697,0.0077963173389434814,0.0034938324,3e-05,0.1,0.9926460385322571,-1.7466204166412354,-0.02354188616736792
1298,48,31,0.0,63488,-5.92163946,50.0,-28.22847228050232,0.136767578125,300,0.11031970083713531,0.02235758677124977,0.0029892845,3e-05,0.1,0.9924007654190063,-1.7171485424041748,-0.023002269782591612
1298,50,32,0.0,65536,-5.885254909999999,50.0,-28.22355184555054,0.151318359375,310,0.1113462190143764,0.01605287566781044,0.0035189432,3e-05,0.1,0.9921566247940063,-1.542064905166626,-0.023329822218511254
1298,52,33,0.0,67584,-5.76262819,50.0,-28.218897819519043,0.1361328125,320,0.11342102596536278,0.019219771027565002,0.003224406,3e-05,0.1,0.9919215440750122,-1.168898344039917,-0.02228706335881725
1299,53,34,0.0,69632,-5.70215685,50.0,-28.21681742668152,0.141357421875,330,0.11841063192114235,0.01764090359210968,0.0035610036,3e-05,0.1,0.9919869303703308,-0.9623228311538696,-0.02386827562004328
1299,55,35,0.0,71680,-5.815751029999999,50.0,-28.216212010383607,0.137744140625,340,0.09477116353809834,0.0076614320278167725,0.0033556842,3e-05,0.1,0.9918081164360046,-1.8801548480987549,-0.022949177108239384
1299,56,36,0.0,73728,-5.849174809999999,50.0,-28.21246111392975,0.14736328125,350,0.09695736588910223,0.007713388651609421,0.0033075358,3e-05,0.1,0.9916410446166992,-1.0904967784881592,-0.022750309377443045
1299,58,37,0.0,75776,-5.75783261,50.0,-28.211272883415223,0.125244140625,360,0.11297558946534991,0.00930098071694374,0.0030833632,3e-05,0.1,0.9916874170303345,-0.9375563859939575,-0.02237342149601318
1300,59,38,0.0,77824,-5.709025750000002,50.0,-28.208090114593507,0.153955078125,370,0.09807960130274296,0.011991765350103378,0.0036389995,3e-05,0.1,0.9912971258163452,-0.8890049457550049,-0.022603428270667792
1300,61,39,0.0,79872,-5.78618502,50.0,-28.201844334602356,0.1533203125,380,0.08616922674700618,-0.0004066936671733856,0.003248727,3e-05,0.1,0.9910905957221985,-1.4400644302368164,-0.023595136089716105
1300,62,40,0.0,81920,-5.76132258,50.0,-28.196589589118958,0.17099609375,390,0.09361447654664516,0.0065356045961380005,0.0040817,3e-05,0.1,0.9907726049423218,-1.0579266548156738,-0.02561911178054288
1300,64,41,0.0,83968,-5.7260039,50.0,-28.192557597160338,0.1841796875,400,0.10575828012079,0.01229773834347725,0.0038280624,3e-05,0.1,0.990679144859314,-0.5370023250579834,-0.024926858604885638
1300,66,42,0.0,86016,-5.632995439999999,50.0,-28.191670393943788,0.1375,410,0.09229041682556272,-0.004082966595888138,0.0034053612,3e-05,0.1,0.9907242655754089,-0.9024591445922852,-0.02331925864564255
1301,67,43,0.0,88064,-5.6584098,50.0,-28.191943645477295,0.14921875,420,0.08917543878778815,0.003766719251871109,0.0038161832,3e-05,0.1,0.990688681602478,-1.137714147567749,-0.02432650387636386
1301,69,44,0.0,90112,-5.649694919999999,50.0,-28.189134740829466,0.14677734375,430,0.0786675600335002,-0.0012384094297885895,0.0034654185,3e-05,0.1,0.9904536008834839,-1.471480131149292,-0.02433252789778635
1301,70,45,0.0,92160,-5.70585142,50.0,-28.18668465614319,0.151953125,440,0.0789736595004797,-0.0018150508403778076,0.0037597134,3e-05,0.1,0.9904876947402954,-0.9164246320724487,-0.023865835199831053
1301,72,46,0.0,94208,-5.77201972,50.0,-28.1869238615036,0.159912109375,450,0.08010808294638991,0.0006052739918231964,0.0035368083,3e-05,0.1,0.9904137849807739,-1.1730084419250488,-0.023673592129489406
1301,73,47,0.0,96256,-5.685944870000001,50.0,-28.183416867256163,0.167529296875,460,0.07750730412080883,0.0008030422031879425,0.003606134,3e-05,0.1,0.9901251792907715,-0.959854245185852,-0.023848691169405356
1301,75,48,0.0,98304,-5.68042708,50.0,-28.178614330291747,0.140087890625,470,0.0862931245006621,-0.0015284381806850433,0.0035267952,3e-05,0.1,0.9900053143501282,-0.6121110916137695,-0.02374695792386774
1295,77,49,0.0,100352,-5.704207399999999,50.0,-28.174836802482606,0.156005859375,480,0.07359022712334991,-0.005238492041826248,0.0036352333,3e-05,0.1,0.9897397756576538,-1.007317304611206,-0.02356941989855841
1295,79,50,0.0,102400,-5.7016222600000015,50.0,-28.169322037696837,0.155908203125,490,0.08099766010418534,-0.0015302374958992004,0.0036760075,3e-05,0.1,0.9894530177116394,-0.8392432928085327,-0.02467352928360924
1295,80,51,0.0,104448,-5.6909558,50.0,-28.165140557289124,0.150439453125,500,0.08102086661383509,0.002939663827419281,0.003740842,3e-05,0.1,0.9893415570259094,-1.1816742420196533,-0.02387517140014097
1296,82,52,0.0,106496,-5.61071253,50.0,-28.161539316177368,0.162451171875,510,0.07390078227035701,-0.008625848218798637,0.0038068984,3e-05,0.1,0.9890493154525757,-0.585249662399292,-0.024156573315849528
1296,83,53,0.0,108544,-5.634213249999999,50.0,-28.155198287963866,0.16435546875,520,0.07557806228287518,0.0007976479828357697,0.004081521,3e-05,0.1,0.9887367486953735,-0.5412659645080566,-0.025022434804122896
1296,85,54,0.0,110592,-5.61597566,50.0,-28.1515216588974,0.17548828125,530,0.07332524294033646,-0.009405344724655151,0.003908801,3e-05,0.1,0.988726019859314,-0.650992751121521,-0.024371426698053256
1296,86,55,0.0,112640,-5.594592280000001,50.0,-28.148167204856872,0.14169921875,540,0.06607157564722002,-0.006445698440074921,0.0037322172,3e-05,0.1,0.988328754901886,-0.9808849096298218,-0.023349716915981845
1296,88,56,0.0,114688,-5.53717122,50.0,-28.14054763317108,0.14033203125,550,0.07787803490646183,-0.0009162798523902893,0.0035318716,3e-05,0.1,0.9880523681640625,-0.7722707986831665,-0.02371097282739356
1297,89,57,0.0,116736,-5.605839629999999,50.0,-28.137132167816162,0.151513671875,560,0.07011650628410279,-0.008069232106208801,0.0033995747,3e-05,0.1,0.9879749417304993,-0.7774420976638794,-0.02370935652870685
1297,91,58,0.0,118784,-5.63511464,50.0,-28.13498396873474,0.164697265625,570,0.053994259564206004,-0.02011430822312832,0.00339683,3e-05,0.1,0.9878172874450684,-1.5761194229125977,-0.02440588294994086
1297,93,59,0.0,120832,-5.63762775,50.0,-28.130877804756164,0.146728515625,580,0.057395858131349085,-0.01823432557284832,0.0036502546,3e-05,0.1,0.9876057505607605,-0.9865288734436035,-0.024580095137935132
1297,94,60,0.0,122880,-5.608413929999999,50.0,-28.12676830291748,0.13603515625,590,0.05831699948757887,-0.008833268657326698,0.0033482162,3e-05,0.1,0.987369179725647,-0.9687159061431885,-0.022155234409729017
1298,96,61,0.0,124928,-5.58796467,50.0,-28.121783137321472,0.14052734375,600,0.06770716728642583,-0.0034362897276878357,0.0033262703,3e-05,0.1,0.9871370196342468,-0.36640357971191406,-0.022782679699594154
1298,97,62,0.0,126976,-5.532785429999999,50.0,-28.118334221839905,0.159423828125,610,0.06589070712216198,-0.012057874351739883,0.0034400555,3e-05,0.1,0.9869939684867859,-0.6033899784088135,-0.024018294614506885
1298,99,63,0.0,129024,-5.56522082,50.0,-28.114822483062746,0.14765625,620,0.07022645832039416,-0.007618285715579987,0.003363078,3e-05,0.1,0.9868288040161133,-0.36577820777893066,-0.023840494698379188
1298,100,64,0.0,131072,-5.6105128099999995,50.0,-28.112115931510925,0.184619140625,630,0.060733059095218776,-0.007334358990192413,0.004493399,3e-05,0.1,0.9867687225341797,-0.4021632671356201,-0.024960637104231864
1298,102,65,0.0,133120,-5.555366350000001,50.0,-28.109108138084412,0.14775390625,640,0.05237206220626831,-0.018178462982177734,0.0034522486,3e-05,0.1,0.9865251779556274,-1.0669589042663574,-0.024089058104436845
1298,104,66,0.0,135168,-5.536522919999999,50.0,-28.104841351509094,0.15859375,650,0.06300859274342656,-0.011635459959506989,0.0036180767,3e-05,0.1,0.9863174557685852,-0.6090000867843628,-0.02431124940048903
1299,105,67,0.0,137216,-5.5199261,50.0,-28.101206588745118,0.16484375,660,0.05716793024912477,-0.011176254600286484,0.0037702702,3e-05,0.1,0.9862238168716431,-0.8221787214279175,-0.024910257547162473
1299,107,68,0.0,139264,-5.537414569999999,50.0,-28.10090274810791,0.179345703125,670,0.056298395665362475,-0.018341992050409317,0.004086083,3e-05,0.1,0.9861468076705933,-0.6549133062362671,-0.02603067634627223
1299,108,69,0.0,141312,-5.537488990000001,50.0,-28.096923208236696,0.174072265625,680,0.05699475579895079,-0.016288388520479202,0.0041227844,3e-05,0.1,0.9858821034431458,-0.6871656179428101,-0.02549493710976094
1299,110,70,0.0,143360,-5.52699016,50.0,-28.090172290802002,0.162890625,690,0.04855869002640247,-0.016068778932094574,0.003774203,3e-05,0.1,0.9855045080184937,-0.6749343872070312,-0.024859834782546386
1299,111,71,0.0,145408,-5.51896485,50.0,-28.084926509857176,0.156689453125,700,0.054583600256592035,-0.013636115938425064,0.004024335,3e-05,0.1,0.9853803515434265,-0.3840430974960327,-0.024558554356917738
1300,113,72,0.0,147456,-5.439671250000001,50.0,-28.0828928232193,0.180712890625,710,0.04892153004184365,-0.01778375916182995,0.0038600345,3e-05,0.1,0.985283374786377,-0.7170205116271973,-0.02474261703900993
1300,114,73,0.0,149504,-5.421281060000001,50.0,-28.078197884559632,0.1923828125,720,0.05894428757019341,-0.01579534448683262,0.0044303774,3e-05,0.1,0.984937846660614,-0.32661402225494385,-0.026573746791109444
1297,116,74,0.0,151552,-5.4683661699999995,50.0,-28.07069969177246,0.16982421875,730,0.04995607552118599,-0.012803170830011368,0.003819548,3e-05,0.1,0.9845505952835083,-0.46650242805480957,-0.024450010937289334
1297,118,75,0.0,153600,-5.497909089999999,50.0,-28.06479127407074,0.163818359375,740,0.043910432560369375,-0.019105296581983566,0.0036843861,3e-05,0.1,0.9843711853027344,-0.7108570337295532,-0.024700467468937858
1297,119,76,0.0,155648,-5.505083580000001,50.0,-28.061134624481202,0.1541015625,750,0.04649002598598599,-0.01812955178320408,0.0037549934,3e-05,0.1,0.9841375350952148,-0.5057387351989746,-0.02445707060978748
1298,121,77,0.0,157696,-5.48327827,50.0,-28.05656502246857,0.178271484375,760,0.05178460157476365,-0.018881920725107193,0.0038782258,3e-05,0.1,0.9839770197868347,-0.47309374809265137,-0.025160307495389132
1298,123,78,0.0,159744,-5.39477723,50.0,-28.05380790233612,0.1578125,770,0.04616220151074231,-0.015607845038175583,0.0037639136,3e-05,0.1,0.9838587641716003,-0.5949263572692871,-0.024555768072605132
1298,124,79,0.0,161792,-5.384347269999999,50.0,-28.050473237037657,0.143212890625,780,0.04777965666726232,-0.012581100687384605,0.00349351,3e-05,0.1,0.9836289286613464,-0.439738392829895,-0.02332904126960784
1299,126,80,0.0,163840,-5.31697288,50.0,-28.045969080924987,0.17001953125,790,0.0495383860077709,-0.015348449349403381,0.0039722305,3e-05,0.1,0.9834500551223755,-0.4414336681365967,-0.024822167633101345
1299,127,81,0.0,165888,-5.423613989999998,50.0,-28.04223780632019,0.169140625,800,0.05421687602065504,-0.016331762075424194,0.0037165016,3e-05,0.1,0.9832063913345337,-0.3057049512863159,-0.025254668775596657
1299,129,82,0.0,167936,-5.440260920000001,50.0,-28.036010551452637,0.157666015625,810,0.04233291754499078,-0.020293045789003372,0.0033382117,3e-05,0.1,0.9828634262084961,-0.5898193120956421,-0.023884411691688
1300,130,83,0.0,169984,-5.430897990000001,50.0,-28.029039311408997,0.17001953125,820,0.0450109557248652,-0.01614176109433174,0.0035066633,3e-05,0.1,0.9825385212898254,-0.3802746534347534,-0.023822569666663185
1300,132,84,0.0,172032,-5.397218650000001,50.0,-28.02306957244873,0.16875,830,0.04275830406695604,-0.01729758083820343,0.0039906204,3e-05,0.1,0.982315182685852,-0.5609889030456543,-0.02473906574305147
1300,133,85,0.0,174080,-5.333971550000001,50.0,-28.018690180778503,0.171142578125,840,0.05124519295059145,-0.012850729748606682,0.0038513485,3e-05,0.1,0.9820324182510376,-0.28521013259887695,-0.024886042770231143
1300,135,86,0.0,176128,-5.2933071300000005,50.0,-28.014000701904298,0.14384765625,850,0.04058710038661957,-0.014111414551734924,0.003585487,3e-05,0.1,0.9819504618644714,-0.5991662740707397,-0.024052521359408274
1300,136,87,0.0,178176,-5.340616689999999,50.0,-28.011828684806822,0.1689453125,860,0.04924816791899502,-0.01682480424642563,0.0041179163,3e-05,0.1,0.9817806482315063,-0.4148331880569458,-0.02510698214173317
1301,138,88,0.0,180224,-5.34390539,50.0,-28.007379746437074,0.15654296875,870,0.04538068356923759,-0.01976005733013153,0.0036108722,3e-05,0.1,0.9815025329589844,-0.4946250915527344,-0.024425927916308866
1301,140,89,0.0,182272,-5.2586702,50.0,-28.002002239227295,0.189697265625,880,0.036991792474873365,-0.027195366099476814,0.0039937613,3e-05,0.1,0.9813438653945923,-0.42484450340270996,-0.02614576743217185
1301,141,90,0.0,184320,-5.27774743,50.0,-27.99756908416748,0.178662109375,890,0.05184780242852867,-0.015808533877134323,0.0040241033,3e-05,0.1,0.9809654951095581,-0.1115337610244751,-0.025015235785394906
1301,143,91,0.0,186368,-5.34371682,50.0,-27.991292977333067,0.18642578125,900,0.04188354718498886,-0.021630097180604935,0.004098085,3e-05,0.1,0.980789840221405,-0.4075826406478882,-0.026097744837170467
1302,144,92,0.0,188416,-5.299596719999999,50.0,-27.987390160560608,0.16396484375,910,0.03600774263031781,-0.02071789838373661,0.0038482016,3e-05,0.1,0.9805741310119629,-0.3466155529022217,-0.02463299441151321
1302,146,93,0.0,190464,-5.29268042,50.0,-27.984523487091064,0.18447265625,920,0.05294161727651954,-0.016434431076049805,0.003945887,3e-05,0.1,0.9804889559745789,-0.20255279541015625,-0.025399256445234643
1302,147,94,0.0,192512,-5.389726560000001,50.0,-27.980276894569396,0.1529296875,930,0.03654321713838726,-0.025196006521582603,0.00383786,3e-05,0.1,0.9801298379898071,-0.42553651332855225,-0.02388760298490524
1302,149,95,0.0,194560,-5.357570000000001,50.0,-27.974198508262635,0.1625,940,0.03492431163322181,-0.020612085238099098,0.003727642,3e-05,0.1,0.9799615740776062,-0.5272157192230225,-0.024604974477551878
1303,150,96,0.0,196608,-5.293259890000001,50.0,-27.97165741920471,0.171533203125,950,0.046290118061006066,-0.017841268330812454,0.0038222424,3e-05,0.1,0.9798651933670044,-0.22312426567077637,-0.025350523996166885
1303,152,97,0.0,198656,-5.27855258,50.0,-27.970226216316224,0.173828125,960,0.03842592092696577,-0.02205066941678524,0.0039604725,3e-05,0.1,0.9797825813293457,-0.5134744644165039,-0.02501185912406072
1300,154,98,0.0,200704,-5.1770922299999995,50.0,-27.966735529899598,0.19306640625,970,0.054296736232936384,-0.012638995423913002,0.0043878425,3e-05,0.1,0.9795392751693726,-0.17407619953155518,-0.026108816202031447
1300,155,99,0.0,202752,-5.19066298,50.0,-27.962433648109435,0.181396484375,980,0.03966161631979048,-0.02519671618938446,0.0042863633,3e-05,0.1,0.9793835878372192,-0.19737648963928223,-0.02503259147051722
1301,157,100,0.0,204800,-5.19068361,50.0,-27.958844327926634,0.1685546875,990,0.04415777032263577,-0.019983062520623207,0.0041542477,3e-05,0.1,0.9791622161865234,-0.24792075157165527,-0.025533061771420763
1301,158,101,0.0,206848,-5.22483594,50.0,-27.956258153915407,0.189892578125,1000,0.042599668027833104,-0.022523440420627594,0.004145636,3e-05,0.1,0.9791771173477173,-0.19963812828063965,-0.025041622144635768
1301,160,102,0.0,208896,-5.17724761,50.0,-27.954398655891417,0.16953125,1010,0.045219984278082846,-0.01808915100991726,0.003983084,3e-05,0.1,0.97894686460495,-0.17269933223724365,-0.024661327234935016
1301,162,103,0.0,210944,-5.210430520000001,50.0,-27.947698402404786,0.16083984375,1020,0.041242649080231786,-0.02071934938430786,0.0039773043,3e-05,0.1,0.9785329699516296,-0.14464449882507324,-0.023975111450999974
1302,163,104,0.0,212992,-5.2357785,50.0,-27.939738583564758,0.137451171875,1030,0.04185262371320277,-0.017604606226086617,0.0035131925,3e-05,0.1,0.9782407879829407,-0.20743787288665771,-0.023288206721190363
1302,165,105,0.0,215040,-5.208123079999999,50.0,-27.936217546463013,0.19306640625,1040,0.03317594821564853,-0.027308866381645203,0.004222483,3e-05,0.1,0.9781597852706909,-0.49285244941711426,-0.02566262666368857
1302,166,106,0.0,217088,-5.17068998,50.0,-27.933689737319945,0.1568359375,1050,0.04431500588543713,-0.015990115702152252,0.0039212843,3e-05,0.1,0.977959930896759,-0.15185546875,-0.02516068418044597
1302,168,107,0.0,219136,-5.18938769,50.0,-27.92803063392639,0.181298828125,1060,0.04001006903126836,-0.020434457808732986,0.004153725,3e-05,0.1,0.9776085019111633,-0.2032407522201538,-0.0256949347036425
1302,169,108,0.0,221184,-5.105967339999999,50.0,-27.919315910339357,0.18701171875,1070,0.04573936313390732,-0.020277313888072968,0.004271483,3e-05,0.1,0.9771587252616882,-0.16513121128082275,-0.02626376579864882
1302,171,109,0.0,223232,-5.10400306,50.0,-27.912480759620667,0.158056640625,1080,0.034151806868612765,-0.02347007766366005,0.0037572715,3e-05,0.1,0.9769514203071594,-0.2530708312988281,-0.02429719481151551
1303,172,110,0.0,225280,-5.10084724,50.0,-27.907475900650024,0.168359375,1090,0.03575152598787099,-0.024138590320944786,0.003830636,3e-05,0.1,0.976622462272644,-0.1375824213027954,-0.024124411633238196
1303,174,111,0.0,227328,-5.14315823,50.0,-27.901468348503112,0.190673828125,1100,0.041819014889188114,-0.023529088124632835,0.0041046105,3e-05,0.1,0.9763690829277039,-0.12873589992523193,-0.02602009541587904
1303,175,112,0.0,229376,-5.103929470000001,50.0,-27.898487854003907,0.178173828125,1110,0.0392978192307055,-0.02424597181379795,0.0038936697,3e-05,0.1,0.9763452410697937,-0.15388882160186768,-0.02499125339090824
1303,177,113,0.0,231424,-4.97506699,50.0,-27.89700150489807,0.16142578125,1120,0.03584014899097383,-0.01837058737874031,0.004027305,3e-05,0.1,0.9762338399887085,-0.24833178520202637,-0.02460579728940502
1304,179,114,0.0,233472,-5.033745720000001,50.0,-27.89319541454315,0.175439453125,1130,0.03162099733017385,-0.022634152323007584,0.004074186,3e-05,0.1,0.9759782552719116,-0.3359653949737549,-0.025492035842034966
1304,180,115,0.0,235520,-5.110098430000001,50.0,-27.889542531967162,0.185107421875,1140,0.0323889673454687,-0.027872679755091667,0.004233548,3e-05,0.1,0.9758966565132141,-0.36345160007476807,-0.025997527450090274
1304,182,116,0.0,237568,-5.122008480000001,50.0,-27.88649356365204,0.193994140625,1150,0.03408624455332756,-0.027023058384656906,0.0042230063,3e-05,0.1,0.9756019711494446,-0.12233877182006836,-0.025413635832956062
1304,183,117,0.0,239616,-5.10032655,50.0,-27.880965137481688,0.1716796875,1160,0.03333427601028234,-0.025283778086304665,0.0036067727,3e-05,0.1,0.9754713177680969,-0.1838698387145996,-0.02450415591010824
1304,185,118,0.0,241664,-5.04102437,50.0,-27.87830023765564,0.198779296875,1170,0.025949086737819017,-0.0259619802236557,0.0039748815,3e-05,0.1,0.9752529263496399,-0.35412299633026123,-0.025822291208896786
1304,186,119,0.0,243712,-5.03053717,50.0,-27.871324014663696,0.183740234375,1180,0.029552528681233526,-0.025775188580155373,0.00418532,3e-05,0.1,0.9748631715774536,-0.22996878623962402,-0.025511133094551042
1304,188,120,0.0,245760,-5.07669045,50.0,-27.865644001960753,0.185302734375,1190,0.039122839295305314,-0.02566911280155182,0.0040931976,3e-05,0.1,0.9746479988098145,-0.15707433223724365,-0.025720592716243117
1304,189,121,0.0,247808,-5.02003208,50.0,-27.86023015975952,0.163671875,1200,0.025347848841920494,-0.02532077580690384,0.0041458355,3e-05,0.1,0.9743860363960266,-0.4227457046508789,-0.024038053379626945
1304,191,122,0.0,249856,-5.04456201,50.0,-27.854638695716858,0.19130859375,1210,0.024535459489561616,-0.034413352608680725,0.0040482264,3e-05,0.1,0.9740595817565918,-0.4187430143356323,-0.026181639707647263
1301,193,123,0.0,251904,-5.06030742,50.0,-27.84967439174652,0.189990234375,1220,0.027879857923835516,-0.029831375926733017,0.0043980284,3e-05,0.1,0.973971962928772,-0.3656421899795532,-0.02561457779374905
1302,195,124,0.0,253952,-5.08344326,50.0,-27.844996905326845,0.167919921875,1230,0.0362607650924474,-0.02389458753168583,0.0040526604,3e-05,0.1,0.9735099673271179,-0.12491405010223389,-0.02436497579328716
1302,196,125,0.0,256000,-5.05800418,50.0,-27.83748004436493,0.1919921875,1240,0.0345096041681245,-0.027148522436618805,0.0042903316,3e-05,0.1,0.9733824729919434,-0.18065321445465088,-0.02679452662705444
1302,198,126,0.0,258048,-4.973732129999999,50.0,-27.837112998962404,0.181396484375,1250,0.028577963006682694,-0.02711244858801365,0.0043656947,3e-05,0.1,0.9734445810317993,-0.17875206470489502,-0.02553523189853877
1302,199,127,0.0,260096,-4.9240176700000005,50.0,-27.835382485389708,0.17109375,1260,0.03109616965521127,-0.030200324952602386,0.004452481,3e-05,0.1,0.9731593132019043,-0.10420811176300049,-0.025271767232334243
1302,201,128,0.0,262144,-4.9157955499999995,50.0,-27.82981481552124,0.183056640625,1270,0.030830937740392982,-0.02630726248025894,0.0043258127,3e-05,0.1,0.9729673266410828,-0.1321645975112915,-0.025232398888329045
1302,202,129,0.0,264192,-4.9693293700000005,50.0,-27.826909589767457,0.18037109375,1280,0.026068192324601114,-0.02776620164513588,0.004160215,3e-05,0.1,0.9728398323059082,-0.29646503925323486,-0.025072928139707074
1302,204,130,0.0,266240,-5.02555102,50.0,-27.82182409763336,0.195166015625,1290,0.03356629922054708,-0.03268268331885338,0.0041914973,3e-05,0.1,0.9725316166877747,-0.1666109561920166,-0.02572937570512295
1302,205,131,0.0,268288,-5.013584219999999,50.0,-27.816850566864012,0.179150390625,1300,0.025007643573917448,-0.032494984567165375,0.004257234,3e-05,0.1,0.972346305847168,-0.4264136552810669,-0.025591213576262817
1302,207,132,0.0,270336,-4.94942659,50.0,-27.813405013084413,0.1958984375,1310,0.030573215917684138,-0.027777129784226418,0.00445853,3e-05,0.1,0.9722205996513367,-0.24026942253112793,-0.02653643924277276
1302,209,133,0.0,272384,-4.91876897,50.0,-27.810609149932862,0.193359375,1320,0.022059586900286376,-0.03649022430181503,0.0040704627,3e-05,0.1,0.9720607995986938,-0.34651505947113037,-0.025515735044609755
1302,210,134,0.0,274432,-4.893783340000001,50.0,-27.803397870063783,0.182861328125,1330,0.030152155552059412,-0.03093494474887848,0.0040142206,3e-05,0.1,0.9715189933776855,-0.0633770227432251,-0.025820696470327677
1302,212,135,0.0,276480,-4.92140179,50.0,-27.79416980743408,0.211083984375,1340,0.030515421484597027,-0.028123270720243454,0.0042750696,3e-05,0.1,0.9712035059928894,-0.22867882251739502,-0.026421878201654182
1302,213,136,0.0,278528,-4.97825483,50.0,-27.788011860847472,0.2080078125,1350,0.026908526150509714,-0.02937139943242073,0.004473655,3e-05,0.1,0.9709104299545288,-0.17350149154663086,-0.02730601580115035
1302,215,137,0.0,280576,-4.9252314,50.0,-27.78247697353363,0.184716796875,1360,0.02602525509428233,-0.03137565776705742,0.0041609677,3e-05,0.1,0.9706813097000122,-0.25200021266937256,-0.02486665434553288
1302,216,138,0.0,282624,-4.842550550000001,50.0,-27.777834630012514,0.176611328125,1370,0.03150024784263224,-0.03195119649171829,0.0044838395,3e-05,0.1,0.9704917073249817,-0.118782639503479,-0.026270704821217804
1302,218,139,0.0,284672,-4.84128494,50.0,-27.775482487678527,0.18232421875,1380,0.027524572564288974,-0.029201092198491096,0.004024864,3e-05,0.1,0.9704351425170898,-0.039862632751464844,-0.025105392321711405
1302,220,140,0.0,286720,-4.94176971,50.0,-27.772391438484192,0.18583984375,1390,0.025985561404377223,-0.026355305686593056,0.0043390365,3e-05,0.1,0.9701812863349915,-0.24984490871429443,-0.025430106703424826
1302,221,141,0.0,288768,-4.93025405,50.0,-27.768587899208068,0.1814453125,1400,0.02899075176101178,-0.030254799872636795,0.0041303756,3e-05,0.1,0.9701089859008789,-0.24245202541351318,-0.025487251864979042
1302,223,142,0.0,290816,-4.882620370000001,50.0,-27.76400194168091,0.2068359375,1410,0.02914567133411765,-0.028621982783079147,0.0044849254,3e-05,0.1,0.9696917533874512,-0.07409179210662842,-0.027011187805328518
1302,224,143,0.0,292864,-4.82634908,50.0,-27.75723805427551,0.219677734375,1420,0.023356188437901437,-0.029457740485668182,0.005014665,3e-05,0.1,0.9695164561271667,-0.1775040626525879,-0.027049210265977307
1302,226,144,0.0,294912,-4.810740979999999,50.0,-27.75249969959259,0.19873046875,1430,0.023162422562018038,-0.033483993262052536,0.0043087117,3e-05,0.1,0.9692040681838989,-0.27716004848480225,-0.025377876561833546
1302,227,145,0.0,296960,-4.82692656,50.0,-27.745527505874634,0.203955078125,1440,0.023461073311045764,-0.028550924733281136,0.004434237,3e-05,0.1,0.9688652157783508,-0.22789525985717773,-0.02569196859258227
1302,229,146,0.0,299008,-4.81377099,50.0,-27.741046166419984,0.182568359375,1450,0.02928470226470381,-0.029906971380114555,0.0040588127,3e-05,0.1,0.968793511390686,-0.1803750991821289,-0.025511559483129533
1300,231,147,0.0,301056,-4.81222238,50.0,-27.740021419525146,0.179150390625,1460,0.028672729758545755,-0.026238858699798584,0.004065102,3e-05,0.1,0.9687264561653137,-0.07848536968231201,-0.0248416414600797
1300,233,148,0.0,303104,-4.83351047,50.0,-27.7384553194046,0.210498046875,1470,0.03109358991496265,-0.028077257797122,0.0047192476,3e-05,0.1,0.9686843752861023,-0.04712224006652832,-0.026909936277661473
1300,234,149,0.0,305152,-4.85603145,50.0,-27.737134099006653,0.193701171875,1480,0.02545644554775208,-0.028812114149332047,0.0043054116,3e-05,0.1,0.9686186909675598,-0.12382090091705322,-0.026581117958994583
1300,236,150,0.0,307200,-4.84241665,50.0,-27.735303378105165,0.20673828125,1490,0.026157695753499865,-0.02761109173297882,0.0047825715,3e-05,0.1,0.9684346914291382,-0.08686614036560059,-0.02614411287358962
1300,237,151,0.0,309248,-4.775388629999999,50.0,-27.731035804748537,0.205859375,1500,0.024432943016290665,-0.030821843072772026,0.004737517,3e-05,0.1,0.9682697057723999,-0.21261441707611084,-0.02634434937790502
1300,239,152,0.0,311296,-4.83863171,50.0,-27.72813982963562,0.207275390625,1510,0.02841964301187545,-0.027060555294156075,0.0045912554,3e-05,0.1,0.968183159828186,-0.044211506843566895,-0.027366398164303973
1300,240,153,0.0,313344,-4.80353687,50.0,-27.725608587265015,0.187060546875,1520,0.022535664378665388,-0.03129492700099945,0.0043325545,3e-05,0.1,0.9680525064468384,-0.276853084564209,-0.026097658346407114
1301,242,154,0.0,315392,-4.72774422,50.0,-27.724776458740234,0.195849609375,1530,0.028363926615566016,-0.02399461716413498,0.004424632,3e-05,0.1,0.9680883288383484,-0.04498469829559326,-0.02568144578835927
1301,243,155,0.0,317440,-4.6729090499999995,50.0,-27.72200176715851,0.20205078125,1540,0.027180912834592164,-0.02640685811638832,0.004024939,3e-05,0.1,0.9677678942680359,-0.1009141206741333,-0.025841669202782212
1301,245,156,0.0,319488,-4.7260744500000005,50.0,-27.714670491218566,0.1974609375,1550,0.02479283339343965,-0.03465208783745766,0.0045047067,3e-05,0.1,0.9674274325370789,-0.10033881664276123,-0.026781548094004393
1301,247,157,0.0,321536,-4.78879339,50.0,-27.705813574790955,0.1833984375,1560,0.024344207369722426,-0.027299007400870323,0.004346989,3e-05,0.1,0.966899037361145,-0.15994203090667725,-0.025169609254226087
1301,248,158,0.0,323584,-4.746557780000001,50.0,-27.698307085037232,0.21787109375,1570,0.02717826555017382,-0.026729408651590347,0.0042701857,3e-05,0.1,0.9667202234268188,-0.029851078987121582,-0.025744499266147615
1301,250,159,0.0,325632,-4.790026699999999,50.0,-27.693445467948912,0.19736328125,1580,0.020498729881364853,-0.030560925602912903,0.004361722,3e-05,0.1,0.9663975834846497,-0.20362019538879395,-0.025581283820793034
1300,251,160,0.0,327680,-4.7778437700000005,50.0,-27.687929224967956,0.174462890625,1590,0.02402546696830541,-0.028576865792274475,0.0041054883,3e-05,0.1,0.9662283062934875,-0.11105751991271973,-0.02539129907381721
1301,253,161,0.0,329728,-4.77705389,50.0,-27.687790703773498,0.188232421875,1600,0.021977810934185982,-0.03044148162007332,0.004739308,3e-05,0.1,0.9664143323898315,-0.10012936592102051,-0.025928188825491815
1300,255,162,0.0,331776,-4.755556039999999,50.0,-27.6873761177063,0.177490234375,1610,0.026725183147937058,-0.031596191227436066,0.004021372,3e-05,0.1,0.9661089181900024,-0.09047520160675049,-0.025550617655972017
1301,256,163,0.0,333824,-4.8007703,50.0,-27.681595110893248,0.198486328125,1620,0.022698856540955603,-0.02776479162275791,0.004436361,3e-05,0.1,0.9659233093261719,-0.09508836269378662,-0.025946124084293844
1301,258,164,0.0,335872,-4.78341014,50.0,-27.67800991535187,0.215283203125,1630,0.022719155112281442,-0.03186337649822235,0.0045971056,3e-05,0.1,0.965796947479248,-0.18589448928833008,-0.02736191329313442
1301,259,165,0.0,337920,-4.68463785,50.0,-27.673991775512697,0.19296875,1640,0.022496846877038477,-0.03441665321588516,0.004460703,3e-05,0.1,0.9654874801635742,-0.2034968137741089,-0.026397918682778253
1301,261,166,0.0,339968,-4.61698824,50.0,-27.668942475318907,0.164111328125,1650,0.022024476481601597,-0.02276497893035412,0.0040529594,3e-05,0.1,0.9652945399284363,-0.07217574119567871,-0.023674485675292088
1301,262,167,0.0,342016,-4.63169358,50.0,-27.663042640686037,0.218603515625,1660,0.02604636496398598,-0.03252763673663139,0.0048098825,3e-05,0.1,0.9649383425712585,-0.059467196464538574,-0.027623115794267506
1301,264,168,0.0,344064,-4.64659183,50.0,-27.655309796333313,0.207373046875,1670,0.020070788660086693,-0.03144848719239235,0.0047872975,3e-05,0.1,0.9645843505859375,-0.14345121383666992,-0.026628950049052948
1301,265,169,0.0,346112,-4.6557011600000004,50.0,-27.650704789161683,0.209423828125,1680,0.02228771480731666,-0.03145759552717209,0.004307773,3e-05,0.1,0.9645248651504517,-0.2501375675201416,-0.02630708918441087
1301,267,170,0.0,348160,-4.60175058,50.0,-27.648636484146117,0.20390625,1690,0.021188584086485208,-0.03094673529267311,0.004399302,3e-05,0.1,0.9643757939338684,-0.03629183769226074,-0.025013954471796752
1299,269,171,0.0,350208,-4.6105303200000005,50.0,-27.645320534706116,0.2044921875,1700,0.02217592587694526,-0.03947029262781143,0.004855036,3e-05,0.1,0.964198887348175,-0.0527951717376709,-0.02736044112825766
1299,271,172,0.0,352256,-4.608123030000001,50.0,-27.640441870689394,0.215087890625,1710,0.019573200168088077,-0.03873032331466675,0.0047203093,3e-05,0.1,0.9639325141906738,-0.20418274402618408,-0.027487965696491302
1299,272,173,0.0,354304,-4.638009910000001,50.0,-27.63625364303589,0.19951171875,1720,0.025213356548920273,-0.029693320393562317,0.0044864235,3e-05,0.1,0.963753879070282,-0.03859996795654297,-0.026315581554081292
1299,274,174,0.0,356352,-4.64249302,50.0,-27.632541036605836,0.203076171875,1730,0.02368856391403824,-0.024121064692735672,0.0043755006,3e-05,0.1,0.9636138081550598,-0.12440931797027588,-0.025508253701264038
1299,275,175,0.0,358400,-4.63610567,50.0,-27.63134808540344,0.203173828125,1740,0.021013026149012147,-0.03384631127119064,0.004059403,3e-05,0.1,0.9636377096176147,-0.09518766403198242,-0.026239452441222964
1299,277,176,0.0,360448,-4.65732809,50.0,-27.629640197753908,0.195556640625,1750,0.023638344067148865,-0.024118587374687195,0.0044482173,3e-05,0.1,0.9634411931037903,-0.023532867431640625,-0.024877083871979268
1299,278,177,0.0,362496,-4.63284902,50.0,-27.624754071235657,0.220849609375,1760,0.020653170603327452,-0.03326806426048279,0.005047058,3e-05,0.1,0.9632225036621094,-0.09494328498840332,-0.026473903481382878
1299,280,178,0.0,364544,-4.6289016400000005,50.0,-27.621863174438477,0.194287109375,1770,0.019086367881391196,-0.0329597108066082,0.0045158598,3e-05,0.1,0.9631254076957703,-0.15588617324829102,-0.025643102056346834
1299,282,179,0.0,366592,-4.662591969999999,50.0,-27.6189218044281,0.201513671875,1780,0.017643856292124838,-0.03445415198802948,0.004368984,3e-05,0.1,0.9629661440849304,-0.1733492612838745,-0.02643526461906731
1299,283,180,0.0,368640,-4.6485803599999995,50.0,-27.616821122169494,0.20380859375,1790,0.018759298173245044,-0.03981218487024307,0.0043712035,3e-05,0.1,0.9629494547843933,-0.11809909343719482,-0.02640030804905109
1299,285,181,0.0,370688,-4.628796670000001,50.0,-27.612744951248168,0.214306640625,1800,0.01971871273126453,-0.03682485222816467,0.0048110364,3e-05,0.1,0.9625728726387024,-0.06165933609008789,-0.026208944275276737
1299,286,182,0.0,372736,-4.585938339999999,50.0,-27.606921243667603,0.189013671875,1810,0.021585404151119293,-0.03656014800071716,0.004538279,3e-05,0.1,0.9624127149581909,-0.11088204383850098,-0.0274332522705663
1299,288,183,0.0,374784,-4.5811643,50.0,-27.60212321281433,0.1890625,1820,0.018203265231568365,-0.03235701844096184,0.004067352,3e-05,0.1,0.9620512127876282,-0.13304316997528076,-0.02516297246911563
1299,289,184,0.0,376832,-4.62678313,50.0,-27.594916224479675,0.2228515625,1830,0.01874203854240477,-0.03521108254790306,0.004662508,3e-05,0.1,0.9617928266525269,-0.18374860286712646,-0.02605151343450416
1299,291,185,0.0,378880,-4.60490978,50.0,-27.58876781463623,0.21484375,1840,0.017417962849140167,-0.03514765202999115,0.0048989067,3e-05,0.1,0.9614307284355164,-0.21419894695281982,-0.02750637301360257
1299,293,186,0.0,380928,-4.539057639999999,50.0,-27.58314974308014,0.215673828125,1850,0.019271243689581753,-0.037354983389377594,0.0048155645,3e-05,0.1,0.9613034129142761,-0.16839277744293213,-0.026300334598636253
1299,294,187,0.0,382976,-4.503813320000001,50.0,-27.581728100776672,0.190869140625,1860,0.02207794727291912,-0.033411432057619095,0.004307304,3e-05,0.1,0.9612909555435181,-0.02375972270965576,-0.025459453114308417
1300,296,188,0.0,385024,-4.46369621,50.0,-27.58042891025543,0.177978515625,1870,0.017716803948860615,-0.02989647537469864,0.0042839954,3e-05,0.1,0.9611458778381348,-0.05040717124938965,-0.024923546006903052
1300,297,189,0.0,387072,-4.531827720000001,50.0,-27.576035380363464,0.235107421875,1880,0.023709364957176148,-0.029339414089918137,0.004935707,3e-05,0.1,0.9608664512634277,0.0002442598342895508,-0.027483824332011863
1300,299,190,0.0,389120,-4.54629691,50.0,-27.56908175945282,0.197802734375,1890,0.029771060962229968,-0.0245108250528574,0.004568012,3e-05,0.1,0.9605357050895691,0.01228189468383789,-0.02667323618661612
1300,300,191,0.0,391168,-4.5877671499999995,50.0,-27.56302454471588,0.203076171875,1900,0.020994115876965223,-0.033337485045194626,0.004662212,3e-05,0.1,0.9602873921394348,-0.0698096752166748,-0.02557253977865912
1300,302,192,0.0,393216,-4.54893438,50.0,-27.557318806648254,0.183056640625,1910,0.022717118123546244,-0.027784889563918114,0.004316986,3e-05,0.1,0.9599989056587219,-0.005721330642700195,-0.02563318668399006
1300,304,193,0.0,395264,-4.48569114,50.0,-27.553541398048402,0.22099609375,1920,0.018856157222762703,-0.03923865035176277,0.0047893473,3e-05,0.1,0.9599172472953796,-0.24891185760498047,-0.027111620461801066
1300,305,194,0.0,397312,-4.540099109999999,50.0,-27.550459575653075,0.21630859375,1930,0.015030970971565694,-0.03985031321644783,0.004750591,3e-05,0.1,0.9597076177597046,-0.10015082359313965,-0.027285022218711673
1300,307,195,0.0,399360,-4.52484658,50.0,-27.546770215034485,0.216943359375,1940,0.02138129244558513,-0.027981765568256378,0.004611898,3e-05,0.1,0.9595810174942017,-0.09288239479064941,-0.026667555148014797
1298,309,196,0.0,401408,-4.4979879700000005,50.0,-27.544530701637267,0.1974609375,1950,0.021818492375314236,-0.029924171045422554,0.0047836513,3e-05,0.1,0.9595181345939636,-0.008509993553161621,-0.026224901713430882
1298,310,197,0.0,403456,-4.4913737099999995,50.0,-27.54193365573883,0.19794921875,1960,0.022467700811102987,-0.0325155071914196,0.00454528,3e-05,0.1,0.9593324661254883,-0.022687554359436035,-0.025679384253453463
1298,312,198,0.0,405504,-4.524688650000001,50.0,-27.539432048797607,0.202392578125,1970,0.020349936559796333,-0.03424578160047531,0.0044659427,3e-05,0.1,0.9593039751052856,-0.07058298587799072,-0.026507575408322735
1298,313,199,0.0,407552,-4.52099828,50.0,-27.536384892463683,0.19921875,1980,0.014553662377875299,-0.033979546278715134,0.0046144174,3e-05,0.1,0.9590598940849304,-0.18897318840026855,-0.025957630184711887
1298,315,200,0.0,409600,-4.61146251,50.0,-27.53200545310974,0.195166015625,1990,0.015501244389452041,-0.0335477851331234,0.0045232438,3e-05,0.1,0.9588800668716431,-0.07114863395690918,-0.02476037171727512
1298,316,201,0.0,411648,-4.5781452300000005,50.0,-27.527533531188965,0.227490234375,2000,0.021312244376167654,-0.030747322365641594,0.0046754563,3e-05,0.1,0.9586294889450073,-0.08166265487670898,-0.026686910772696137
1298,318,202,0.0,413696,-4.44552364,50.0,-27.52293825149536,0.217822265625,2010,0.020736003504134716,-0.03223513066768646,0.004363788,3e-05,0.1,0.9585052728652954,-0.0958092212677002,-0.026512621034635232
1299,320,203,0.0,415744,-4.39020612,50.0,-27.522233843803406,0.243017578125,2020,0.016563291125930846,-0.03831662982702255,0.005131458,3e-05,0.1,0.9585455060005188,-0.07528126239776611,-0.028436459897784518
1299,321,204,0.0,417792,-4.4823462,50.0,-27.519611763954163,0.218310546875,2030,0.018855788349173962,-0.03440485894680023,0.0047361366,3e-05,0.1,0.9582196474075317,-0.023749351501464844,-0.027109507407294585
1299,323,205,0.0,419840,-4.51504959,50.0,-27.513579082489013,0.19970703125,2040,0.019371981150470674,-0.03238033503293991,0.0041724984,3e-05,0.1,0.9580179452896118,-0.1249316930770874,-0.026295231498079375
1299,324,206,0.0,421888,-4.53101518,50.0,-27.51031301021576,0.2060546875,2050,0.02006208209786564,-0.027288826182484627,0.0047760857,3e-05,0.1,0.957901656627655,-0.06902027130126953,-0.025507810094859452
1299,326,207,0.0,423936,-4.54840486,50.0,-27.508866405487062,0.23115234375,2060,0.016633173369336875,-0.037900667637586594,0.005059398,3e-05,0.1,0.9579150080680847,-0.1303783655166626,-0.027323080250062047
1299,327,208,0.0,425984,-4.49944726,50.0,-27.508470749855043,0.223486328125,2070,0.016304759541526437,-0.03948402404785156,0.0049866606,3e-05,0.1,0.9577857255935669,-0.08700776100158691,-0.026289614487905056
1299,329,209,0.0,428032,-4.445751710000001,50.0,-27.50564799308777,0.2146484375,2080,0.01957872344646603,-0.03323672339320183,0.004372375,3e-05,0.1,0.9577228426933289,0.004449427127838135,-0.025727160414680837
1299,331,210,0.0,430080,-4.39973423,50.0,-27.50312912464142,0.21064453125,2090,0.01942050938960165,-0.03557074815034866,0.004852444,3e-05,0.1,0.9575002789497375,0.012382924556732178,-0.026697176066227256
1299,332,211,0.0,432128,-4.43450852,50.0,-27.49936592578888,0.20498046875,2100,0.016628607851453127,-0.03526199609041214,0.0044692676,3e-05,0.1,0.9573575258255005,-0.06384396553039551,-0.025475443655159323
1299,334,212,0.0,434176,-4.4640444100000005,50.0,-27.49603750705719,0.214208984375,2110,0.017589526902884244,-0.02464781329035759,0.004739321,3e-05,0.1,0.9572383761405945,-0.13404381275177002,-0.026737085019703954
1299,335,213,0.0,436224,-4.5068981500000005,50.0,-27.491672539710997,0.22431640625,2120,0.018955807224847375,-0.036086395382881165,0.0050226576,3e-05,0.1,0.9569593667984009,0.01747196912765503,-0.027941448730416596
1299,337,214,0.0,438272,-4.49757078,50.0,-27.485495924949646,0.223193359375,2130,0.021377221262082458,-0.034132219851017,0.0046499176,3e-05,0.1,0.956656813621521,0.027270615100860596,-0.026653624442405998
1299,338,215,0.0,440320,-4.441207,50.0,-27.479363107681273,0.191796875,2140,0.021531832474283873,-0.031025055795907974,0.004630353,3e-05,0.1,0.956408679485321,-0.0422673225402832,-0.02620825014600996
1299,340,216,0.0,442368,-4.4019238099999995,50.0,-27.474732327461243,0.22705078125,2150,0.020505261956714094,-0.032455384731292725,0.0048063267,3e-05,0.1,0.9562211036682129,-0.02247762680053711,-0.026250005257315932
1299,342,217,0.0,444416,-4.3962398,50.0,-27.472113418579102,0.221337890625,2160,0.017632798349950463,-0.03440510481595993,0.004988227,3e-05,0.1,0.9561417698860168,-0.04763436317443848,-0.027152632019715385
1299,343,218,0.0,446464,-4.444623679999999,50.0,-27.4687198638916,0.21376953125,2170,0.017467329162172973,-0.0322641059756279,0.0051862425,3e-05,0.1,0.9558677673339844,-0.04413449764251709,-0.02685477735940367
1299,345,219,0.0,448512,-4.41757774,50.0,-27.46430802345276,0.233447265625,2180,0.016651159909088165,-0.036066461354494095,0.0046536904,3e-05,0.1,0.9558218717575073,-0.07196044921875,-0.027111353661166505
1298,347,220,0.0,450560,-4.373775039999999,50.0,-27.46477680206299,0.197900390625,2190,0.014739829662721604,-0.035527292639017105,0.0046848184,3e-05,0.1,0.9558244943618774,-0.15674889087677002,-0.02659837991814129
1298,348,221,0.0,452608,-4.393802760000001,50.0,-27.46149637699127,0.213818359375,2200,0.017341189051512627,-0.035856641829013824,0.004868794,3e-05,0.1,0.9555791616439819,-0.11930131912231445,-0.026888105215039104
1298,350,222,0.0,454656,-4.4349162699999995,50.0,-27.458796906471253,0.2248046875,2210,0.02168107230681926,-0.03168249502778053,0.0049862405,3e-05,0.1,0.9555611610412598,-0.025992274284362793,-0.026813535508699714
1298,351,223,0.0,456704,-4.44295482,50.0,-27.457624983787536,0.21318359375,2220,0.016476486157625914,-0.035217929631471634,0.0048784018,3e-05,0.1,0.9554456472396851,0.005563020706176758,-0.026786766172153875
1298,353,224,0.0,458752,-4.41610191,50.0,-27.45422430038452,0.2296875,2230,0.017121876566670836,-0.028039149940013885,0.0048962627,3e-05,0.1,0.9552243947982788,0.04388928413391113,-0.027109188644681127
1298,354,225,0.0,460800,-4.46260045,50.0,-27.450701975822447,0.195166015625,2240,0.018685227644164117,-0.03231040760874748,0.0041791555,3e-05,0.1,0.9551550149917603,0.07713967561721802,-0.02533015888184309
1298,356,226,0.0,462848,-4.46447983,50.0,-27.449964427947997,0.2341796875,2250,0.022171068703755736,-0.03239382058382034,0.005367965,3e-05,0.1,0.9551302790641785,-0.05095946788787842,-0.0271478311275132
1298,358,227,0.0,464896,-4.41760205,50.0,-27.44635100364685,0.23837890625,2260,0.019940511509776115,-0.03385016322135925,0.004990069,3e-05,0.1,0.9548379182815552,-0.06319808959960938,-0.027410729572875426
1298,359,228,0.0,466944,-4.38167622,50.0,-27.44259750843048,0.21982421875,2270,0.018278210784774273,-0.029057782143354416,0.0047128717,3e-05,0.1,0.9548384547233582,-0.001249551773071289,-0.02651909158739727
1298,361,229,0.0,468992,-4.326966260000001,50.0,-27.441515731811524,0.21796875,2280,0.013478055223822593,-0.03627489507198334,0.0045216507,3e-05,0.1,0.9547002911567688,0.03630930185317993,-0.025828472431749107
1298,362,230,0.0,471040,-4.37637176,50.0,-27.43776652812958,0.212939453125,2290,0.01972703686915338,-0.0328725129365921,0.004197214,3e-05,0.1,0.9544776678085327,0.013415932655334473,-0.026016006839927285
1298,364,231,0.0,473088,-4.37222665,50.0,-27.433466506004333,0.202783203125,2300,0.015562469710130245,-0.03821248933672905,0.0044916086,3e-05,0.1,0.9542964696884155,-0.0160444974899292,-0.026762622030219063
1298,365,232,0.0,475136,-4.39550444,50.0,-27.42583312988281,0.227685546875,2310,0.017558715143240988,-0.035903312265872955,0.0049688504,3e-05,0.1,0.9538136720657349,-0.02418816089630127,-0.02627227413468063
1298,367,233,0.0,477184,-4.3518505,50.0,-27.420623087882994,0.225732421875,2320,0.01884455420076847,-0.03961847722530365,0.00467374,3e-05,0.1,0.9538356065750122,-0.03209209442138672,-0.027993195585440844
1298,369,234,0.0,479232,-4.37452637,50.0,-27.4205171585083,0.21904296875,2330,0.014887267409358173,-0.03974168002605438,0.0045505227,3e-05,0.1,0.9537538290023804,0.0017029047012329102,-0.026294952747412025
1298,370,235,0.0,481280,-4.42280529,50.0,-27.418687415122985,0.206787109375,2340,0.014495714264921845,-0.0356522761285305,0.0048173205,3e-05,0.1,0.953708827495575,0.05200916528701782,-0.027207445807289333
1298,372,236,0.0,483328,-4.39476431,50.0,-27.41716616153717,0.241748046875,2350,0.015811218041926624,-0.029493842273950577,0.0050360346,3e-05,0.1,0.9535791277885437,-0.03945589065551758,-0.026825987076153978
1298,373,237,0.0,485376,-4.36247236,50.0,-27.415216708183287,0.231201171875,2360,0.015044195449445397,-0.0385102853178978,0.0048714657,3e-05,0.1,0.9535282254219055,-0.011331796646118164,-0.026482517886324785
1298,375,238,0.0,487424,-4.3450505,50.0,-27.412046837806702,0.224951171875,2370,0.017027964466251433,-0.030278433114290237,0.0051066177,3e-05,0.1,0.9533031582832336,0.025456905364990234,-0.02637684913352132
1298,376,239,0.0,489472,-4.32934765,50.0,-27.40790982246399,0.200146484375,2380,0.017592112929560245,-0.0281975194811821,0.0043295384,3e-05,0.1,0.9531699419021606,0.028118371963500977,-0.025763385207392277
1298,378,240,0.0,491520,-4.34779642,50.0,-27.404728603363036,0.2111328125,2390,0.014868743252009153,-0.0342617891728878,0.0045180777,3e-05,0.1,0.9529995918273926,-0.08228814601898193,-0.025591596530284734
1298,380,241,0.0,493568,-4.40343976,50.0,-27.40118577480316,0.20654296875,2400,0.021237171022221446,-0.02964378148317337,0.004291987,3e-05,0.1,0.952863872051239,-0.03192925453186035,-0.025854619027813896
1298,381,242,0.0,495616,-4.41626433,50.0,-27.397445678710938,0.2234375,2410,0.020938143390230833,-0.034671761095523834,0.0048676557,3e-05,0.1,0.9526413083076477,-0.029935359954833984,-0.02694553149631247
1298,383,243,0.0,497664,-4.36773962,50.0,-27.393988275527953,0.209375,2420,0.014057593687903136,-0.035650793462991714,0.0043180864,3e-05,0.1,0.9525648355484009,-0.06528210639953613,-0.025831770355580375
1298,384,244,0.0,499712,-4.290360349999999,50.0,-27.39184880256653,0.2236328125,2430,0.018641036632470787,-0.03520642966032028,0.0047729,3e-05,0.1,0.9524531364440918,0.040357351303100586,-0.025969693204388022
1297,386,245,0.0,501760,-4.3108813999999995,50.0,-27.389635300636293,0.23466796875,2440,0.017191961931530386,-0.03430594876408577,0.004981652,3e-05,0.1,0.9523457288742065,0.015106916427612305,-0.02722435356117785
1297,388,246,0.0,503808,-4.312245120000001,50.0,-27.385018253326415,0.217626953125,2450,0.021171502000652254,-0.031142152845859528,0.004987327,3e-05,0.1,0.952017605304718,0.03551006317138672,-0.026500957529060544
1297,389,247,0.0,505856,-4.287690089999999,50.0,-27.379471874237062,0.22353515625,2460,0.01578783099539578,-0.03355773538351059,0.004556729,3e-05,0.1,0.9518718719482422,0.03307992219924927,-0.02688384274370037
1297,391,248,0.0,507904,-4.27353879,50.0,-27.37606680393219,0.224072265625,2470,0.015987391665112226,-0.03739806264638901,0.0048403926,3e-05,0.1,0.9516226649284363,-0.12261748313903809,-0.027384858077857642
1297,392,249,0.0,509952,-4.289808740000001,50.0,-27.37092258930206,0.2279296875,2480,0.015157730458304286,-0.03486396372318268,0.00508542,3e-05,0.1,0.9514583349227905,-0.0032292604446411133,-0.026631760396412574
1297,394,250,0.0,512000,-4.324800210000001,50.0,-27.366473698616026,0.25810546875,2490,0.015586765808984637,-0.03324669599533081,0.005388041,3e-05,0.1,0.9511545300483704,-0.03211188316345215,-0.027262464224622817
1297,396,251,0.0,514048,-4.28926758,50.0,-27.359562587738036,0.235595703125,2500,0.017012579913716762,-0.03869174048304558,0.0050978977,3e-05,0.1,0.9508557319641113,-0.0948418378829956,-0.027034545777132733
1297,397,252,0.0,516096,-4.2967876700000005,50.0,-27.353834319114686,0.22548828125,2510,0.012946719536557794,-0.03806976228952408,0.0047758967,3e-05,0.1,0.9505599737167358,2.008676528930664e-05,-0.026337482148665003
1297,399,253,0.0,518144,-4.28531421,50.0,-27.34792082309723,0.237158203125,2520,0.01732490408467129,-0.031485315412282944,0.0047147167,3e-05,0.1,0.9503361582756042,0.06128495931625366,-0.026420922117540612
1297,400,254,0.0,520192,-4.28542867,50.0,-27.343267130851746,0.2267578125,2530,0.018826032371725886,-0.03125985711812973,0.0048491843,3e-05,0.1,0.9501024484634399,-0.04168736934661865,-0.027490435517393053
1297,402,255,0.0,522240,-4.2394789799999995,50.0,-27.33864152431488,0.2359375,2540,0.01773934579687193,-0.03644585609436035,0.0046485495,3e-05,0.1,0.9499034881591797,-0.09682166576385498,-0.026877268176758663
1297,404,256,0.0,524288,-4.26876563,50.0,-27.3364275932312,0.225341796875,2550,0.018701450293883683,-0.03643323481082916,0.004840527,3e-05,0.1,0.9498833417892456,0.06136739253997803,-0.025742294895462692
1297,405,257,0.0,526336,-4.21840347,50.0,-27.333131003379822,0.24169921875,2560,0.01692581664538011,-0.03507238253951073,0.005021354,3e-05,0.1,0.9495946168899536,0.027661621570587158,-0.026864017423940824
1297,407,258,0.0,528384,-4.27514514,50.0,-27.3304386138916,0.23115234375,2570,0.021596350497566162,-0.03380345553159714,0.0048768474,3e-05,0.1,0.9496867060661316,-0.06869745254516602,-0.025523928098846228
1297,408,259,0.0,530432,-4.29679028,50.0,-27.331165432929993,0.220703125,2580,0.01456027723615989,-0.03926835209131241,0.004789008,3e-05,0.1,0.9495889544487,-0.03990757465362549,-0.026435140924877486
1297,410,260,0.0,532480,-4.274518849999999,50.0,-27.32731306552887,0.24091796875,2590,0.013397812738548964,-0.032141510397195816,0.005230209,3e-05,0.1,0.9493953585624695,-0.06365072727203369,-0.027313223294913768
1297,411,261,0.0,534528,-4.204501049999999,50.0,-27.321540784835815,0.22490234375,2600,0.01931046691024676,-0.03612707555294037,0.005005595,3e-05,0.1,0.9490262866020203,-0.011633872985839844,-0.026236409868579356
1297,413,262,0.0,536576,-4.210168189999999,50.0,-27.31189568042755,0.218505859375,2610,0.016813916724640877,-0.03234624117612839,0.004752148,3e-05,0.1,0.948508620262146,-0.06320047378540039,-0.026328020176151767
1297,415,263,0.0,538624,-4.2107908300000005,50.0,-27.303594946861267,0.20791015625,2620,0.013002779532689602,-0.036782607436180115,0.004577942,3e-05,0.1,0.9482821226119995,-0.04283452033996582,-0.025035690423101185
1297,416,264,0.0,540672,-4.19483861,50.0,-27.299809551239015,0.2458984375,2630,0.013596493331715465,-0.03697693347930908,0.0047590965,3e-05,0.1,0.948154628276825,0.10634088516235352,-0.026729386631632223
1297,418,265,0.0,542720,-4.19873877,50.0,-27.29494125843048,0.21337890625,2640,0.012724393489770591,-0.03583987429738045,0.0047231656,3e-05,0.1,0.9477968215942383,0.021282732486724854,-0.026470366929424928
1297,419,266,0.0,544768,-4.27985638,50.0,-27.285987639427184,0.22314453125,2650,0.012609965400770307,-0.03770828992128372,0.004791203,3e-05,0.1,0.9473766088485718,0.010984182357788086,-0.02672426270437427
1297,421,267,0.0,546816,-4.24751899,50.0,-27.27717912197113,0.21591796875,2660,0.01597838618326932,-0.03109392523765564,0.004422211,3e-05,0.1,0.9469479322433472,-0.02242577075958252,-0.02536287037655711
1297,423,268,0.0,548864,-4.27907397,50.0,-27.267961144447327,0.2373046875,2670,0.01596074013505131,-0.03549259901046753,0.004877501,3e-05,0.1,0.9465277791023254,0.09430146217346191,-0.027149056107737123
1296,425,269,0.0,550912,-4.25421054,50.0,-27.261689138412475,0.228173828125,2680,0.017451356700621545,-0.030387911945581436,0.0049077915,3e-05,0.1,0.9463738203048706,0.04659217596054077,-0.027082160487771033
1296,426,270,0.0,552960,-4.21745702,50.0,-27.257790040969848,0.236181640625,2690,0.01531460314290598,-0.03904322534799576,0.005497639,3e-05,0.1,0.9461549520492554,0.022582054138183594,-0.02835646730964072
1296,428,271,0.0,555008,-4.176327779999999,50.0,-27.25346803665161,0.2228515625,2700,0.013565099216066301,-0.036149654537439346,0.0049762595,3e-05,0.1,0.9460150003433228,0.035529375076293945,-0.025942601927090435
1296,429,272,0.0,557056,-4.21840481,50.0,-27.252268719673157,0.22109375,2710,0.013083317910786717,-0.043430279940366745,0.0046229702,3e-05,0.1,0.9460756182670593,0.05647498369216919,-0.0270659496425651
1295,431,273,0.0,559104,-4.2608421,50.0,-27.25196349620819,0.21123046875,2720,0.013935975637286902,-0.029644161462783813,0.0047999974,3e-05,0.1,0.9459258317947388,0.030936598777770996,-0.02535857789334841
1295,433,274,0.0,561152,-4.253238540000001,50.0,-27.24974408149719,0.21728515625,2730,0.015182426478713752,-0.037112779915332794,0.0049209334,3e-05,0.1,0.9459081888198853,-0.00612950325012207,-0.02663972011068836
1295,434,275,0.0,563200,-4.23660469,50.0,-27.248543357849123,0.2373046875,2740,0.01268958424916491,-0.037302158772945404,0.005093626,3e-05,0.1,0.9458249807357788,-0.021431446075439453,-0.02709400518797338
1295,436,276,0.0,565248,-4.22273875,50.0,-27.24640781879425,0.232568359375,2750,0.01793935472378507,-0.039077628403902054,0.005010177,3e-05,0.1,0.9457188844680786,0.06210970878601074,-0.027649259148165583
1295,437,277,0.0,567296,-4.2385914,50.0,-27.243158078193666,0.25419921875,2760,0.017022567510139197,-0.034682292491197586,0.0056387847,3e-05,0.1,0.9455550312995911,0.029116272926330566,-0.026258547318866475
1295,439,278,0.0,569344,-4.263652959999999,50.0,-27.24048867225647,0.24853515625,2770,0.015682270389515907,-0.02973439171910286,0.005153535,3e-05,0.1,0.9454718828201294,0.02799689769744873,-0.02664536142256111
1295,440,279,0.0,571392,-4.1994358,50.0,-27.237807273864746,0.240234375,2780,0.012265496246982366,-0.04020574688911438,0.005394129,3e-05,0.1,0.9453026056289673,-0.04956364631652832,-0.027363917464390396
1295,442,280,0.0,573440,-4.16268422,50.0,-27.237338423728943,0.24248046875,2790,0.016588463622611016,-0.035630762577056885,0.0052362923,3e-05,0.1,0.9453997611999512,-0.008284926414489746,-0.02742503413464874
1295,444,281,0.0,575488,-4.16280674,50.0,-27.23730924129486,0.249560546875,2800,0.01719503776403144,-0.036844853311777115,0.005247212,3e-05,0.1,0.945310115814209,0.04620260000228882,-0.026918457238934934
1295,445,282,0.0,577536,-4.24762624,50.0,-27.23546884059906,0.244482421875,2810,0.013704352418426425,-0.03439352661371231,0.00503649,3e-05,0.1,0.9452794790267944,0.09652286767959595,-0.027313611027784644
1295,447,283,0.0,579584,-4.24422838,50.0,-27.234300398826598,0.251318359375,2820,0.019924056506715714,-0.03248852491378784,0.005270193,3e-05,0.1,0.9452335238456726,0.02541595697402954,-0.027304935129359366
1295,448,284,0.0,581632,-4.21182143,50.0,-27.23325369358063,0.221826171875,2830,0.013181366899516433,-0.03964114561676979,0.0049616154,3e-05,0.1,0.9451459646224976,0.04760187864303589,-0.026516803354024888
1295,450,285,0.0,583680,-4.162475580000001,50.0,-27.23258330821991,0.23359375,2840,0.01106646346161142,-0.03823891654610634,0.0050702784,3e-05,0.1,0.9451055526733398,-0.11673951148986816,-0.02617857466393616
1295,452,286,0.0,585728,-4.18069193,50.0,-27.23085563182831,0.250634765625,2850,0.013515073608141392,-0.035678133368492126,0.0048429132,3e-05,0.1,0.9451023936271667,0.011298179626464844,-0.026882485259557144
1295,453,287,0.0,587776,-4.20202969,50.0,-27.23051037788391,0.213134765625,2860,0.0165897021535784,-0.03244530409574509,0.00447705,3e-05,0.1,0.9450355768203735,0.07517564296722412,-0.025247732736170293
1295,455,288,0.0,589824,-4.21388962,50.0,-27.230387258529664,0.2251953125,2870,0.016376636584755033,-0.03231407701969147,0.0047773975,3e-05,0.1,0.9451244473457336,0.035273730754852295,-0.026552186923800035
1295,456,289,0.0,591872,-4.20438184,50.0,-27.22957589626312,0.2267578125,2880,0.014801866642665118,-0.03582988306879997,0.0050409874,3e-05,0.1,0.9449478387832642,0.039364755153656006,-0.02717572814435698
1295,458,290,0.0,593920,-4.154556150000001,50.0,-27.226244568824768,0.228515625,2890,0.017469462379813193,-0.034199751913547516,0.0048262887,3e-05,0.1,0.9448014497756958,0.0599207878112793,-0.02591253233840689
1295,460,291,0.0,595968,-4.1378986,50.0,-27.221747303009032,0.26923828125,2900,0.01177586403209716,-0.03436054289340973,0.0055401986,3e-05,0.1,0.9445134401321411,0.06461751461029053,-0.02805266357026994
1295,461,292,0.0,598016,-4.141409840000001,50.0,-27.21688139438629,0.271142578125,2910,0.015390649368055166,-0.03509239852428436,0.005405098,3e-05,0.1,0.9443443417549133,0.0889289379119873,-0.027892324305139483
1294,463,293,0.0,600064,-4.16792328,50.0,-27.212205576896668,0.213671875,2920,0.013595894165337085,-0.03715880215167999,0.0046290625,3e-05,0.1,0.9440656900405884,0.009112536907196045,-0.02462571592768654
1294,465,294,0.0,602112,-4.180200270000001,50.0,-27.207801818847656,0.238037109375,2930,0.017398901132401078,-0.02869122475385666,0.005315652,3e-05,0.1,0.9439550638198853,0.13826662302017212,-0.027900515065994114
1294,466,295,0.0,604160,-4.1847366599999996,50.0,-27.20275459289551,0.23408203125,2940,0.015260023216251284,-0.03334556519985199,0.00505122,3e-05,0.1,0.9435781240463257,0.08894491195678711,-0.029417555208783596
1294,468,296,0.0,606208,-4.1783819499999995,50.0,-27.197337412834166,0.21708984375,2950,0.016791860619559885,-0.03427867591381073,0.0048193717,3e-05,0.1,0.9435096979141235,0.14713168144226074,-0.025438463082537055
1294,469,297,0.0,608256,-4.20843997,50.0,-27.194446921348572,0.238916015625,2960,0.01564150225603953,-0.03822972625494003,0.0048566526,3e-05,0.1,0.9432538747787476,0.07060360908508301,-0.02668878416880034
1294,471,298,0.0,610304,-4.1797504199999995,50.0,-27.18918397426605,0.2384765625,2970,0.017418418172746898,-0.03253784775733948,0.0052890927,3e-05,0.1,0.9430978894233704,0.09248006343841553,-0.026503939524991436
1294,472,299,0.0,612352,-4.1699419,50.0,-27.18549425601959,0.226416015625,2980,0.012292048113886267,-0.03239943087100983,0.004985506,3e-05,0.1,0.9428403973579407,0.06169158220291138,-0.026165276207029818
1294,474,300,0.0,614400,-4.1735476899999995,50.0,-27.179588961601258,0.25048828125,2990,0.014395529590547084,-0.03362245857715607,0.004971049,3e-05,0.1,0.9425901174545288,-0.011653661727905273,-0.026715622434858234
1294,476,301,0.0,616448,-4.212204509999999,50.0,-27.174692487716676,0.228564453125,3000,0.01694009011844173,-0.035880401730537415,0.004877259,3e-05,0.1,0.9423744082450867,0.09749209880828857,-0.025526811624877153
1294,477,302,0.0,618496,-4.168841130000001,50.0,-27.169304966926575,0.259375,3010,0.016182776261121034,-0.03787757456302643,0.005434037,3e-05,0.1,0.942099392414093,0.08477926254272461,-0.028573553485330194
1294,479,303,0.0,620544,-4.132334760000001,50.0,-27.164534711837767,0.228515625,3020,0.016969581716693938,-0.032204948365688324,0.004946286,3e-05,0.1,0.9419225454330444,0.07138192653656006,-0.025736861024051906
1294,480,304,0.0,622592,-4.18608992,50.0,-27.161666870117188,0.264013671875,3030,0.012649932072963565,-0.03810006007552147,0.0059055374,3e-05,0.1,0.9418139457702637,0.11062592267990112,-0.028058536793105306
1295,482,305,0.0,624640,-4.14713043,50.0,-27.160181188583373,0.25654296875,3040,0.014762891561258585,-0.03551378846168518,0.0055558146,3e-05,0.1,0.9417712092399597,0.10327988862991333,-0.027092980779707433
1295,483,306,0.0,626688,-4.13207194,50.0,-27.156985330581666,0.23193359375,3050,0.014339239848777652,-0.03894718363881111,0.0054086447,3e-05,0.1,0.9415343999862671,-0.017150163650512695,-0.02719786602538079
1295,485,307,0.0,628736,-4.11533294,50.0,-27.153161764144897,0.235302734375,3060,0.01262857352849096,-0.03712144121527672,0.0049321884,3e-05,0.1,0.9414259195327759,-0.05521976947784424,-0.026864171272609382
1295,487,308,0.0,630784,-4.10949842,50.0,-27.150853037834167,0.2318359375,3070,0.015184946672525257,-0.0382009893655777,0.00476793,3e-05,0.1,0.941387951374054,0.07873958349227905,-0.026588934165192767
1295,488,309,0.0,632832,-4.12069374,50.0,-27.150287127494813,0.2365234375,3080,0.01618559235939756,-0.03366837650537491,0.0048105707,3e-05,0.1,0.9413716197013855,-0.020092248916625977,-0.026959879134665243
1295,490,310,0.0,634880,-4.13198162,50.0,-27.151658535003662,0.243798828125,3090,0.013570876291487366,-0.03650059551000595,0.005346177,3e-05,0.1,0.9415497779846191,-0.033795952796936035,-0.02751707535935566
1295,491,311,0.0,636928,-4.15707978,50.0,-27.150343537330627,0.21171875,3100,0.0186235731234774,-0.03924666717648506,0.00452995,3e-05,0.1,0.9411792755126953,0.11117565631866455,-0.025617752299876884
1295,493,312,0.0,638976,-4.115881309999999,50.0,-27.145266318321227,0.2587890625,3110,0.01595397968776524,-0.03833140432834625,0.0058236485,3e-05,0.1,0.9411349296569824,0.0419461727142334,-0.028585882112383842
1295,494,313,0.0,641024,-4.10739439,50.0,-27.143914914131166,0.236083984375,3120,0.012971618701703847,-0.03349824622273445,0.0049175667,3e-05,0.1,0.9410400390625,0.0014362335205078125,-0.02640822016983293
1295,496,314,0.0,643072,-4.09184793,50.0,-27.141688847541808,0.23154296875,3130,0.01289288344560191,-0.039586037397384644,0.0048617152,3e-05,0.1,0.9409641027450562,0.09952741861343384,-0.02647004942409694
1295,498,315,0.0,645120,-4.10022595,50.0,-27.141203355789184,0.22763671875,3140,0.014239812619052827,-0.0353759303689003,0.004985219,3e-05,0.1,0.9409961700439453,0.06349718570709229,-0.026738431729609147
1295,499,316,0.0,647168,-4.1648198,50.0,-27.13986794948578,0.216455078125,3150,0.012978295737411827,-0.036896806210279465,0.004781748,3e-05,0.1,0.9408135414123535,0.03832507133483887,-0.024400716333184393
1295,501,317,0.0,649216,-4.16435574,50.0,-27.133318877220155,0.2236328125,3160,0.011970473418477923,-0.03371279686689377,0.0047863033,3e-05,0.1,0.9404484033584595,0.11306345462799072,-0.025838789291447027
1294,503,318,0.0,651264,-4.1422056,50.0,-27.126985120773316,0.25537109375,3170,0.01174831265816465,-0.04126124456524849,0.005298193,3e-05,0.1,0.9402721524238586,0.048307836055755615,-0.029041445167968048
1294,504,319,0.0,653312,-4.10024157,50.0,-27.123711347579956,0.248291015625,3180,0.014684046001639217,-0.036814134567976,0.004991356,3e-05,0.1,0.9401477575302124,0.038490891456604004,-0.02646668888628483
1294,506,320,0.0,655360,-4.13597657,50.0,-27.121873092651366,0.24287109375,3190,0.014725086838006973,-0.03732660412788391,0.0052791126,3e-05,0.1,0.940079391002655,0.248121440410614,-0.02681451417738572
1294,507,321,0.0,657408,-4.13796898,50.0,-27.11945695877075,0.23779296875,3200,0.012377790606115014,-0.03315737843513489,0.005043879,3e-05,0.1,0.939950168132782,0.1561465859413147,-0.02584710451774299
1294,509,322,0.0,659456,-4.07252132,50.0,-27.117025780677796,0.26103515625,3210,0.013047173828817904,-0.03590455651283264,0.005493341,3e-05,0.1,0.9398460388183594,0.06176692247390747,-0.027480107225710527
1294,511,323,0.0,661504,-4.10155589,50.0,-27.11615924835205,0.23359375,3220,0.013990626682061701,-0.036832839250564575,0.0050449437,3e-05,0.1,0.9399078488349915,0.08612620830535889,-0.026641169737558812
1294,512,324,0.0,663552,-4.1491866,50.0,-27.114270210266113,0.233447265625,3230,0.014494113449472934,-0.03782661259174347,0.005181752,3e-05,0.1,0.9396538734436035,-0.06300818920135498,-0.02812828736496158
1294,514,325,0.0,665600,-4.156550729999999,50.0,-27.111162400245668,0.218017578125,3240,0.018838886311277746,-0.037882059812545776,0.0048251934,3e-05,0.1,0.9396663904190063,0.06424272060394287,-0.026122404605848713
1294,515,326,0.0,667648,-4.138065070000001,50.0,-27.107776832580566,0.221728515625,3250,0.016342335368972272,-0.03777465969324112,0.0046001524,3e-05,0.1,0.9392897486686707,0.11858129501342773,-0.026078322308603675
1294,517,327,0.0,669696,-4.080667010000001,50.0,-27.098054265975954,0.25009765625,3260,0.013075647153891623,-0.028175100684165955,0.005522672,3e-05,0.1,0.938821017742157,0.005461454391479492,-0.025236881140153856
1294,519,328,0.0,671744,-4.03187384,50.0,-27.089797163009642,0.2404296875,3270,0.016938168078195304,-0.030378134921193123,0.005043724,3e-05,0.1,0.9385440945625305,0.06780087947845459,-0.027588500082492827
1294,520,329,0.0,673792,-4.0267029899999995,50.0,-27.08732922077179,0.2373046875,3280,0.016931151738390326,-0.03399549052119255,0.0053257863,3e-05,0.1,0.9386101961135864,0.027415812015533447,-0.02570407710154541
1294,522,330,0.0,675840,-3.98715266,50.0,-27.084991788864137,0.24326171875,3290,0.01125478931935504,-0.03698338568210602,0.005708226,3e-05,0.1,0.9382724761962891,0.0672067403793335,-0.02708666663384065
1294,523,331,0.0,677888,-3.9986762400000004,50.0,-27.079864859580994,0.22900390625,3300,0.01044604075141251,-0.038277871906757355,0.004588721,3e-05,0.1,0.9381942749023438,0.04502934217453003,-0.025802273070439696
1294,525,332,0.0,679936,-4.011007759999999,50.0,-27.07668423652649,0.255224609375,3310,0.009933125361567364,-0.03439216688275337,0.005430899,3e-05,0.1,0.9379585385322571,0.009639739990234375,-0.02792983005056158
1294,527,333,0.0,681984,-4.06278339,50.0,-27.07423961162567,0.22607421875,3320,0.014196358155459166,-0.037118930369615555,0.0048743086,3e-05,0.1,0.9380115270614624,0.08032834529876709,-0.025381953874602913
1294,528,334,0.0,684032,-4.06684326,50.0,-27.073030471801758,0.231787109375,3330,0.012170226767193527,-0.036611009389162064,0.00479165,3e-05,0.1,0.9378143548965454,0.004884481430053711,-0.025888139178277925
1293,530,335,0.0,686080,-4.063040900000001,50.0,-27.06966414451599,0.244091796875,3340,0.02179091926664114,-0.03093642182648182,0.0052368646,3e-05,0.1,0.9377405047416687,0.012664854526519775,-0.02643159161088988
1293,531,336,0.0,688128,-4.0638593,50.0,-27.065847325325013,0.25498046875,3350,0.011272617778740824,-0.03924274817109108,0.0052068327,3e-05,0.1,0.9373959302902222,0.018304824829101562,-0.025503204943379387
1293,533,337,0.0,690176,-4.036698570000001,50.0,-27.063821625709533,0.2689453125,3360,0.014012645336333663,-0.03366153687238693,0.0055124112,3e-05,0.1,0.9376014471054077,0.10511797666549683,-0.028708714642561972
1293,535,338,0.0,692224,-4.073444479999999,50.0,-27.06479218006134,0.25517578125,3370,0.017417387524619698,-0.030771970748901367,0.0054369112,3e-05,0.1,0.9374865293502808,0.009624183177947998,-0.02708088034996763
1293,536,339,0.0,694272,-4.027486959999999,50.0,-27.06074278354645,0.244580078125,3380,0.013677769445348532,-0.04089601710438728,0.0049927323,3e-05,0.1,0.9371963739395142,0.012663781642913818,-0.02663041141931899
1293,538,340,0.0,696320,-3.9796241899999996,50.0,-27.055753588676453,0.2611328125,3390,0.011027484328951686,-0.03460622951388359,0.005428061,3e-05,0.1,0.937110424041748,0.086769700050354,-0.02799874829943292
1293,539,341,0.0,698368,-4.03417899,50.0,-27.054570269584655,0.24150390625,3400,0.011690777924377472,-0.03816137835383415,0.0054192115,3e-05,0.1,0.9370349645614624,0.04949033260345459,-0.027653281134553252
1292,541,342,0.0,700416,-4.01451388,50.0,-27.052487301826478,0.24091796875,3410,0.012966996245086192,-0.03670993074774742,0.005278446,3e-05,0.1,0.936937153339386,0.07568442821502686,-0.02780924674589187
1292,543,343,0.0,702464,-4.011835659999999,50.0,-27.051768517494203,0.24052734375,3420,0.015206260641571134,-0.03518906235694885,0.005144539,3e-05,0.1,0.9370261430740356,0.0179557204246521,-0.026524258661083877
1292,545,344,0.0,704512,-4.060046750000001,50.0,-27.050077319145203,0.242529296875,3430,0.013243334472645075,-0.030254682525992393,0.005543789,3e-05,0.1,0.9367059469223022,0.009072065353393555,-0.025410901452414692
1292,546,345,0.0,706560,-4.094164129999999,50.0,-27.0453049659729,0.2525390625,3440,0.013971212971955537,-0.038441937416791916,0.0049740653,3e-05,0.1,0.9366750717163086,0.1110086441040039,-0.027440585201838986
1292,548,346,0.0,708608,-4.066755359999999,50.0,-27.046740698814393,0.22890625,3450,0.01276243154425174,-0.030328325927257538,0.004827708,3e-05,0.1,0.9368007779121399,0.10162323713302612,-0.02499478859244846
1292,549,347,0.0,710656,-4.07635891,50.0,-27.046767902374267,0.23779296875,3460,0.010999953269492834,-0.038027334958314896,0.005313902,3e-05,0.1,0.9366906881332397,0.03303122520446777,-0.026784878928447144
1292,551,348,0.0,712704,-4.04448466,50.0,-27.04420886039734,0.233056640625,3470,0.011730440170504152,-0.043541815131902695,0.0046098484,3e-05,0.1,0.9365683794021606,0.018460392951965332,-0.02661166864563711
1292,553,349,0.0,714752,-4.081001510000001,50.0,-27.041485047340394,0.24052734375,3480,0.013790209882427008,-0.03910062462091446,0.005232887,3e-05,0.1,0.9364748001098633,0.04000920057296753,-0.02551496955566108
1292,554,350,0.0,716800,-4.07510392,50.0,-27.039702939987183,0.243115234375,3490,0.012786772416438908,-0.0316341370344162,0.0048036687,3e-05,0.1,0.9363702535629272,0.006741464138031006,-0.025207745318766683
1292,556,351,0.0,718848,-4.027321579999999,50.0,-27.034434819221495,0.234619140625,3500,0.01680867305258289,-0.036124419420957565,0.005177459,3e-05,0.1,0.93598473072052,-0.053938984870910645,-0.026119936344912276
1292,557,352,0.0,720896,-4.04458996,50.0,-27.02665231227875,0.24599609375,3510,0.011721254815347493,-0.04056217893958092,0.005034724,3e-05,0.1,0.935671329498291,0.06529080867767334,-0.02696013585664332
1292,559,353,0.0,722944,-4.08499602,50.0,-27.02409131526947,0.24296875,3520,0.01374636529944837,-0.03314531221985817,0.005071545,3e-05,0.1,0.9357288479804993,-0.027125120162963867,-0.024810309219174088
1292,561,354,0.0,724992,-4.116437670000001,50.0,-27.023471307754516,0.268408203125,3530,0.01479928488843143,-0.031748149544000626,0.0051859594,3e-05,0.1,0.9356476068496704,-0.024883627891540527,-0.027423304936382918
1292,562,355,0.0,727040,-4.06635267,50.0,-27.020986795425415,0.27724609375,3540,0.018950349558144806,-0.03253621608018875,0.0056178337,3e-05,0.1,0.9355341792106628,0.04501229524612427,-0.027523450553417206
1292,564,356,0.0,729088,-4.0465744,50.0,-27.01748592853546,0.23212890625,3550,0.014474267361219973,-0.0348263680934906,0.005013815,3e-05,0.1,0.9353225827217102,0.07364833354949951,-0.02635551876737736
1292,565,357,0.0,731136,-3.96725224,50.0,-27.0126473903656,0.242724609375,3560,0.008806241932325065,-0.034887298941612244,0.005207572,3e-05,0.1,0.9351043701171875,0.05489528179168701,-0.026095968612935394
1292,567,358,0.0,733184,-3.96958564,50.0,-27.012338066101073,0.25185546875,3570,0.012580716330558062,-0.03418469429016113,0.005581858,3e-05,0.1,0.9352802038192749,0.04857218265533447,-0.02694464101223275
1292,569,359,0.0,735232,-4.019362910000001,50.0,-27.01221830844879,0.25185546875,3580,0.01299865763867274,-0.03436628729104996,0.0054417257,3e-05,0.1,0.9351153373718262,0.04932892322540283,-0.025788437254959717
1292,570,360,0.0,737280,-4.098708319999999,50.0,-27.008271789550783,0.216943359375,3590,0.012751712766475975,-0.04100848361849785,0.0044256086,3e-05,0.1,0.9349611401557922,0.004798173904418945,-0.026085305004380645
1291,572,361,0.0,739328,-4.10293424,50.0,-27.00408058166504,0.268310546875,3600,0.010451611899770796,-0.0375833623111248,0.0056770206,3e-05,0.1,0.9347079992294312,-0.0002645254135131836,-0.027131020341767
1291,573,362,0.0,741376,-4.08602079,50.0,-27.001430463790893,0.262451171875,3610,0.01426296216668561,-0.04087013006210327,0.005755085,3e-05,0.1,0.9347430467605591,0.0446050763130188,-0.026954798155929893
1291,575,363,0.0,743424,-4.014523710000001,50.0,-26.99975938796997,0.233984375,3620,0.012580827821511775,-0.03885586932301521,0.0049000545,3e-05,0.1,0.9345215559005737,0.021090924739837646,-0.026316960051190108
1291,577,364,0.0,745472,-4.01914685,50.0,-26.99534866809845,0.23564453125,3630,0.010878378641791642,-0.04094947129487991,0.0050272485,3e-05,0.1,0.9343522787094116,0.13815295696258545,-0.025972718850243836
1291,578,365,0.0,747520,-4.028724830000001,50.0,-26.991247534751892,0.25283203125,3640,0.011849213135428726,-0.042589858174324036,0.005803024,3e-05,0.1,0.9341461062431335,-0.024701714515686035,-0.028106672363355754
1291,580,366,0.0,749568,-4.05073894,50.0,-26.987575101852418,0.26962890625,3650,0.011944238923024385,-0.044210974127054214,0.005663158,3e-05,0.1,0.934012234210968,0.06041079759597778,-0.027552979835309088
1290,582,367,0.0,751616,-4.01603373,50.0,-26.983723974227907,0.252880859375,3660,0.014988640567753463,-0.03078334778547287,0.005131212,3e-05,0.1,0.9337676763534546,0.08576267957687378,-0.02502258970635012
1290,583,368,0.0,753664,-4.02942104,50.0,-26.978114819526674,0.262060546875,3670,0.010418384964577854,-0.03828468918800354,0.0054893307,3e-05,0.1,0.933563232421875,0.09491002559661865,-0.02747530863271095
1290,585,369,0.0,755712,-4.00920417,50.0,-26.97353813648224,0.245947265625,3680,0.011757291550748051,-0.03183721750974655,0.005528185,3e-05,0.1,0.9333459734916687,0.030807077884674072,-0.02618297190638259
1290,586,370,0.0,757760,-4.0020206,50.0,-26.971064257621766,0.24765625,3690,0.017116485501173884,-0.03393568843603134,0.0052102953,3e-05,0.1,0.9333698153495789,0.08598572015762329,-0.026191593887051567
1290,588,371,0.0,759808,-3.9762001299999996,50.0,-26.970237588882448,0.25537109375,3700,0.015454149025026708,-0.039260026067495346,0.0053536817,3e-05,0.1,0.9332340359687805,0.0696336030960083,-0.027186681341845542
1290,590,372,0.0,761856,-3.995608600000001,50.0,-26.96950511932373,0.236328125,3710,0.011686078377533705,-0.042954687029123306,0.005229461,3e-05,0.1,0.9333802461624146,0.0109824538230896,-0.026386750087840482
1290,591,373,0.0,763904,-3.98533186,50.0,-26.970216870307922,0.25986328125,3720,0.012948829447850585,-0.03810519725084305,0.005359702,3e-05,0.1,0.9332531094551086,0.14483362436294556,-0.027795738517306746
1290,593,374,0.0,765952,-4.060907820000001,50.0,-26.965962266922,0.23896484375,3730,0.00982734402641654,-0.034276675432920456,0.0050159125,3e-05,0.1,0.9330152273178101,0.10829740762710571,-0.025341717421542852
1290,594,375,0.0,768000,-4.0344915299999995,50.0,-26.963314867019655,0.271484375,3740,0.010741444578161462,-0.03804219514131546,0.0054460745,3e-05,0.1,0.9329965710639954,0.03429204225540161,-0.02834035489358939
1290,596,376,0.0,770048,-4.00851688,50.0,-26.9625052690506,0.252685546875,3750,0.010408727457979694,-0.034089140594005585,0.0051899543,3e-05,0.1,0.9329122304916382,0.03660935163497925,-0.02665037023834884
1290,598,377,0.0,772096,-3.99028811,50.0,-26.96009702682495,0.274365234375,3760,0.012032788631040603,-0.030475109815597534,0.005649209,3e-05,0.1,0.9328374862670898,0.05822873115539551,-0.027816565718967467
1290,599,378,0.0,774144,-4.03117756,50.0,-26.956169152259825,0.234912109375,3770,0.011324062698986382,-0.03644261136651039,0.0050140424,3e-05,0.1,0.9325195550918579,0.09907406568527222,-0.026868974635726774
1290,601,379,0.0,776192,-4.09032321,50.0,-26.95185844898224,0.2673828125,3780,0.011493351927492767,-0.037431903183460236,0.0053331265,3e-05,0.1,0.9324666857719421,0.047568559646606445,-0.02800095851998776
1290,602,380,0.0,778240,-4.05240013,50.0,-26.950249218940733,0.26142578125,3790,0.015496538276784122,-0.0372035838663578,0.0053927572,3e-05,0.1,0.9323685765266418,0.11347252130508423,-0.027709853556007146
1290,604,381,0.0,780288,-4.07405793,50.0,-26.94688789844513,0.239697265625,3800,0.012942131119780242,-0.03577717766165733,0.00518481,3e-05,0.1,0.932129979133606,0.04256504774093628,-0.025281188811641188
1290,606,382,0.0,782336,-4.0288063,50.0,-26.94506754875183,0.2337890625,3810,0.012550511374138295,-0.028239034116268158,0.005121678,3e-05,0.1,0.932255744934082,0.06602376699447632,-0.024286583077628165
1290,607,383,0.0,784384,-4.01949018,50.0,-26.944132614135743,0.26318359375,3820,0.013938358263112604,-0.0348316952586174,0.0055693095,3e-05,0.1,0.9319612383842468,0.0186956524848938,-0.028176970686763524
1290,609,384,0.0,786432,-4.003999170000001,50.0,-26.938572311401366,0.2470703125,3830,0.015440824523102492,-0.03160024434328079,0.005416589,3e-05,0.1,0.931830108165741,0.017122983932495117,-0.025575859198579565
1290,610,385,0.0,788480,-3.9764222399999998,50.0,-26.934825015068053,0.272509765625,3840,0.011271559202577918,-0.03988073766231537,0.0061054234,3e-05,0.1,0.931540846824646,0.09751856327056885,-0.028148386057000607
1290,612,386,0.0,790528,-3.9392640200000004,50.0,-26.927020692825316,0.242236328125,3850,0.011897791537921875,-0.03673825412988663,0.005098502,3e-05,0.1,0.9311356544494629,0.004987776279449463,-0.026870060386136173
1290,613,387,0.0,792576,-3.9673077,50.0,-26.922613382339478,0.2630859375,3860,0.009209261630894616,-0.04048806428909302,0.0059363823,3e-05,0.1,0.9311513900756836,-0.05908358097076416,-0.026312620914541184
1290,615,388,0.0,794624,-3.99458496,50.0,-26.921685647964477,0.252490234375,3870,0.012567909108474851,-0.02977072075009346,0.0058132196,3e-05,0.1,0.9310194849967957,0.07819932699203491,-0.026972622057655826
1290,617,389,0.0,796672,-3.9775076599999992,50.0,-26.920023250579835,0.25205078125,3880,0.014727284107357264,-0.039607007056474686,0.005467169,3e-05,0.1,0.9309951066970825,0.09790551662445068,-0.02727439219597727
1291,618,390,0.0,798720,-3.9746745500000005,50.0,-26.916604232788085,0.259619140625,3890,0.014284032816067337,-0.03466008976101875,0.0058769123,3e-05,0.1,0.9307201504707336,0.013484299182891846,-0.025263687246479094
1290,620,391,0.0,800768,-3.992921910000001,50.0,-26.911210536956787,0.2642578125,3900,0.011936586676165461,-0.040594447404146194,0.005690792,3e-05,0.1,0.9304950833320618,-0.02566540241241455,-0.028283829404972493
1290,622,392,0.0,802816,-3.94598397,50.0,-26.90525915622711,0.25810546875,3910,0.009768747072666884,-0.031391337513923645,0.0055287844,3e-05,0.1,0.9301967620849609,-0.08400046825408936,-0.026324451650725677
1290,623,393,0.0,804864,-3.98749177,50.0,-26.901112699508666,0.25634765625,3920,0.010897817346267403,-0.03780273348093033,0.0057659065,3e-05,0.1,0.9301759004592896,0.031112730503082275,-0.02720013146754354
1290,625,394,0.0,806912,-3.9622214599999994,50.0,-26.900564908981323,0.245068359375,3930,0.013818835432175547,-0.033965714275836945,0.004974839,3e-05,0.1,0.9301120638847351,0.12932831048965454,-0.02596805721987039
1290,626,395,0.0,808960,-3.9454925599999995,50.0,-26.899246740341187,0.235791015625,3940,0.014369044243358076,-0.041579801589250565,0.0052169235,3e-05,0.1,0.9300724267959595,0.06393873691558838,-0.026396616094280033
1290,628,396,0.0,811008,-3.93622093,50.0,-26.89677491188049,0.273046875,3950,0.010782653873320669,-0.03275101259350777,0.0055465885,3e-05,0.1,0.9298690557479858,0.10850077867507935,-0.02642365341016557
1290,629,397,0.0,813056,-4.00093401,50.0,-26.89127676486969,0.233642578125,3960,0.011533577204681933,-0.035422150045633316,0.005014758,3e-05,0.1,0.9295551180839539,0.03258931636810303,-0.024819472478702663
1290,631,398,0.0,815104,-4.015910430000002,50.0,-26.883640694618226,0.23642578125,3970,0.015177861100528389,-0.036119453608989716,0.004822593,3e-05,0.1,0.9292196035385132,0.039881348609924316,-0.025476169120520354
1290,633,399,0.0,817152,-3.98640361,50.0,-26.8784823179245,0.250341796875,3980,0.013812102994415909,-0.03394694998860359,0.0052354145,3e-05,0.1,0.9291044473648071,0.1152029037475586,-0.026521557418163866
1290,634,400,0.0,819200,-3.94688114,50.0,-26.876902389526368,0.24091796875,3990,0.010279737738892436,-0.038510438054800034,0.0050771846,3e-05,0.1,0.9290752410888672,0.006224513053894043,-0.026230745809152724
1290,636,401,0.0,821248,-3.9140062699999993,50.0,-26.87623710632324,0.28681640625,4000,0.010225824196822941,-0.041636571288108826,0.005996119,3e-05,0.1,0.9290629625320435,0.10557901859283447,-0.03003679900430143
1290,637,402,0.0,823296,-3.9481148200000002,50.0,-26.871829867362976,0.241064453125,4010,0.011088712245691568,-0.03307100385427475,0.0051890467,3e-05,0.1,0.9286391139030457,0.07603973150253296,-0.026364936697063968
1290,639,403,0.0,825344,-3.98699726,50.0,-26.865993046760558,0.2373046875,4020,0.010776505467947572,-0.03686588630080223,0.0049733752,3e-05,0.1,0.9285426139831543,0.03299295902252197,-0.02612362233339809
1290,641,404,0.0,827392,-3.9881185499999994,50.0,-26.862940406799318,0.247265625,4030,0.01330312479985878,-0.041033271700143814,0.005455305,3e-05,0.1,0.9283527135848999,0.09362035989761353,-0.026971333171240987
1290,642,405,0.0,829440,-3.95559115,50.0,-26.860011911392213,0.229931640625,4040,0.012496521463617682,-0.0326104573905468,0.0050958674,3e-05,0.1,0.9282560348510742,0.0789867639541626,-0.024260118778329343
1290,644,406,0.0,831488,-3.9846561799999995,50.0,-26.856996607780456,0.24296875,4050,0.011256954201962798,-0.03377055004239082,0.00512914,3e-05,0.1,0.9281101226806641,0.1426120400428772,-0.026026756851933897
1290,645,407,0.0,833536,-3.9525395700000003,50.0,-26.854408693313598,0.212158203125,4060,0.014256080565974116,-0.030384227633476257,0.00489622,3e-05,0.1,0.928022563457489,0.02837473154067993,-0.024316343836835584
1290,647,408,0.0,835584,-3.9815200000000006,50.0,-26.854377722740175,0.259326171875,4070,0.012131526391021908,-0.03987487033009529,0.0053836857,3e-05,0.1,0.928109347820282,0.03699910640716553,-0.025872994581004605
1290,648,409,0.0,837632,-3.9994590900000007,50.0,-26.85416750907898,0.230859375,4080,0.009619491209741681,-0.037567079067230225,0.005016261,3e-05,0.1,0.9279996156692505,0.038361310958862305,-0.025745451229158788
1290,650,410,0.0,839680,-4.02689294,50.0,-26.85235595703125,0.245068359375,4090,0.010407000983832404,-0.03512326627969742,0.0055124224,3e-05,0.1,0.9279929995536804,0.022240757942199707,-0.024200755736092105
1290,652,411,0.0,841728,-4.02291499,50.0,-26.853725123405457,0.2412109375,4100,0.011276962712872773,-0.03910776600241661,0.0054508373,3e-05,0.1,0.9281315803527832,0.020770668983459473,-0.026908811478642748
1290,653,412,0.0,843776,-4.019009070000001,50.0,-26.852536511421203,0.253173828125,4110,0.010372643137816339,-0.03864575922489166,0.0053364243,3e-05,0.1,0.9278863072395325,-0.09986984729766846,-0.02626711861521471
1290,655,413,0.0,845824,-4.01124114,50.0,-26.84746057987213,0.24736328125,4120,0.014859191433060914,-0.035557735711336136,0.004718904,3e-05,0.1,0.9276942014694214,-0.017678022384643555,-0.025248069682857022
1290,656,414,0.0,847872,-4.000102999999999,50.0,-26.842072987556456,0.262060546875,4130,0.009854090859880671,-0.041591793298721313,0.005683746,3e-05,0.1,0.9274011850357056,0.035400211811065674,-0.026059613132383676
1290,658,415,0.0,849920,-3.97261284,50.0,-26.83474733829498,0.243798828125,4140,0.009481530846096575,-0.040739238262176514,0.0052904403,3e-05,0.1,0.9269769787788391,0.08711898326873779,-0.025306694349274038
1289,660,416,0.0,851968,-3.93362657,50.0,-26.827392363548277,0.254345703125,4150,0.011062473838683218,-0.03279472887516022,0.005302947,3e-05,0.1,0.926709771156311,0.07266199588775635,-0.02583739721449092
1289,662,417,0.0,854016,-3.9536267100000004,50.0,-26.82313187122345,0.25634765625,4160,0.01188019581604749,-0.036768440157175064,0.00555953,3e-05,0.1,0.9266034364700317,0.05996096134185791,-0.02544909988064319
1289,663,418,0.0,856064,-3.9677067400000006,50.0,-26.819606375694274,0.2513671875,4170,0.01430899634724483,-0.032491326332092285,0.005121243,3e-05,0.1,0.9263431429862976,0.09038025140762329,-0.024814258579863236
1290,665,419,0.0,858112,-3.92271462,50.0,-26.814419412612914,0.257177734375,4180,0.012033843691460789,-0.04129072278738022,0.006085851,3e-05,0.1,0.9261473417282104,-0.06409955024719238,-0.027439537516329437
1290,666,420,0.0,860160,-3.896103539999999,50.0,-26.810273671150206,0.27060546875,4190,0.013039291359018535,-0.03393889591097832,0.00552511,3e-05,0.1,0.9259982109069824,0.07196974754333496,-0.027857727534137667
1290,668,421,0.0,862208,-3.934335199999999,50.0,-26.806990122795106,0.261767578125,4200,0.012382237799465656,-0.035643383860588074,0.005444494,3e-05,0.1,0.9258216023445129,0.03275430202484131,-0.02594830320740584
1290,669,422,0.0,864256,-3.97340109,50.0,-26.802217888832093,0.275048828125,4210,0.014019808371085674,-0.02770248055458069,0.006079831,3e-05,0.1,0.9256042242050171,-0.0006502866744995117,-0.026225382450502367
1290,671,423,0.0,866304,-3.9812111099999994,50.0,-26.795750546455384,0.254296875,4220,0.013372259272728115,-0.03761008381843567,0.005409918,3e-05,0.1,0.9252170324325562,-0.03857231140136719,-0.027097280567977576
1290,673,424,0.0,868352,-4.00711878,50.0,-26.790174794197082,0.260595703125,4230,0.01264483667910099,-0.037237755954265594,0.005554943,3e-05,0.1,0.9251081347465515,0.04350799322128296,-0.027367839682847263
1290,674,425,0.0,870400,-3.9619615699999997,50.0,-26.787047696113586,0.25546875,4240,0.01302745781140402,-0.036990415304899216,0.0057942835,3e-05,0.1,0.9249280691146851,0.04453456401824951,-0.025726484711049123
1290,676,426,0.0,872448,-3.9432792599999997,50.0,-26.785334420204162,0.237060546875,4250,0.012391106830909849,-0.04036133736371994,0.0052935244,3e-05,0.1,0.9249855279922485,0.053463637828826904,-0.025074506481178104
1290,677,427,0.0,874496,-3.8920635700000004,50.0,-26.78268995285034,0.24716796875,4260,0.009799080749507994,-0.04226697236299515,0.005114996,3e-05,0.1,0.924636960029602,0.07765120267868042,-0.0270579767471645
1290,679,428,0.0,876544,-3.88786179,50.0,-26.77404100894928,0.255029296875,4270,0.011373496789019555,-0.034293826669454575,0.0053869276,3e-05,0.1,0.9242920875549316,0.05985516309738159,-0.026690602826420218
1290,680,429,0.0,878592,-3.9340547899999994,50.0,-26.767345786094666,0.271533203125,4280,0.011802709451876581,-0.035667452961206436,0.0054916376,3e-05,0.1,0.9239970445632935,-0.006725430488586426,-0.026327532914001493
1290,682,430,0.0,880640,-3.9099317599999996,50.0,-26.76345100402832,0.274169921875,4290,0.01650476756040007,-0.034636083990335464,0.005503968,3e-05,0.1,0.9239732027053833,0.09311234951019287,-0.027052850858308376
1290,684,431,0.0,882688,-3.8635905800000008,50.0,-26.761448979377747,0.22353515625,4300,0.01433200140018016,-0.03223525732755661,0.0045552566,3e-05,0.1,0.9238013029098511,-0.014077901840209961,-0.023143559449817986
1290,685,432,0.0,884736,-3.8965039900000007,50.0,-26.75703709125519,0.282861328125,4310,0.007719818956684321,-0.0392015166580677,0.0060003763,3e-05,0.1,0.9235539436340332,0.10130077600479126,-0.02835379249881953
1290,687,433,0.0,886784,-3.93141329,50.0,-26.75269742012024,0.2515625,4320,0.012833087029866875,-0.030472956597805023,0.0053541996,3e-05,0.1,0.9234207272529602,-0.021435141563415527,-0.02627247435739264
1290,688,434,0.0,888832,-3.91915422,50.0,-26.75032753944397,0.26474609375,4330,0.01698298896662891,-0.033436890691518784,0.0051616435,3e-05,0.1,0.923359215259552,0.019902944564819336,-0.02565627889416646
1290,690,435,0.0,890880,-3.91549299,50.0,-26.74743871688843,0.245458984375,4340,0.008964424749137834,-0.037648383527994156,0.004943343,3e-05,0.1,0.9231343269348145,0.0762985348701477,-0.025347225507721304
1290,691,436,0.0,892928,-3.8983381599999998,50.0,-26.742298650741578,0.27236328125,4350,0.008040756522677838,-0.03875302895903587,0.0063249655,3e-05,0.1,0.9229387044906616,0.01922023296356201,-0.027204313315451145
1290,693,437,0.0,894976,-3.92960824,50.0,-26.739064002037047,0.262060546875,4360,0.013358030619565397,-0.03691916912794113,0.0048545753,3e-05,0.1,0.9227768778800964,-0.054820895195007324,-0.027090730238705875
1290,695,438,0.0,897024,-3.9452935700000005,50.0,-26.733380842208863,0.257177734375,4370,0.011684079351834954,-0.03694254904985428,0.005471914,3e-05,0.1,0.9224780201911926,0.1265038251876831,-0.027142462704796345
1290,696,439,0.0,899072,-3.9018200200000006,50.0,-26.730171155929565,0.2884765625,4380,0.01102696938905865,-0.0347045473754406,0.0062374775,3e-05,0.1,0.9224766492843628,0.08926856517791748,-0.026293548649118748
1289,698,440,0.0,901120,-3.8462923700000005,50.0,-26.72765483856201,0.25888671875,4390,0.0108597393729724,-0.03562989458441734,0.005518229,3e-05,0.1,0.9222034215927124,0.1583729386329651,-0.025215098075568675
1289,700,441,0.0,903168,-3.86494725,50.0,-26.720880341529845,0.266162109375,4400,0.0128651064587757,-0.03971707820892334,0.006083315,3e-05,0.1,0.9218767285346985,0.031909048557281494,-0.027353257266804577
1289,701,442,0.0,905216,-3.88730328,50.0,-26.714438843727113,0.236669921875,4410,0.011791071749757975,-0.04169653728604317,0.005347434,3e-05,0.1,0.9215965270996094,0.0865822434425354,-0.02431710237869993
1289,703,443,0.0,907264,-3.8993651099999997,50.0,-26.70770719051361,0.262255859375,4420,0.010717455367557704,-0.03291552513837814,0.005916726,3e-05,0.1,0.9213101267814636,0.03834563493728638,-0.02558601344935596
1289,704,444,0.0,909312,-3.93793976,50.0,-26.69919309616089,0.2544921875,4430,0.01026063755271025,-0.038938529789447784,0.0052678334,3e-05,0.1,0.9208091497421265,0.14188766479492188,-0.025700646155746652
1289,706,445,0.0,911360,-3.9408529199999998,50.0,-26.689830493927,0.22109375,4440,0.010335605102591216,-0.03665538132190704,0.005107115,3e-05,0.1,0.9204825162887573,0.1049615740776062,-0.025609894248191267
1289,708,446,0.0,913408,-3.92031259,50.0,-26.683275818824768,0.24638671875,4450,0.010280747921206057,-0.039144039154052734,0.005037711,3e-05,0.1,0.9201319813728333,0.040508151054382324,-0.026543374900938943
1289,709,447,0.0,915456,-3.93262238,50.0,-26.677628016471864,0.262890625,4460,0.008856853219913318,-0.03700254112482071,0.005868776,3e-05,0.1,0.9200060963630676,0.1139153242111206,-0.026406744599808008
1289,711,448,0.0,917504,-3.954785309999999,50.0,-26.67577769756317,0.24033203125,4470,0.00972611764445901,-0.035414714366197586,0.0048279893,3e-05,0.1,0.9199843406677246,0.05686527490615845,-0.026223582087550313
1289,712,449,0.0,919552,-3.9108133499999997,50.0,-26.675538754463197,0.232666015625,4480,0.014000226964708418,-0.04024236649274826,0.0049160006,3e-05,0.1,0.919980525970459,0.05614137649536133,-0.026335254881996662
1289,714,450,0.0,921600,-3.91682413,50.0,-26.67182927131653,0.24853515625,4490,0.012601409759372472,-0.03168398514389992,0.0051662326,3e-05,0.1,0.9196180105209351,0.0875195860862732,-0.026495306176366286
1290,715,451,0.0,923648,-3.9357993,50.0,-26.66356008052826,0.25244140625,4500,0.01252798322821036,-0.03770039603114128,0.004854327,3e-05,0.1,0.9192899465560913,0.05391836166381836,-0.025877110252622515
1290,717,452,0.0,925696,-3.89356528,50.0,-26.65607249736786,0.25224609375,4510,0.012316796416416764,-0.036764565855264664,0.0053885714,3e-05,0.1,0.9189397692680359,0.043800950050354004,-0.026148174150148407
1290,719,453,0.0,927744,-3.8763565,50.0,-26.651152062416077,0.230322265625,4520,0.011205272772349418,-0.04110931605100632,0.0049327193,3e-05,0.1,0.9188495874404907,0.05435389280319214,-0.026661951100686566
1290,720,454,0.0,929792,-3.88677302,50.0,-26.649467372894286,0.290283203125,4530,0.010188410402042792,-0.03453917056322098,0.005761623,3e-05,0.1,0.9187391400337219,0.04342222213745117,-0.026976416155230255
1290,722,455,0.0,931840,-3.89826094,50.0,-26.646219539642335,0.237158203125,4540,0.00952144236653112,-0.029064740985631943,0.0053003994,3e-05,0.1,0.9185444116592407,0.008272826671600342,-0.02476475439616479
1290,723,456,0.0,933888,-3.91502756,50.0,-26.645275664329528,0.252099609375,4550,0.013432894146535545,-0.03412352874875069,0.0049709165,3e-05,0.1,0.9187170267105103,-0.03525829315185547,-0.025400394946336745
1290,725,457,0.0,935936,-3.8787424500000003,50.0,-26.645589923858644,0.246875,4560,0.011945211456622928,-0.038018181920051575,0.00476525,3e-05,0.1,0.9185569882392883,0.033243417739868164,-0.025287897192174568
1290,726,458,0.0,937984,-3.8784113699999994,50.0,-26.640600061416627,0.23037109375,4570,0.013174768420867622,-0.029544547200202942,0.0048817475,3e-05,0.1,0.918260395526886,0.11770230531692505,-0.024084267520811407
1290,728,459,0.0,940032,-3.8676578400000006,50.0,-26.634404873847963,0.2556640625,4580,0.009246460074791685,-0.03749015927314758,0.005178308,3e-05,0.1,0.9179943799972534,-0.04787135124206543,-0.026136895071249455
1290,730,460,0.0,942080,-3.85106963,50.0,-26.630315017700195,0.232470703125,4590,0.007982435513986275,-0.03584934026002884,0.005208348,3e-05,0.1,0.9178849458694458,0.04787629842758179,-0.026152681442908943
1290,731,461,0.0,944128,-3.8712197600000002,50.0,-26.626146697998045,0.252001953125,4600,0.009794855222571642,-0.03643861785531044,0.0050044553,3e-05,0.1,0.9176329374313354,-0.08930885791778564,-0.024303609755588696
1290,733,462,0.0,946176,-3.8522792900000002,50.0,-26.62017195224762,0.280126953125,4610,0.010256145021412522,-0.04222407937049866,0.0055214437,3e-05,0.1,0.917369544506073,0.02070307731628418,-0.026836428279057144
1290,734,463,0.0,948224,-3.935494,50.0,-26.615267944335937,0.21474609375,4620,0.009744282334577293,-0.03944159671664238,0.004616973,3e-05,0.1,0.9171878099441528,0.02621614933013916,-0.024019800790119915
1289,736,464,0.0,950272,-3.9589074400000004,50.0,-26.61040632724762,0.278759765625,4630,0.00962340265396051,-0.0357368066906929,0.0057459483,3e-05,0.1,0.9169225692749023,-0.03950071334838867,-0.028274000925011932
1290,738,465,0.0,952320,-3.86616276,50.0,-26.603916072845458,0.22041015625,4640,0.012488399050198495,-0.03473847731947899,0.004997547,3e-05,0.1,0.9166072607040405,0.07321947813034058,-0.023181006696540864
1290,739,466,0.0,954368,-3.8552313400000005,50.0,-26.59729371070862,0.2470703125,4650,0.008678919752128422,-0.0379427969455719,0.0051063243,3e-05,0.1,0.9163155555725098,0.06504267454147339,-0.026224155590170994
1290,741,467,0.0,956416,-3.8846788300000004,50.0,-26.593426322937013,0.254150390625,4660,0.008688008593162521,-0.03359821066260338,0.0052499156,3e-05,0.1,0.916224479675293,0.04130399227142334,-0.02438573559629731
1290,742,468,0.0,958464,-3.8591814100000006,50.0,-26.587775158882142,0.24501953125,4670,0.007706819957820699,-0.03538813069462776,0.005197148,3e-05,0.1,0.9158021211624146,0.004529476165771484,-0.025192651682300494
1290,744,469,0.0,960512,-3.784485160000001,50.0,-26.579035186767577,0.23935546875,4680,0.010012312477920204,-0.04052301496267319,0.0047715185,3e-05,0.1,0.9154679179191589,0.05184251070022583,-0.025449251214740797
1290,745,470,0.0,962560,-3.8117114400000003,50.0,-26.572951221466063,0.2572265625,4690,0.013082873309031129,-0.036987777799367905,0.005081663,3e-05,0.1,0.9152051210403442,0.09545105695724487,-0.02531839223629504
1290,747,471,0.0,964608,-3.85818042,50.0,-26.565007281303405,0.27197265625,4700,0.010155285941436887,-0.0374823622405529,0.005524815,3e-05,0.1,0.9147478938102722,0.14242935180664062,-0.025853077694773675
1290,749,472,0.0,966656,-3.9149499200000006,50.0,-26.55937542915344,0.242236328125,4710,0.010628044488839805,-0.04123150557279587,0.0052204435,3e-05,0.1,0.91474449634552,0.11441987752914429,-0.02621253541437909
1290,750,473,0.0,968704,-3.8984757699999992,50.0,-26.557757711410524,0.2396484375,4720,0.01543390010483563,-0.034856442362070084,0.005207762,3e-05,0.1,0.9145498275756836,0.13140147924423218,-0.025893432897282763
1290,752,474,0.0,970752,-3.88559192,50.0,-26.555297470092775,0.245263671875,4730,0.012019052496179938,-0.03540428355336189,0.0048052473,3e-05,0.1,0.9145158529281616,0.05550044775009155,-0.02459513912908733
1290,753,475,0.0,972800,-3.8866146299999995,50.0,-26.554144954681398,0.260791015625,4740,0.013530952867586165,-0.03606163710355759,0.005601464,3e-05,0.1,0.9144567251205444,0.02343219518661499,-0.0269157609611284
1290,755,476,0.0,974848,-3.8861156100000005,50.0,-26.552321004867554,0.257080078125,4750,0.010856378520838917,-0.03776327148079872,0.005710378,3e-05,0.1,0.9143524169921875,0.028884291648864746,-0.025605629174970092
1290,756,477,0.0,976896,-3.948269630000001,50.0,-26.548823261260985,0.256494140625,4760,0.011679837270639837,-0.037583377212285995,0.0056719603,3e-05,0.1,0.9141481518745422,0.06180238723754883,-0.025531495321774855
1290,758,478,0.0,978944,-3.92581763,50.0,-26.544690203666686,0.251953125,4770,0.015085480699781328,-0.028207387775182724,0.0047436915,3e-05,0.1,0.9139858484268188,0.03790539503097534,-0.02307430822402239
1290,760,479,0.0,980992,-3.92582401,50.0,-26.541672897338866,0.23037109375,4780,0.012487444444559515,-0.03698312118649483,0.0047990386,3e-05,0.1,0.9138193130493164,0.11233913898468018,-0.02511651695240289
1290,761,480,0.0,983040,-3.8758911800000004,50.0,-26.542147755622864,0.222802734375,4790,0.013892299099825322,-0.03839121013879776,0.005107341,3e-05,0.1,0.9140837788581848,0.12234193086624146,-0.024958677939139307
1290,763,481,0.0,985088,-3.80725036,50.0,-26.543694281578063,0.265625,4800,0.010562208550982177,-0.03925497829914093,0.0055381,3e-05,0.1,0.9139148592948914,0.02344268560409546,-0.025698372267652304
1290,764,482,0.0,987136,-3.8481445400000003,50.0,-26.542250275611877,0.254296875,4810,0.01059089214541018,-0.03569944202899933,0.0055412436,3e-05,0.1,0.913982093334198,0.18227064609527588,-0.026001171884126963
1290,766,483,0.0,989184,-3.85232051,50.0,-26.541395449638365,0.23984375,4820,0.009715972916455939,-0.035421133041381836,0.0052728653,3e-05,0.1,0.9137775301933289,0.059035539627075195,-0.025156863825395705
1291,767,484,0.0,991232,-3.8842586199999998,50.0,-26.537993001937867,0.228955078125,4830,0.008949818118708208,-0.038836680352687836,0.0052421894,3e-05,0.1,0.9137455224990845,0.03227424621582031,-0.02592570242122747
1291,769,485,0.0,993280,-3.8877181100000002,50.0,-26.534134197235108,0.252099609375,4840,0.009146001742919907,-0.03188815340399742,0.005295757,3e-05,0.1,0.9134212732315063,0.12602001428604126,-0.025772790162591264
1291,770,486,0.0,995328,-3.8534452399999997,50.0,-26.52996406555176,0.257275390625,4850,0.012587073259055614,-0.03547853231430054,0.0057449923,3e-05,0.1,0.9134141206741333,0.07098901271820068,-0.026069517084397375
1291,772,487,0.0,997376,-3.8953157099999998,50.0,-26.529669451713563,0.225244140625,4860,0.011834389495197684,-0.03570081666111946,0.0047796443,3e-05,0.1,0.9134268760681152,0.11544930934906006,-0.023303069168468936
1291,774,488,0.0,999424,-3.8314885499999995,50.0,-26.530415511131288,0.234228515625,4870,0.012447757204063237,-0.034354083240032196,0.004661931,3e-05,0.1,0.9134517908096313,0.12424862384796143,-0.02494236878119409
1290,775,489,0.0,1001472,-3.8686453700000003,50.0,-26.527080273628236,0.2515625,4880,0.006451191264204681,-0.03226647526025772,0.0052169412,3e-05,0.1,0.9130932688713074,0.14709365367889404,-0.025576764333527534
,,,,,,,-26.519349455833435,0.249560546875,4890,0.013948621158488096,-0.03645392879843712,0.005637073,3e-05,0.1,0.9128049612045288,0.11041724681854248,-0.026145039638504387
