#{"t_start": 1789219698.883519, "env_id": "HandReachDense-v3"}
r,l,t,is_success
-5.415214,50,0.041602,0.0
-6.110921,50,0.076332,0.0
-6.4261,50,0.111903,0.0
-5.625713,50,0.147526,0.0
-5.733228,50,0.183187,0.0
-6.248207,50,0.219506,0.0
-6.587068,50,0.255044,0.0
-5.916315,50,0.290276,0.0
-5.997388,50,0.325423,0.0
-6.896315,50,0.360921,0.0
-7.112938,50,0.396214,0.0
-6.063788,50,0.431418,0.0
-6.938721,50,0.46618,0.0
-6.454179,50,0.501663,0.0
-7.162551,50,0.536809,0.0
-6.072677,50,0.57215,0.0
-6.071378,50,0.608369,0.0
-6.108689,50,0.644305,0.0
-6.550197,50,0.679758,0.0
-6.585923,50,0.715085,0.0
-6.092157,50,0.750395,0.0
-6.820358,50,0.785947,0.0
-6.923264,50,0.821345,0.0
-5.320177,50,0.858123,0.0
-7.155817,50,0.893481,0.0
-6.881486,50,0.928868,0.0
-6.098345,50,0.964366,0.0
-6.882915,50,0.999849,0.0
-6.510698,50,1.035037,0.0
-6.051159,50,1.070545,0.0
-6.824171,50,1.106972,0.0
-6.004468,50,1.143223,0.0
-6.185299,50,1.179388,0.0
-6.700161,50,1.215019,0.0
-8.053056,50,1.250349,0.0
-6.335844,50,1.285327,0.0
-7.638785,50,1.320986,0.0
-6.358242,50,1.357034,0.0
-6.736931,50,1.392522,0.0
-7.181634,50,1.428861,0.0
-6.509244,50,1.579152,0.0
-6.922345,50,1.615113,0.0
-7.4721,50,1.650574,0.0
-5.667301,50,1.686769,0.0
-7.26862,50,1.722081,0.0
-7.062676,50,1.757469,0.0
-6.196613,50,1.793138,0.0
-6.049246,50,1.828888,0.0
-6.357279,50,1.865124,0.0
-7.014686,50,1.900607,0.0
-7.033094,50,1.935948,0.0
-6.308395,50,1.970995,0.0
-6.304968,50,2.006039,0.0
-5.681832,50,2.041365,0.0
-5.873422,50,2.076614,0.0
-7.055357,50,2.112119,0.0
-7.041118,50,2.148391,0.0
-5.321113,50,2.183965,0.0
-6.845644,50,2.219887,0.0
-6.397596,50,2.255291,0.0
-6.091798,50,2.291229,0.0
-5.877864,50,2.326712,0.0
-5.850709,50,2.362008,0.0
-6.77834,50,2.396822,0.0
-7.619599,50,2.432444,0.0
-5.405796,50,2.467627,0.0
-6.649176,50,2.502735,0.0
-6.871779,50,2.538231,0.0
-7.063966,50,2.573068,0.0
-6.969476,50,2.608194,0.0
-6.187734,50,2.644949,0.0
-6.463556,50,2.682376,0.0
-6.649186,50,2.718011,0.0
-7.122925,50,2.754182,0.0
-6.502364,50,2.790062,0.0
-6.381131,50,2.825419,0.0
-6.02422,50,2.861324,0.0
-5.509379,50,2.89695,0.0
-6.740929,50,2.93251,0.0
-6.637385,50,2.968149,0.0
-7.275033,50,3.003559,0.0
-6.649258,50,3.154982,0.0
-6.761682,50,3.191016,0.0
-5.567584,50,3.226298,0.0
-6.34062,50,3.261955,0.0
-6.278294,50,3.297098,0.0
-6.273938,50,3.333007,0.0
-6.533508,50,3.36862,0.0
-6.388496,50,3.404244,0.0
-5.110256,50,3.439662,0.0
-5.874183,50,3.474681,0.0
-6.69302,50,3.510013,0.0
-5.894593,50,3.545593,0.0
-5.96894,50,3.58086,0.0
-7.742016,50,3.616791,0.0
-7.373859,50,3.652587,0.0
-6.805016,50,3.688369,0.0
-5.841912,50,3.72361,0.0
-5.768886,50,3.759536,0.0
-6.699398,50,3.794948,0.0
-6.799651,50,3.830519,0.0
-7.452058,50,3.865995,0.0
-6.169764,50,3.90119,0.0
-6.682771,50,3.936226,0.0
-6.272071,50,3.971361,0.0
-6.085252,50,4.006938,0.0
-6.746274,50,4.042312,0.0
-6.486648,50,4.077076,0.0
-6.063143,50,4.112601,0.0
-6.877383,50,4.148121,0.0
-6.238278,50,4.183701,0.0
-6.283459,50,4.219023,0.0
-6.711314,50,4.254186,0.0
-6.538581,50,4.289532,0.0
-6.34422,50,4.325034,0.0
-6.415911,50,4.360152,0.0
-6.230284,50,4.395211,0.0
-6.708775,50,4.430502,0.0
-6.891231,50,4.46548,0.0
-6.731416,50,4.500988,0.0
-7.1227,50,4.53639,0.0
-6.13562,50,4.571579,0.0
-7.427372,50,4.722591,0.0
-6.307199,50,4.758545,0.0
-6.986745,50,4.794568,0.0
-6.552099,50,4.829667,0.0
-5.952469,50,4.865146,0.0
-5.373188,50,4.900801,0.0
-4.736776,50,4.93649,0.0
-6.309611,50,4.971784,0.0
-6.671238,50,5.00715,0.0
-6.303051,50,5.04251,0.0
-6.436564,50,5.077898,0.0
-6.294597,50,5.113753,0.0
-6.770103,50,5.149173,0.0
-6.220348,50,5.184773,0.0
-6.347677,50,5.220306,0.0
-5.478812,50,5.25616,0.0
-5.585881,50,5.292245,0.0
-5.952171,50,5.328552,0.0
-6.39137,50,5.364472,0.0
-6.449481,50,5.400218,0.0
-6.677593,50,5.436149,0.0
-6.204331,50,5.472336,0.0
-6.585889,50,5.507619,0.0
-6.46188,50,5.543064,0.0
-6.459571,50,5.579194,0.0
-7.770562,50,5.61526,0.0
-7.191853,50,5.650561,0.0
-7.296544,50,5.686469,0.0
-6.260268,50,5.722469,0.0
-6.055812,50,5.75792,0.0
-6.20863,50,5.793794,0.0
-6.159768,50,5.829131,0.0
-6.156314,50,5.864916,0.0
-5.615131,50,5.900724,0.0
-5.612885,50,5.936343,0.0
-6.210607,50,5.971777,0.0
-4.800684,50,6.007392,0.0
-6.34602,50,6.04293,0.0
-6.475027,50,6.07812,0.0
-6.958341,50,6.113645,0.0
-6.927889,50,6.14923,0.0
-6.44938,50,6.300613,0.0
-6.336312,50,6.33672,0.0
-6.548275,50,6.372363,0.0
-5.217502,50,6.409196,0.0
-5.729907,50,6.444771,0.0
-6.348049,50,6.480285,0.0
-6.410749,50,6.516027,0.0
-6.286665,50,6.551779,0.0
-6.354357,50,6.587055,0.0
-5.793283,50,6.622369,0.0
-7.339574,50,6.658088,0.0
-6.324368,50,6.693163,0.0
-6.186504,50,6.728851,0.0
-6.931067,50,6.76394,0.0
-6.172133,50,6.799921,0.0
-6.685895,50,6.835283,0.0
-6.263223,50,6.871309,0.0
-5.760222,50,6.906666,0.0
-6.533924,50,6.942168,0.0
-6.373955,50,6.978039,0.0
-6.267213,50,7.01361,0.0
-6.296003,50,7.049354,0.0
-6.098456,50,7.084427,0.0
-6.937169,50,7.119853,0.0
-6.075578,50,7.155261,0.0
-6.445312,50,7.190819,0.0
-6.462581,50,7.22603,0.0
-6.508498,50,7.261723,0.0
-6.022053,50,7.29677,0.0
-7.257906,50,7.331958,0.0
-6.037271,50,7.366637,0.0
-6.211955,50,7.401874,0.0
-5.588236,50,7.436941,0.0
-5.686702,50,7.472516,0.0
-6.327412,50,7.507749,0.0
-7.511247,50,7.543024,0.0
-6.60182,50,7.578481,0.0
-5.551174,50,7.61343,0.0
-6.275294,50,7.649118,0.0
-6.931793,50,7.684625,0.0
-6.579144,50,7.719845,0.0
-6.317598,50,7.869399,0.0
-6.10043,50,7.905118,0.0
-6.70003,50,7.940749,0.0
-5.410979,50,7.975953,0.0
-7.248792,50,8.010919,0.0
-6.368471,50,8.046282,0.0
-6.970489,50,8.082296,0.0
-5.933521,50,8.117855,0.0
-5.901878,50,8.153544,0.0
-6.553772,50,8.189235,0.0
-6.068037,50,8.224646,0.0
-6.551577,50,8.260213,0.0
-5.133461,50,8.295387,0.0
-5.964936,50,8.330745,0.0
-6.511314,50,8.366203,0.0
-6.425456,50,8.402614,0.0
-6.717335,50,8.438428,0.0
-7.279692,50,8.474376,0.0
-6.046642,50,8.51028,0.0
-6.45891,50,8.545845,0.0
-5.909552,50,8.582042,0.0
-7.218582,50,8.618131,0.0
-6.392487,50,8.653921,0.0
-6.624883,50,8.689674,0.0
-6.54348,50,8.725094,0.0
-5.766414,50,8.760576,0.0
-5.86287,50,8.796231,0.0
-7.115844,50,8.831493,0.0
-6.943762,50,8.86696,0.0
-6.843447,50,8.902183,0.0
-5.53523,50,8.937463,0.0
-6.240735,50,8.972626,0.0
-6.772724,50,9.00799,0.0
-6.500934,50,9.043406,0.0
-6.888784,50,9.077994,0.0
-6.054773,50,9.113484,0.0
-5.728604,50,9.148786,0.0
-5.954102,50,9.184204,0.0
-6.664789,50,9.220436,0.0
-6.318659,50,9.256215,0.0
-6.106435,50,9.29192,0.0
-6.178727,50,9.443592,0.0
-6.054081,50,9.479365,0.0
-5.166528,50,9.514752,0.0
-5.992527,50,9.549976,0.0
-7.130895,50,9.584967,0.0
-5.904715,50,9.620364,0.0
-4.952375,50,9.655829,0.0
-5.927685,50,9.691119,0.0
-6.74249,50,9.726183,0.0
-6.050143,50,9.762171,0.0
-6.219483,50,9.797838,0.0
-5.656242,50,9.833325,0.0
-6.117373,50,9.868308,0.0
-7.194049,50,9.903653,0.0
-6.070852,50,9.938581,0.0
-4.961902,50,9.97377,0.0
-5.795918,50,10.009001,0.0
-6.052113,50,10.044457,0.0
-5.856432,50,10.079543,0.0
-6.19882,50,10.114816,0.0
-6.333002,50,10.150509,0.0
-6.982709,50,10.186423,0.0
-6.37429,50,10.222453,0.0
-6.079163,50,10.258156,0.0
-6.498536,50,10.293785,0.0
-6.802057,50,10.329518,0.0
-6.950802,50,10.365141,0.0
-5.818242,50,10.400816,0.0
-6.200857,50,10.436169,0.0
-4.96407,50,10.471737,0.0
-5.700807,50,10.50719,0.0
-6.035527,50,10.542759,0.0
-5.660164,50,10.578252,0.0
-7.110015,50,10.613451,0.0
-6.036636,50,10.649477,0.0
-5.202845,50,10.68496,0.0
-6.517323,50,10.720456,0.0
-5.546391,50,10.755901,0.0
-6.748574,50,10.790989,0.0
-6.482364,50,10.826207,0.0
-7.049502,50,10.861432,0.0
-5.186882,50,11.011395,0.0
-6.202169,50,11.047217,0.0
-6.348801,50,11.083038,0.0
-5.963939,50,11.118516,0.0
-5.999709,50,11.153856,0.0
-6.434454,50,11.189285,0.0
-5.625638,50,11.22474,0.0
-5.924138,50,11.260675,0.0
-5.916684,50,11.29603,0.0
-5.074416,50,11.331201,0.0
-5.268164,50,11.366736,0.0
-6.748807,50,11.401883,0.0
-6.845082,50,11.437661,0.0
-6.645722,50,11.473492,0.0
-6.72957,50,11.509211,0.0
-5.910283,50,11.544722,0.0
-6.794833,50,11.580215,0.0
-5.651096,50,11.615456,0.0
-6.806367,50,11.651022,0.0
-5.86689,50,11.686675,0.0
-6.898999,50,11.72219,0.0
-6.537806,50,11.75726,0.0
-6.675763,50,11.792368,0.0
-5.433618,50,11.827611,0.0
-6.10258,50,11.863074,0.0
-7.319955,50,11.898434,0.0
-5.209889,50,11.933555,0.0
-6.606083,50,11.969148,0.0
-5.881251,50,12.004518,0.0
-6.506043,50,12.039745,0.0
-6.636033,50,12.074851,0.0
-6.170449,50,12.110485,0.0
-6.665288,50,12.145945,0.0
-6.467479,50,12.181629,0.0
-6.588919,50,12.21722,0.0
-6.089544,50,12.25251,0.0
-6.422998,50,12.28801,0.0
-4.846341,50,12.323988,0.0
-7.009522,50,12.359658,0.0
-5.295753,50,12.395224,0.0
-5.651736,50,12.430378,0.0
-5.506652,50,12.58056,0.0
-5.54702,50,12.616495,0.0
-6.609197,50,12.65209,0.0
-5.943271,50,12.687647,0.0
-6.546376,50,12.723009,0.0
-7.54864,50,12.758004,0.0
-6.393182,50,12.793212,0.0
-5.808109,50,12.82848,0.0
-6.089131,50,12.863757,0.0
-5.985606,50,12.899755,0.0
-5.915338,50,12.935218,0.0
-6.939329,50,12.970507,0.0
-6.600813,50,13.005846,0.0
-6.084012,50,13.041312,0.0
-5.384636,50,13.076706,0.0
-4.480996,50,13.111934,0.0
-5.360225,50,13.146701,0.0
-6.019479,50,13.18226,0.0
-6.377371,50,13.217862,0.0
-6.053834,50,13.253209,0.0
-6.951406,50,13.288628,0.0
-5.807915,50,13.325178,0.0
-6.038816,50,13.360869,0.0
-5.504029,50,13.396166,0.0
-5.832311,50,13.431223,0.0
-6.750443,50,13.467255,0.0
-5.566274,50,13.502688,0.0
-6.641181,50,13.538327,0.0
-6.316731,50,13.573667,0.0
-6.296373,50,13.609568,0.0
-6.656818,50,13.645543,0.0
-6.320409,50,13.681522,0.0
-6.849736,50,13.717198,0.0
-5.785659,50,13.752505,0.0
-6.570215,50,13.787898,0.0
-6.353024,50,13.823715,0.0
-6.492909,50,13.859514,0.0
-6.793199,50,13.894748,0.0
-6.40524,50,13.93037,0.0
-6.460585,50,13.965664,0.0
-7.077424,50,14.001365,0.0
-6.47471,50,14.152885,0.0
-7.202057,50,14.18886,0.0
-5.86744,50,14.224632,0.0
-5.385533,50,14.260211,0.0
-5.891961,50,14.295622,0.0
-7.839351,50,14.331085,0.0
-6.06238,50,14.366408,0.0
-6.700182,50,14.401898,0.0
-5.56575,50,14.437462,0.0
-5.610108,50,14.473126,0.0
-5.98127,50,14.508785,0.0
-6.545318,50,14.5438,0.0
-6.511642,50,14.579193,0.0
-5.932375,50,14.614269,0.0
-6.046695,50,14.649696,0.0
-6.071943,50,14.685189,0.0
-5.981137,50,14.720164,0.0
-6.268322,50,14.755698,0.0
-4.968783,50,14.790862,0.0
-6.091128,50,14.82585,0.0
-6.578123,50,14.861551,0.0
-6.218108,50,14.897083,0.0
-6.154774,50,14.932459,0.0
-5.406414,50,14.967895,0.0
-5.863518,50,15.003351,0.0
-5.967607,50,15.038422,0.0
-6.612312,50,15.073826,0.0
-6.49206,50,15.108989,0.0
-6.036811,50,15.144657,0.0
-6.276518,50,15.18014,0.0
-6.447027,50,15.215337,0.0
-6.948745,50,15.25069,0.0
-7.205324,50,15.28579,0.0
-6.77941,50,15.321335,0.0
-6.697434,50,15.356667,0.0
-6.364679,50,15.391793,0.0
-5.842102,50,15.42704,0.0
-6.189481,50,15.462226,0.0
-6.589903,50,15.498162,0.0
-5.495476,50,15.534021,0.0
-5.943764,50,15.569747,0.0
-6.612839,50,15.71982,0.0
-6.531388,50,15.755796,0.0
-5.090387,50,15.791358,0.0
-5.636256,50,15.826586,0.0
-7.081506,50,15.862235,0.0
-5.4538,50,15.897576,0.0
-5.44002,50,15.932792,0.0
-5.89994,50,15.968067,0.0
-7.233809,50,16.003189,0.0
-7.223639,50,16.039013,0.0
-5.79801,50,16.074405,0.0
-5.999216,50,16.109673,0.0
-6.564285,50,16.145686,0.0
-5.933664,50,16.181198,0.0
-6.462695,50,16.216691,0.0
-5.417749,50,16.251914,0.0
-6.239185,50,16.287413,0.0
-6.59018,50,16.322486,0.0
-5.481803,50,16.357702,0.0
-6.089997,50,16.393309,0.0
-5.497665,50,16.42887,0.0
-6.843365,50,16.464648,0.0
-6.506277,50,16.499897,0.0
-6.049959,50,16.536467,0.0
-6.417153,50,16.57255,0.0
-6.526884,50,16.608349,0.0
-6.020767,50,16.643809,0.0
-6.042488,50,16.67932,0.0
-5.965256,50,16.714835,0.0
-7.325691,50,16.750251,0.0
-7.716115,50,16.785482,0.0
-6.228445,50,16.821442,0.0
-6.729306,50,16.857058,0.0
-6.048114,50,16.892613,0.0
-6.250141,50,16.928429,0.0
-5.118651,50,16.963573,0.0
-6.365484,50,16.998841,0.0
-5.98061,50,17.034306,0.0
-5.202026,50,17.069605,0.0
-5.656348,50,17.104965,0.0
-6.823601,50,17.140776,0.0
-6.184584,50,17.293621,0.0
-5.619117,50,17.329041,0.0
-6.743499,50,17.364614,0.0
-6.513438,50,17.40056,0.0
-5.324006,50,17.436537,0.0
-5.775627,50,17.472499,0.0
-5.523843,50,17.507413,0.0
-6.045673,50,17.543072,0.0
-5.984603,50,17.57895,0.0
-6.998374,50,17.61448,0.0
-5.248306,50,17.650155,0.0
-5.942493,50,17.685813,0.0
-6.528615,50,17.721832,0.0
-4.814055,50,17.757909,0.0
-5.487936,50,17.793669,0.0
-5.891021,50,17.828882,0.0
-6.080179,50,17.864315,0.0
-6.435334,50,17.899754,0.0
-6.005084,50,17.935331,0.0
-6.844847,50,17.970875,0.0
-6.054741,50,18.00592,0.0
-6.628728,50,18.040998,0.0
-6.200171,50,18.076567,0.0
-6.292639,50,18.112229,0.0
-6.492257,50,18.147596,0.0
-5.472786,50,18.183256,0.0
-6.179269,50,18.218544,0.0
-6.548612,50,18.254386,0.0
-6.549224,50,18.290609,0.0
-5.687882,50,18.326114,0.0
-6.13097,50,18.361517,0.0
-6.901533,50,18.397196,0.0
-6.522234,50,18.432212,0.0
-6.42924,50,18.467751,0.0
-4.712721,50,18.503069,0.0
-6.642102,50,18.538403,0.0
-6.003595,50,18.573799,0.0
-5.171499,50,18.609034,0.0
-5.819619,50,18.64463,0.0
-5.921249,50,18.680025,0.0
-5.509424,50,18.715584,0.0
-7.177968,50,18.865455,0.0
-5.898122,50,18.900835,0.0
-6.749493,50,18.936223,0.0
-6.050346,50,18.972122,0.0
-6.951491,50,19.008001,0.0
-6.189431,50,19.044034,0.0
-5.976929,50,19.07958,0.0
-6.354578,50,19.115303,0.0
-5.247394,50,19.150655,0.0
-6.252856,50,19.186266,0.0
-6.661318,50,19.221719,0.0
-6.781891,50,19.257321,0.0
-6.818837,50,19.293048,0.0
-5.678523,50,19.328766,0.0
-5.599171,50,19.363339,0.0
-5.943043,50,19.400923,0.0
-5.809939,50,19.438554,0.0
-4.267003,50,19.475342,0.0
-5.369003,50,19.512163,0.0
-6.721241,50,19.548799,0.0
-7.214911,50,19.585306,0.0
-4.393141,50,19.621282,0.0
-4.695299,50,19.65703,0.0
-4.512769,50,19.692861,0.0
-4.896399,50,19.72828,0.0
-6.852828,50,19.763745,0.0
-6.116586,50,19.799531,0.0
-6.486921,50,19.83523,0.0
-6.424383,50,19.870703,0.0
-5.943838,50,19.906345,0.0
-5.831761,50,19.941679,0.0
-6.206312,50,19.976848,0.0
-6.037593,50,20.012151,0.0
-6.312965,50,20.047693,0.0
-6.850858,50,20.082564,0.0
-6.509144,50,20.117924,0.0
-5.823825,50,20.153817,0.0
-6.613464,50,20.188965,0.0
-6.516786,50,20.224323,0.0
-5.869945,50,20.261096,0.0
-5.350944,50,20.296714,0.0
-5.944962,50,20.447634,0.0
-5.776483,50,20.483645,0.0
-6.492405,50,20.518971,0.0
-5.995532,50,20.554903,0.0
-4.9278,50,20.590348,0.0
-6.301415,50,20.626075,0.0
-5.200189,50,20.661622,0.0
-5.251198,50,20.697616,0.0
-5.626827,50,20.733953,0.0
-5.830512,50,20.770018,0.0
-5.675954,50,20.805519,0.0
-6.177718,50,20.841591,0.0
-6.039296,50,20.877934,0.0
-5.915088,50,20.913429,0.0
-5.794425,50,20.948682,0.0
-5.258919,50,20.984561,0.0
-5.301373,50,21.020072,0.0
-5.752056,50,21.055959,0.0
-6.245279,50,21.092051,0.0
-5.505987,50,21.127694,0.0
-6.621579,50,21.163375,0.0
-6.213088,50,21.199496,0.0
-5.310087,50,21.235087,0.0
-6.367469,50,21.270861,0.0
-5.54598,50,21.306362,0.0
-6.127745,50,21.342309,0.0
-6.700136,50,21.378,0.0
-4.999768,50,21.41367,0.0
-6.303015,50,21.449129,0.0
-7.420075,50,21.484572,0.0
-5.03692,50,21.520892,0.0
-6.908041,50,21.556598,0.0
-6.248819,50,21.592074,0.0
-6.185359,50,21.627359,0.0
-5.583287,50,21.663236,0.0
-6.083932,50,21.69932,0.0
-6.955751,50,21.734882,0.0
-5.370858,50,21.770663,0.0
-5.859968,50,21.80668,0.0
-6.743403,50,21.842345,0.0
-5.958376,50,21.877737,0.0
-6.366081,50,22.028172,0.0
-6.238308,50,22.064091,0.0
-5.983909,50,22.099273,0.0
-5.83063,50,22.134504,0.0
-6.89792,50,22.170085,0.0
-5.336914,50,22.205938,0.0
-6.046332,50,22.242094,0.0
-5.905189,50,22.277594,0.0
-5.867203,50,22.312795,0.0
-5.767724,50,22.348203,0.0
-6.014014,50,22.384067,0.0
-6.222423,50,22.419267,0.0
-5.825953,50,22.454946,0.0
-5.295956,50,22.490349,0.0
-5.964996,50,22.525831,0.0
-6.205374,50,22.561342,0.0
-5.705966,50,22.596606,0.0
-6.167268,50,22.632074,0.0
-6.165321,50,22.66721,0.0
-6.303391,50,22.702317,0.0
-6.939744,50,22.737625,0.0
-5.309607,50,22.773224,0.0
-5.502536,50,22.80889,0.0
-6.294302,50,22.844267,0.0
-4.974802,50,22.879553,0.0
-6.387171,50,22.915213,0.0
-6.408647,50,22.950821,0.0
-5.364112,50,22.98639,0.0
-5.979685,50,23.021292,0.0
-5.943347,50,23.056592,0.0
-6.006625,50,23.091968,0.0
-6.39671,50,23.12757,0.0
-6.864831,50,23.163237,0.0
-5.581698,50,23.198912,0.0
-6.128689,50,23.234665,0.0
-6.529533,50,23.269461,0.0
-6.08505,50,23.304402,0.0
-5.452612,50,23.339741,0.0
-5.848092,50,23.375584,0.0
-5.862308,50,23.410987,0.0
-5.313259,50,23.446794,0.0
-5.973647,50,23.596556,0.0
-6.363313,50,23.633428,0.0
-6.155219,50,23.669145,0.0
-5.930924,50,23.704938,0.0
-6.087951,50,23.74023,0.0
-6.409042,50,23.77577,0.0
-6.052903,50,23.811277,0.0
-6.050867,50,23.846908,0.0
-6.813996,50,23.88269,0.0
-4.869363,50,23.918279,0.0
-5.921274,50,23.954122,0.0
-5.706967,50,23.989351,0.0
-5.773393,50,24.025022,0.0
-5.708918,50,24.060417,0.0
-6.885276,50,24.095507,0.0
-5.809842,50,24.130852,0.0
-5.587973,50,24.16631,0.0
-6.581661,50,24.20171,0.0
-6.388888,50,24.237376,0.0
-7.29758,50,24.272296,0.0
-5.840666,50,24.307804,0.0
-6.328781,50,24.343596,0.0
-5.998443,50,24.378572,0.0
-5.904248,50,24.413781,0.0
-6.650124,50,24.44917,0.0
-5.480988,50,24.484629,0.0
-6.021923,50,24.520102,0.0
-6.212757,50,24.555508,0.0
-6.231465,50,24.59075,0.0
-5.358375,50,24.626049,0.0
-5.731003,50,24.661873,0.0
-5.932818,50,24.697255,0.0
-6.83558,50,24.732744,0.0
-4.58403,50,24.76784,0.0
-6.079832,50,24.803321,0.0
-5.590147,50,24.838837,0.0
-5.196088,50,24.874031,0.0
-6.116066,50,24.90966,0.0
-6.997328,50,24.945255,0.0
-4.448131,50,24.980964,0.0
-6.34649,50,25.016463,0.0
-5.787327,50,25.165798,0.0
-5.828508,50,25.201277,0.0
-5.65291,50,25.237128,0.0
-6.118194,50,25.272814,0.0
-6.657653,50,25.308299,0.0
-6.363141,50,25.344411,0.0
-5.351322,50,25.37972,0.0
-7.088552,50,25.415326,0.0
-6.238691,50,25.450419,0.0
-6.263229,50,25.485161,0.0
-6.411765,50,25.519863,0.0
-5.332579,50,25.554725,0.0
-5.772053,50,25.590124,0.0
-5.915388,50,25.625485,0.0
-6.198734,50,25.66074,0.0
-6.441384,50,25.696041,0.0
-6.42584,50,25.731443,0.0
-6.26817,50,25.766849,0.0
-5.959935,50,25.802362,0.0
-5.783944,50,25.837849,0.0
-6.752956,50,25.87316,0.0
-5.486434,50,25.907988,0.0
-5.438161,50,25.943367,0.0
-6.748877,50,25.978356,0.0
-5.628752,50,26.013851,0.0
-6.204812,50,26.049194,0.0
-6.247957,50,26.084422,0.0
-5.953508,50,26.119763,0.0
-6.010847,50,26.155197,0.0
-5.263312,50,26.190558,0.0
-5.841738,50,26.226647,0.0
-7.166268,50,26.262064,0.0
-6.089117,50,26.297201,0.0
-5.954665,50,26.332831,0.0
-6.003527,50,26.368792,0.0
-6.351403,50,26.404343,0.0
-5.694788,50,26.440278,0.0
-6.208548,50,26.476116,0.0
-6.276725,50,26.511753,0.0
-6.118235,50,26.547016,0.0
-5.726961,50,26.582475,0.0
-6.410907,50,26.73347,0.0
-4.922872,50,26.769266,0.0
-5.606699,50,26.804741,0.0
-5.704888,50,26.840892,0.0
-5.946415,50,26.876248,0.0
-6.170086,50,26.912122,0.0
-6.112007,50,26.947855,0.0
-6.078696,50,26.983114,0.0
-6.06649,50,27.018756,0.0
-6.481616,50,27.054384,0.0
-6.379885,50,27.089482,0.0
-6.190481,50,27.124972,0.0
-5.712164,50,27.160637,0.0
-7.283776,50,27.196576,0.0
-5.843706,50,27.232375,0.0
-6.678322,50,27.268561,0.0
-4.743363,50,27.304575,0.0
-5.45209,50,27.340082,0.0
-6.329089,50,27.37557,0.0
-5.635605,50,27.411327,0.0
-6.206816,50,27.447087,0.0
-6.32877,50,27.482713,0.0
-5.181139,50,27.518415,0.0
-6.598734,50,27.554069,0.0
-6.045851,50,27.589685,0.0
-7.051624,50,27.625576,0.0
-5.341634,50,27.661247,0.0
-5.228897,50,27.696838,0.0
-5.776084,50,27.73216,0.0
-6.319026,50,27.767653,0.0
-5.215937,50,27.803391,0.0
-6.162905,50,27.839276,0.0
-5.705953,50,27.87465,0.0
-6.771341,50,27.90999,0.0
-6.686433,50,27.945552,0.0
-6.18806,50,27.980927,0.0
-6.10013,50,28.016393,0.0
-5.637218,50,28.05173,0.0
-6.47893,50,28.087269,0.0
-6.042309,50,28.122996,0.0
-6.508856,50,28.158177,0.0
-6.50715,50,28.309519,0.0
-4.570227,50,28.345164,0.0
-6.905332,50,28.380521,0.0
-7.096285,50,28.415746,0.0
-5.993835,50,28.451429,0.0
-6.526934,50,28.486733,0.0
-4.160213,50,28.522654,0.0
-6.810445,50,28.558492,0.0
-6.714672,50,28.593807,0.0
-6.14274,50,28.629272,0.0
-5.579459,50,28.664836,0.0
-5.983409,50,28.700295,0.0
-7.05493,50,28.735327,0.0
-6.032892,50,28.770742,0.0
-5.908093,50,28.80637,0.0
-6.190716,50,28.842278,0.0
-6.053862,50,28.877762,0.0
-6.138121,50,28.913297,0.0
-6.11566,50,28.948701,0.0
-4.695603,50,28.984164,0.0
-5.349319,50,29.01916,0.0
-4.70029,50,29.054806,0.0
-5.748342,50,29.090664,0.0
-6.016852,50,29.126161,0.0
-6.4637,50,29.161604,0.0
-5.773295,50,29.197118,0.0
-5.164098,50,29.233,0.0
-6.35823,50,29.269039,0.0
-5.367019,50,29.30449,0.0
-6.311397,50,29.339872,0.0
-4.3699,50,29.375623,0.0
-6.118697,50,29.411525,0.0
-5.960642,50,29.446959,0.0
-6.824958,50,29.482946,0.0
-6.008587,50,29.518827,0.0
-7.029988,50,29.554049,0.0
-6.093507,50,29.589495,0.0
-6.386176,50,29.624785,0.0
-6.703314,50,29.660067,0.0
-5.391096,50,29.6958,0.0
-5.873057,50,29.731246,0.0
-6.539667,50,29.880432,0.0
-6.296423,50,29.916003,0.0
-6.29883,50,29.951327,0.0
-6.192182,50,29.987109,0.0
-5.681928,50,30.022498,0.0
-5.451873,50,30.057815,0.0
-4.403701,50,30.093037,0.0
-6.522003,50,30.128338,0.0
-5.77672,50,30.163942,0.0
-5.912279,50,30.199848,0.0
-6.447372,50,30.234993,0.0
-6.319624,50,30.270514,0.0
-5.481141,50,30.305737,0.0
-6.000316,50,30.341071,0.0
-5.574746,50,30.376606,0.0
-5.80052,50,30.412188,0.0
-7.603474,50,30.447643,0.0
-5.931089,50,30.483152,0.0
-4.419142,50,30.518588,0.0
-5.175461,50,30.553658,0.0
-4.858809,50,30.588964,0.0
-5.260352,50,30.624645,0.0
-6.472777,50,30.660454,0.0
-6.409825,50,30.696291,0.0
-6.147094,50,30.731473,0.0
-5.587026,50,30.766812,0.0
-6.612358,50,30.802355,0.0
-5.844704,50,30.837785,0.0
-6.606647,50,30.873374,0.0
-6.329108,50,30.908713,0.0
-6.093336,50,30.943793,0.0
-5.837684,50,30.979732,0.0
-4.428528,50,31.015531,0.0
-4.948124,50,31.050944,0.0
-6.152953,50,31.086058,0.0
-6.274431,50,31.121832,0.0
-5.715777,50,31.157434,0.0
-5.827153,50,31.192796,0.0
-6.601586,50,31.228263,0.0
-6.049511,50,31.26366,0.0
-6.051671,50,31.299196,0.0
-6.792268,50,31.44816,0.0
-6.688108,50,31.483413,0.0
-5.883745,50,31.518997,0.0
-5.671461,50,31.554211,0.0
-5.362045,50,31.58985,0.0
-5.813869,50,31.62506,0.0
-5.950407,50,31.660285,0.0
-5.606587,50,31.695761,0.0
-6.906592,50,31.730903,0.0
-5.541568,50,31.766138,0.0
-5.761083,50,31.801879,0.0
-6.045246,50,31.837508,0.0
-5.662225,50,31.872767,0.0
-6.078494,50,31.907959,0.0
-6.281453,50,31.94326,0.0
-6.569479,50,31.978379,0.0
-6.11323,50,32.013999,0.0
-5.416003,50,32.04939,0.0
-6.106156,50,32.084627,0.0
-6.249448,50,32.119906,0.0
-6.259138,50,32.155146,0.0
-5.710612,50,32.190641,0.0
-6.274244,50,32.225943,0.0
-5.616943,50,32.261204,0.0
-5.867799,50,32.296558,0.0
-6.149757,50,32.332084,0.0
-4.29012,50,32.367257,0.0
-6.406011,50,32.402131,0.0
-6.403623,50,32.43803,0.0
-6.236162,50,32.473663,0.0
-5.695991,50,32.509325,0.0
-5.875575,50,32.544537,0.0
-5.590933,50,32.580033,0.0
-5.75502,50,32.615801,0.0
-5.751666,50,32.651218,0.0
-6.544048,50,32.686568,0.0
-6.011149,50,32.72225,0.0
-6.072099,50,32.757217,0.0
-6.018454,50,32.792368,0.0
-6.389637,50,32.827475,0.0
-6.098486,50,32.862552,0.0
-6.171344,50,33.010676,0.0
-4.13035,50,33.045674,0.0
-6.446401,50,33.081063,0.0
-6.065393,50,33.116184,0.0
-4.629901,50,33.151722,0.0
-6.245632,50,33.187331,0.0
-5.877669,50,33.223155,0.0
-6.133856,50,33.258972,0.0
-4.773298,50,33.29424,0.0
-6.065469,50,33.329708,0.0
-6.634425,50,33.365218,0.0
-6.117215,50,33.400674,0.0
-5.511011,50,33.436861,0.0
-5.436083,50,33.472559,0.0
-5.723835,50,33.508182,0.0
-5.422907,50,33.543373,0.0
-6.111092,50,33.578683,0.0
-5.764428,50,33.614446,0.0
-5.420638,50,33.649997,0.0
-5.772119,50,33.685023,0.0
-6.402407,50,33.721033,0.0
-5.436301,50,33.756906,0.0
-6.172949,50,33.792919,0.0
-5.940765,50,33.828788,0.0
-5.513174,50,33.864492,0.0
-5.568701,50,33.900124,0.0
-5.817967,50,33.935737,0.0
-5.452193,50,33.971174,0.0
-6.333875,50,34.006489,0.0
-6.187331,50,34.041976,0.0
-6.452918,50,34.077386,0.0
-6.192664,50,34.113024,0.0
-5.611147,50,34.148906,0.0
-5.76558,50,34.184889,0.0
-6.575747,50,34.220316,0.0
-5.988285,50,34.25583,0.0
-6.127117,50,34.291726,0.0
-5.974447,50,34.326807,0.0
-6.520598,50,34.362143,0.0
-4.539289,50,34.397349,0.0
-6.041265,50,34.43269,0.0
-6.115604,50,34.580999,0.0
-5.555392,50,34.616888,0.0
-6.280427,50,34.652016,0.0
-6.543194,50,34.688331,0.0
-6.310138,50,34.724216,0.0
-6.454287,50,34.759704,0.0
-6.160663,50,34.79503,0.0
-5.059585,50,34.830349,0.0
-5.916667,50,34.865478,0.0
-4.597516,50,34.90091,0.0
-6.42133,50,34.93612,0.0
-6.836544,50,34.971423,0.0
-6.252186,50,35.006789,0.0
-5.565085,50,35.042151,0.0
-6.202434,50,35.077577,0.0
-5.984235,50,35.113161,0.0
-5.846872,50,35.148882,0.0
-5.512834,50,35.18386,0.0
-6.731897,50,35.21882,0.0
-5.74649,50,35.25422,0.0
-5.189865,50,35.289415,0.0
-5.8346,50,35.324808,0.0
-5.887147,50,35.359575,0.0
-6.271776,50,35.394851,0.0
-6.326054,50,35.429986,0.0
-5.887463,50,35.465137,0.0
-5.144351,50,35.500247,0.0
-5.723008,50,35.535402,0.0
-6.721554,50,35.570363,0.0
-5.785391,50,35.605753,0.0
-6.037736,50,35.64142,0.0
-4.685464,50,35.67688,0.0
-5.663561,50,35.711847,0.0
-6.081585,50,35.746756,0.0
-5.225125,50,35.782189,0.0
-4.491485,50,35.81774,0.0
-4.677543,50,35.853157,0.0
-5.708662,50,35.888577,0.0
-6.152727,50,35.92402,0.0
-5.842621,50,35.959167,0.0
-6.58344,50,35.994567,0.0
-5.616299,50,36.144794,0.0
-6.304851,50,36.180452,0.0
-6.086426,50,36.215975,0.0
-5.894622,50,36.25181,0.0
-5.595755,50,36.287424,0.0
-6.25719,50,36.322768,0.0
-6.715496,50,36.358257,0.0
-6.608357,50,36.393301,0.0
-5.726866,50,36.428719,0.0
-5.906388,50,36.463701,0.0
-5.06486,50,36.499092,0.0
-5.515521,50,36.534368,0.0
-5.767207,50,36.569594,0.0
-6.562252,50,36.604887,0.0
-5.52912,50,36.64029,0.0
-7.098681,50,36.675722,0.0
-6.325109,50,36.711113,0.0
-5.939321,50,36.746284,0.0
-6.220407,50,36.781338,0.0
-5.912267,50,36.816573,0.0
-5.568315,50,36.852264,0.0
-5.436082,50,36.887948,0.0
-5.589015,50,36.923912,0.0
-5.418877,50,36.959566,0.0
-5.521816,50,36.995116,0.0
-4.306276,50,37.030599,0.0
-5.9212,50,37.065879,0.0
-6.768288,50,37.101206,0.0
-6.104208,50,37.136551,0.0
-6.086465,50,37.172315,0.0
-5.862751,50,37.207868,0.0
-5.259233,50,37.243507,0.0
-6.662296,50,37.278696,0.0
-6.116185,50,37.313861,0.0
-5.213744,50,37.34993,0.0
-6.253075,50,37.385394,0.0
-5.969428,50,37.420618,0.0
-6.397467,50,37.456311,0.0
-5.29775,50,37.492292,0.0
-5.755806,50,37.527925,0.0
-5.883836,50,37.563574,0.0
-5.122175,50,37.713729,0.0
-5.833913,50,37.749729,0.0
-5.051621,50,37.78499,0.0
-5.40794,50,37.820125,0.0
-6.654105,50,37.855358,0.0
-6.219243,50,37.890893,0.0
-6.087306,50,37.926335,0.0
-6.290995,50,37.96171,0.0
-5.404763,50,37.99722,0.0
-5.960509,50,38.033072,0.0
-4.947164,50,38.068202,0.0
-4.42799,50,38.103456,0.0
-5.997727,50,38.139168,0.0
-4.39183,50,38.174415,0.0
-5.811282,50,38.209893,0.0
-5.863496,50,38.245434,0.0
-6.191997,50,38.280942,0.0
-6.534745,50,38.654855,0.0
-6.477858,50,38.690014,0.0
-4.662583,50,38.725305,0.0
-6.081795,50,38.760775,0.0
-5.91125,50,38.796,0.0
-5.543394,50,38.831535,0.0
-5.811723,50,38.867646,0.0
-5.620062,50,38.90292,0.0
-6.365872,50,38.938686,0.0
-6.335548,50,38.974171,0.0
-5.806862,50,39.00959,0.0
-6.079652,50,39.044827,0.0
-5.714787,50,39.080962,0.0
-5.56203,50,39.116675,0.0
-5.722071,50,39.152353,0.0
-5.769846,50,39.187349,0.0
-5.794477,50,39.223072,0.0
-5.296513,50,39.259324,0.0
-5.436621,50,39.294897,0.0
-5.972052,50,39.330059,0.0
-5.815328,50,39.365564,0.0
-6.402287,50,39.40114,0.0
-4.250428,50,39.436322,0.0
-5.58932,50,39.471429,0.0
-6.314826,50,39.620754,0.0
-6.091693,50,39.656839,0.0
-5.754287,50,39.693007,0.0
-6.63564,50,39.728345,0.0
-5.737257,50,39.76419,0.0
-5.312362,50,39.799877,0.0
-6.701469,50,39.834708,0.0
-6.600103,50,39.870217,0.0
-5.686081,50,39.905835,0.0
-5.585225,50,39.941276,0.0
-5.597078,50,39.976775,0.0
-6.311124,50,40.012264,0.0
-6.276547,50,40.048122,0.0
-4.560006,50,40.083746,0.0
-5.659515,50,40.119532,0.0
-5.329393,50,40.155152,0.0
-5.826607,50,40.190842,0.0
-6.105474,50,40.226563,0.0
-5.933206,50,40.261934,0.0
-4.69676,50,40.297461,0.0
-5.120965,50,40.333006,0.0
-6.049403,50,40.368239,0.0
-5.681876,50,40.403877,0.0
-4.841298,50,40.439044,0.0
-5.718773,50,40.474262,0.0
-6.421113,50,40.510124,0.0
-5.656847,50,40.545492,0.0
-6.054602,50,40.580587,0.0
-6.04115,50,40.616074,0.0
-6.368901,50,40.651587,0.0
-5.426898,50,40.687518,0.0
-5.852549,50,40.723003,0.0
-5.626369,50,40.758464,0.0
-5.0807,50,40.793677,0.0
-5.336421,50,40.829351,0.0
-6.440419,50,40.864446,0.0
-6.521536,50,40.900312,0.0
-4.070437,50,40.935758,0.0
-5.990647,50,40.971634,0.0
-5.813248,50,41.007367,0.0
-5.111996,50,41.156748,0.0
-6.499222,50,41.193355,0.0
-6.008995,50,41.230387,0.0
-6.964125,50,41.266725,0.0
-5.859395,50,41.302319,0.0
-5.77158,50,41.337946,0.0
-6.208364,50,41.373989,0.0
-6.011922,50,41.409936,0.0
-6.07115,50,41.445944,0.0
-6.042656,50,41.481755,0.0
-5.885489,50,41.517445,0.0
-5.914346,50,41.552932,0.0
-6.079636,50,41.588723,0.0
-6.335467,50,41.624676,0.0
-5.543023,50,41.66085,0.0
-6.090139,50,41.696699,0.0
-5.765137,50,41.732124,0.0
-5.928814,50,41.767687,0.0
-6.343189,50,41.803092,0.0
-5.349978,50,41.838829,0.0
-5.624879,50,41.874827,0.0
-4.948885,50,41.910548,0.0
-6.298014,50,41.945812,0.0
-5.845987,50,41.981401,0.0
-5.064132,50,42.017148,0.0
-6.219052,50,42.052505,0.0
-5.541679,50,42.087996,0.0
-6.687274,50,42.123638,0.0
-5.525425,50,42.159125,0.0
-6.619143,50,42.195128,0.0
-6.29926,50,42.230914,0.0
-6.89844,50,42.266451,0.0
-5.374442,50,42.302051,0.0
-5.479598,50,42.337904,0.0
-6.36553,50,42.373036,0.0
-6.389648,50,42.408469,0.0
-4.319589,50,42.444262,0.0
-6.783124,50,42.479457,0.0
-6.009236,50,42.514926,0.0
-5.743384,50,42.550289,0.0
-6.239571,50,42.585896,0.0
-6.180095,50,42.737486,0.0
-4.4889,50,42.7727,0.0
-5.470911,50,42.807954,0.0
-6.741454,50,42.844682,0.0
-5.826777,50,42.880452,0.0
-6.470888,50,42.916064,0.0
-6.097047,50,42.951426,0.0
-5.38634,50,42.986752,0.0
-5.936512,50,43.022031,0.0
-5.002773,50,43.057365,0.0
-5.103067,50,43.092746,0.0
-4.918709,50,43.128924,0.0
-6.588249,50,43.164759,0.0
-5.573027,50,43.200112,0.0
-5.166809,50,43.235222,0.0
-5.07897,50,43.270832,0.0
-6.250088,50,43.306422,0.0
-6.132041,50,43.341459,0.0
-4.454068,50,43.376857,0.0
-5.659529,50,43.41228,0.0
-6.029933,50,43.447731,0.0
-5.315014,50,43.483053,0.0
-5.212783,50,43.518158,0.0
-5.507167,50,43.553315,0.0
-5.562877,50,43.588596,0.0
-6.683771,50,43.62372,0.0
-5.493852,50,43.659761,0.0
-4.296608,50,43.69526,0.0
-5.456195,50,43.730604,0.0
-4.076568,50,43.766098,0.0
-5.73484,50,43.801685,0.0
-6.315142,50,43.837777,0.0
-6.720075,50,43.873395,0.0
-5.692823,50,43.90866,0.0
-4.745153,50,43.943961,0.0
-6.594563,50,43.978933,0.0
-4.981699,50,44.014793,0.0
-4.617859,50,44.049865,0.0
-6.649959,50,44.085359,0.0
-6.227986,50,44.121057,0.0
-5.743206,50,44.156516,0.0
-6.570432,50,44.3058,0.0
-5.822781,50,44.341839,0.0
-5.61634,50,44.37734,0.0
-6.169228,50,44.412707,0.0
-5.639217,50,44.448389,0.0
-5.7922,50,44.483822,0.0
-5.823255,50,44.519039,0.0
-5.466902,50,44.554446,0.0
-6.411264,50,44.589994,0.0
-5.370599,50,44.62526,0.0
-6.245791,50,44.660788,0.0
-5.423324,50,44.696638,0.0
-6.985774,50,44.731919,0.0
-6.208928,50,44.767595,0.0
-4.789151,50,44.802965,0.0
-6.982261,50,44.838183,0.0
-5.582236,50,44.873672,0.0
-5.863187,50,44.909595,0.0
-4.406464,50,44.945703,0.0
-5.934821,50,44.981428,0.0
-5.60963,50,45.017203,0.0
-5.541744,50,45.052271,0.0
-4.381496,50,45.087506,0.0
-4.586544,50,45.123117,0.0
-6.678445,50,45.158664,0.0
-5.890672,50,45.194455,0.0
-6.121532,50,45.230209,0.0
-5.504699,50,45.266919,0.0
-6.173514,50,45.30315,0.0
-5.811783,50,45.338909,0.0
-5.827889,50,45.374251,0.0
-6.14886,50,45.410147,0.0
-6.037274,50,45.445778,0.0
-5.982333,50,45.481037,0.0
-5.307229,50,45.516689,0.0
-5.416024,50,45.5524,0.0
-5.561503,50,45.587889,0.0
-5.983571,50,45.623485,0.0
-5.588471,50,45.659001,0.0
-5.866937,50,45.694407,0.0
-4.515382,50,45.72976,0.0
-6.422626,50,45.879751,0.0
-6.812177,50,45.915746,0.0
-5.932589,50,45.95148,0.0
-6.168795,50,45.986937,0.0
-6.127404,50,46.022446,0.0
-4.196836,50,46.058157,0.0
-5.566277,50,46.094162,0.0
-4.579915,50,46.130104,0.0
-6.386018,50,46.165526,0.0
-6.363436,50,46.20118,0.0
-5.25261,50,46.237465,0.0
-5.121558,50,46.27347,0.0
-5.735055,50,46.308847,0.0
-5.540003,50,46.344002,0.0
-6.497385,50,46.37967,0.0
-5.882086,50,46.415283,0.0
-5.741379,50,46.450875,0.0
-6.725822,50,46.486529,0.0
-6.342019,50,46.521953,0.0
-6.747056,50,46.557086,0.0
-6.401162,50,46.592167,0.0
-5.943592,50,46.627388,0.0
-5.375731,50,46.663314,0.0
-4.925989,50,46.698663,0.0
-5.810352,50,46.734136,0.0
-6.182863,50,46.769664,0.0
-6.723141,50,46.805279,0.0
-5.756705,50,46.840702,0.0
-5.723192,50,46.876374,0.0
-6.051563,50,46.911717,0.0
-6.36695,50,46.946815,0.0
-6.377834,50,46.982203,0.0
-6.419563,50,47.017638,0.0
-6.143185,50,47.052981,0.0
-6.303156,50,47.088234,0.0
-6.153892,50,47.12387,0.0
-5.876032,50,47.159628,0.0
-6.235577,50,47.195403,0.0
-6.317524,50,47.230788,0.0
-6.23753,50,47.265982,0.0
-5.823064,50,47.30137,0.0
-5.950424,50,47.451265,0.0
-6.034948,50,47.487301,0.0
-6.247225,50,47.522785,0.0
-5.426978,50,47.55841,0.0
-5.661175,50,47.594045,0.0
-5.34975,50,47.629404,0.0
-6.401944,50,47.664538,0.0
-6.234025,50,47.700132,0.0
-6.812183,50,47.734972,0.0
-6.307481,50,47.770231,0.0
-6.362922,50,47.805724,0.0
-5.906096,50,47.840774,0.0
-6.412931,50,47.875793,0.0
-5.49603,50,47.910919,0.0
-6.571342,50,47.945874,0.0
-6.133412,50,47.981445,0.0
-5.832894,50,48.016641,0.0
-5.71632,50,48.051603,0.0
-6.6873,50,48.086804,0.0
-4.276547,50,48.122556,0.0
-5.918342,50,48.157913,0.0
-5.88089,50,48.19438,0.0
-5.632251,50,48.229776,0.0
-5.517223,50,48.265098,0.0
-6.057043,50,48.300712,0.0
-5.879629,50,48.336088,0.0
-6.238005,50,48.371266,0.0
-6.805395,50,48.406419,0.0
-5.621177,50,48.441522,0.0
-5.780562,50,48.476827,0.0
-6.042643,50,48.512144,0.0
-5.396444,50,48.547453,0.0
-6.022964,50,48.582774,0.0
-6.054917,50,48.618016,0.0
-6.559188,50,48.653714,0.0
-6.039481,50,48.68917,0.0
-6.101338,50,48.724579,0.0
-5.721742,50,48.759754,0.0
-5.216561,50,48.795204,0.0
-5.398123,50,48.83036,0.0
-6.165796,50,48.865436,0.0
-6.514246,50,49.01553,0.0
-4.269832,50,49.051619,0.0
-6.058686,50,49.087351,0.0
-6.370154,50,49.123209,0.0
-6.51573,50,49.158542,0.0
-6.070068,50,49.194384,0.0
-5.75411,50,49.230076,0.0
-4.173084,50,49.265871,0.0
-5.984814,50,49.301674,0.0
-6.030063,50,49.337024,0.0
-6.066326,50,49.371803,0.0
-5.265896,50,49.407298,0.0
-4.792439,50,49.442964,0.0
-6.301772,50,49.478424,0.0
-6.61184,50,49.514094,0.0
-6.1534,50,49.549501,0.0
-6.382723,50,49.584708,0.0
-6.892702,50,49.620278,0.0
-6.433558,50,49.655706,0.0
-4.907647,50,49.691148,0.0
-5.986096,50,49.726476,0.0
-6.73644,50,49.761709,0.0
-6.331221,50,49.797262,0.0
-5.577604,50,49.832569,0.0
-5.292371,50,49.868052,0.0
-6.164436,50,49.903782,0.0
-5.25458,50,49.939074,0.0
-6.181291,50,49.974146,0.0
-5.308544,50,50.009662,0.0
-5.801,50,50.045397,0.0
-5.318177,50,50.080845,0.0
-5.152993,50,50.116726,0.0
-5.447855,50,50.15216,0.0
-4.939088,50,50.187491,0.0
-4.172163,50,50.223155,0.0
-5.80155,50,50.258748,0.0
-6.876909,50,50.294333,0.0
-4.560488,50,50.330176,0.0
-5.710442,50,50.365572,0.0
-5.701392,50,50.400899,0.0
-5.362008,50,50.436254,0.0
-6.194349,50,50.586567,0.0
-5.243528,50,50.622286,0.0
-5.425573,50,50.657762,0.0
-4.757133,50,50.693228,0.0
-6.310898,50,50.72877,0.0
-6.211354,50,50.764623,0.0
-6.561357,50,50.800213,0.0
-6.482818,50,50.835861,0.0
-6.976349,50,50.870996,0.0
-6.256825,50,50.906495,0.0
-5.958601,50,50.942162,0.0
-5.944782,50,50.977481,0.0
-3.798615,50,51.012871,0.0
-6.12947,50,51.048832,0.0
-6.119272,50,51.084295,0.0
-5.967039,50,51.119841,0.0
-5.137419,50,51.15532,0.0
-6.089476,50,51.190682,0.0
-6.042167,50,51.226103,0.0
-4.915438,50,51.261213,0.0
-4.203556,50,51.296505,0.0
-5.713309,50,51.331788,0.0
-5.812273,50,51.367223,0.0
-5.530487,50,51.402394,0.0
-6.036176,50,51.437778,0.0
-5.534551,50,51.473196,0.0
-6.602691,50,51.508387,0.0
-5.772766,50,51.544212,0.0
-4.340706,50,51.579557,0.0
-4.744535,50,51.614915,0.0
-5.722654,50,51.650631,0.0
-5.249832,50,51.686719,0.0
-5.502019,50,51.723725,0.0
-6.761996,50,51.759324,0.0
-5.914109,50,51.795045,0.0
-6.141805,50,51.830633,0.0
-4.740938,50,51.865977,0.0
-5.942852,50,51.901406,0.0
-5.493934,50,51.936855,0.0
-6.297726,50,51.972261,0.0
-5.837472,50,52.007616,0.0
-4.603306,50,52.158901,0.0
-6.200469,50,52.195055,0.0
-5.958822,50,52.231068,0.0
-4.484416,50,52.267047,0.0
-6.240757,50,52.303006,0.0
-5.861818,50,52.338941,0.0
-5.567171,50,52.374341,0.0
-6.410766,50,52.410159,0.0
-6.02322,50,52.445559,0.0
-5.17898,50,52.480874,0.0
-5.928734,50,52.51644,0.0
-5.774307,50,52.55157,0.0
-5.986783,50,52.586882,0.0
-6.419434,50,52.622138,0.0
-5.857533,50,52.658046,0.0
-5.525593,50,52.693647,0.0
-5.811438,50,52.729766,0.0
-6.467778,50,52.765193,0.0
-5.730365,50,52.800141,0.0
-5.856683,50,52.835853,0.0
-4.465241,50,52.871553,0.0
-6.264894,50,52.906775,0.0
-5.970462,50,52.942169,0.0
-5.675129,50,52.977274,0.0
-6.539077,50,53.012437,0.0
-6.150524,50,53.047368,0.0
-6.072362,50,53.082336,0.0
-5.672041,50,53.11766,0.0
-5.610963,50,53.152928,0.0
-5.892687,50,53.188475,0.0
-5.5499,50,53.224087,0.0
-5.616228,50,53.259839,0.0
-5.655576,50,53.295263,0.0
-5.260644,50,53.330914,0.0
-5.880651,50,53.365964,0.0
-5.654992,50,53.400752,0.0
-6.609003,50,53.435761,0.0
-5.817011,50,53.471324,0.0
-5.950145,50,53.506701,0.0
-5.151957,50,53.541821,0.0
-5.826084,50,53.576981,0.0
-5.51589,50,53.727779,0.0
-6.157144,50,53.763362,0.0
-5.439713,50,53.798694,0.0
-5.62989,50,53.834386,0.0
-5.84031,50,53.869332,0.0
-6.061521,50,53.905194,0.0
-5.89638,50,53.940765,0.0
-6.134638,50,53.97572,0.0
-6.193339,50,54.01143,0.0
-5.295945,50,54.047089,0.0
-6.300245,50,54.082589,0.0
-5.981166,50,54.118292,0.0
-6.624728,50,54.154373,0.0
-6.584146,50,54.190076,0.0
-5.841849,50,54.225886,0.0
-6.610249,50,54.261225,0.0
-5.811296,50,54.296924,0.0
-6.615296,50,54.332373,0.0
-5.42241,50,54.367632,0.0
-6.634449,50,54.403048,0.0
-6.211366,50,54.438419,0.0
-5.95324,50,54.47367,0.0
-5.715719,50,54.508847,0.0
-5.204319,50,54.54478,0.0
-4.051378,50,54.580452,0.0
-5.145506,50,54.615438,0.0
-6.446483,50,54.651223,0.0
-5.444367,50,54.686691,0.0
-5.815125,50,54.721941,0.0
-5.932919,50,54.757304,0.0
-6.283405,50,54.792413,0.0
-6.604449,50,54.828077,0.0
-6.556518,50,54.863382,0.0
-4.461733,50,54.898723,0.0
-5.581583,50,54.934207,0.0
-6.294903,50,54.969524,0.0
-5.505714,50,55.004626,0.0
-5.736173,50,55.04012,0.0
-6.53428,50,55.075709,0.0
-5.682381,50,55.110875,0.0
-6.481745,50,55.146391,0.0
-5.68113,50,55.296096,0.0
-6.227634,50,55.33169,0.0
-5.680084,50,55.367544,0.0
-6.026991,50,55.40327,0.0
-6.002684,50,55.438429,0.0
-6.049328,50,55.473543,0.0
-6.349536,50,55.50836,0.0
-5.873063,50,55.543505,0.0
-5.775736,50,55.578982,0.0
-5.974866,50,55.614389,0.0
-6.408666,50,55.649808,0.0
-6.00517,50,55.685409,0.0
-5.890939,50,55.720386,0.0
-6.640511,50,55.755621,0.0
-6.519732,50,55.790612,0.0
-5.80829,50,55.826311,0.0
-6.913744,50,55.861969,0.0
-6.318887,50,55.89696,0.0
-5.208017,50,55.932603,0.0
-6.751861,50,55.967879,0.0
-5.734702,50,56.002977,0.0
-5.807572,50,56.039158,0.0
-5.522943,50,56.07474,0.0
-5.1493,50,56.110249,0.0
-5.147014,50,56.145914,0.0
-6.022668,50,56.181359,0.0
-5.404869,50,56.21669,0.0
-6.457861,50,56.252039,0.0
-6.411856,50,56.287533,0.0
-6.227938,50,56.322643,0.0
-6.683658,50,56.357704,0.0
-6.170165,50,56.393061,0.0
-5.230426,50,56.428302,0.0
-5.752636,50,56.464068,0.0
-5.219888,50,56.499297,0.0
-5.8516,50,56.534525,0.0
-5.243203,50,56.569678,0.0
-3.991957,50,56.604672,0.0
-5.245661,50,56.640221,0.0
-3.891897,50,56.676227,0.0
-4.823914,50,56.711444,0.0
-5.605557,50,56.8615,0.0
-5.630293,50,56.896988,0.0
-5.613857,50,56.932693,0.0
-5.680697,50,56.968277,0.0
-6.311561,50,57.004023,0.0
-5.676633,50,57.039568,0.0
-5.34189,50,57.075192,0.0
-3.663601,50,57.110602,0.0
-5.987762,50,57.146109,0.0
-5.704819,50,57.181682,0.0
-5.392046,50,57.217425,0.0
-5.516877,50,57.253093,0.0
-5.365646,50,57.288723,0.0
-5.905527,50,57.324709,0.0
-5.247737,50,57.360419,0.0
-6.188449,50,57.396098,0.0
-6.002756,50,57.431152,0.0
-6.113012,50,57.466989,0.0
-5.718177,50,57.502419,0.0
-6.019798,50,57.537497,0.0
-5.933381,50,57.572943,0.0
-5.275853,50,57.608371,0.0
-5.868562,50,57.643635,0.0
-5.581653,50,57.679287,0.0
-4.155818,50,57.714948,0.0
-6.165426,50,57.749975,0.0
-6.043371,50,57.785306,0.0
-6.13204,50,57.820661,0.0
-4.484568,50,57.855525,0.0
-5.96215,50,57.890969,0.0
-5.983525,50,57.926211,0.0
-5.099095,50,57.961622,0.0
-5.938401,50,57.996933,0.0
-5.820213,50,58.032756,0.0
-5.942514,50,58.067985,0.0
-5.527158,50,58.103205,0.0
-6.940365,50,58.139125,0.0
-6.306281,50,58.175061,0.0
-6.093513,50,58.210839,0.0
-5.824901,50,58.246343,0.0
-6.1562,50,58.281712,0.0
-6.360592,50,58.432032,0.0
-5.866653,50,58.467706,0.0
-6.449734,50,58.503287,0.0
-5.756373,50,58.53889,0.0
-6.340507,50,58.574234,0.0
-5.644969,50,58.609672,0.0
-5.475649,50,58.64493,0.0
-6.444101,50,58.679784,0.0
-6.775468,50,58.71531,0.0
-5.292764,50,58.750468,0.0
-5.357117,50,58.78569,0.0
-5.823273,50,58.821103,0.0
-5.692164,50,58.856395,0.0
-5.226364,50,58.891668,0.0
-6.20784,50,58.926889,0.0
-6.097861,50,58.962513,0.0
-6.81402,50,58.998008,0.0
-4.339038,50,59.033114,0.0
-4.947058,50,59.068226,0.0
-5.737592,50,59.103689,0.0
-6.298323,50,59.13894,0.0
-6.568393,50,59.174203,0.0
-4.907515,50,59.209364,0.0
-5.740608,50,59.244578,0.0
-5.186583,50,59.279939,0.0
-6.161822,50,59.31479,0.0
-6.227957,50,59.350197,0.0
-5.776965,50,59.385533,0.0
-5.905107,50,59.420791,0.0
-5.65903,50,59.456367,0.0
-5.500157,50,59.491607,0.0
-5.017119,50,59.526601,0.0
-5.573957,50,59.561795,0.0
-5.797617,50,59.596906,0.0
-5.409463,50,59.632524,0.0
-6.626709,50,59.667787,0.0
-5.218045,50,59.70313,0.0
-5.434571,50,59.738276,0.0
-6.324467,50,59.773592,0.0
-6.155868,50,59.809163,0.0
-5.914968,50,59.844449,0.0
-6.056502,50,59.994802,0.0
-5.433989,50,60.030221,0.0
-5.523374,50,60.066295,0.0
-6.356374,50,60.101535,0.0
-6.78823,50,60.137118,0.0
-5.635142,50,60.172718,0.0
-6.34015,50,60.207816,0.0
-5.711352,50,60.243162,0.0
-5.644487,50,60.279078,0.0
-4.242432,50,60.314248,0.0
-7.06053,50,60.349329,0.0
-6.126338,50,60.384771,0.0
-5.650189,50,60.420033,0.0
-5.772443,50,60.455478,0.0
-6.093531,50,60.491055,0.0
-5.918511,50,60.526433,0.0
-4.282941,50,60.561894,0.0
-5.68493,50,60.597502,0.0
-5.796253,50,60.633043,0.0
-3.937364,50,60.668558,0.0
-5.396819,50,60.704126,0.0
-6.009098,50,60.739577,0.0
-6.098045,50,60.77518,0.0
-6.826391,50,60.810531,0.0
-6.110477,50,60.84564,0.0
-5.710972,50,60.880825,0.0
-5.275002,50,60.915596,0.0
-5.813251,50,60.950221,0.0
-5.945584,50,60.985239,0.0
-5.980604,50,61.019875,0.0
-4.10402,50,61.054444,0.0
-5.133083,50,61.088828,0.0
-5.934625,50,61.123419,0.0
-5.857154,50,61.158552,0.0
-6.36879,50,61.193685,0.0
-5.607568,50,61.228249,0.0
-6.037374,50,61.263711,0.0
-6.215118,50,61.299052,0.0
-6.285227,50,61.334523,0.0
-6.02492,50,61.370022,0.0
-5.617745,50,61.405406,0.0
-6.153568,50,61.556989,0.0
-6.211696,50,61.592547,0.0
-6.208203,50,61.62802,0.0
-5.887502,50,61.663605,0.0
-7.148382,50,61.699224,0.0
-6.137826,50,61.735015,0.0
-5.938824,50,61.770589,0.0
-6.278677,50,61.80585,0.0
-4.129106,50,61.841628,0.0
-6.293958,50,61.877068,0.0
-5.791344,50,61.91233,0.0
-5.776306,50,61.948039,0.0
-5.788438,50,61.983586,0.0
-5.329187,50,62.019089,0.0
-5.429313,50,62.054603,0.0
-6.236382,50,62.089975,0.0
-5.705287,50,62.125098,0.0
-4.33523,50,62.160852,0.0
-4.994689,50,62.196298,0.0
-6.380471,50,62.231768,0.0
-5.039545,50,62.267298,0.0
-6.551904,50,62.302554,0.0
-6.022157,50,62.337525,0.0
-6.111279,50,62.372926,0.0
-5.569289,50,62.408009,0.0
-6.502569,50,62.443446,0.0
-5.251382,50,62.478754,0.0
-5.697422,50,62.513781,0.0
-6.377527,50,62.549099,0.0
-6.050747,50,62.5847,0.0
-5.812209,50,62.619818,0.0
-5.933119,50,62.655316,0.0
-6.126713,50,62.690668,0.0
-4.066581,50,62.725896,0.0
-5.688648,50,62.761453,0.0
-6.566789,50,62.7968,0.0
-5.449832,50,62.83169,0.0
-6.165246,50,62.866862,0.0
-5.424201,50,62.901835,0.0
-5.206611,50,62.937211,0.0
-4.326157,50,62.972223,0.0
-5.426862,50,63.121853,0.0
-6.719374,50,63.15767,0.0
-6.482645,50,63.192801,0.0
-5.936473,50,63.228499,0.0
-5.762239,50,63.263863,0.0
-5.813879,50,63.298972,0.0
-3.684325,50,63.334015,0.0
-5.799838,50,63.369665,0.0
-5.590519,50,63.404392,0.0
-6.122035,50,63.439867,0.0
-4.070178,50,63.475302,0.0
-6.016279,50,63.51116,0.0
-6.230942,50,63.546892,0.0
-5.872696,50,63.582218,0.0
-5.231684,50,63.618249,0.0
-6.056686,50,63.653785,0.0
-6.044731,50,63.688817,0.0
-5.73434,50,63.724186,0.0
-6.104677,50,63.759513,0.0
-5.642089,50,63.794924,0.0
-5.431629,50,63.830417,0.0
-5.450877,50,63.865711,0.0
-5.96868,50,63.900836,0.0
-4.615781,50,63.936457,0.0
-5.95839,50,63.972091,0.0
-5.752203,50,64.007506,0.0
-5.813893,50,64.042777,0.0
-4.069556,50,64.077931,0.0
-5.408953,50,64.113373,0.0
-6.040462,50,64.148996,0.0
-5.997966,50,64.184263,0.0
-6.528058,50,64.219641,0.0
-6.271672,50,64.255047,0.0
-4.194538,50,64.290353,0.0
-5.990021,50,64.32535,0.0
-5.662418,50,64.360685,0.0
-5.772386,50,64.395968,0.0
-5.379276,50,64.430886,0.0
-5.282683,50,64.466196,0.0
-5.743208,50,64.50106,0.0
-5.983028,50,64.536208,0.0
-5.501224,50,64.686355,0.0
-5.609691,50,64.722024,0.0
-5.577953,50,64.757695,0.0
-6.254723,50,64.793401,0.0
-6.139884,50,64.828817,0.0
-6.430008,50,64.864148,0.0
-5.645949,50,64.899866,0.0
-5.891983,50,64.935915,0.0
-5.918395,50,64.971829,0.0
-5.042334,50,65.007876,0.0
-6.196561,50,65.043455,0.0
-6.074511,50,65.0796,0.0
-6.068754,50,65.114956,0.0
-5.375975,50,65.150873,0.0
-5.322579,50,65.186417,0.0
-4.308155,50,65.222231,0.0
-5.83774,50,65.257616,0.0
-6.099495,50,65.293302,0.0
-4.099821,50,65.328911,0.0
-5.570319,50,65.36462,0.0
-6.176871,50,65.400258,0.0
-5.287059,50,65.435835,0.0
-5.548599,50,65.471481,0.0
-5.035459,50,65.507014,0.0
-6.054954,50,65.541936,0.0
-5.922295,50,65.577186,0.0
-6.206391,50,65.612702,0.0
-6.220238,50,65.647942,0.0
-5.651803,50,65.683612,0.0
-5.279191,50,65.718947,0.0
-5.729149,50,65.75425,0.0
-5.849696,50,65.789346,0.0
-5.518518,50,65.824741,0.0
-5.444363,50,65.859947,0.0
-3.822031,50,65.895769,0.0
-5.370364,50,65.931623,0.0
-5.685452,50,65.967098,0.0
-5.736552,50,66.002741,0.0
-6.505859,50,66.037969,0.0
-4.830403,50,66.073151,0.0
-4.473753,50,66.108694,0.0
-5.541069,50,66.258143,0.0
-5.495876,50,66.293726,0.0
-5.687619,50,66.329245,0.0
-6.653737,50,66.364862,0.0
-5.611927,50,66.400291,0.0
-5.646923,50,66.435547,0.0
-6.156646,50,66.471037,0.0
-5.591223,50,66.506109,0.0
-4.853968,50,66.541213,0.0
-6.198691,50,66.576125,0.0
-5.702438,50,66.611296,0.0
-5.726331,50,66.646752,0.0
-5.548904,50,66.681845,0.0
-5.693889,50,66.717093,0.0
-6.246104,50,66.752427,0.0
-5.792096,50,66.788098,0.0
-6.001203,50,66.823294,0.0
-5.639957,50,66.858578,0.0
-5.788615,50,66.893763,0.0
-6.633197,50,66.929364,0.0
-3.854969,50,66.965069,0.0
-5.755701,50,67.001213,0.0
-5.927663,50,67.036425,0.0
-5.580227,50,67.071616,0.0
-5.862501,50,67.107425,0.0
-4.505823,50,67.142601,0.0
-6.284479,50,67.179113,0.0
-5.680911,50,67.214653,0.0
-5.663557,50,67.249707,0.0
-5.174515,50,67.284957,0.0
-6.494551,50,67.319781,0.0
-6.229504,50,67.354713,0.0
-6.490327,50,67.390077,0.0
-6.125749,50,67.425345,0.0
-6.430002,50,67.460576,0.0
-6.134014,50,67.495696,0.0
-5.575896,50,67.531147,0.0
-6.218495,50,67.566366,0.0
-5.290778,50,67.601826,0.0
-5.318026,50,67.637323,0.0
-5.253333,50,67.672836,0.0
-5.715039,50,67.822521,0.0
-5.591493,50,67.858372,0.0
-5.711042,50,67.893875,0.0
-5.685965,50,67.929235,0.0
-4.500715,50,67.964582,0.0
-6.255432,50,67.999737,0.0
-3.628259,50,68.035003,0.0
-4.601852,50,68.070929,0.0
-5.827183,50,68.106796,0.0
-3.797252,50,68.142329,0.0
-5.336594,50,68.178101,0.0
-6.427386,50,68.213624,0.0
-5.413317,50,68.249559,0.0
-5.573515,50,68.284714,0.0
-5.968385,50,68.320324,0.0
-6.079737,50,68.35568,0.0
-5.745335,50,68.390806,0.0
-5.795358,50,68.426163,0.0
-5.907717,50,68.461532,0.0
-5.552395,50,68.496969,0.0
-5.82878,50,68.532378,0.0
-6.470502,50,68.568372,0.0
-5.861737,50,68.603928,0.0
-5.757212,50,68.639978,0.0
-6.147207,50,68.6754,0.0
-5.540298,50,68.711007,0.0
-5.984489,50,68.74668,0.0
-5.257704,50,68.781933,0.0
-6.097083,50,68.817528,0.0
-5.679139,50,68.852688,0.0
-4.199162,50,68.887978,0.0
-6.137021,50,68.92343,0.0
-5.006363,50,68.958639,0.0
-6.192487,50,68.994128,0.0
-5.499562,50,69.029891,0.0
-5.369453,50,69.065296,0.0
-5.678063,50,69.100657,0.0
-5.56967,50,69.136232,0.0
-5.684371,50,69.171044,0.0
-5.728892,50,69.206976,0.0
-6.768421,50,69.242984,0.0
-6.023798,50,69.393158,0.0
-5.969843,50,69.429466,0.0
-4.326152,50,69.464997,0.0
-6.348066,50,69.500503,0.0
-6.90848,50,69.536373,0.0
-5.784029,50,69.571809,0.0
-6.867442,50,69.607035,0.0
-6.734155,50,69.643169,0.0
-5.713317,50,69.679218,0.0
-6.624554,50,69.714454,0.0
-6.054311,50,69.749811,0.0
-5.467944,50,69.785206,0.0
-5.759999,50,69.820408,0.0
-3.964427,50,69.856278,0.0
-5.778988,50,69.891845,0.0
-5.924097,50,69.92727,0.0
-5.621311,50,69.962646,0.0
-5.688128,50,69.998025,0.0
-5.268825,50,70.033606,0.0
-6.2942,50,70.069314,0.0
-5.506393,50,70.105665,0.0
-5.116148,50,70.141478,0.0
-5.198524,50,70.177292,0.0
-5.869004,50,70.213155,0.0
-5.886093,50,70.248674,0.0
-6.291209,50,70.283899,0.0
-5.542336,50,70.319234,0.0
-5.370331,50,70.354488,0.0
-5.632266,50,70.390322,0.0
-6.179061,50,70.425375,0.0
-5.712923,50,70.461208,0.0
-6.307013,50,70.496961,0.0
-5.795791,50,70.532549,0.0
-5.865546,50,70.56773,0.0
-6.015862,50,70.602887,0.0
-5.070102,50,70.637993,0.0
-5.166337,50,70.673411,0.0
-5.188569,50,70.709163,0.0
-6.09514,50,70.74428,0.0
-5.468175,50,70.780085,0.0
-6.301978,50,70.816033,0.0
-5.322823,50,70.968461,0.0
-4.970992,50,71.004491,0.0
-6.12508,50,71.040459,0.0
-5.754801,50,71.076083,0.0
-5.613989,50,71.111932,0.0
-6.041712,50,71.147517,0.0
-4.840882,50,71.182655,0.0
-6.36128,50,71.218007,0.0
-6.319807,50,71.253431,0.0
-5.555647,50,71.288478,0.0
-6.393606,50,71.323836,0.0
-6.425274,50,71.359056,0.0
-5.671648,50,71.394794,0.0
-6.039201,50,71.430561,0.0
-5.178167,50,71.467531,0.0
-5.502157,50,71.504141,0.0
-6.076869,50,71.540428,0.0
-5.387079,50,71.578328,0.0
-6.217627,50,71.615578,0.0
-6.5976,50,71.653021,0.0
-5.965814,50,71.690328,0.0
-5.763363,50,71.726068,0.0
-6.371785,50,71.761776,0.0
-5.857765,50,71.797313,0.0
-6.446858,50,71.832862,0.0
-5.629769,50,71.868189,0.0
-5.99473,50,71.903766,0.0
-5.330571,50,71.938965,0.0
-6.157064,50,71.974618,0.0
-6.556499,50,72.00956,0.0
-5.009076,50,72.045062,0.0
-6.311664,50,72.080455,0.0
-3.651989,50,72.11647,0.0
-6.592225,50,72.151805,0.0
-5.702302,50,72.187524,0.0
-5.552849,50,72.22281,0.0
-4.423546,50,72.258316,0.0
-5.895178,50,72.293383,0.0
-5.921251,50,72.328594,0.0
-6.624095,50,72.363883,0.0
-6.049874,50,72.399263,0.0
-3.95719,50,72.54924,0.0
-6.291799,50,72.584848,0.0
-5.638,50,72.620326,0.0
-6.272021,50,72.65614,0.0
-5.685451,50,72.691664,0.0
-5.189533,50,72.727261,0.0
-6.101517,50,72.762994,0.0
-5.794344,50,72.798128,0.0
-6.107838,50,72.833437,0.0
-5.595476,50,72.868551,0.0
-4.810456,50,72.904006,0.0
-6.090767,50,72.939279,0.0
-5.930991,50,72.974821,0.0
-5.541603,50,73.010182,0.0
-4.361021,50,73.045247,0.0
-4.41315,50,73.080325,0.0
-5.838583,50,73.115469,0.0
-6.236236,50,73.150969,0.0
-7.113297,50,73.186236,0.0
-6.398799,50,73.22192,0.0
-4.143499,50,73.257148,0.0
-3.574234,50,73.292673,0.0
-5.150998,50,73.328279,0.0
-5.310122,50,73.363725,0.0
-5.42055,50,73.399034,0.0
-5.792359,50,73.434354,0.0
-5.728706,50,73.469393,0.0
-5.614345,50,73.504519,0.0
-5.985045,50,73.539764,0.0
-5.474322,50,73.575063,0.0
-5.605502,50,73.610398,0.0
-5.907903,50,73.64586,0.0
-4.374209,50,73.681483,0.0
-5.827244,50,73.716684,0.0
-5.636748,50,73.752056,0.0
-5.472372,50,73.787645,0.0
-5.834577,50,73.82295,0.0
-5.501383,50,73.85858,0.0
-5.450097,50,73.893474,0.0
-5.817584,50,73.928512,0.0
-5.642372,50,73.96379,0.0
-6.141506,50,74.112577,0.0
-5.514236,50,74.148778,0.0
-6.531069,50,74.184738,0.0
-6.009779,50,74.220296,0.0
-5.258037,50,74.255729,0.0
-4.20751,50,74.291283,0.0
-5.671576,50,74.326384,0.0
-5.949486,50,74.361876,0.0
-6.594175,50,74.397061,0.0
-5.667953,50,74.432631,0.0
-5.987706,50,74.467956,0.0
-6.294392,50,74.503207,0.0
-5.14132,50,74.538655,0.0
-5.708783,50,74.574321,0.0
-5.902777,50,74.610228,0.0
-5.720793,50,74.645899,0.0
-5.430072,50,74.681571,0.0
-5.241206,50,74.716821,0.0
-5.402,50,74.752444,0.0
-6.575438,50,74.787526,0.0
-6.115085,50,74.822888,0.0
-6.059758,50,74.858389,0.0
-5.539846,50,74.89357,0.0
-6.018193,50,74.928486,0.0
-6.114462,50,74.963626,0.0
-5.673031,50,74.999098,0.0
-6.003739,50,75.03421,0.0
-6.432493,50,75.069499,0.0
-4.395912,50,75.104673,0.0
-6.327622,50,75.139971,0.0
-5.764467,50,75.175566,0.0
-6.633068,50,75.210785,0.0
-5.427537,50,75.24615,0.0
-5.017621,50,75.281545,0.0
-6.23548,50,75.31704,0.0
-5.802559,50,75.35213,0.0
-6.539386,50,75.387749,0.0
-6.055483,50,75.424232,0.0
-6.025518,50,75.460157,0.0
-4.281536,50,75.495727,0.0
-6.29055,50,75.531807,0.0
-5.64994,50,75.68279,0.0
-5.296883,50,75.718165,0.0
-6.230508,50,75.753586,0.0
-5.856675,50,75.789028,0.0
-5.241056,50,75.824871,0.0
-5.95705,50,75.860006,0.0
-6.517248,50,75.895064,0.0
-3.852562,50,75.93008,0.0
-5.764411,50,75.965457,0.0
-5.662745,50,76.000509,0.0
-5.254853,50,76.035485,0.0
-5.493522,50,76.070905,0.0
-5.248959,50,76.106669,0.0
-6.199475,50,76.142241,0.0
-6.692809,50,76.178004,0.0
-5.907762,50,76.213213,0.0
-6.343373,50,76.248582,0.0
-5.826505,50,76.284168,0.0
-3.511838,50,76.319456,0.0
-6.330077,50,76.35487,0.0
-5.378638,50,76.389553,0.0
-5.135747,50,76.424804,0.0
-5.858709,50,76.45997,0.0
-5.743729,50,76.495405,0.0
-5.89723,50,76.530677,0.0
-6.329277,50,76.566014,0.0
-5.668077,50,76.601323,0.0
-6.228152,50,76.636546,0.0
-5.475206,50,76.671965,0.0
-5.616994,50,76.706663,0.0
-5.965917,50,76.742172,0.0
-5.735105,50,76.77797,0.0
-5.569655,50,76.81357,0.0
-5.433363,50,76.84893,0.0
-5.637067,50,77.229076,0.0
-5.184429,50,77.264999,0.0
-5.761908,50,77.301481,0.0
-6.071659,50,77.337609,0.0
-4.980182,50,77.374352,0.0
-5.374459,50,77.410195,0.0
-6.438386,50,77.445975,0.0
-4.948428,50,77.597019,0.0
-5.973971,50,77.631968,0.0
-5.051338,50,77.667075,0.0
-5.55203,50,77.702201,0.0
-6.240745,50,77.737181,0.0
-5.929639,50,77.772392,0.0
-5.548193,50,77.807471,0.0
-3.829314,50,77.842075,0.0
-6.165625,50,77.876973,0.0
-5.944114,50,77.911759,0.0
-5.281813,50,77.947468,0.0
-6.279335,50,77.983908,0.0
-5.771766,50,78.019731,0.0
-5.788673,50,78.055245,0.0
-6.221084,50,78.090702,0.0
-5.784025,50,78.126571,0.0
-6.039614,50,78.162957,0.0
-5.79645,50,78.19904,0.0
-4.97426,50,78.234796,0.0
-6.020509,50,78.27055,0.0
-6.215862,50,78.305897,0.0
-6.516807,50,78.342411,0.0
-6.162939,50,78.378926,0.0
-6.095072,50,78.414756,0.0
-5.361755,50,78.450602,0.0
-5.857049,50,78.486873,0.0
-6.384976,50,78.522454,0.0
-5.807378,50,78.558068,0.0
-5.270341,50,78.593843,0.0
-4.915854,50,78.629825,0.0
-6.407819,50,78.665752,0.0
-5.643835,50,78.702339,0.0
-4.516962,50,78.738788,0.0
-5.905792,50,78.773277,0.0
-5.639424,50,78.809868,0.0
-6.37716,50,78.846139,0.0
-5.231108,50,78.881664,0.0
-5.535351,50,78.917334,0.0
-5.348546,50,78.953167,0.0
-5.596491,50,78.989299,0.0
-4.869982,50,79.025225,0.0
-5.439784,50,79.180636,0.0
-6.58658,50,79.216559,0.0
-6.528483,50,79.251945,0.0
-5.872282,50,79.287655,0.0
-5.590357,50,79.323528,0.0
-6.002848,50,79.358962,0.0
-5.046359,50,79.394244,0.0
-5.940874,50,79.429954,0.0
-5.831156,50,79.46569,0.0
-5.570353,50,79.501102,0.0
-6.049509,50,79.536327,0.0
-3.554112,50,79.571707,0.0
-5.441726,50,79.606961,0.0
-6.002766,50,79.642412,0.0
-6.773574,50,79.679351,0.0
-5.73135,50,79.715305,0.0
-5.367645,50,79.751321,0.0
-5.787611,50,79.787129,0.0
-5.456772,50,79.8229,0.0
-5.413064,50,79.858686,0.0
-4.232814,50,79.894162,0.0
-5.853713,50,79.929599,0.0
-5.199189,50,79.965156,0.0
-6.460202,50,80.000311,0.0
-5.782826,50,80.035881,0.0
-5.29804,50,80.071251,0.0
-5.587209,50,80.106308,0.0
-6.065768,50,80.142112,0.0
-5.630101,50,80.177536,0.0
-5.903166,50,80.212681,0.0
-6.987076,50,80.247848,0.0
-5.333927,50,80.283143,0.0
-5.770693,50,80.318691,0.0
-5.856166,50,80.353924,0.0
-4.094669,50,80.389043,0.0
-5.229405,50,80.424503,0.0
-6.116743,50,80.459723,0.0
-5.374796,50,80.495059,0.0
-6.268564,50,80.530256,0.0
-6.292375,50,80.565645,0.0
-5.156033,50,80.714668,0.0
-3.888195,50,80.750589,0.0
-5.276292,50,80.786295,0.0
-5.671483,50,80.821977,0.0
-5.058472,50,80.857411,0.0
-5.614978,50,80.892621,0.0
-5.665302,50,80.928161,0.0
-5.02132,50,80.963791,0.0
-6.469638,50,80.998941,0.0
-3.634703,50,81.034967,0.0
-6.164249,50,81.070723,0.0
-5.643342,50,81.105567,0.0
-5.459582,50,81.141169,0.0
-6.292329,50,81.176522,0.0
-6.833943,50,81.212147,0.0
-5.966161,50,81.247716,0.0
-4.725405,50,81.283139,0.0
-5.727283,50,81.317974,0.0
-6.010189,50,81.353494,0.0
-5.333404,50,81.388738,0.0
-5.841171,50,81.423999,0.0
-5.929494,50,81.459343,0.0
-5.676251,50,81.494451,0.0
-4.927764,50,81.529979,0.0
-5.88427,50,81.565512,0.0
-5.359264,50,81.600562,0.0
-5.964959,50,81.635949,0.0
-5.88946,50,81.671728,0.0
-5.014579,50,81.707243,0.0
-4.008186,50,81.74255,0.0
-4.577396,50,81.778223,0.0
-5.406285,50,81.813494,0.0
-6.393698,50,81.848996,0.0
-5.374811,50,81.884463,0.0
-6.34877,50,81.920136,0.0
-5.924814,50,81.956148,0.0
-5.792619,50,81.991509,0.0
-5.493571,50,82.027021,0.0
-5.744304,50,82.062139,0.0
-5.768311,50,82.097515,0.0
-5.886492,50,82.132996,0.0
-5.675089,50,82.283589,0.0
-6.312263,50,82.319242,0.0
-5.674058,50,82.355164,0.0
-5.069734,50,82.390414,0.0
-5.942872,50,82.425941,0.0
-6.340953,50,82.461413,0.0
-4.359339,50,82.496752,0.0
-5.272339,50,82.531967,0.0
-6.857565,50,82.567222,0.0
-5.338835,50,82.602695,0.0
-5.316228,50,82.638197,0.0
-4.210948,50,82.674367,0.0
-3.932709,50,82.709844,0.0
-5.698561,50,82.745032,0.0
-5.145829,50,82.780723,0.0
-6.031258,50,82.815962,0.0
-5.524511,50,82.851212,0.0
-6.441884,50,82.88678,0.0
-6.240234,50,82.921877,0.0
-6.596173,50,82.956784,0.0
-5.397978,50,82.991805,0.0
-6.125893,50,83.027203,0.0
-6.072182,50,83.062657,0.0
-6.244839,50,83.097809,0.0
-5.803151,50,83.133146,0.0
-5.487635,50,83.168422,0.0
-5.49768,50,83.20374,0.0
-3.823829,50,83.238891,0.0
-5.362152,50,83.274799,0.0
-5.60564,50,83.310364,0.0
-6.592388,50,83.345486,0.0
-5.732258,50,83.380982,0.0
-6.001438,50,83.416614,0.0
-5.039435,50,83.451674,0.0
-6.622788,50,83.48706,0.0
-5.775405,50,83.522504,0.0
-5.754663,50,83.557519,0.0
-6.212047,50,83.592662,0.0
-5.65789,50,83.628361,0.0
-6.038345,50,83.663898,0.0
-6.52262,50,83.699294,0.0
-5.971347,50,83.847537,0.0
-6.060993,50,83.883162,0.0
-5.790105,50,83.918569,0.0
-5.781827,50,83.953988,0.0
-6.063286,50,83.989942,0.0
-5.718526,50,84.025678,0.0
-5.321083,50,84.060974,0.0
-6.35801,50,84.096328,0.0
-5.011639,50,84.131613,0.0
-4.265835,50,84.167196,0.0
-5.547431,50,84.202272,0.0
-5.19054,50,84.237655,0.0
-6.408528,50,84.272907,0.0
-5.844694,50,84.308838,0.0
-5.524949,50,84.344954,0.0
-6.561702,50,84.381033,0.0
-3.865242,50,84.416281,0.0
-5.539745,50,84.4519,0.0
-3.988123,50,84.487475,0.0
-5.589492,50,84.522859,0.0
-5.431792,50,84.558261,0.0
-5.114601,50,84.593621,0.0
-5.790638,50,84.628915,0.0
-5.441941,50,84.664614,0.0
-5.669298,50,84.700075,0.0
-4.8439,50,84.735586,0.0
-5.936584,50,84.770855,0.0
-5.964608,50,84.806335,0.0
-5.516852,50,84.841277,0.0
-5.550062,50,84.876411,0.0
-6.159633,50,84.911574,0.0
-5.178138,50,84.946745,0.0
-6.312857,50,84.982048,0.0
-5.832391,50,85.017268,0.0
-5.344416,50,85.052424,0.0
-5.059894,50,85.08757,0.0
-5.993236,50,85.122587,0.0
-5.790922,50,85.15777,0.0
-6.008501,50,85.193185,0.0
-5.722339,50,85.228552,0.0
-5.420675,50,85.264106,0.0
-5.755982,50,85.413069,0.0
-6.109007,50,85.44832,0.0
-5.555272,50,85.483401,0.0
-6.279421,50,85.518162,0.0
-5.358046,50,85.553401,0.0
-4.521308,50,85.588909,0.0
-4.831872,50,85.624903,0.0
-5.996639,50,85.660522,0.0
-5.5375,50,85.696105,0.0
-5.250607,50,85.731504,0.0
-5.64486,50,85.767047,0.0
-5.940501,50,85.802507,0.0
-6.358171,50,85.837739,0.0
-4.081593,50,85.873096,0.0
-5.438979,50,85.908605,0.0
-3.950662,50,85.944212,0.0
-6.032759,50,85.979741,0.0
-4.009021,50,86.015481,0.0
-5.643002,50,86.050988,0.0
-5.94964,50,86.086395,0.0
-5.788607,50,86.121838,0.0
-4.160397,50,86.157235,0.0
-6.43791,50,86.192671,0.0
-5.65948,50,86.228171,0.0
-5.820675,50,86.263557,0.0
-5.793827,50,86.299099,0.0
-6.08722,50,86.334531,0.0
-5.568597,50,86.370728,0.0
-6.36016,50,86.406396,0.0
-4.042602,50,86.442098,0.0
-6.41607,50,86.477462,0.0
-5.966584,50,86.513478,0.0
-5.622768,50,86.548973,0.0
-4.918122,50,86.584885,0.0
-5.869354,50,86.620778,0.0
-5.551947,50,86.656155,0.0
-6.524135,50,86.691488,0.0
-5.989148,50,86.727194,0.0
-5.994173,50,86.76298,0.0
-5.464051,50,86.798362,0.0
-4.917981,50,86.833805,0.0
-6.174308,50,86.98258,0.0
-5.750239,50,87.018139,0.0
-5.168269,50,87.054106,0.0
-6.42225,50,87.090021,0.0
-6.849594,50,87.125408,0.0
-5.850656,50,87.160898,0.0
-5.455426,50,87.196529,0.0
-5.724155,50,87.232287,0.0
-5.403972,50,87.268506,0.0
-5.631688,50,87.305418,0.0
-5.436942,50,87.34108,0.0
-5.272931,50,87.376422,0.0
-6.226327,50,87.411526,0.0
-4.069285,50,87.447016,0.0
-5.674189,50,87.482508,0.0
-5.833103,50,87.518008,0.0
-5.322823,50,87.55341,0.0
-3.91609,50,87.58881,0.0
-5.518133,50,87.62451,0.0
-5.850194,50,87.660115,0.0
-3.887546,50,87.695504,0.0
-6.140916,50,87.731031,0.0
-5.274273,50,87.76648,0.0
-5.418822,50,87.801754,0.0
-5.398013,50,87.836744,0.0
-4.12883,50,87.871954,0.0
-4.833544,50,87.908883,0.0
-6.219729,50,87.944804,0.0
-5.582156,50,87.980456,0.0
-5.717054,50,88.015679,0.0
-6.20089,50,88.050761,0.0
-5.471328,50,88.08581,0.0
-5.329997,50,88.120744,0.0
-4.896321,50,88.156319,0.0
-4.942937,50,88.191477,0.0
-6.145961,50,88.226734,0.0
-5.73084,50,88.262694,0.0
-5.301113,50,88.298639,0.0
-5.78571,50,88.333954,0.0
-6.003322,50,88.369402,0.0
-4.812349,50,88.404587,0.0
-5.594398,50,88.55404,0.0
-5.958954,50,88.589656,0.0
-6.080472,50,88.625115,0.0
-6.030361,50,88.659939,0.0
-5.292533,50,88.695338,0.0
-5.402827,50,88.730968,0.0
-6.457991,50,88.766196,0.0
-5.616726,50,88.801118,0.0
-5.593374,50,88.836923,0.0
-6.03532,50,88.872129,0.0
-6.102909,50,88.907523,0.0
-5.040495,50,88.942639,0.0
-6.760315,50,88.977759,0.0
-5.698361,50,89.012936,0.0
-5.336646,50,89.048176,0.0
-5.182346,50,89.0834,0.0
-5.981039,50,89.118668,0.0
-5.633813,50,89.154421,0.0
-5.558631,50,89.189459,0.0
-6.017647,50,89.224717,0.0
-5.422431,50,89.260246,0.0
-5.759195,50,89.295721,0.0
-5.741484,50,89.331226,0.0
-4.839511,50,89.366493,0.0
-5.750871,50,89.402379,0.0
-6.101937,50,89.437959,0.0
-5.154485,50,89.473194,0.0
-5.78057,50,89.508678,0.0
-5.534597,50,89.544349,0.0
-6.374493,50,89.579615,0.0
-5.607083,50,89.614607,0.0
-5.772426,50,89.650125,0.0
-5.856021,50,89.685209,0.0
-4.791436,50,89.720458,0.0
-5.989837,50,89.756387,0.0
-5.33164,50,89.791918,0.0
-5.509638,50,89.828155,0.0
-5.559406,50,89.863783,0.0
-5.610516,50,89.899154,0.0
-5.862218,50,89.934369,0.0
-5.519891,50,89.969763,0.0
-5.850859,50,90.120403,0.0
-5.304915,50,90.156585,0.0
-5.449794,50,90.192331,0.0
-6.081449,50,90.227979,0.0
-6.034717,50,90.263508,0.0
-5.26711,50,90.298553,0.0
-6.313342,50,90.33414,0.0
-6.028101,50,90.36923,0.0
-5.491689,50,90.404493,0.0
-5.375982,50,90.440011,0.0
-6.168692,50,90.475295,0.0
-5.914713,50,90.510661,0.0
-6.175288,50,90.546166,0.0
-5.74554,50,90.581285,0.0
-5.803075,50,90.616477,0.0
-5.537865,50,90.651756,0.0
-5.474986,50,90.687286,0.0
-6.246079,50,90.72297,0.0
-5.753737,50,90.758675,0.0
-5.643261,50,90.793943,0.0
-6.082373,50,90.829373,0.0
-5.216356,50,90.864999,0.0
-4.929221,50,90.900315,0.0
-5.959395,50,90.93572,0.0
-5.699699,50,90.971306,0.0
-5.771984,50,91.006917,0.0
-5.271636,50,91.042582,0.0
-5.704788,50,91.078256,0.0
-5.675314,50,91.113694,0.0
-4.217372,50,91.14904,0.0
-6.015549,50,91.184202,0.0
-5.319106,50,91.2202,0.0
-5.676356,50,91.256242,0.0
-5.50545,50,91.291966,0.0
-6.49158,50,91.32739,0.0
-5.465549,50,91.362963,0.0
-3.942773,50,91.398625,0.0
-5.158172,50,91.43389,0.0
-6.248918,50,91.469203,0.0
-6.423304,50,91.504439,0.0
-5.911615,50,91.539322,0.0
-5.237232,50,91.688343,0.0
-5.993096,50,91.723643,0.0
-5.187753,50,91.759505,0.0
-5.619944,50,91.794994,0.0
-4.135345,50,91.830162,0.0
-6.549576,50,91.865094,0.0
-4.487318,50,91.900307,0.0
-5.647723,50,91.935239,0.0
-3.758753,50,91.970693,0.0
-5.654479,50,92.005703,0.0
-5.429002,50,92.0409,0.0
-5.827286,50,92.076136,0.0
-6.259917,50,92.111427,0.0
-6.066816,50,92.146857,0.0
-6.310938,50,92.182351,0.0
-5.554804,50,92.217722,0.0
-5.770821,50,92.253005,0.0
-5.349125,50,92.288478,0.0
-5.502424,50,92.323674,0.0
-5.791118,50,92.358828,0.0
-5.904793,50,92.394052,0.0
-5.387223,50,92.429365,0.0
-5.906729,50,92.464793,0.0
-6.125473,50,92.500047,0.0
-5.285793,50,92.534973,0.0
-5.546894,50,92.570388,0.0
-5.644445,50,92.605411,0.0
-5.538542,50,92.640868,0.0
-5.579787,50,92.675727,0.0
-5.617589,50,92.711003,0.0
-5.224324,50,92.746592,0.0
-5.290682,50,92.781824,0.0
-5.62748,50,92.816764,0.0
-5.488834,50,92.851203,0.0
-6.479553,50,92.886329,0.0
-6.147863,50,92.921424,0.0
-6.262873,50,92.956687,0.0
-5.638863,50,92.991386,0.0
-5.748458,50,93.026475,0.0
-5.761386,50,93.061926,0.0
-6.127441,50,93.096747,0.0
-5.243565,50,93.246067,0.0
-4.9104,50,93.28189,0.0
-6.039987,50,93.317335,0.0
-5.735793,50,93.352779,0.0
-5.025231,50,93.388016,0.0
-6.579598,50,93.422984,0.0
-5.270098,50,93.457949,0.0
-5.576937,50,93.493268,0.0
-5.015799,50,93.528588,0.0
-6.075979,50,93.564,0.0
-5.83475,50,93.599367,0.0
-5.549573,50,93.635336,0.0
-6.16697,50,93.671179,0.0
-5.901905,50,93.706733,0.0
-5.51941,50,93.742555,0.0
-5.720985,50,93.778001,0.0
-5.890793,50,93.813611,0.0
-5.358367,50,93.849384,0.0
-5.766566,50,93.885056,0.0
-6.041288,50,93.920496,0.0
-3.855671,50,93.955833,0.0
-6.296691,50,93.99127,0.0
-5.78573,50,94.027245,0.0
-5.588524,50,94.063028,0.0
-6.347431,50,94.098652,0.0
-4.949767,50,94.134036,0.0
-6.668334,50,94.169089,0.0
-5.562984,50,94.204672,0.0
-4.909188,50,94.240096,0.0
-6.426262,50,94.275735,0.0
-6.195617,50,94.31032,0.0
-4.397984,50,94.34489,0.0
-6.080034,50,94.379423,0.0
-5.017282,50,94.414398,0.0
-5.653859,50,94.449604,0.0
-6.918963,50,94.484418,0.0
-5.288569,50,94.518908,0.0
-5.354732,50,94.553578,0.0
-5.571658,50,94.588466,0.0
-4.218538,50,94.623011,0.0
-5.602526,50,94.657622,0.0
-3.955195,50,94.804561,0.0
-5.681804,50,94.839746,0.0
-6.03716,50,94.874602,0.0
-3.964328,50,94.909898,0.0
-6.32784,50,94.945419,0.0
-3.767151,50,94.980355,0.0
-4.331887,50,95.015817,0.0
-5.802981,50,95.051744,0.0
-5.603251,50,95.087018,0.0
-5.911748,50,95.122482,0.0
-6.441888,50,95.157924,0.0
-5.496496,50,95.193438,0.0
-5.865343,50,95.228895,0.0
-5.724494,50,95.264479,0.0
-6.159905,50,95.30069,0.0
-5.313275,50,95.335886,0.0
-5.444763,50,95.371797,0.0
-5.419549,50,95.407094,0.0
-5.447466,50,95.442723,0.0
-3.610218,50,95.478034,0.0
-5.797069,50,95.513213,0.0
-5.244703,50,95.548371,0.0
-5.542824,50,95.583609,0.0
-5.50197,50,95.618708,0.0
-6.040577,50,95.654093,0.0
-5.990427,50,95.689437,0.0
-5.607332,50,95.724673,0.0
-5.926897,50,95.760253,0.0
-5.390659,50,95.79577,0.0
-6.349903,50,95.830845,0.0
-5.688107,50,95.86609,0.0
-4.790247,50,95.901466,0.0
-6.006576,50,95.936252,0.0
-5.335615,50,95.971864,0.0
-5.526018,50,96.007104,0.0
-5.801098,50,96.042393,0.0
-5.792508,50,96.077627,0.0
-5.073319,50,96.112681,0.0
-5.899627,50,96.148362,0.0
-5.645706,50,96.183931,0.0
-6.487925,50,96.219422,0.0
-5.804947,50,96.368585,0.0
-3.856735,50,96.404012,0.0
-6.303359,50,96.439268,0.0
-6.416253,50,96.474702,0.0
-4.349064,50,96.509936,0.0
-5.855965,50,96.545247,0.0
-5.056828,50,96.580145,0.0
-5.514103,50,96.615428,0.0
-6.524404,50,96.651151,0.0
-5.484001,50,96.68662,0.0
-4.237649,50,96.722238,0.0
-6.234132,50,96.757488,0.0
-6.145194,50,96.793216,0.0
-5.889248,50,96.828256,0.0
-3.707814,50,96.86357,0.0
-3.585919,50,96.898639,0.0
-6.212578,50,96.933925,0.0
-5.400802,50,96.969039,0.0
-6.091873,50,97.004403,0.0
-5.361339,50,97.039796,0.0
-6.221635,50,97.074763,0.0
-5.230165,50,97.110338,0.0
-5.162362,50,97.146418,0.0
-4.930786,50,97.181696,0.0
-6.080402,50,97.217293,0.0
-6.038422,50,97.252504,0.0
-5.533435,50,97.288103,0.0
-5.835925,50,97.323351,0.0
-5.857926,50,97.358249,0.0
-5.829653,50,97.39329,0.0
-5.418689,50,97.428514,0.0
-6.05314,50,97.463783,0.0
-5.706671,50,97.49922,0.0
-5.98013,50,97.534209,0.0
-5.125184,50,97.569637,0.0
-5.306492,50,97.604358,0.0
-5.95136,50,97.640151,0.0
-5.688809,50,97.675687,0.0
-5.77606,50,97.711237,0.0
-5.69336,50,97.747143,0.0
-5.327629,50,97.782749,0.0
-5.750052,50,97.932456,0.0
-5.721031,50,97.967839,0.0
-5.72757,50,98.003267,0.0
-5.377019,50,98.038803,0.0
-5.464664,50,98.074011,0.0
-5.96757,50,98.10981,0.0
-5.781247,50,98.145477,0.0
-5.980583,50,98.180797,0.0
-5.150705,50,98.215844,0.0
-5.904063,50,98.251185,0.0
-6.027391,50,98.286435,0.0
-5.472898,50,98.321657,0.0
-5.675293,50,98.356944,0.0
-5.815877,50,98.392171,0.0
-5.809544,50,98.427363,0.0
-5.116713,50,98.462632,0.0
-5.466891,50,98.497554,0.0
-5.71375,50,98.533391,0.0
-5.883009,50,98.568861,0.0
-5.295095,50,98.60409,0.0
-6.235064,50,98.639659,0.0
-4.166742,50,98.67495,0.0
-5.578532,50,98.710371,0.0
-3.973258,50,98.746702,0.0
-3.574641,50,98.782384,0.0
-5.724873,50,98.817771,0.0
-6.207891,50,98.853363,0.0
-5.551917,50,98.88916,0.0
-5.009452,50,98.924173,0.0
-5.18523,50,98.959736,0.0
-6.585536,50,98.995286,0.0
-5.279132,50,99.0307,0.0
-5.74983,50,99.06579,0.0
-3.819162,50,99.100817,0.0
-5.937313,50,99.136014,0.0
-6.092691,50,99.171677,0.0
-6.041825,50,99.207804,0.0
-6.203322,50,99.24342,0.0
-5.414654,50,99.278707,0.0
-6.045965,50,99.314739,0.0
-5.409134,50,99.350012,0.0
-5.408241,50,99.499951,0.0
-6.308354,50,99.535827,0.0
-5.627701,50,99.571698,0.0
-6.221739,50,99.607445,0.0
-5.918853,50,99.643047,0.0
-5.811181,50,99.678741,0.0
-5.17516,50,99.714243,0.0
-5.838124,50,99.749533,0.0
-5.437537,50,99.785046,0.0
-5.844944,50,99.820285,0.0
-5.660489,50,99.855504,0.0
-6.227838,50,99.890779,0.0
-6.094012,50,99.926056,0.0
-5.413188,50,99.961371,0.0
-6.440258,50,99.996852,0.0
-4.239246,50,100.031991,0.0
-5.298396,50,100.067344,0.0
-5.188577,50,100.102669,0.0
-6.023797,50,100.138156,0.0
-5.488391,50,100.173601,0.0
-6.361691,50,100.208862,0.0
-5.090276,50,100.244272,0.0
-6.276238,50,100.279748,0.0
-4.963505,50,100.315042,0.0
-5.4934,50,100.350481,0.0
-6.104425,50,100.38629,0.0
-5.404902,50,100.421943,0.0
-5.80252,50,100.457331,0.0
-5.151586,50,100.493031,0.0
-5.856597,50,100.528183,0.0
-4.927212,50,100.56337,0.0
-5.108015,50,100.598632,0.0
-5.237326,50,100.633978,0.0
-5.660673,50,100.669616,0.0
-6.294571,50,100.704963,0.0
-5.485974,50,100.740332,0.0
-5.693236,50,100.776058,0.0
-6.500541,50,100.811435,0.0
-5.250104,50,100.846757,0.0
-5.741771,50,100.881809,0.0
-5.95949,50,100.917016,0.0
-4.866614,50,101.065711,0.0
-5.882071,50,101.101253,0.0
-3.827499,50,101.136727,0.0
-5.172118,50,101.172518,0.0
-4.671268,50,101.207549,0.0
-5.266127,50,101.243066,0.0
-5.865345,50,101.27832,0.0
-5.555987,50,101.31412,0.0
-5.934798,50,101.349835,0.0
-6.258947,50,101.385407,0.0
-5.545092,50,101.420781,0.0
-4.751498,50,101.45574,0.0
-5.982465,50,101.490828,0.0
-4.70302,50,101.526032,0.0
-5.894667,50,101.561287,0.0
-6.049911,50,101.596725,0.0
-5.358136,50,101.632239,0.0
-6.471964,50,101.667538,0.0
-5.327413,50,101.703014,0.0
-5.541051,50,101.738539,0.0
-5.349918,50,101.775197,0.0
-3.789455,50,101.810961,0.0
-5.464288,50,101.846691,0.0
-6.477991,50,101.882191,0.0
-6.084456,50,101.917604,0.0
-5.770921,50,101.952873,0.0
-5.480106,50,101.988369,0.0
-5.355932,50,102.023555,0.0
-5.721003,50,102.058571,0.0
-6.105275,50,102.09378,0.0
-5.540287,50,102.129137,0.0
-5.268806,50,102.16499,0.0
-5.835733,50,102.201014,0.0
-5.496714,50,102.236391,0.0
-6.389785,50,102.272014,0.0
-5.338986,50,102.307644,0.0
-6.174203,50,102.343932,0.0
-5.390787,50,102.379582,0.0
-3.996621,50,102.41483,0.0
-5.760156,50,102.450274,0.0
-5.983316,50,102.485435,0.0
-5.396052,50,102.63582,0.0
-5.372816,50,102.671336,0.0
-5.822392,50,102.706831,0.0
-4.133202,50,102.742461,0.0
-6.5081,50,102.778083,0.0
-5.810112,50,102.813442,0.0
-5.357688,50,102.848954,0.0
-3.970941,50,102.884595,0.0
-5.68049,50,102.920028,0.0
-4.985607,50,102.955199,0.0
-5.803262,50,102.99054,0.0
-5.749127,50,103.025724,0.0
-5.261015,50,103.060893,0.0
-5.459762,50,103.096433,0.0
-6.852531,50,103.132119,0.0
-5.82841,50,103.16745,0.0
-5.344018,50,103.202799,0.0
-5.429438,50,103.238072,0.0
-5.586579,50,103.273278,0.0
-5.661553,50,103.308975,0.0
-5.791554,50,103.344797,0.0
-5.88963,50,103.379981,0.0
-5.556966,50,103.416057,0.0
-5.534974,50,103.45141,0.0
-5.322239,50,103.486639,0.0
-6.612496,50,103.521925,0.0
-5.087136,50,103.557039,0.0
-5.693973,50,103.59245,0.0
-5.918067,50,103.627291,0.0
-5.813262,50,103.662266,0.0
-5.155574,50,103.697788,0.0
-5.139196,50,103.733119,0.0
-6.387308,50,103.768444,0.0
-5.878915,50,103.804037,0.0
-3.795358,50,103.839435,0.0
-5.229149,50,103.87457,0.0
-5.372528,50,103.90972,0.0
-5.927838,50,103.945094,0.0
-6.178173,50,103.980177,0.0
-5.376326,50,104.015759,0.0
-5.641957,50,104.050829,0.0
-5.668237,50,104.200183,0.0
-5.698693,50,104.235548,0.0
-3.924952,50,104.271078,0.0
-6.230488,50,104.306472,0.0
-6.105009,50,104.342117,0.0
-5.693152,50,104.377326,0.0
-4.582039,50,104.412297,0.0
-5.680083,50,104.447872,0.0
-5.674753,50,104.482901,0.0
-6.003476,50,104.51827,0.0
-6.216781,50,104.553225,0.0
-4.900174,50,104.588468,0.0
-5.616661,50,104.6239,0.0
-5.276299,50,104.658997,0.0
-5.608603,50,104.694453,0.0
-4.073604,50,104.729599,0.0
-5.320959,50,104.764628,0.0
-5.669619,50,104.79974,0.0
-5.959467,50,104.835213,0.0
-5.368814,50,104.870653,0.0
-5.687029,50,104.905975,0.0
-5.332522,50,104.94099,0.0
-4.768365,50,104.976376,0.0
-4.195366,50,105.011605,0.0
-6.541758,50,105.04663,0.0
-3.66135,50,105.081977,0.0
-5.766485,50,105.116978,0.0
-5.666645,50,105.152547,0.0
-5.769927,50,105.187709,0.0
-5.224936,50,105.22289,0.0
-5.899741,50,105.258138,0.0
-5.150755,50,105.293523,0.0
-5.608808,50,105.329435,0.0
-5.567097,50,105.364978,0.0
-5.972971,50,105.400388,0.0
-4.388958,50,105.434911,0.0
-5.754163,50,105.470416,0.0
-5.619369,50,105.505761,0.0
-5.061528,50,105.541432,0.0
-5.651761,50,105.576635,0.0
-5.944421,50,105.611607,0.0
-6.291886,50,105.76064,0.0
-5.354939,50,105.796212,0.0
-5.999125,50,105.832075,0.0
-5.269088,50,105.86731,0.0
-5.840546,50,105.902606,0.0
-5.459486,50,105.93788,0.0
-6.080304,50,105.973041,0.0
-5.555927,50,106.008942,0.0
-5.923059,50,106.044967,0.0
-6.130685,50,106.080849,0.0
-6.204736,50,106.116196,0.0
-5.7474,50,106.151881,0.0
-5.803252,50,106.187491,0.0
-5.390184,50,106.22343,0.0
-5.832614,50,106.259372,0.0
-5.77381,50,106.295019,0.0
-5.384767,50,106.33089,0.0
-5.410837,50,106.36626,0.0
-5.618378,50,106.402044,0.0
-5.446031,50,106.437519,0.0
-6.522455,50,106.473284,0.0
-5.8791,50,106.509044,0.0
-4.876571,50,106.5443,0.0
-5.489214,50,106.57929,0.0
-5.385359,50,106.614866,0.0
-4.017106,50,106.650046,0.0
-6.298051,50,106.685489,0.0
-6.062544,50,106.720941,0.0
-6.050549,50,106.756186,0.0
-5.173803,50,106.791324,0.0
-5.715544,50,106.827383,0.0
-5.412927,50,106.862877,0.0
-5.692181,50,106.898122,0.0
-6.290325,50,106.933158,0.0
-5.442223,50,106.968047,0.0
-5.632106,50,107.003261,0.0
-6.11534,50,107.0385,0.0
-3.29081,50,107.073711,0.0
-5.26925,50,107.108917,0.0
-5.990553,50,107.14399,0.0
-6.048105,50,107.179311,0.0
-5.259981,50,107.32853,0.0
-5.236737,50,107.364159,0.0
-5.006831,50,107.399423,0.0
-5.52146,50,107.434737,0.0
-6.147061,50,107.470592,0.0
-5.327286,50,107.50579,0.0
-5.670136,50,107.540596,0.0
-4.075617,50,107.575878,0.0
-4.582673,50,107.611413,0.0
-5.940947,50,107.646841,0.0
-6.039361,50,107.682196,0.0
-5.439912,50,107.717605,0.0
-5.07232,50,107.752999,0.0
-5.991028,50,107.788266,0.0
-5.583082,50,107.823286,0.0
-5.375895,50,107.858342,0.0
-5.705324,50,107.893253,0.0
-5.338924,50,107.92868,0.0
-5.538847,50,107.964036,0.0
-6.081404,50,107.998877,0.0
-4.316035,50,108.033992,0.0
-6.029396,50,108.069252,0.0
-5.352105,50,108.104267,0.0
-5.444636,50,108.139483,0.0
-5.632858,50,108.174854,0.0
-3.985448,50,108.210139,0.0
-5.564319,50,108.245457,0.0
-5.594748,50,108.28066,0.0
-6.041722,50,108.31607,0.0
-5.857158,50,108.351281,0.0
-5.858763,50,108.38649,0.0
-6.275852,50,108.42154,0.0
-5.726259,50,108.456113,0.0
-5.82774,50,108.49141,0.0
-6.018058,50,108.526773,0.0
-4.80593,50,108.56219,0.0
-5.561047,50,108.59735,0.0
-5.557721,50,108.632786,0.0
-5.556963,50,108.668003,0.0
-5.022435,50,108.703255,0.0
-6.167671,50,108.738183,0.0
-6.085416,50,108.886635,0.0
-6.268824,50,108.922459,0.0
-5.339077,50,108.957691,0.0
-5.649742,50,108.993024,0.0
-5.412549,50,109.028315,0.0
-5.340378,50,109.063483,0.0
-5.230968,50,109.098556,0.0
-5.637888,50,109.133507,0.0
-4.639183,50,109.168547,0.0
-5.471929,50,109.203943,0.0
-6.220226,50,109.238923,0.0
-3.93474,50,109.274151,0.0
-5.926443,50,109.309185,0.0
-6.100731,50,109.344292,0.0
-6.567053,50,109.379634,0.0
-5.465937,50,109.415066,0.0
-5.493458,50,109.450404,0.0
-6.682644,50,109.48551,0.0
-6.144807,50,109.520365,0.0
-5.938423,50,109.555608,0.0
-5.301479,50,109.590821,0.0
-4.725416,50,109.626509,0.0
-5.887966,50,109.662416,0.0
-5.537132,50,109.6981,0.0
-5.623447,50,109.733417,0.0
-5.698762,50,109.768916,0.0
-5.612001,50,109.804538,0.0
-5.576857,50,109.839708,0.0
-5.6715,50,109.875165,0.0
-5.937878,50,109.910743,0.0
-3.962358,50,109.946031,0.0
-6.082233,50,109.981286,0.0
-5.290557,50,110.017086,0.0
-5.766321,50,110.05252,0.0
-5.87489,50,110.087777,0.0
-5.954466,50,110.123079,0.0
-5.652232,50,110.159092,0.0
-5.222684,50,110.194761,0.0
-5.247188,50,110.230559,0.0
-6.286413,50,110.265951,0.0
-3.72914,50,110.301308,0.0
-5.268597,50,110.451532,0.0
-5.425909,50,110.487055,0.0
-5.461699,50,110.52262,0.0
-5.40016,50,110.558069,0.0
-6.167473,50,110.593537,0.0
-5.454095,50,110.629374,0.0
-5.164709,50,110.66489,0.0
-6.510019,50,110.700117,0.0
-5.533539,50,110.735584,0.0
-5.200634,50,110.771031,0.0
-5.698341,50,110.806364,0.0
-5.770363,50,110.841099,0.0
-5.335458,50,110.875368,0.0
-4.890227,50,110.909986,0.0
-6.295171,50,110.944778,0.0
-6.166933,50,110.979372,0.0
-5.02174,50,111.01376,0.0
-5.188538,50,111.048349,0.0
-4.367468,50,111.083304,0.0
-4.369599,50,111.118335,0.0
-5.669175,50,111.153802,0.0
-5.735453,50,111.188567,0.0
-6.034252,50,111.223167,0.0
-5.58141,50,111.257828,0.0
-5.739701,50,111.292774,0.0
-5.68228,50,111.327327,0.0
-5.54802,50,111.362217,0.0
-5.280704,50,111.396921,0.0
-4.887316,50,111.432033,0.0
-5.628136,50,111.46652,0.0
-6.012334,50,111.501245,0.0
-5.405318,50,111.535626,0.0
-4.8569,50,111.569853,0.0
-5.594711,50,111.604428,0.0
-5.932165,50,111.639192,0.0
-5.547177,50,111.673879,0.0
-4.984212,50,111.708813,0.0
-5.116333,50,111.743724,0.0
-5.191702,50,111.77846,0.0
-4.617961,50,111.813151,0.0
-5.469889,50,111.847986,0.0
-5.678555,50,111.993801,0.0
-5.272224,50,112.029591,0.0
-4.169904,50,112.064527,0.0
-5.998717,50,112.099854,0.0
-4.446399,50,112.135293,0.0
-5.249658,50,112.169794,0.0
-5.757353,50,112.205167,0.0
-5.435883,50,112.240182,0.0
-3.711558,50,112.275013,0.0
-5.596643,50,112.309892,0.0
-6.442811,50,112.344992,0.0
-5.758121,50,112.379926,0.0
-4.04897,50,112.414924,0.0
-5.743032,50,112.450084,0.0
-6.218161,50,112.485526,0.0
-4.854779,50,112.520632,0.0
-5.200805,50,112.555332,0.0
-6.006878,50,112.590484,0.0
-5.511779,50,112.625427,0.0
-5.513785,50,112.660054,0.0
-5.705926,50,112.694534,0.0
-5.471123,50,112.729377,0.0
-5.957754,50,112.764347,0.0
-6.295496,50,112.799115,0.0
-5.376952,50,112.833834,0.0
-5.265998,50,112.868834,0.0
-4.914293,50,112.903574,0.0
-4.588408,50,112.937783,0.0
-6.094366,50,112.972574,0.0
-5.667668,50,113.007375,0.0
-5.291156,50,113.042447,0.0
-4.607427,50,113.07714,0.0
-5.088607,50,113.111534,0.0
-6.220408,50,113.146612,0.0
-3.946333,50,113.181165,0.0
-5.581864,50,113.215834,0.0
-5.963265,50,113.250282,0.0
-5.971946,50,113.285163,0.0
-6.094473,50,113.319747,0.0
-5.548879,50,113.354791,0.0
-5.766888,50,113.390503,0.0
-6.413835,50,113.540366,0.0
-5.647391,50,113.575518,0.0
-6.171555,50,113.610107,0.0
-5.928544,50,113.644939,0.0
-5.526844,50,113.67978,0.0
-4.933159,50,113.714185,0.0
-4.908115,50,113.749691,0.0
-5.697393,50,113.784497,0.0
-5.359956,50,113.819563,0.0
-5.973162,50,113.853963,0.0
-5.266198,50,113.889078,0.0
-6.092094,50,113.9239,0.0
-5.438482,50,113.958299,0.0
-5.497507,50,113.993215,0.0
-6.221543,50,114.028039,0.0
-4.796379,50,114.06291,0.0
-5.65739,50,114.097893,0.0
-5.104336,50,114.132745,0.0
-5.111312,50,114.167584,0.0
-5.230501,50,114.202643,0.0
-5.208702,50,114.237707,0.0
-5.685798,50,114.272937,0.0
-6.38772,50,114.307752,0.0
-5.800449,50,114.342647,0.0
-3.960968,50,114.377748,0.0
-5.792585,50,114.412785,0.0
-4.584596,50,114.447658,0.0
-4.834981,50,114.482597,0.0
-5.959166,50,114.517273,0.0
-5.550457,50,114.552179,0.0
-6.139906,50,114.58739,0.0
-5.96721,50,114.623033,0.0
-5.140341,50,114.659501,0.0
-3.755553,50,114.695028,0.0
-5.316442,50,114.730391,0.0
-6.287442,50,114.765915,0.0
-5.216981,50,114.800652,0.0
-5.061465,50,114.8356,0.0
-5.784339,50,114.870477,0.0
-5.534432,50,114.905037,0.0
-4.071363,50,114.940064,0.0
-5.664415,50,115.087562,0.0
-5.589387,50,115.122386,0.0
-5.255793,50,115.157357,0.0
-6.58084,50,115.192147,0.0
-4.392845,50,115.226652,0.0
-4.406402,50,115.261633,0.0
-5.857449,50,115.296536,0.0
-5.253771,50,115.331102,0.0
-4.787051,50,115.365842,0.0
-5.341066,50,115.400364,0.0
-5.637342,50,115.771455,0.0
-5.882023,50,115.807139,0.0
-6.067524,50,115.842489,0.0
-6.040309,50,115.877529,0.0
-5.535962,50,115.913023,0.0
-4.471594,50,115.947776,0.0
-5.932763,50,115.982747,0.0
-4.953913,50,116.017992,0.0
-6.06255,50,116.052833,0.0
-6.089171,50,116.087947,0.0
-5.933519,50,116.122935,0.0
-5.332181,50,116.157832,0.0
-5.556811,50,116.192861,0.0
-4.798294,50,116.227917,0.0
-5.680531,50,116.262544,0.0
-6.374239,50,116.297368,0.0
-5.614601,50,116.332363,0.0
-5.922987,50,116.367152,0.0
-5.577017,50,116.402213,0.0
-5.122776,50,116.437408,0.0
-5.031654,50,116.472202,0.0
-6.034319,50,116.507393,0.0
-5.291509,50,116.542063,0.0
-5.515911,50,116.576717,0.0
-5.358051,50,116.611168,0.0
-4.895638,50,116.646462,0.0
-5.731503,50,116.681322,0.0
-4.926112,50,116.716346,0.0
-6.028794,50,116.751793,0.0
-5.570773,50,116.786848,0.0
-5.436208,50,116.822815,0.0
-6.07968,50,116.971574,0.0
-5.38875,50,117.00663,0.0
-5.94711,50,117.041206,0.0
-6.061834,50,117.0761,0.0
-5.290571,50,117.112045,0.0
-6.103127,50,117.147655,0.0
-5.55168,50,117.182987,0.0
-5.564907,50,117.218373,0.0
-5.569532,50,117.253496,0.0
-4.984076,50,117.288526,0.0
-5.657408,50,117.323555,0.0
-5.541753,50,117.358706,0.0
-6.210215,50,117.393906,0.0
-5.408046,50,117.428893,0.0
-5.761161,50,117.463217,0.0
-5.644126,50,117.497845,0.0
-5.072433,50,117.53316,0.0
-5.672136,50,117.568352,0.0
-5.664978,50,117.603145,0.0
-5.720456,50,117.638056,0.0
-5.727274,50,117.673263,0.0
-5.633879,50,117.708254,0.0
-4.011487,50,117.743156,0.0
-5.414122,50,117.778257,0.0
-6.270127,50,117.813428,0.0
-4.315879,50,117.849556,0.0
-3.812029,50,117.885077,0.0
-5.982018,50,117.919877,0.0
-5.912974,50,117.955135,0.0
-5.14261,50,117.990694,0.0
-5.625949,50,118.025655,0.0
-6.14031,50,118.060627,0.0
-6.008062,50,118.096056,0.0
-4.827452,50,118.130867,0.0
-5.510727,50,118.165967,0.0
-5.402913,50,118.200701,0.0
-5.956877,50,118.23559,0.0
-6.446192,50,118.271058,0.0
-6.598196,50,118.306353,0.0
-5.848608,50,118.341364,0.0
-6.014971,50,118.376979,0.0
-5.939341,50,118.524267,0.0
-4.432022,50,118.559252,0.0
-5.668492,50,118.594139,0.0
-5.34578,50,118.628874,0.0
-5.711881,50,118.663373,0.0
-6.137434,50,118.698034,0.0
-6.526949,50,118.732551,0.0
-4.674099,50,118.767601,0.0
-6.022411,50,118.802103,0.0
-5.711621,50,118.836431,0.0
-5.597218,50,118.871336,0.0
-5.497913,50,118.905811,0.0
-4.397418,50,118.940193,0.0
-5.255633,50,118.974975,0.0
-5.349106,50,119.009649,0.0
-4.998416,50,119.044347,0.0
-6.427768,50,119.079001,0.0
-5.598496,50,119.113836,0.0
-5.367308,50,119.148417,0.0
-5.598447,50,119.182895,0.0
-3.919352,50,119.217591,0.0
-5.438078,50,119.252299,0.0
-5.740071,50,119.287293,0.0
-5.720488,50,119.32186,0.0
-5.529883,50,119.356415,0.0
-5.758108,50,119.391102,0.0
-5.326774,50,119.425776,0.0
-6.028874,50,119.461028,0.0
-5.536354,50,119.496015,0.0
-4.872499,50,119.531564,0.0
-5.570589,50,119.566825,0.0
-5.397918,50,119.601828,0.0
-3.870516,50,119.637144,0.0
-5.126645,50,119.672233,0.0
-5.705332,50,119.707075,0.0
-5.690997,50,119.742075,0.0
-5.647122,50,119.776877,0.0
-5.370438,50,119.811493,0.0
-4.673145,50,119.846542,0.0
-5.363059,50,119.881327,0.0
-3.856773,50,120.027926,0.0
-5.82213,50,120.06342,0.0
-6.19163,50,120.098558,0.0
-4.535154,50,120.133221,0.0
-6.124905,50,120.168351,0.0
-5.404912,50,120.203201,0.0
-5.533806,50,120.238201,0.0
-6.335527,50,120.273157,0.0
-5.953881,50,120.308196,0.0
-5.088147,50,120.343183,0.0
-4.283291,50,120.377845,0.0
-5.429667,50,120.412709,0.0
-6.005655,50,120.44753,0.0
-5.860352,50,120.482416,0.0
-5.31944,50,120.517231,0.0
-5.89007,50,120.552472,0.0
-5.772568,50,120.587096,0.0
-5.387226,50,120.622321,0.0
-4.017825,50,120.658132,0.0
-5.893959,50,120.693332,0.0
-5.500616,50,120.72851,0.0
-5.566497,50,120.76441,0.0
-5.10714,50,120.799631,0.0
-5.806364,50,120.83491,0.0
-6.542175,50,120.870083,0.0
-5.67329,50,120.90575,0.0
-5.743772,50,120.941051,0.0
-5.803126,50,120.97601,0.0
-6.042531,50,121.011274,0.0
-5.008756,50,121.046135,0.0
-5.158098,50,121.081192,0.0
-5.435934,50,121.11617,0.0
-5.221779,50,121.151502,0.0
-6.068982,50,121.186988,0.0
-5.801297,50,121.222072,0.0
-6.030366,50,121.257005,0.0
-5.219027,50,121.291966,0.0
-6.002126,50,121.326884,0.0
-5.237429,50,121.361513,0.0
-4.775003,50,121.396282,0.0
-6.091103,50,121.431396,0.0
-5.81615,50,121.579133,0.0
-5.599003,50,121.6141,0.0
-5.7959,50,121.649352,0.0
-5.229515,50,121.684401,0.0
-6.260576,50,121.719148,0.0
-5.922143,50,121.754183,0.0
-5.44657,50,121.788549,0.0
-4.114421,50,121.823671,0.0
-5.279676,50,121.858486,0.0
-5.701261,50,121.893579,0.0
-6.073415,50,121.928779,0.0
-3.829284,50,121.963868,0.0
-5.414449,50,121.998673,0.0
-5.057939,50,122.034278,0.0
-5.452127,50,122.069648,0.0
-3.944621,50,122.10465,0.0
-5.32264,50,122.139494,0.0
-4.906202,50,122.173989,0.0
-6.227817,50,122.208708,0.0
-5.859466,50,122.24334,0.0
-4.798251,50,122.278215,0.0
-5.813857,50,122.312684,0.0
-5.71244,50,122.347737,0.0
-5.542834,50,122.382802,0.0
-5.07114,50,122.418355,0.0
-5.122769,50,122.453165,0.0
-3.926256,50,122.488439,0.0
-5.166115,50,122.523069,0.0
-5.102888,50,122.557839,0.0
-5.742616,50,122.593567,0.0
-5.336168,50,122.62918,0.0
-5.68112,50,122.664825,0.0
-5.24578,50,122.699809,0.0
-4.975691,50,122.734986,0.0
-5.570161,50,122.770474,0.0
-5.083099,50,122.805837,0.0
-5.526188,50,122.840709,0.0
-5.346276,50,122.875954,0.0
-4.086177,50,122.910469,0.0
-5.118301,50,122.945435,0.0
-4.78528,50,122.980172,0.0
-4.852583,50,123.12745,0.0
-5.703264,50,123.16296,0.0
-5.448857,50,123.198626,0.0
-5.177583,50,123.23401,0.0
-5.011438,50,123.269873,0.0
-5.127749,50,123.305039,0.0
-5.258491,50,123.340293,0.0
-4.839313,50,123.375285,0.0
-5.707341,50,123.410367,0.0
-4.04163,50,123.445036,0.0
-5.251072,50,123.480037,0.0
-5.836487,50,123.515133,0.0
-5.838595,50,123.550565,0.0
-5.091191,50,123.585383,0.0
-5.538034,50,123.62042,0.0
-5.449985,50,123.655132,0.0
-5.470737,50,123.69032,0.0
-5.450095,50,123.725049,0.0
-5.673825,50,123.760524,0.0
-5.526852,50,123.795453,0.0
-5.53097,50,123.830696,0.0
-5.540409,50,123.866155,0.0
-5.987025,50,123.901467,0.0
-5.644774,50,123.936049,0.0
-5.649159,50,123.970843,0.0
-5.278017,50,124.005848,0.0
-5.260216,50,124.040856,0.0
-5.521329,50,124.076222,0.0
-5.714046,50,124.111066,0.0
-5.285895,50,124.146569,0.0
-5.983235,50,124.181854,0.0
-5.872562,50,124.216991,0.0
-5.653098,50,124.252068,0.0
-5.827297,50,124.287212,0.0
-4.936179,50,124.322282,0.0
-5.385846,50,124.357642,0.0
-5.855026,50,124.392494,0.0
-5.504907,50,124.426917,0.0
-4.063925,50,124.461837,0.0
-5.794324,50,124.497128,0.0
-4.183626,50,124.531962,0.0
-3.179158,50,124.679987,0.0
-5.449923,50,124.716335,0.0
-5.399134,50,124.751761,0.0
-3.815571,50,124.787002,0.0
-5.818619,50,124.821935,0.0
-5.924544,50,124.856655,0.0
-4.127951,50,124.891247,0.0
-5.330995,50,124.926055,0.0
-5.422468,50,124.96086,0.0
-5.124665,50,124.995833,0.0
-6.318508,50,125.030693,0.0
-5.324289,50,125.065385,0.0
-4.378752,50,125.100048,0.0
-5.524599,50,125.134508,0.0
-5.143421,50,125.169361,0.0
-6.103159,50,125.204274,0.0
-5.792492,50,125.239005,0.0
-6.108301,50,125.274237,0.0
-5.621043,50,125.308735,0.0
-4.714855,50,125.343951,0.0
-5.168574,50,125.378677,0.0
-5.475282,50,125.41327,0.0
-6.00857,50,125.447894,0.0
-5.944038,50,125.48278,0.0
-5.202018,50,125.517671,0.0
-5.781264,50,125.552041,0.0
-6.070156,50,125.586309,0.0
-3.868524,50,125.62088,0.0
-4.806794,50,125.655551,0.0
-5.667905,50,125.690347,0.0
-6.184312,50,125.724963,0.0
-5.476004,50,125.759854,0.0
-5.716902,50,125.794637,0.0
-4.251105,50,125.829513,0.0
-5.789156,50,125.864574,0.0
-5.22937,50,125.900044,0.0
-5.935782,50,125.935672,0.0
-4.626195,50,125.97082,0.0
-5.462492,50,126.005714,0.0
-5.150679,50,126.040686,0.0
-6.063873,50,126.075655,0.0
-5.739318,50,126.22348,0.0
-5.930004,50,126.258861,0.0
-5.290846,50,126.294453,0.0
-5.355003,50,126.329937,0.0
-4.208012,50,126.365014,0.0
-5.692562,50,126.39996,0.0
-6.231947,50,126.434796,0.0
-5.759014,50,126.47001,0.0
-5.49057,50,126.505288,0.0
-5.209497,50,126.540861,0.0
-5.882677,50,126.575795,0.0
-5.562454,50,126.61103,0.0
-5.500918,50,126.646519,0.0
-5.328932,50,126.681444,0.0
-4.662872,50,126.716458,0.0
-5.106004,50,126.751304,0.0
-5.401327,50,126.786509,0.0
-5.418982,50,126.821657,0.0
-6.225536,50,126.856786,0.0
-5.5752,50,126.891879,0.0
-5.59107,50,126.927053,0.0
-6.474602,50,126.961599,0.0
-6.298038,50,126.996784,0.0
-5.466332,50,127.031899,0.0
-5.644454,50,127.066519,0.0
-4.744991,50,127.101529,0.0
-5.484742,50,127.136456,0.0
-6.139844,50,127.172198,0.0
-6.267826,50,127.208304,0.0
-5.539245,50,127.243905,0.0
-5.536027,50,127.279529,0.0
-5.807018,50,127.314576,0.0
-5.788647,50,127.350253,0.0
-4.13112,50,127.385078,0.0
-5.243089,50,127.420717,0.0
-5.79991,50,127.455843,0.0
-5.09474,50,127.491279,0.0
-5.114967,50,127.52662,0.0
-5.85417,50,127.561025,0.0
-4.805702,50,127.595895,0.0
-6.048287,50,127.631164,0.0
-5.238807,50,127.778892,0.0
-5.30619,50,127.814587,0.0
-3.5337,50,127.849658,0.0
-5.679704,50,127.884335,0.0
-5.941787,50,127.919442,0.0
-5.073748,50,127.954088,0.0
-5.253351,50,127.989079,0.0
-5.400879,50,128.023906,0.0
-5.855617,50,128.058996,0.0
-5.4233,50,128.094181,0.0
-3.823862,50,128.129432,0.0
-5.667226,50,128.164593,0.0
-5.522308,50,128.199646,0.0
-4.719237,50,128.234768,0.0
-5.610615,50,128.269733,0.0
-5.415437,50,128.304462,0.0
-4.767087,50,128.33894,0.0
-5.301082,50,128.373634,0.0
-5.792654,50,128.409552,0.0
-5.899768,50,128.444797,0.0
-5.34493,50,128.480275,0.0
-5.23594,50,128.515641,0.0
-5.220224,50,128.550436,0.0
-6.567645,50,128.585031,0.0
-5.826531,50,128.619885,0.0
-5.37349,50,128.65474,0.0
-5.278061,50,128.6893,0.0
-5.623813,50,128.724429,0.0
-5.944672,50,128.759232,0.0
-4.621789,50,128.794218,0.0
-5.56525,50,128.828843,0.0
-5.029065,50,128.863978,0.0
-5.405614,50,128.898819,0.0
-5.685489,50,128.933817,0.0
-4.702986,50,128.96908,0.0
-5.34709,50,129.003972,0.0
-5.442308,50,129.038941,0.0
-5.34787,50,129.073555,0.0
-6.434619,50,129.107779,0.0
-5.505355,50,129.142416,0.0
-5.623927,50,129.17719,0.0
-5.582036,50,129.325011,0.0
-5.755572,50,129.36061,0.0
-5.596606,50,129.395772,0.0
-5.70761,50,129.430871,0.0
-4.992789,50,129.466122,0.0
-5.608058,50,129.50096,0.0
-5.610893,50,129.536525,0.0
-5.441998,50,129.571713,0.0
-5.278997,50,129.6067,0.0
-5.608602,50,129.641523,0.0
-5.325811,50,129.676409,0.0
-5.498311,50,129.71101,0.0
-5.319753,50,129.746265,0.0
-5.085419,50,129.781957,0.0
-6.030955,50,129.817188,0.0
-5.283793,50,129.852368,0.0
-5.355586,50,129.887196,0.0
-5.346635,50,129.921793,0.0
-5.416524,50,129.956719,0.0
-3.682998,50,129.991742,0.0
-5.881275,50,130.026414,0.0
-5.396314,50,130.061205,0.0
-5.686842,50,130.096028,0.0
-5.741956,50,130.131108,0.0
-5.6139,50,130.165657,0.0
-5.41263,50,130.20078,0.0
-5.435625,50,130.235526,0.0
-5.275786,50,130.270356,0.0
-5.717521,50,130.306219,0.0
-5.525445,50,130.342095,0.0
-5.844522,50,130.377166,0.0
-5.156106,50,130.411894,0.0
-5.989341,50,130.446452,0.0
-5.35097,50,130.481297,0.0
-6.038282,50,130.51661,0.0
-6.251645,50,130.551655,0.0
-6.376795,50,130.586722,0.0
-5.084524,50,130.621989,0.0
-5.494264,50,130.656782,0.0
-5.359267,50,130.691879,0.0
-4.063705,50,130.726401,0.0
-5.446911,50,130.877186,0.0
-6.35212,50,130.914423,0.0
-5.562109,50,130.9505,0.0
-5.809513,50,130.98808,0.0
-3.559722,50,131.025793,0.0
-5.38148,50,131.062437,0.0
-5.63648,50,131.097801,0.0
-5.821147,50,131.133184,0.0
-5.704126,50,131.168088,0.0
-3.728444,50,131.203104,0.0
-5.818877,50,131.237824,0.0
-4.888912,50,131.272768,0.0
-6.157413,50,131.307694,0.0
-5.016338,50,131.342252,0.0
-5.727137,50,131.37725,0.0
-5.787488,50,131.412579,0.0
-5.190157,50,131.447432,0.0
-5.316547,50,131.482678,0.0
-5.335075,50,131.517239,0.0
-5.892548,50,131.552322,0.0
-3.953797,50,131.586994,0.0
-5.373503,50,131.621961,0.0
-5.2163,50,131.657285,0.0
-5.54484,50,131.692392,0.0
-5.069217,50,131.727775,0.0
-4.116344,50,131.763396,0.0
-5.51721,50,131.798205,0.0
-5.506413,50,131.833366,0.0
-4.378666,50,131.867929,0.0
-5.600435,50,131.902985,0.0
-5.086525,50,131.938013,0.0
-5.217499,50,131.9733,0.0
-5.728684,50,132.009033,0.0
-5.312517,50,132.043725,0.0
-5.497533,50,132.078692,0.0
-5.624633,50,132.114059,0.0
-5.082418,50,132.148806,0.0
-6.210352,50,132.183895,0.0
-5.766212,50,132.218447,0.0
-4.83356,50,132.253395,0.0
-3.401428,50,132.28816,0.0
-5.582244,50,132.435604,0.0
-4.927575,50,132.471204,0.0
-5.968944,50,132.506968,0.0
-5.779902,50,132.541714,0.0
-5.966506,50,132.577059,0.0
-5.513883,50,132.612111,0.0
-5.423838,50,132.647355,0.0
-5.10453,50,132.682018,0.0
-5.640618,50,132.71691,0.0
-5.218469,50,132.75164,0.0
-4.630411,50,132.786409,0.0
-5.797668,50,132.821227,0.0
-5.424317,50,132.856287,0.0
-5.550882,50,132.891322,0.0
-6.01154,50,132.926109,0.0
-5.147285,50,132.960786,0.0
-5.651948,50,132.995414,0.0
-5.664904,50,133.030062,0.0
-5.379851,50,133.064636,0.0
-5.219651,50,133.09949,0.0
-4.919808,50,133.134274,0.0
-5.267736,50,133.168996,0.0
-5.394366,50,133.203658,0.0
-5.396978,50,133.238126,0.0
-4.937819,50,133.272738,0.0
-4.995472,50,133.307681,0.0
-5.95098,50,133.342372,0.0
-5.452952,50,133.377346,0.0
-5.075529,50,133.412053,0.0
-5.44639,50,133.446421,0.0
-4.152629,50,133.481447,0.0
-5.914734,50,133.516687,0.0
-5.245448,50,133.551188,0.0
-5.374063,50,133.58633,0.0
-4.073267,50,133.622056,0.0
-5.293949,50,133.657969,0.0
-5.371748,50,133.693437,0.0
-5.316771,50,133.728527,0.0
-5.010973,50,133.76332,0.0
-5.719542,50,133.798338,0.0
-3.578121,50,133.833043,0.0
-5.494716,50,133.979664,0.0
-5.427872,50,134.014775,0.0
-5.749047,50,134.049635,0.0
-5.297964,50,134.084364,0.0
-4.362811,50,134.120149,0.0
-5.490394,50,134.156286,0.0
-5.635873,50,134.190971,0.0
-3.671067,50,134.225866,0.0
-5.95356,50,134.260514,0.0
-5.221208,50,134.295142,0.0
-4.389889,50,134.330186,0.0
-5.800994,50,134.365412,0.0
-6.087739,50,134.400632,0.0
-5.311074,50,134.43567,0.0
-6.041478,50,134.470789,0.0
-5.039632,50,134.505644,0.0
-5.104811,50,134.540404,0.0
-3.794866,50,134.575153,0.0
-5.627622,50,134.610278,0.0
-5.271343,50,134.645206,0.0
-6.086398,50,134.680375,0.0
-5.114998,50,134.71522,0.0
-5.366732,50,134.750281,0.0
-4.805499,50,134.785091,0.0
-5.791145,50,134.820118,0.0
-4.921284,50,134.855305,0.0
-5.385018,50,134.890877,0.0
-5.768972,50,134.925639,0.0
-6.279156,50,134.96023,0.0
-4.360103,50,134.994936,0.0
-5.905634,50,135.029893,0.0
-4.782704,50,135.06479,0.0
-5.267418,50,135.100675,0.0
-4.786506,50,135.135612,0.0
-5.346892,50,135.170914,0.0
-5.763231,50,135.205743,0.0
-5.468283,50,135.240265,0.0
-5.430869,50,135.275689,0.0
-5.81778,50,135.310422,0.0
-5.810209,50,135.345195,0.0
-5.309195,50,135.379644,0.0
-5.390529,50,135.527733,0.0
-4.846509,50,135.562669,0.0
-5.207611,50,135.597303,0.0
-6.085737,50,135.632415,0.0
-5.259769,50,135.667523,0.0
-4.937676,50,135.704604,0.0
-5.470224,50,135.740127,0.0
-6.47969,50,135.775571,0.0
-5.027818,50,135.810674,0.0
-3.946202,50,135.845488,0.0
-5.459136,50,135.880609,0.0
-6.158114,50,135.91603,0.0
-5.767825,50,135.951856,0.0
-4.467993,50,135.987264,0.0
-6.714759,50,136.022776,0.0
-5.479496,50,136.058552,0.0
-5.40472,50,136.094183,0.0
-5.112216,50,136.130844,0.0
-5.741884,50,136.166282,0.0
-6.115066,50,136.201606,0.0
-5.709965,50,136.236825,0.0
-5.238688,50,136.272339,0.0
-5.178465,50,136.309262,0.0
-5.382212,50,136.345429,0.0
-4.796149,50,136.381251,0.0
-5.489658,50,136.416934,0.0
-6.202771,50,136.453316,0.0
-5.878937,50,136.489588,0.0
-5.653077,50,136.525783,0.0
-5.892652,50,136.561272,0.0
-4.493593,50,136.59718,0.0
-5.436645,50,136.633322,0.0
-5.694426,50,136.669228,0.0
-5.674057,50,136.704761,0.0
-4.469671,50,136.739907,0.0
-4.480035,50,136.775168,0.0
-5.391985,50,136.810966,0.0
-5.596221,50,136.845734,0.0
-5.852105,50,136.880705,0.0
-6.355704,50,136.915249,0.0
-5.472328,50,136.950005,0.0
-5.265774,50,137.096644,0.0
-4.414485,50,137.13199,0.0
-5.118017,50,137.166892,0.0
-5.375928,50,137.202024,0.0
-4.809222,50,137.237064,0.0
-6.062231,50,137.272008,0.0
-5.770115,50,137.30729,0.0
-4.065412,50,137.342855,0.0
-5.599768,50,137.377999,0.0
-5.437087,50,137.413408,0.0
-4.91033,50,137.448489,0.0
-5.534822,50,137.483088,0.0
-3.825909,50,137.518193,0.0
-5.275907,50,137.553812,0.0
-5.090341,50,137.589732,0.0
-4.644167,50,137.624855,0.0
-4.359507,50,137.659669,0.0
-5.425981,50,137.694839,0.0
-5.947204,50,137.730042,0.0
-5.181235,50,137.764825,0.0
-5.756996,50,137.799426,0.0
-5.109825,50,137.834605,0.0
-5.758714,50,137.869589,0.0
-5.404736,50,137.904173,0.0
-5.124518,50,137.938798,0.0
-5.000301,50,137.973379,0.0
-5.379102,50,138.008236,0.0
-5.23637,50,138.043974,0.0
-5.431319,50,138.080013,0.0
-5.093351,50,138.114778,0.0
-5.448179,50,138.150037,0.0
-5.030114,50,138.185305,0.0
-5.707482,50,138.220191,0.0
-5.541741,50,138.25517,0.0
-5.943018,50,138.29066,0.0
-4.692881,50,138.325912,0.0
-5.239906,50,138.361004,0.0
-5.158512,50,138.395728,0.0
-5.83723,50,138.430446,0.0
-4.946363,50,138.465096,0.0
-5.024223,50,138.50011,0.0
-5.471866,50,138.648347,0.0
-5.92127,50,138.683783,0.0
-5.440327,50,138.718877,0.0
-5.887591,50,138.753975,0.0
-4.903547,50,138.788762,0.0
-4.95283,50,138.823908,0.0
-5.381355,50,138.858566,0.0
-3.752209,50,138.893468,0.0
-5.073365,50,138.929006,0.0
-5.679534,50,138.964051,0.0
-4.970651,50,138.99881,0.0
-4.922844,50,139.033454,0.0
-4.03623,50,139.069161,0.0
-3.817915,50,139.104212,0.0
-5.46337,50,139.139488,0.0
-5.814111,50,139.174758,0.0
-5.999116,50,139.209489,0.0
-3.974304,50,139.244287,0.0
-4.383374,50,139.279424,0.0
-4.766464,50,139.314519,0.0
-5.360965,50,139.349565,0.0
-5.25093,50,139.384659,0.0
-5.82419,50,139.419908,0.0
-5.390995,50,139.455676,0.0
-5.323025,50,139.490757,0.0
-5.713077,50,139.525723,0.0
-4.904264,50,139.560713,0.0
-5.372112,50,139.595345,0.0
-5.268116,50,139.630277,0.0
-6.444099,50,139.665068,0.0
-5.512628,50,139.699822,0.0
-5.24607,50,139.735027,0.0
-5.256052,50,139.770348,0.0
-5.630469,50,139.805601,0.0
-3.261407,50,139.840278,0.0
-5.814491,50,139.875428,0.0
-6.151213,50,139.910013,0.0
-5.634964,50,139.944582,0.0
-4.899272,50,139.979492,0.0
-5.528871,50,140.014393,0.0
-5.276988,50,140.048877,0.0
-5.434238,50,140.197887,0.0
-5.68282,50,140.233109,0.0
-4.880924,50,140.268298,0.0
-3.824877,50,140.303392,0.0
-5.508966,50,140.338576,0.0
-5.831816,50,140.373892,0.0
-5.370519,50,140.408798,0.0
-5.638476,50,140.444201,0.0
-5.319328,50,140.47914,0.0
-5.402515,50,140.513855,0.0
-5.16853,50,140.548814,0.0
-5.181171,50,140.583285,0.0
-5.076394,50,140.618547,0.0
-5.402457,50,140.654551,0.0
-5.303079,50,140.690589,0.0
-5.588276,50,140.726147,0.0
-6.138348,50,140.76195,0.0
-6.146063,50,140.797187,0.0
-5.455837,50,140.83277,0.0
-5.464405,50,140.867646,0.0
-5.36103,50,140.902349,0.0
-3.587373,50,140.93773,0.0
-5.275802,50,140.972685,0.0
-4.725497,50,141.006865,0.0
-5.220888,50,141.04152,0.0
-5.762842,50,141.076284,0.0
-5.251265,50,141.111033,0.0
-5.073405,50,141.146354,0.0
-5.317195,50,141.180911,0.0
-6.11523,50,141.215869,0.0
-5.58202,50,141.250955,0.0
-5.404536,50,141.28579,0.0
-6.206791,50,141.320795,0.0
-5.821649,50,141.356065,0.0
-5.480983,50,141.391021,0.0
-5.005621,50,141.426322,0.0
-4.245049,50,141.461253,0.0
-5.302276,50,141.496324,0.0
-5.610913,50,141.531637,0.0
-5.721124,50,141.566792,0.0
-4.968398,50,141.602393,0.0
-3.398678,50,141.750143,0.0
-5.618305,50,141.784855,0.0
-5.934824,50,141.819672,0.0
-4.0124,50,141.854463,0.0
-5.57148,50,141.889439,0.0
-5.36837,50,141.924489,0.0
-4.939812,50,141.959579,0.0
-5.243666,50,141.994638,0.0
-5.111615,50,142.029944,0.0
-5.214929,50,142.064884,0.0
-5.506455,50,142.099922,0.0
-5.532835,50,142.135273,0.0
-5.075362,50,142.171127,0.0
-5.741235,50,142.206465,0.0
-6.13398,50,142.241283,0.0
-5.402513,50,142.276781,0.0
-5.045157,50,142.311933,0.0
-6.200325,50,142.346675,0.0
-5.2231,50,142.381603,0.0
-5.469194,50,142.416773,0.0
-5.958482,50,142.451522,0.0
-5.999408,50,142.486346,0.0
-5.523101,50,142.520937,0.0
-5.204452,50,142.555968,0.0
-5.50582,50,142.590957,0.0
-5.47449,50,142.625776,0.0
-5.344814,50,142.660552,0.0
-5.071975,50,142.695507,0.0
-5.432827,50,142.730711,0.0
-5.475297,50,142.765519,0.0
-5.264505,50,142.800024,0.0
-6.300986,50,142.835132,0.0
-3.83029,50,142.869911,0.0
-5.494308,50,142.904535,0.0
-5.614953,50,142.939388,0.0
-5.033924,50,142.974378,0.0
-4.79587,50,143.009026,0.0
-5.366156,50,143.043836,0.0
-5.708676,50,143.078605,0.0
-5.439985,50,143.113466,0.0
-5.300089,50,143.148296,0.0
-5.462785,50,143.296143,0.0
-3.900475,50,143.331514,0.0
-3.664067,50,143.366321,0.0
-5.728737,50,143.40104,0.0
-4.81529,50,143.436014,0.0
-5.382521,50,143.470977,0.0
-3.855135,50,143.505622,0.0
-5.86115,50,143.540286,0.0
-5.026008,50,143.575459,0.0
-3.440807,50,143.610856,0.0
-4.84879,50,143.647262,0.0
-5.200402,50,143.683193,0.0
-4.050486,50,143.718544,0.0
-5.698829,50,143.754148,0.0
-5.526463,50,143.789675,0.0
-4.632944,50,143.824746,0.0
-5.880867,50,143.860065,0.0
-5.817154,50,143.895557,0.0
-6.152542,50,143.930328,0.0
-5.398879,50,143.965189,0.0
-4.955857,50,144.000398,0.0
-5.241181,50,144.034936,0.0
-5.537649,50,144.069576,0.0
-5.794826,50,144.104513,0.0
-4.803869,50,144.138928,0.0
-5.035019,50,144.174059,0.0
-5.268337,50,144.209091,0.0
-5.080869,50,144.244008,0.0
-6.263227,50,144.278939,0.0
-5.14471,50,144.314297,0.0
-6.219321,50,144.348753,0.0
-5.842355,50,144.383262,0.0
-5.705016,50,144.418433,0.0
-5.665329,50,144.453329,0.0
-5.929915,50,144.48801,0.0
-5.153454,50,144.522764,0.0
-5.711465,50,144.5573,0.0
-4.766213,50,144.591924,0.0
-5.140587,50,144.626619,0.0
-5.380145,50,144.662341,0.0
-5.275672,50,144.697376,0.0
-5.210469,50,144.844922,0.0
-5.598034,50,144.879718,0.0
-5.576296,50,144.914664,0.0
-5.708487,50,144.949872,0.0
-5.386209,50,144.984254,0.0
-5.387662,50,145.019038,0.0
-5.353755,50,145.053673,0.0
-5.282078,50,145.088844,0.0
-5.638847,50,145.123647,0.0
-5.569092,50,145.158495,0.0
-5.116457,50,145.193219,0.0
-5.408471,50,145.227781,0.0
-4.972998,50,145.262035,0.0
-5.346571,50,145.29704,0.0
-5.83688,50,145.331498,0.0
-5.011466,50,145.365844,0.0
-4.436923,50,145.40067,0.0
-5.292599,50,145.435207,0.0
-5.238827,50,145.470286,0.0
-6.07009,50,145.504999,0.0
-5.265426,50,145.539285,0.0
-4.533035,50,145.574415,0.0
-5.716558,50,145.60882,0.0
-4.150584,50,145.643735,0.0
-5.784963,50,145.678751,0.0
-5.075526,50,145.713131,0.0
-5.302732,50,145.747831,0.0
-5.68494,50,145.782506,0.0
-5.181644,50,145.817514,0.0
-5.494516,50,145.852244,0.0
-3.778,50,145.886771,0.0
-5.358939,50,145.921439,0.0
-5.527698,50,145.95591,0.0
-5.356695,50,145.99128,0.0
-5.990162,50,146.026305,0.0
-5.39951,50,146.061539,0.0
-5.729296,50,146.096613,0.0
-5.439647,50,146.131924,0.0
-5.472766,50,146.167089,0.0
-5.808337,50,146.201983,0.0
-5.856093,50,146.236749,0.0
-5.810023,50,146.383323,0.0
-5.153929,50,146.418289,0.0
-5.349476,50,146.453249,0.0
-5.846761,50,146.488699,0.0
-5.492147,50,146.524473,0.0
-4.88391,50,146.559284,0.0
-5.007761,50,146.593978,0.0
-5.345188,50,146.629091,0.0
-5.172808,50,146.66404,0.0
-5.929274,50,146.698793,0.0
-5.386723,50,146.733354,0.0
-4.07222,50,146.768199,0.0
-5.271962,50,146.802913,0.0
-5.034515,50,146.837621,0.0
-5.880525,50,146.872288,0.0
-5.696919,50,146.907106,0.0
-5.740743,50,146.941595,0.0
-5.341129,50,146.976281,0.0
-5.636741,50,147.01099,0.0
-5.236748,50,147.045763,0.0
-5.29805,50,147.080539,0.0
-5.569138,50,147.115461,0.0
-4.847405,50,147.150107,0.0
-5.614007,50,147.184972,0.0
-5.228362,50,147.219094,0.0
-4.834164,50,147.253618,0.0
-5.521811,50,147.28829,0.0
-6.006011,50,147.323255,0.0
-5.524647,50,147.357712,0.0
-5.86104,50,147.392543,0.0
-5.696527,50,147.427427,0.0
-5.455404,50,147.462368,0.0
-5.542803,50,147.497592,0.0
-5.648983,50,147.532035,0.0
-6.207252,50,147.567082,0.0
-5.526527,50,147.601724,0.0
-3.658701,50,147.636903,0.0
-5.832949,50,147.672107,0.0
-5.348727,50,147.706987,0.0
-5.49409,50,147.741826,0.0
-5.436949,50,147.776462,0.0
-5.710823,50,147.922725,0.0
-5.41397,50,147.957817,0.0
-5.454502,50,147.992637,0.0
-5.24797,50,148.027235,0.0
-3.948191,50,148.062069,0.0
-5.004852,50,148.097481,0.0
-4.968759,50,148.132211,0.0
-5.25471,50,148.167237,0.0
-4.856992,50,148.20253,0.0
-5.876462,50,148.23753,0.0
-5.4179,50,148.272442,0.0
-5.754385,50,148.307498,0.0
-4.063738,50,148.342108,0.0
-6.174582,50,148.376522,0.0
-5.694995,50,148.411376,0.0
-3.657187,50,148.446205,0.0
-5.417738,50,148.481412,0.0
-5.193941,50,148.516596,0.0
-5.280965,50,148.551695,0.0
-3.447388,50,148.586335,0.0
-5.292365,50,148.621502,0.0
-6.068617,50,148.656842,0.0
-5.191425,50,148.692363,0.0
-6.380824,50,148.728024,0.0
-5.587224,50,148.76295,0.0
-6.229755,50,148.797465,0.0
-4.842921,50,148.833037,0.0
-5.461472,50,148.868606,0.0
-4.785098,50,148.904126,0.0
-5.048132,50,148.938712,0.0
-5.922102,50,148.973704,0.0
-5.631512,50,149.008262,0.0
-4.796416,50,149.043351,0.0
-5.009887,50,149.078588,0.0
-5.766422,50,149.113937,0.0
-5.202928,50,149.148987,0.0
-5.831075,50,149.183424,0.0
-5.628828,50,149.218392,0.0
-5.248136,50,149.25273,0.0
-6.001482,50,149.287212,0.0
-6.155232,50,149.32199,0.0
-5.637388,50,149.468044,0.0
-5.364583,50,149.503548,0.0
-4.526323,50,149.539147,0.0
-5.310747,50,149.5739,0.0
-5.446968,50,149.60894,0.0
-4.543545,50,149.643924,0.0
-4.717868,50,149.679306,0.0
-5.430484,50,149.715361,0.0
-4.254772,50,149.750266,0.0
-5.709093,50,149.78523,0.0
-5.945595,50,149.819982,0.0
-3.905364,50,149.854622,0.0
-4.541707,50,149.889145,0.0
-6.01332,50,149.923851,0.0
-5.28276,50,149.958461,0.0
-5.67048,50,149.992956,0.0
-5.528875,50,150.027705,0.0
-4.978862,50,150.06273,0.0
-5.475795,50,150.097383,0.0
-5.759763,50,150.132082,0.0
-4.833015,50,150.167023,0.0
-5.277478,50,150.201711,0.0
-5.331746,50,150.236354,0.0
-3.632372,50,150.270646,0.0
-5.364486,50,150.30584,0.0
-5.404666,50,150.340395,0.0
-5.572925,50,150.374822,0.0
-4.41738,50,150.409524,0.0
-5.706456,50,150.444111,0.0
-4.779585,50,150.478912,0.0
-5.792211,50,150.513356,0.0
-5.281185,50,150.547865,0.0
-5.011485,50,150.582807,0.0
-5.03648,50,150.617864,0.0
-5.157216,50,150.652911,0.0
-4.756835,50,150.687344,0.0
-5.657545,50,150.721623,0.0
-5.4374,50,150.756364,0.0
-5.578764,50,150.791033,0.0
-5.629188,50,150.8257,0.0
-5.262422,50,150.860356,0.0
-3.56762,50,151.007066,0.0
-4.717794,50,151.041997,0.0
-5.451017,50,151.076935,0.0
-6.112437,50,151.111737,0.0
-6.120272,50,151.146234,0.0
-5.345317,50,151.18075,0.0
-5.763559,50,151.215321,0.0
-5.640347,50,151.250121,0.0
-5.373366,50,151.285166,0.0
-3.665112,50,151.319849,0.0
-4.3388,50,151.35497,0.0
-5.107763,50,151.389851,0.0
-5.18614,50,151.424411,0.0
-5.217174,50,151.459109,0.0
-5.633673,50,151.493853,0.0
-5.525258,50,151.529005,0.0
-5.918102,50,151.563936,0.0
-5.021957,50,151.598631,0.0
-4.526814,50,151.633787,0.0
-5.292103,50,151.668553,0.0
-6.068282,50,151.703978,0.0
-5.905601,50,151.739322,0.0
-3.724441,50,151.774165,0.0
-6.030744,50,151.80887,0.0
-5.678481,50,151.843697,0.0
-5.520606,50,151.878111,0.0
-5.58067,50,151.912644,0.0
-5.404202,50,151.947501,0.0
-5.441146,50,151.982053,0.0
-4.802931,50,152.016682,0.0
-5.342952,50,152.050694,0.0
-5.352421,50,152.085403,0.0
-5.833264,50,152.120151,0.0
-5.791283,50,152.155037,0.0
-5.014735,50,152.18956,0.0
-5.847621,50,152.224474,0.0
-5.746972,50,152.258769,0.0
-5.448703,50,152.29331,0.0
-5.015946,50,152.328477,0.0
-5.13414,50,152.364321,0.0
-3.150914,50,152.399618,0.0
-4.879432,50,152.547984,0.0
-4.597487,50,152.583283,0.0
-4.024915,50,152.618468,0.0
-5.271155,50,152.654285,0.0
-5.302546,50,152.690064,0.0
-4.653673,50,152.725023,0.0
-4.589077,50,152.759869,0.0
-5.263535,50,152.795071,0.0
-4.962139,50,152.829516,0.0
-4.95215,50,152.864632,0.0
-5.699697,50,152.899716,0.0
-6.096065,50,152.934897,0.0
-5.192425,50,152.970187,0.0
-5.430987,50,153.005741,0.0
-5.454498,50,153.041382,0.0
-3.942921,50,153.076391,0.0
-5.363481,50,153.111537,0.0
-5.623316,50,153.146931,0.0
-4.890595,50,153.182423,0.0
-3.74775,50,153.21718,0.0
-4.303302,50,153.252849,0.0
-5.586955,50,153.288805,0.0
-5.346677,50,153.324708,0.0
-5.14077,50,153.360076,0.0
-5.1345,50,153.395254,0.0
-5.292728,50,153.430248,0.0
-4.034577,50,153.465072,0.0
-6.174505,50,153.846095,0.0
-5.241538,50,153.880942,0.0
-5.255324,50,153.916256,0.0
-5.400418,50,153.951177,0.0
-5.383126,50,153.985959,0.0
-5.658761,50,154.020631,0.0
-4.938122,50,154.056308,0.0
-5.568902,50,154.091647,0.0
-4.202824,50,154.127349,0.0
-5.120946,50,154.162626,0.0
-4.857622,50,154.197737,0.0
-5.14256,50,154.233438,0.0
-5.386054,50,154.268448,0.0
-5.761887,50,154.303515,0.0
-6.055174,50,154.450887,0.0
-5.40578,50,154.485741,0.0
-5.25359,50,154.520552,0.0
-3.691044,50,154.555314,0.0
-5.203771,50,154.590105,0.0
-4.98761,50,154.625052,0.0
-4.598787,50,154.660413,0.0
-5.029466,50,154.695316,0.0
-5.809048,50,154.730656,0.0
-5.346641,50,154.765749,0.0
-4.778068,50,154.800565,0.0
-4.649639,50,154.836544,0.0
-4.646237,50,154.872487,0.0
-5.373978,50,154.908316,0.0
-5.384683,50,154.943843,0.0
-6.05314,50,154.979532,0.0
-4.995072,50,155.014848,0.0
-5.040841,50,155.049705,0.0
-5.586064,50,155.084525,0.0
-5.380195,50,155.119356,0.0
-4.927315,50,155.154983,0.0
-5.820603,50,155.191122,0.0
-4.23409,50,155.226685,0.0
-3.5718,50,155.262324,0.0
-5.847967,50,155.297793,0.0
-5.490249,50,155.33308,0.0
-5.143286,50,155.368663,0.0
-5.383745,50,155.404216,0.0
-4.589275,50,155.439039,0.0
-5.557667,50,155.474111,0.0
-5.691688,50,155.509481,0.0
-4.037243,50,155.544662,0.0
-5.62452,50,155.579878,0.0
-5.60235,50,155.614852,0.0
-5.485567,50,155.650216,0.0
-5.720395,50,155.685612,0.0
-5.156195,50,155.722157,0.0
-5.901687,50,155.758397,0.0
-5.416899,50,155.79462,0.0
-5.692256,50,155.829809,0.0
-5.895,50,155.864664,0.0
-3.864597,50,156.010865,0.0
-5.74727,50,156.046341,0.0
-3.604088,50,156.0814,0.0
-5.752498,50,156.116499,0.0
-3.529032,50,156.153006,0.0
-5.218009,50,156.187869,0.0
-5.631166,50,156.222498,0.0
-5.356322,50,156.256977,0.0
-6.082275,50,156.291692,0.0
-5.457717,50,156.326702,0.0
-4.267754,50,156.361305,0.0
-5.547933,50,156.396197,0.0
-4.984084,50,156.431569,0.0
-5.426391,50,156.466502,0.0
-5.556755,50,156.501207,0.0
-5.241222,50,156.536037,0.0
-4.623831,50,156.570857,0.0
-5.208851,50,156.606306,0.0
-5.670664,50,156.641439,0.0
-5.350814,50,156.676694,0.0
-5.798901,50,156.71139,0.0
-5.895137,50,156.74624,0.0
-6.611822,50,156.780988,0.0
-4.961589,50,156.815701,0.0
-5.153324,50,156.850805,0.0
-5.306303,50,156.885437,0.0
-5.044182,50,156.920314,0.0
-5.3673,50,156.954733,0.0
-5.241541,50,156.989195,0.0
-4.813575,50,157.024005,0.0
-4.076424,50,157.059023,0.0
-5.103254,50,157.093941,0.0
-5.368292,50,157.128783,0.0
-5.287547,50,157.163891,0.0
-5.281146,50,157.198774,0.0
-5.403913,50,157.233754,0.0
-4.013476,50,157.268547,0.0
-4.957229,50,157.303686,0.0
-5.42904,50,157.338512,0.0
-4.911603,50,157.373486,0.0
-5.167701,50,157.409194,0.0
-5.599651,50,157.560617,0.0
-5.471085,50,157.59616,0.0
-5.811103,50,157.631145,0.0
-5.424436,50,157.666165,0.0
-5.326202,50,157.701251,0.0
-5.336653,50,157.736087,0.0
-6.292747,50,157.770939,0.0
-5.123106,50,157.805743,0.0
-5.02389,50,157.84027,0.0
-5.76097,50,157.875021,0.0
-4.543768,50,157.909442,0.0
-4.683123,50,157.943685,0.0
-4.618882,50,157.978425,0.0
-5.913631,50,158.013946,0.0
-5.548762,50,158.048968,0.0
-5.617196,50,158.083583,0.0
-3.370941,50,158.118354,0.0
-4.572148,50,158.153035,0.0
-5.545562,50,158.187703,0.0
-6.317402,50,158.222466,0.0
-5.403874,50,158.25679,0.0
-4.644225,50,158.291409,0.0
-5.186142,50,158.326123,0.0
-5.414607,50,158.360566,0.0
-5.481777,50,158.395116,0.0
-3.888596,50,158.42924,0.0
-6.040038,50,158.463728,0.0
-5.028705,50,158.498335,0.0
-5.533051,50,158.532997,0.0
-6.108763,50,158.567369,0.0
-6.130423,50,158.601974,0.0
-5.640976,50,158.636451,0.0
-3.885698,50,158.671203,0.0
-5.365962,50,158.705622,0.0
-5.616104,50,158.74037,0.0
-4.585113,50,158.77558,0.0
-5.410802,50,158.810573,0.0
-5.690064,50,158.844901,0.0
-5.473444,50,158.879367,0.0
-4.697521,50,158.914182,0.0
-5.138543,50,159.059876,0.0
-5.421866,50,159.09496,0.0
-5.831488,50,159.130071,0.0
-5.367441,50,159.164898,0.0
-5.815933,50,159.199776,0.0
-4.726636,50,159.234538,0.0
-6.022522,50,159.269438,0.0
-5.512104,50,159.304252,0.0
-4.286277,50,159.339144,0.0
-3.571252,50,159.374008,0.0
-5.250465,50,159.408672,0.0
-5.194871,50,159.443597,0.0
-3.941267,50,159.478107,0.0
-5.519697,50,159.512871,0.0
-5.709672,50,159.54754,0.0
-4.769557,50,159.582081,0.0
-6.17102,50,159.616234,0.0
-5.81163,50,159.650829,0.0
-5.144761,50,159.685889,0.0
-5.211347,50,159.720766,0.0
-4.63644,50,159.755976,0.0
-5.310665,50,159.791413,0.0
-5.050038,50,159.826024,0.0
-5.990973,50,159.861102,0.0
-5.209252,50,159.895701,0.0
-5.119135,50,159.930384,0.0
-5.839007,50,159.965492,0.0
-4.847309,50,160.000233,0.0
-4.7965,50,160.035241,0.0
-4.942289,50,160.069677,0.0
-5.346079,50,160.104698,0.0
-5.036952,50,160.139775,0.0
-3.879142,50,160.17389,0.0
-5.237152,50,160.208652,0.0
-5.673154,50,160.24312,0.0
-5.161926,50,160.277928,0.0
-4.86693,50,160.313695,0.0
-4.175381,50,160.348631,0.0
-4.586805,50,160.383354,0.0
-3.885377,50,160.418138,0.0
-5.089502,50,160.452666,0.0
-5.450794,50,160.599823,0.0
-6.256567,50,160.635354,0.0
-5.580084,50,160.669932,0.0
-5.460664,50,160.704662,0.0
-5.356561,50,160.739582,0.0
-5.294868,50,160.774834,0.0
-5.535949,50,160.810215,0.0
-5.778558,50,160.844973,0.0
-6.057218,50,160.880095,0.0
-5.932444,50,160.915472,0.0
-5.094254,50,160.951104,0.0
-5.26215,50,160.986752,0.0
-6.126598,50,161.02199,0.0
-5.38611,50,161.056933,0.0
-6.062508,50,161.092062,0.0
-5.937247,50,161.127197,0.0
-3.796162,50,161.162289,0.0
-5.153971,50,161.197454,0.0
-5.363774,50,161.232418,0.0
-4.083991,50,161.267797,0.0
-4.992063,50,161.302762,0.0
-5.082464,50,161.337377,0.0
-5.178081,50,161.372157,0.0
-5.313906,50,161.406608,0.0
-5.413912,50,161.441704,0.0
-5.711467,50,161.476999,0.0
-4.709114,50,161.512436,0.0
-5.212196,50,161.54771,0.0
-5.346672,50,161.583116,0.0
-5.484427,50,161.61826,0.0
-4.460434,50,161.653506,0.0
-3.603979,50,161.688619,0.0
-5.76205,50,161.72297,0.0
-5.701635,50,161.758274,0.0
-5.046227,50,161.793579,0.0
-3.544287,50,161.828465,0.0
-5.297809,50,161.863157,0.0
-5.296842,50,161.898557,0.0
-5.309476,50,161.933419,0.0
-6.207901,50,161.968256,0.0
-5.121495,50,162.00353,0.0
-5.559903,50,162.151118,0.0
-5.458494,50,162.186577,0.0
-5.226881,50,162.221692,0.0
-4.92657,50,162.256559,0.0
-5.215274,50,162.291634,0.0
-5.209791,50,162.32721,0.0
-4.110876,50,162.362453,0.0
-5.126026,50,162.397636,0.0
-4.580799,50,162.432912,0.0
-5.365238,50,162.467948,0.0
-5.154153,50,162.504009,0.0
-5.286984,50,162.540001,0.0
-5.16208,50,162.575653,0.0
-5.228187,50,162.610434,0.0
-5.791243,50,162.645366,0.0
-5.42429,50,162.680709,0.0
-5.802022,50,162.715957,0.0
-5.437934,50,162.751207,0.0
-5.236256,50,162.786653,0.0
-5.287127,50,162.821914,0.0
-5.277777,50,162.857257,0.0
-5.633447,50,162.89215,0.0
-5.744194,50,162.927166,0.0
-4.138432,50,162.962051,0.0
-5.321937,50,162.997617,0.0
-5.560495,50,163.032482,0.0
-4.698423,50,163.067139,0.0
-5.005366,50,163.102114,0.0
-4.768027,50,163.137274,0.0
-4.848043,50,163.172457,0.0
-4.706511,50,163.207106,0.0
-5.485918,50,163.242102,0.0
-5.919691,50,163.276915,0.0
-5.30445,50,163.31152,0.0
-5.669786,50,163.346428,0.0
-6.091102,50,163.381328,0.0
-6.447825,50,163.415957,0.0
-4.799808,50,163.451503,0.0
-5.433458,50,163.486798,0.0
-6.205355,50,163.521607,0.0
-5.477903,50,163.556483,0.0
-5.07601,50,163.70389,0.0
-5.156686,50,163.739348,0.0
-4.948995,50,163.774685,0.0
-4.923113,50,163.809742,0.0
-5.259812,50,163.844804,0.0
-4.695792,50,163.879706,0.0
-5.226811,50,163.914447,0.0
-3.694058,50,163.950194,0.0
-5.068121,50,163.985603,0.0
-5.714569,50,164.020636,0.0
-3.832066,50,164.056055,0.0
-3.838567,50,164.091065,0.0
-4.236714,50,164.126208,0.0
-4.737946,50,164.161536,0.0
-5.41453,50,164.196931,0.0
-4.919502,50,164.232182,0.0
-4.779995,50,164.267144,0.0
-4.666578,50,164.302538,0.0
-5.015064,50,164.337582,0.0
-5.132824,50,164.37362,0.0
-5.459778,50,164.408351,0.0
-5.552026,50,164.44345,0.0
-5.694817,50,164.479186,0.0
-5.643829,50,164.514369,0.0
-5.524852,50,164.549258,0.0
-5.129275,50,164.584383,0.0
-4.847132,50,164.619481,0.0
-5.467386,50,164.654621,0.0
-5.566459,50,164.689975,0.0
-6.09964,50,164.724772,0.0
-4.916542,50,164.75988,0.0
-5.372214,50,164.795484,0.0
-5.646185,50,164.830611,0.0
-5.102895,50,164.86572,0.0
-6.113829,50,164.900221,0.0
-4.437305,50,164.935676,0.0
-5.151293,50,164.971287,0.0
-5.420174,50,165.007268,0.0
-6.537588,50,165.042293,0.0
-5.5685,50,165.078233,0.0
-5.550931,50,165.113837,0.0
-5.552452,50,165.262183,0.0
-5.708466,50,165.297622,0.0
-5.367756,50,165.333307,0.0
-6.184256,50,165.368272,0.0
-4.659805,50,165.402991,0.0
-4.979048,50,165.438037,0.0
-5.418155,50,165.473226,0.0
-5.092287,50,165.508084,0.0
-5.601895,50,165.542586,0.0
-5.398122,50,165.577616,0.0
-5.094095,50,165.6128,0.0
-4.847674,50,165.647345,0.0
-3.918199,50,165.681821,0.0
-5.601511,50,165.716292,0.0
-4.997066,50,165.750812,0.0
-5.694048,50,165.785924,0.0
-4.853382,50,165.82062,0.0
-5.131778,50,165.855527,0.0
-5.36655,50,165.890505,0.0
-5.388775,50,165.924886,0.0
-5.358889,50,165.959363,0.0
-5.148631,50,165.994699,0.0
-4.612674,50,166.02984,0.0
-5.699547,50,166.06499,0.0
-3.554964,50,166.100152,0.0
-4.878885,50,166.135402,0.0
-3.845014,50,166.170545,0.0
-5.11728,50,166.205637,0.0
-3.970517,50,166.240817,0.0
-5.075194,50,166.275676,0.0
-5.674677,50,166.310559,0.0
-5.336615,50,166.345181,0.0
-4.847466,50,166.379818,0.0
-5.279439,50,166.41419,0.0
-5.017269,50,166.448709,0.0
-5.986933,50,166.483116,0.0
-4.48693,50,166.518238,0.0
-5.975299,50,166.55316,0.0
-4.999326,50,166.588487,0.0
-5.351985,50,166.623131,0.0
-4.973211,50,166.657621,0.0
-3.914062,50,166.804039,0.0
-4.888278,50,166.839087,0.0
-5.018733,50,166.874036,0.0
-4.859681,50,166.908762,0.0
-4.948279,50,166.943539,0.0
-4.804489,50,166.978176,0.0
-5.171478,50,167.013214,0.0
-4.480503,50,167.048813,0.0
-4.139528,50,167.083399,0.0
-5.460991,50,167.118621,0.0
-5.595323,50,167.154247,0.0
-3.62366,50,167.190844,0.0
-6.306629,50,167.226267,0.0
-5.159689,50,167.261604,0.0
-5.288555,50,167.296445,0.0
-5.904586,50,167.331011,0.0
-5.604119,50,167.365844,0.0
-5.132159,50,167.400807,0.0
-6.118557,50,167.435858,0.0
-5.058006,50,167.470492,0.0
-5.27907,50,167.506332,0.0
-5.058968,50,167.541668,0.0
-5.361469,50,167.576621,0.0
-5.889357,50,167.611328,0.0
-6.066955,50,167.646212,0.0
-5.339013,50,167.681379,0.0
-5.119035,50,167.71642,0.0
-5.315211,50,167.751684,0.0
-4.271497,50,167.787034,0.0
-3.681273,50,167.822209,0.0
-5.783401,50,167.856965,0.0
-4.802292,50,167.892219,0.0
-4.788247,50,167.927158,0.0
-6.45295,50,167.962021,0.0
-4.856504,50,167.997022,0.0
-5.435057,50,168.031826,0.0
-6.127149,50,168.066756,0.0
-5.422561,50,168.101972,0.0
-4.952264,50,168.137698,0.0
-5.516397,50,168.17288,0.0
-3.8007,50,168.207627,0.0
-4.046751,50,168.355086,0.0
-5.359211,50,168.390176,0.0
-5.173171,50,168.425349,0.0
-4.658126,50,168.460523,0.0
-5.242939,50,168.495725,0.0
-4.392211,50,168.531441,0.0
-5.063769,50,168.566132,0.0
-5.969643,50,168.60116,0.0
-5.96421,50,168.636033,0.0
-4.873375,50,168.671165,0.0
-5.851708,50,168.705942,0.0
-4.68421,50,168.740854,0.0
-5.024363,50,168.775669,0.0
-4.574939,50,168.810443,0.0
-5.544866,50,168.845114,0.0
-5.049383,50,168.880077,0.0
-5.399863,50,168.915104,0.0
-5.315087,50,168.949576,0.0
-5.608402,50,168.984294,0.0
-6.41344,50,169.019032,0.0
-4.36193,50,169.054099,0.0
-5.389053,50,169.088874,0.0
-5.503951,50,169.123486,0.0
-5.383339,50,169.158312,0.0
-5.462025,50,169.193195,0.0
-4.839461,50,169.228248,0.0
-5.661535,50,169.263054,0.0
-5.500694,50,169.297669,0.0
-5.115048,50,169.332834,0.0
-4.829646,50,169.367988,0.0
-5.323816,50,169.402746,0.0
-3.971855,50,169.43761,0.0
-5.403182,50,169.472211,0.0
-4.894088,50,169.507019,0.0
-4.454526,50,169.541775,0.0
-4.576194,50,169.576284,0.0
-5.145665,50,169.611336,0.0
-5.269427,50,169.646652,0.0
-4.698131,50,169.682056,0.0
-4.225238,50,169.717254,0.0
-5.511037,50,169.752299,0.0
-5.379339,50,169.899089,0.0
-4.790073,50,169.934019,0.0
-3.336929,50,169.968773,0.0
-5.371188,50,170.003883,0.0
-5.046322,50,170.038817,0.0
-3.638429,50,170.073906,0.0
-5.546377,50,170.108732,0.0
-5.474639,50,170.144139,0.0
-4.161008,50,170.17887,0.0
-6.036304,50,170.213939,0.0
-5.102334,50,170.24875,0.0
-5.298362,50,170.283384,0.0
-4.678553,50,170.318647,0.0
-4.98092,50,170.353454,0.0
-5.03411,50,170.388965,0.0
-5.77716,50,170.424506,0.0
-5.037562,50,170.459881,0.0
-5.053454,50,170.495475,0.0
-5.166553,50,170.530753,0.0
-5.163689,50,170.565833,0.0
-5.539032,50,170.601205,0.0
-5.922041,50,170.637409,0.0
-4.9784,50,170.672542,0.0
-5.55228,50,170.707489,0.0
-5.994336,50,170.744923,0.0
-4.911385,50,170.779658,0.0
-4.932008,50,170.81554,0.0
-4.477091,50,170.851376,0.0
-5.600874,50,170.886581,0.0
-5.313978,50,170.921951,0.0
-5.139724,50,170.957061,0.0
-5.802868,50,170.992424,0.0
-3.748689,50,171.027435,0.0
-4.74345,50,171.062468,0.0
-5.077376,50,171.097266,0.0
-5.394543,50,171.132169,0.0
-4.96165,50,171.167116,0.0
-4.884728,50,171.202018,0.0
-5.155209,50,171.236873,0.0
-4.394324,50,171.271598,0.0
-4.453644,50,171.306359,0.0
-6.030589,50,171.45361,0.0
-5.239945,50,171.489565,0.0
-6.149794,50,171.525398,0.0
-5.376888,50,171.561,0.0
-5.091418,50,171.595927,0.0
-4.92211,50,171.630729,0.0
-5.312167,50,171.665748,0.0
-5.385409,50,171.699938,0.0
-3.487026,50,171.734473,0.0
-4.906373,50,171.768867,0.0
-5.87933,50,171.803264,0.0
-5.070999,50,171.838052,0.0
-4.396888,50,171.872508,0.0
-5.207838,50,171.907208,0.0
-5.67634,50,171.941504,0.0
-6.689866,50,171.976046,0.0
-4.936236,50,172.010622,0.0
-4.842834,50,172.045454,0.0
-4.090411,50,172.080726,0.0
-5.236192,50,172.116424,0.0
-5.771781,50,172.151268,0.0
-4.138488,50,172.186033,0.0
-5.555436,50,172.220872,0.0
-5.047599,50,172.255788,0.0
-5.197016,50,172.29105,0.0
-5.73283,50,172.326384,0.0
-5.150088,50,172.361386,0.0
-4.801329,50,172.39661,0.0
-5.337735,50,172.431192,0.0
-6.042127,50,172.465957,0.0
-5.316184,50,172.501296,0.0
-5.354154,50,172.536422,0.0
-5.768995,50,172.571619,0.0
-5.673903,50,172.606538,0.0
-5.387274,50,172.641577,0.0
-5.494585,50,172.676563,0.0
-4.255447,50,172.711711,0.0
-4.826691,50,172.746872,0.0
-4.735942,50,172.781936,0.0
-5.661071,50,172.816888,0.0
-3.591554,50,172.852428,0.0
-5.726574,50,172.999322,0.0
-5.604784,50,173.034615,0.0
-5.626207,50,173.070078,0.0
-4.186166,50,173.105878,0.0
-3.844267,50,173.141677,0.0
-5.08078,50,173.177017,0.0
-4.291266,50,173.212043,0.0
-4.755788,50,173.246857,0.0
-6.063561,50,173.281676,0.0
-5.088833,50,173.31702,0.0
-4.575204,50,173.351628,0.0
-4.823805,50,173.386531,0.0
-5.936421,50,173.420757,0.0
-4.705175,50,173.455246,0.0
-5.368787,50,173.490137,0.0
-5.319988,50,173.525104,0.0
-5.731413,50,173.560194,0.0
-5.840683,50,173.595339,0.0
-6.062976,50,173.630435,0.0
-5.789099,50,173.665935,0.0
-5.935425,50,173.701947,0.0
-5.107704,50,173.737335,0.0
-4.748562,50,173.772055,0.0
-4.966864,50,173.806886,0.0
-4.50318,50,173.841737,0.0
-5.808455,50,173.876608,0.0
-5.287308,50,173.91108,0.0
-5.132682,50,173.945869,0.0
-5.579061,50,173.980562,0.0
-4.935688,50,174.0151,0.0
-5.547842,50,174.049746,0.0
-5.197416,50,174.084118,0.0
-5.84599,50,174.118534,0.0
-5.902733,50,174.153079,0.0
-4.588768,50,174.187865,0.0
-4.767318,50,174.222671,0.0
-3.990206,50,174.256875,0.0
-5.202037,50,174.291201,0.0
-4.707616,50,174.325724,0.0
-3.884315,50,174.360331,0.0
-4.947837,50,174.395033,0.0
-5.406096,50,174.54123,0.0
-4.334264,50,174.575871,0.0
-4.821051,50,174.610506,0.0
-5.334162,50,174.645571,0.0
-4.882898,50,174.680171,0.0
-4.19359,50,174.715651,0.0
-5.61002,50,174.750524,0.0
-4.672888,50,174.785864,0.0
-4.743943,50,174.820715,0.0
-4.003019,50,174.855312,0.0
-5.091263,50,174.890199,0.0
-4.954064,50,174.924961,0.0
-5.284042,50,174.959429,0.0
-5.095688,50,174.993967,0.0
-5.368865,50,175.028435,0.0
-5.644112,50,175.06318,0.0
-5.481454,50,175.09751,0.0
-6.065586,50,175.132103,0.0
-3.839798,50,175.167036,0.0
-4.994065,50,175.201902,0.0
-6.059582,50,175.236427,0.0
-5.306489,50,175.271045,0.0
-5.406919,50,175.305812,0.0
-4.966054,50,175.340619,0.0
-4.839534,50,175.375095,0.0
-5.237699,50,175.410132,0.0
-5.168699,50,175.444464,0.0
-5.322152,50,175.479054,0.0
-4.637809,50,175.51348,0.0
-4.662789,50,175.548286,0.0
-4.582571,50,175.582758,0.0
-5.16665,50,175.617474,0.0
-5.333749,50,175.652523,0.0
-3.57205,50,175.687288,0.0
-4.924975,50,175.722391,0.0
-5.875818,50,175.757601,0.0
-4.078733,50,175.792306,0.0
-5.644539,50,175.827373,0.0
-4.929346,50,175.862352,0.0
-4.994058,50,175.897377,0.0
-5.478556,50,175.93256,0.0
-5.254262,50,176.079242,0.0
-5.204217,50,176.114305,0.0
-4.666874,50,176.1491,0.0
-4.322314,50,176.18385,0.0
-4.394291,50,176.218562,0.0
-4.84731,50,176.253469,0.0
-4.033467,50,176.288461,0.0
-5.141595,50,176.324127,0.0
-5.122725,50,176.359152,0.0
-5.180536,50,176.393564,0.0
-5.084382,50,176.428407,0.0
-4.887388,50,176.462788,0.0
-5.111613,50,176.49806,0.0
-5.040905,50,176.533069,0.0
-3.925016,50,176.56873,0.0
-4.861402,50,176.604803,0.0
-4.087431,50,176.640362,0.0
-5.456044,50,176.675334,0.0
-5.304554,50,176.710305,0.0
-3.795396,50,176.745012,0.0
-4.481442,50,176.779809,0.0
-5.637602,50,176.81568,0.0
-4.97371,50,176.850389,0.0
-5.212767,50,176.885787,0.0
-5.236921,50,176.920742,0.0
-4.744615,50,176.955396,0.0
-5.397038,50,176.990108,0.0
-4.73367,50,177.024539,0.0
-5.210822,50,177.059279,0.0
-4.789059,50,177.094528,0.0
-4.857867,50,177.129667,0.0
-3.768868,50,177.16426,0.0
-5.570479,50,177.199198,0.0
-6.01777,50,177.233535,0.0
-4.996684,50,177.268328,0.0
-5.377735,50,177.303268,0.0
-4.92711,50,177.338264,0.0
-5.09527,50,177.372801,0.0
-4.517217,50,177.407428,0.0
-4.680908,50,177.442315,0.0
-4.752468,50,177.476745,0.0
-4.951909,50,177.623498,0.0
-5.442844,50,177.658792,0.0
-5.34869,50,177.693765,0.0
-5.229044,50,177.72902,0.0
-4.83679,50,177.763706,0.0
-5.613117,50,177.79891,0.0
-4.468072,50,177.834005,0.0
-4.706509,50,177.869099,0.0
-5.847178,50,177.904039,0.0
-4.80512,50,177.939558,0.0
-5.310568,50,177.974037,0.0
-4.726984,50,178.008865,0.0
-4.977951,50,178.043747,0.0
-5.093502,50,178.078298,0.0
-6.126402,50,178.113718,0.0
-5.601084,50,178.148966,0.0
-5.525194,50,178.183697,0.0
-5.5819,50,178.218192,0.0
-5.040172,50,178.253148,0.0
-5.317615,50,178.288411,0.0
-6.318624,50,178.323423,0.0
-5.507953,50,178.35849,0.0
-4.147325,50,178.393402,0.0
-5.61628,50,178.428185,0.0
-5.775508,50,178.462804,0.0
-4.297871,50,178.497511,0.0
-5.336229,50,178.532715,0.0
-5.200032,50,178.567316,0.0
-5.081844,50,178.601698,0.0
-5.065546,50,178.636729,0.0
-5.446627,50,178.671643,0.0
-5.131118,50,178.706403,0.0
-4.346593,50,178.741263,0.0
-5.617587,50,178.776261,0.0
-5.839865,50,178.810918,0.0
-5.483036,50,178.846156,0.0
-4.815523,50,178.883372,0.0
-5.193787,50,178.919347,0.0
-4.453386,50,178.954405,0.0
-5.148392,50,178.990054,0.0
-4.883276,50,179.02523,0.0
-5.177065,50,179.173564,0.0
-5.396707,50,179.209081,0.0
-5.39189,50,179.243797,0.0
-5.121485,50,179.279181,0.0
-4.972064,50,179.314084,0.0
-5.599172,50,179.34855,0.0
-4.75746,50,179.383056,0.0
-5.246635,50,179.417692,0.0
-4.810298,50,179.452215,0.0
-5.688267,50,179.488309,0.0
-6.286004,50,179.523229,0.0
-4.173139,50,179.558184,0.0
-4.880853,50,179.593135,0.0
-4.898776,50,179.628003,0.0
-4.358487,50,179.662791,0.0
-5.757809,50,179.697398,0.0
-3.843811,50,179.732471,0.0
-4.869142,50,179.767552,0.0
-4.364769,50,179.80276,0.0
-5.419659,50,179.837941,0.0
-3.624188,50,179.873517,0.0
-4.835483,50,179.909254,0.0
-4.920012,50,179.943899,0.0
-5.243439,50,179.979105,0.0
-4.971004,50,180.013804,0.0
-4.710511,50,180.048929,0.0
-5.683849,50,180.083938,0.0
-5.077074,50,180.118889,0.0
-5.334116,50,180.153796,0.0
-5.586445,50,180.188883,0.0
-5.211728,50,180.223436,0.0
-5.496873,50,180.257844,0.0
-6.268893,50,180.292696,0.0
-4.795114,50,180.327783,0.0
-5.055396,50,180.362272,0.0
-4.791791,50,180.396683,0.0
-4.465782,50,180.431456,0.0
-5.051069,50,180.465888,0.0
-5.485699,50,180.500361,0.0
-4.930448,50,180.53509,0.0
-5.313122,50,180.569724,0.0
-6.423347,50,180.718479,0.0
-5.625335,50,180.753659,0.0
-5.227787,50,180.789135,0.0
-6.008119,50,180.824576,0.0
-4.911766,50,180.859838,0.0
-5.867999,50,180.894744,0.0
-4.8427,50,180.929752,0.0
-5.450231,50,180.964636,0.0
-5.352759,50,181.000036,0.0
-5.266273,50,181.035411,0.0
-4.014988,50,181.070447,0.0
-4.700135,50,181.105873,0.0
-5.575391,50,181.140779,0.0
-4.95092,50,181.175767,0.0
-5.21433,50,181.210419,0.0
-4.262216,50,181.245422,0.0
-5.926001,50,181.280216,0.0
-5.40733,50,181.31518,0.0
-5.449931,50,181.35018,0.0
-4.31939,50,181.384864,0.0
-5.652852,50,181.419822,0.0
-4.956865,50,181.455057,0.0
-5.13686,50,181.490446,0.0
-4.586474,50,181.525319,0.0
-5.616629,50,181.560527,0.0
-5.029222,50,181.595323,0.0
-5.375382,50,181.630503,0.0
-4.937721,50,181.665998,0.0
-4.699605,50,181.701461,0.0
-5.237848,50,181.736181,0.0
-5.172461,50,181.771131,0.0
-6.128446,50,181.806124,0.0
-4.725795,50,181.84097,0.0
-4.588654,50,181.875389,0.0
-4.794953,50,181.910109,0.0
-5.361078,50,181.944673,0.0
-5.589103,50,181.979337,0.0
-5.242007,50,182.01388,0.0
-4.659864,50,182.048649,0.0
-3.640397,50,182.083632,0.0
-5.673656,50,182.118258,0.0
-5.50525,50,182.265398,0.0
-4.699996,50,182.300026,0.0
-5.214816,50,182.335439,0.0
-5.384291,50,182.371144,0.0
-4.683153,50,182.406364,0.0
-5.014625,50,182.441708,0.0
-5.478601,50,182.47701,0.0
-4.857789,50,182.513026,0.0
-4.901816,50,182.548698,0.0
-4.929491,50,182.584679,0.0
-5.370151,50,182.62012,0.0
-4.919486,50,182.655515,0.0
-5.353348,50,182.691006,0.0
-5.562656,50,182.72605,0.0
-5.380032,50,182.761504,0.0
-5.375062,50,182.796549,0.0
-4.694336,50,182.832079,0.0
-4.417914,50,182.867346,0.0
-4.621155,50,182.902592,0.0
-5.102372,50,182.937838,0.0
-5.250952,50,182.973383,0.0
-3.97526,50,183.00872,0.0
-5.323953,50,183.044078,0.0
-5.064585,50,183.079404,0.0
-5.147725,50,183.114619,0.0
-4.318736,50,183.150557,0.0
-4.644685,50,183.185788,0.0
-5.528169,50,183.220592,0.0
-5.565659,50,183.256014,0.0
-4.940784,50,183.290871,0.0
-4.723469,50,183.326053,0.0
-4.914906,50,183.361298,0.0
-4.988005,50,183.396465,0.0
-5.22386,50,183.43171,0.0
-5.131592,50,183.466653,0.0
-4.087159,50,183.501838,0.0
-4.984864,50,183.537197,0.0
-4.658539,50,183.57222,0.0
-5.159402,50,183.60832,0.0
-5.127245,50,183.643904,0.0
-4.731593,50,183.679297,0.0
-4.126781,50,183.828715,0.0
-5.143598,50,183.864224,0.0
-4.838364,50,183.899828,0.0
-5.713765,50,183.935286,0.0
-5.032543,50,183.970583,0.0
-5.08777,50,184.006142,0.0
-4.357434,50,184.041351,0.0
-5.433933,50,184.076965,0.0
-5.342973,50,184.113159,0.0
-5.117679,50,184.149126,0.0
-4.856449,50,184.184367,0.0
-4.538936,50,184.219881,0.0
-4.436198,50,184.255627,0.0
-5.226961,50,184.291249,0.0
-6.011038,50,184.327571,0.0
-4.489994,50,184.363336,0.0
-5.078887,50,184.399569,0.0
-4.859017,50,184.435137,0.0
-5.597395,50,184.470822,0.0
-4.828644,50,184.506137,0.0
-5.101576,50,184.541622,0.0
-4.575244,50,184.57735,0.0
-6.151928,50,184.612663,0.0
-4.98787,50,184.647824,0.0
-5.299965,50,184.683534,0.0
-5.055511,50,184.719369,0.0
-5.346019,50,184.754581,0.0
-5.365703,50,184.789913,0.0
-5.2063,50,184.825213,0.0
-5.508949,50,184.860433,0.0
-5.092246,50,184.895748,0.0
-4.811545,50,184.930865,0.0
-4.51786,50,184.966399,0.0
-5.151454,50,185.001891,0.0
-5.317617,50,185.037143,0.0
-5.770226,50,185.072383,0.0
-4.945394,50,185.107977,0.0
-5.366738,50,185.142918,0.0
-5.172585,50,185.178198,0.0
-4.143043,50,185.213432,0.0
-5.079528,50,185.248365,0.0
-6.441292,50,185.399582,0.0
-4.115861,50,185.435712,0.0
-5.707136,50,185.471013,0.0
-5.399381,50,185.50617,0.0
-5.613494,50,185.541453,0.0
-4.756984,50,185.576715,0.0
-5.363317,50,185.612128,0.0
-4.930108,50,185.648302,0.0
-5.12444,50,185.684027,0.0
-4.621291,50,185.719383,0.0
-4.895007,50,185.754666,0.0
-5.114195,50,185.790388,0.0
-4.128637,50,185.826207,0.0
-5.409401,50,185.86235,0.0
-4.737588,50,185.897763,0.0
-5.045426,50,185.933552,0.0
-5.319268,50,185.968747,0.0
-3.771593,50,186.004366,0.0
-5.794392,50,186.039848,0.0
-4.637912,50,186.075029,0.0
-4.880946,50,186.110294,0.0
-5.280472,50,186.14562,0.0
-4.723944,50,186.180828,0.0
-5.205999,50,186.21573,0.0
-4.894422,50,186.25087,0.0
-4.211351,50,186.286206,0.0
-5.587552,50,186.321322,0.0
-5.020052,50,186.356667,0.0
-5.128015,50,186.392199,0.0
-4.572336,50,186.427228,0.0
-5.170847,50,186.462388,0.0
-4.862627,50,186.498438,0.0
-4.847916,50,186.533393,0.0
-5.287896,50,186.568748,0.0
-5.302357,50,186.603952,0.0
-5.73274,50,186.639242,0.0
-4.917829,50,186.674877,0.0
-5.580332,50,186.710075,0.0
-4.524089,50,186.745541,0.0
-3.641893,50,186.780622,0.0
-5.726742,50,186.815945,0.0
-5.733069,50,186.966727,0.0
-5.428693,50,187.002423,0.0
-4.861883,50,187.037508,0.0
-5.25737,50,187.073162,0.0
-5.088125,50,187.1089,0.0
-5.634308,50,187.14397,0.0
-4.621003,50,187.17963,0.0
-5.007887,50,187.214962,0.0
-5.239471,50,187.250157,0.0
-4.696214,50,187.285852,0.0
-5.595674,50,187.321272,0.0
-4.921175,50,187.356821,0.0
-4.842936,50,187.39245,0.0
-5.040978,50,187.427531,0.0
-5.215774,50,187.462668,0.0
-4.958795,50,187.497794,0.0
-4.922129,50,187.53278,0.0
-5.241141,50,187.568576,0.0
-4.762961,50,187.603586,0.0
-5.241168,50,187.638933,0.0
-5.067168,50,187.674337,0.0
-4.442832,50,187.70967,0.0
-5.379996,50,187.744756,0.0
-4.565416,50,187.780133,0.0
-4.739199,50,187.816239,0.0
-4.960665,50,187.851818,0.0
-5.475645,50,187.887284,0.0
-5.576317,50,187.922795,0.0
-5.813379,50,187.958293,0.0
-5.041101,50,187.994006,0.0
-4.997498,50,188.029325,0.0
-4.968756,50,188.06422,0.0
-5.680264,50,188.099675,0.0
-5.017757,50,188.134972,0.0
-5.317848,50,188.170663,0.0
-5.113339,50,188.206903,0.0
-5.175138,50,188.242516,0.0
-5.699953,50,188.27822,0.0
-5.038343,50,188.31414,0.0
-3.805919,50,188.350396,0.0
-5.316125,50,188.385875,0.0
-4.392892,50,188.536994,0.0
-4.62824,50,188.573009,0.0
-4.791528,50,188.608856,0.0
-4.933184,50,188.644507,0.0
-5.129582,50,188.680353,0.0
-4.741354,50,188.715705,0.0
-4.845885,50,188.751181,0.0
-4.868256,50,188.7869,0.0
-4.913212,50,188.822482,0.0
-4.898056,50,188.857999,0.0
-5.12433,50,188.893371,0.0
-4.461728,50,188.929224,0.0
-4.2164,50,188.964549,0.0
-4.601643,50,188.999657,0.0
-5.044244,50,189.035171,0.0
-5.75577,50,189.071012,0.0
-5.138711,50,189.106259,0.0
-5.328077,50,189.142069,0.0
-4.660878,50,189.177608,0.0
-4.957765,50,189.212859,0.0
-3.974893,50,189.248394,0.0
-4.838461,50,189.283725,0.0
-5.304902,50,189.319448,0.0
-5.125773,50,189.355058,0.0
-4.767085,50,189.389428,0.0
-4.247921,50,189.424672,0.0
-5.007673,50,189.460374,0.0
-5.321951,50,189.496031,0.0
-5.64063,50,189.531505,0.0
-4.893196,50,189.56688,0.0
-4.76332,50,189.602362,0.0
-4.921245,50,189.637991,0.0
-4.651352,50,189.67351,0.0
-5.063686,50,189.709202,0.0
-5.665576,50,189.744514,0.0
-5.409654,50,189.779918,0.0
-4.659515,50,189.814861,0.0
-4.528262,50,189.850488,0.0
-4.747452,50,189.886096,0.0
-5.516362,50,189.921555,0.0
-5.804157,50,189.956853,0.0
-5.131458,50,190.107242,0.0
-5.691845,50,190.143017,0.0
-4.965328,50,190.17866,0.0
-4.938559,50,190.214421,0.0
-5.578613,50,190.250023,0.0
-5.393181,50,190.285573,0.0
-5.430455,50,190.321062,0.0
-5.208571,50,190.356349,0.0
-5.943069,50,190.391744,0.0
-5.060825,50,190.427341,0.0
-4.231732,50,190.462942,0.0
-5.056407,50,190.499865,0.0
-5.097291,50,190.53644,0.0
-5.377829,50,190.572558,0.0
-4.684341,50,190.609285,0.0
-4.454876,50,190.646238,0.0
-4.795609,50,190.681722,0.0
-4.534862,50,190.718523,0.0
-5.429657,50,190.754194,0.0
-5.448645,50,190.789885,0.0
-5.927134,50,190.825365,0.0
-4.10656,50,190.861424,0.0
-5.070963,50,190.897586,0.0
-5.461692,50,190.934198,0.0
-5.123343,50,190.970132,0.0
-5.296977,50,191.006001,0.0
-5.371572,50,191.041571,0.0
-5.401526,50,191.077291,0.0
-5.092302,50,191.113204,0.0
-5.13028,50,191.148907,0.0
-4.695032,50,191.184597,0.0
-5.035698,50,191.220313,0.0
-5.271003,50,191.256227,0.0
-4.745841,50,191.29198,0.0
-5.267942,50,191.328603,0.0
-5.415069,50,191.364438,0.0
-4.565229,50,191.400006,0.0
-5.239766,50,191.435673,0.0
-4.735164,50,191.471736,0.0
-5.535237,50,191.506981,0.0
-4.927255,50,191.542564,0.0
-4.986019,50,191.6935,0.0
-4.679348,50,191.728826,0.0
-5.260647,50,191.764445,0.0
-5.066841,50,192.157511,0.0
-5.368469,50,192.193619,0.0
-4.896506,50,192.23029,0.0
-5.286704,50,192.2667,0.0
-4.576496,50,192.302487,0.0
-5.113282,50,192.338003,0.0
-4.014159,50,192.373541,0.0
-4.918834,50,192.409201,0.0
-5.318345,50,192.445372,0.0
-4.958091,50,192.480641,0.0
-5.153077,50,192.516919,0.0
-3.577319,50,192.552809,0.0
-4.72709,50,192.588518,0.0
-5.886783,50,192.624402,0.0
-4.61348,50,192.659976,0.0
-4.823831,50,192.695425,0.0
-4.841017,50,192.731571,0.0
-5.180563,50,192.767576,0.0
-5.517474,50,192.803132,0.0
-5.481266,50,192.839323,0.0
-3.960998,50,192.87474,0.0
-4.759391,50,192.909928,0.0
-4.829328,50,192.945392,0.0
-5.207184,50,192.980631,0.0
-5.579159,50,193.016531,0.0
-3.66404,50,193.052377,0.0
-4.428022,50,193.088167,0.0
-4.507178,50,193.123361,0.0
-5.02576,50,193.159477,0.0
-4.903155,50,193.194547,0.0
-5.670116,50,193.229549,0.0
-5.280045,50,193.265027,0.0
-5.817248,50,193.300669,0.0
-5.382105,50,193.335779,0.0
-5.078055,50,193.371554,0.0
-6.374322,50,193.408809,0.0
-5.096492,50,193.445161,0.0
-5.618955,50,193.480414,0.0
-5.721472,50,193.62868,0.0
-5.105686,50,193.663903,0.0
-5.14,50,193.699951,0.0
-5.465817,50,193.735072,0.0
-5.897993,50,193.770068,0.0
-3.874847,50,193.805306,0.0
-4.796658,50,193.839725,0.0
-3.915928,50,193.875195,0.0
-5.833007,50,193.910038,0.0
-5.382585,50,193.944975,0.0
-3.927528,50,193.980689,0.0
-4.974429,50,194.015735,0.0
-5.039051,50,194.051485,0.0
-4.879248,50,194.086709,0.0
-5.42019,50,194.121719,0.0
-5.267278,50,194.157297,0.0
-5.273564,50,194.19223,0.0
-5.133064,50,194.227163,0.0
-5.05067,50,194.262299,0.0
-4.647514,50,194.297834,0.0
-5.230125,50,194.332513,0.0
-5.618372,50,194.367135,0.0
-5.309315,50,194.402275,0.0
-5.100562,50,194.437326,0.0
-5.385669,50,194.472945,0.0
-4.148616,50,194.507603,0.0
-4.884839,50,194.542438,0.0
-4.769535,50,194.577845,0.0
-4.932527,50,194.613154,0.0
-6.161195,50,194.648175,0.0
-4.656067,50,194.682799,0.0
-5.73486,50,194.718357,0.0
-4.685863,50,194.75325,0.0
-5.339492,50,194.788539,0.0
-5.305005,50,194.823091,0.0
-6.388443,50,194.858014,0.0
-5.240713,50,194.892954,0.0
-5.294238,50,194.927618,0.0
-4.832384,50,194.962688,0.0
-5.366283,50,194.99758,0.0
-5.475572,50,195.032479,0.0
-4.996508,50,195.182463,0.0
-4.599066,50,195.2182,0.0
-5.231793,50,195.253193,0.0
-5.614038,50,195.287841,0.0
-5.1353,50,195.323025,0.0
-5.44944,50,195.358308,0.0
-4.566254,50,195.395009,0.0
-5.003787,50,195.432131,0.0
-4.188794,50,195.467607,0.0
-4.899696,50,195.503824,0.0
-4.948598,50,195.540008,0.0
-4.685187,50,195.575627,0.0
-5.246194,50,195.612589,0.0
-4.800834,50,195.648764,0.0
-5.035025,50,195.684895,0.0
-4.732346,50,195.720133,0.0
-3.879733,50,195.755397,0.0
-5.185534,50,195.790614,0.0
-4.791658,50,195.825859,0.0
-5.49455,50,195.861682,0.0
-5.36595,50,195.896537,0.0
-5.08439,50,195.931354,0.0
-5.704462,50,195.966468,0.0
-5.018668,50,196.00175,0.0
-5.373258,50,196.037401,0.0
-4.932428,50,196.072744,0.0
-5.715552,50,196.107476,0.0
-5.535205,50,196.14338,0.0
-4.856718,50,196.179543,0.0
-4.631681,50,196.215226,0.0
-4.36362,50,196.2504,0.0
-4.698873,50,196.285702,0.0
-5.502217,50,196.320998,0.0
-5.826869,50,196.356168,0.0
-5.288009,50,196.391925,0.0
-5.758618,50,196.42726,0.0
-4.336953,50,196.463031,0.0
-4.730761,50,196.500294,0.0
-3.894691,50,196.535481,0.0
-4.634057,50,196.570479,0.0
-4.275346,50,196.606112,0.0
-5.261076,50,196.762006,0.0
-4.753374,50,196.797762,0.0
-4.515128,50,196.833294,0.0
-4.773502,50,196.86871,0.0
-5.047391,50,196.904569,0.0
-4.784175,50,196.939725,0.0
-4.48059,50,196.974222,0.0
-4.755285,50,197.009676,0.0
-4.266154,50,197.044907,0.0
-4.779801,50,197.079474,0.0
-4.356923,50,197.114383,0.0
-4.874786,50,197.149455,0.0
-4.974304,50,197.186029,0.0
-3.655218,50,197.222456,0.0
-5.518311,50,197.258451,0.0
-4.831023,50,197.294924,0.0
-5.737404,50,197.330656,0.0
-4.354251,50,197.36629,0.0
-5.210494,50,197.401535,0.0
-5.743335,50,197.436591,0.0
-4.926101,50,197.4714,0.0
-5.724172,50,197.506432,0.0
-3.942661,50,197.541284,0.0
-5.003931,50,197.576758,0.0
-5.024791,50,197.612408,0.0
-4.607814,50,197.647395,0.0
-4.889526,50,197.682298,0.0
-4.184237,50,197.717366,0.0
-4.510104,50,197.752105,0.0
-4.183678,50,197.786919,0.0
-4.687578,50,197.82195,0.0
-3.918276,50,197.85704,0.0
-5.064731,50,197.893249,0.0
-5.126746,50,197.928502,0.0
-5.602061,50,197.963461,0.0
-5.166481,50,197.998428,0.0
-4.935035,50,198.03334,0.0
-5.465041,50,198.06828,0.0
-5.09579,50,198.103526,0.0
-5.618095,50,198.138337,0.0
-4.919738,50,198.28535,0.0
-4.988604,50,198.320578,0.0
-3.453321,50,198.355568,0.0
-4.532694,50,198.390449,0.0
-5.014246,50,198.425369,0.0
-4.051093,50,198.460171,0.0
-4.807429,50,198.494887,0.0
-3.890805,50,198.529969,0.0
-5.231898,50,198.565529,0.0
-5.780625,50,198.60024,0.0
-5.539127,50,198.636218,0.0
-5.237927,50,198.671791,0.0
-4.498605,50,198.706949,0.0
-4.950491,50,198.742413,0.0
-5.149547,50,198.779297,0.0
-5.426626,50,198.81541,0.0
-4.64151,50,198.850723,0.0
-5.739353,50,198.885797,0.0
-5.214416,50,198.920482,0.0
-4.289309,50,198.955337,0.0
-4.986874,50,198.990229,0.0
-4.714886,50,199.025297,0.0
-5.167828,50,199.060293,0.0
-4.830585,50,199.095091,0.0
-5.68976,50,199.13033,0.0
-4.83392,50,199.165538,0.0
-4.710514,50,199.200652,0.0
-5.713377,50,199.235842,0.0
-4.994972,50,199.271029,0.0
-5.04323,50,199.307785,0.0
-3.674529,50,199.343461,0.0
-5.267473,50,199.378857,0.0
-5.68157,50,199.41403,0.0
-5.398783,50,199.449074,0.0
-3.978902,50,199.483753,0.0
-5.453178,50,199.518452,0.0
-5.161802,50,199.553219,0.0
-5.104534,50,199.587964,0.0
-4.784881,50,199.62214,0.0
-5.648633,50,199.657259,0.0
-4.776812,50,199.692387,0.0
-5.13484,50,199.84068,0.0
-4.84653,50,199.875906,0.0
-4.741149,50,199.910814,0.0
-5.677098,50,199.945557,0.0
-4.582433,50,199.980701,0.0
-3.784933,50,200.016241,0.0
-3.437644,50,200.051417,0.0
-5.880511,50,200.086266,0.0
-4.959708,50,200.121229,0.0
-4.996846,50,200.156122,0.0
-4.572465,50,200.191226,0.0
-4.856745,50,200.226254,0.0
-4.631735,50,200.260894,0.0
-5.079557,50,200.295822,0.0
-5.008391,50,200.330979,0.0
-5.04499,50,200.366308,0.0
-5.094538,50,200.401232,0.0
-4.918267,50,200.436094,0.0
-5.127269,50,200.470701,0.0
-5.536506,50,200.505827,0.0
-4.927593,50,200.54072,0.0
-4.823079,50,200.575566,0.0
-4.979302,50,200.61055,0.0
-4.638263,50,200.645657,0.0
-5.101517,50,200.681031,0.0
-5.788991,50,200.716149,0.0
-4.39432,50,200.752132,0.0
-4.959142,50,200.786972,0.0
-5.288404,50,200.821931,0.0
-4.63775,50,200.857337,0.0
-4.452549,50,200.893786,0.0
-5.172201,50,200.929588,0.0
-5.313968,50,200.964733,0.0
-4.915537,50,200.999803,0.0
-4.739535,50,201.035478,0.0
-5.385774,50,201.070437,0.0
-4.902211,50,201.105098,0.0
-4.824882,50,201.139675,0.0
-4.607914,50,201.17529,0.0
-4.989825,50,201.209885,0.0
-4.82366,50,201.244609,0.0
-4.751856,50,201.393134,0.0
-4.84811,50,201.429877,0.0
-4.516198,50,201.465315,0.0
-4.60738,50,201.501233,0.0
-5.702899,50,201.53629,0.0
-5.085587,50,201.571193,0.0
-5.161529,50,201.606836,0.0
-4.963203,50,201.641957,0.0
-5.30802,50,201.677361,0.0
-5.127952,50,201.712799,0.0
-4.760579,50,201.747961,0.0
-5.674541,50,201.783578,0.0
-5.530935,50,201.818545,0.0
-4.770987,50,201.853416,0.0
-5.142234,50,201.888421,0.0
-4.887676,50,201.923411,0.0
-4.27978,50,201.958333,0.0
-5.741798,50,201.993426,0.0
-5.030493,50,202.028113,0.0
-4.214247,50,202.062939,0.0
-5.893229,50,202.097355,0.0
-4.368494,50,202.132356,0.0
-4.941747,50,202.167818,0.0
-5.316041,50,202.202703,0.0
-5.13286,50,202.237781,0.0
-4.561964,50,202.272427,0.0
-3.354206,50,202.307459,0.0
-6.249348,50,202.34231,0.0
-4.695216,50,202.37696,0.0
-5.620797,50,202.411913,0.0
-5.28815,50,202.447016,0.0
-4.575989,50,202.481995,0.0
-4.797641,50,202.517071,0.0
-5.373933,50,202.552031,0.0
-5.137741,50,202.58736,0.0
-4.238156,50,202.622276,0.0
-4.663617,50,202.657505,0.0
-4.580653,50,202.692896,0.0
-5.102029,50,202.728498,0.0
-5.319976,50,202.764204,0.0
-5.289119,50,202.79955,0.0
-5.586319,50,202.947657,0.0
-4.245976,50,202.984479,0.0
-5.025248,50,203.021118,0.0
-4.528788,50,203.057443,0.0
-5.169942,50,203.093346,0.0
-4.79679,50,203.128728,0.0
-5.127411,50,203.164232,0.0
-5.615737,50,203.199627,0.0
-4.630202,50,203.234813,0.0
-4.275494,50,203.270339,0.0
-5.495897,50,203.305272,0.0
-4.850461,50,203.340984,0.0
-5.686465,50,203.377522,0.0
-5.059511,50,203.413111,0.0
-5.583763,50,203.448638,0.0
-5.188771,50,203.483655,0.0
-5.225704,50,203.519128,0.0
-5.354385,50,203.554613,0.0
-5.299658,50,203.590482,0.0
-5.293832,50,203.626779,0.0
-4.994062,50,203.662441,0.0
-4.594717,50,203.697809,0.0
-4.685874,50,203.733545,0.0
-4.689547,50,203.768896,0.0
-4.795735,50,203.804893,0.0
-5.125368,50,203.840453,0.0
-5.37167,50,203.875518,0.0
-4.723913,50,203.910639,0.0
-5.301336,50,203.946255,0.0
-5.027373,50,203.98137,0.0
-4.974333,50,204.016651,0.0
-5.261999,50,204.05271,0.0
-4.826653,50,204.088157,0.0
-5.479505,50,204.123992,0.0
-5.891662,50,204.159616,0.0
-4.958165,50,204.195536,0.0
-5.7974,50,204.230719,0.0
-5.294945,50,204.266141,0.0
-5.126771,50,204.301135,0.0
-5.010208,50,204.336288,0.0
-5.040159,50,204.371653,0.0
-4.894683,50,204.520612,0.0
-4.46217,50,204.556687,0.0
-4.799004,50,204.59235,0.0
-5.494395,50,204.627881,0.0
-4.478288,50,204.664206,0.0
-4.12314,50,204.69963,0.0
-5.59135,50,204.735193,0.0
-4.711852,50,204.770991,0.0
-4.79668,50,204.806473,0.0
-4.79168,50,204.842209,0.0
-4.752738,50,204.877785,0.0
-5.7473,50,204.912849,0.0
-5.485489,50,204.94838,0.0
-5.014023,50,204.984285,0.0
-4.324003,50,205.019784,0.0
-5.333701,50,205.05601,0.0
-4.850891,50,205.091821,0.0
-4.494975,50,205.127075,0.0
-5.366861,50,205.162913,0.0
-5.055322,50,205.198512,0.0
-5.856016,50,205.233923,0.0
-4.66986,50,205.269408,0.0
-4.143833,50,205.305237,0.0
-5.095482,50,205.340928,0.0
-5.211374,50,205.375978,0.0
-4.719605,50,205.411545,0.0
-5.44993,50,205.446758,0.0
-5.105198,50,205.482604,0.0
-4.769241,50,205.518468,0.0
-5.197858,50,205.553334,0.0
-4.937022,50,205.588526,0.0
-3.976285,50,205.623608,0.0
-4.911,50,205.65847,0.0
-4.957554,50,205.693952,0.0
-4.548217,50,205.729501,0.0
-5.218353,50,205.764893,0.0
-4.99899,50,205.800948,0.0
-4.948554,50,205.836441,0.0
-5.632462,50,205.871902,0.0
-4.639597,50,205.907513,0.0
-5.494261,50,205.943291,0.0
-4.084006,50,206.093082,0.0
-4.983121,50,206.128772,0.0
-4.762294,50,206.163917,0.0
-5.0301,50,206.199853,0.0
-4.827494,50,206.235479,0.0
-4.765908,50,206.270798,0.0
-5.698571,50,206.306113,0.0
-4.771954,50,206.341694,0.0
-4.36298,50,206.376747,0.0
-4.953497,50,206.412069,0.0
-4.654248,50,206.4473,0.0
-4.075594,50,206.48292,0.0
-4.911311,50,206.518152,0.0
-5.491077,50,206.553721,0.0
-4.843965,50,206.589268,0.0
-5.199616,50,206.624745,0.0
-5.329923,50,206.659944,0.0
-4.80529,50,206.695306,0.0
-4.029394,50,206.730777,0.0
-5.407032,50,206.766304,0.0
-5.264932,50,206.802544,0.0
-5.433389,50,206.838268,0.0
-4.690062,50,206.873385,0.0
-4.778263,50,206.908619,0.0
-4.792428,50,206.94393,0.0
-4.433968,50,206.979244,0.0
-5.199029,50,207.015239,0.0
-4.969545,50,207.050457,0.0
-4.776159,50,207.085466,0.0
-5.372392,50,207.121068,0.0
-4.961778,50,207.156774,0.0
-4.493659,50,207.192031,0.0
-4.549205,50,207.227443,0.0
-4.82927,50,207.262577,0.0
-4.784739,50,207.298084,0.0
-4.244136,50,207.33338,0.0
-5.261872,50,207.368544,0.0
-4.564135,50,207.403997,0.0
-4.8882,50,207.439829,0.0
-5.269974,50,207.475394,0.0
-4.65217,50,207.510936,0.0
-5.447065,50,207.659363,0.0
-4.713199,50,207.695338,0.0
-4.712626,50,207.730985,0.0
-4.143265,50,207.766707,0.0
-4.399322,50,207.802262,0.0
-4.443808,50,207.838267,0.0
-5.575277,50,207.873605,0.0
-4.540658,50,207.909048,0.0
-3.753115,50,207.944491,0.0
-4.464845,50,207.979664,0.0
-4.870904,50,208.015559,0.0
-5.228276,50,208.051273,0.0
-4.979928,50,208.08689,0.0
-4.459133,50,208.122431,0.0
-4.436248,50,208.158503,0.0
-5.689395,50,208.193469,0.0
-4.516999,50,208.229367,0.0
-5.161902,50,208.265092,0.0
-5.202982,50,208.300277,0.0
-5.424139,50,208.336097,0.0
-5.114931,50,208.37137,0.0
-5.236675,50,208.406709,0.0
-5.247104,50,208.44222,0.0
-5.60351,50,208.478047,0.0
-4.501642,50,208.513266,0.0
-5.582613,50,208.548481,0.0
-4.653796,50,208.58376,0.0
-6.085681,50,208.620237,0.0
-5.134514,50,208.65571,0.0
-5.559419,50,208.69088,0.0
-5.611899,50,208.726203,0.0
-4.951384,50,208.761526,0.0
-5.391417,50,208.796722,0.0
-4.943047,50,208.831889,0.0
-4.498911,50,208.867197,0.0
-5.069804,50,208.902836,0.0
-4.957456,50,208.937372,0.0
-3.963607,50,208.97256,0.0
-5.356085,50,209.008768,0.0
-5.196791,50,209.044676,0.0
-4.045862,50,209.080009,0.0
-3.650777,50,209.228918,0.0
-5.544223,50,209.264708,0.0
-5.563816,50,209.30027,0.0
-4.541006,50,209.335831,0.0
-4.870803,50,209.371197,0.0
-3.954279,50,209.406956,0.0
-4.59698,50,209.44244,0.0
-4.741649,50,209.477872,0.0
-4.975942,50,209.513418,0.0
-4.900478,50,209.548789,0.0
-4.723278,50,209.583831,0.0
-4.813571,50,209.618891,0.0
-4.414936,50,209.654347,0.0
-4.922735,50,209.689575,0.0
-4.556408,50,209.72497,0.0
-5.221593,50,209.760503,0.0
-3.609726,50,209.79574,0.0
-4.932786,50,209.830905,0.0
-4.069563,50,209.866776,0.0
-4.86895,50,209.902202,0.0
-5.015864,50,209.937618,0.0
-5.078001,50,209.973208,0.0
-4.864472,50,210.009039,0.0
-5.547502,50,210.044406,0.0
-5.281404,50,210.079962,0.0
-5.130598,50,210.115209,0.0
-5.046149,50,210.150339,0.0
-4.771235,50,210.185587,0.0
-5.952643,50,210.220735,0.0
-4.844371,50,210.255935,0.0
-4.835086,50,210.290906,0.0
-5.170447,50,210.326338,0.0
-5.08577,50,210.361906,0.0
-4.996465,50,210.396641,0.0
-4.729425,50,210.43229,0.0
-4.706235,50,210.467494,0.0
-5.545865,50,210.501939,0.0
-4.968698,50,210.536714,0.0
-3.699451,50,210.571289,0.0
-5.440226,50,210.606518,0.0
-5.504772,50,210.64185,0.0
-4.5049,50,210.790192,0.0
-5.286191,50,210.825626,0.0
-4.723181,50,210.860492,0.0
-5.059679,50,210.895895,0.0
-5.154528,50,210.931138,0.0
-5.567458,50,210.966767,0.0
-5.006804,50,211.002485,0.0
-5.042483,50,211.037712,0.0
-4.668498,50,211.073943,0.0
-4.463627,50,211.11003,0.0
-4.706681,50,211.14576,0.0
-4.895649,50,211.181376,0.0
-4.139804,50,211.217237,0.0
-3.507062,50,211.252572,0.0
-5.327276,50,211.287629,0.0
-4.445083,50,211.323339,0.0
-3.963562,50,211.358706,0.0
-5.118227,50,211.394356,0.0
-4.976315,50,211.430004,0.0
-5.301562,50,211.465381,0.0
-4.725624,50,211.500895,0.0
-5.448628,50,211.535917,0.0
-5.432861,50,211.571482,0.0
-4.629145,50,211.607192,0.0
-5.318276,50,211.642875,0.0
-4.644326,50,211.678825,0.0
-4.881762,50,211.713957,0.0
-5.907925,50,211.749365,0.0
-5.420888,50,211.784565,0.0
-4.951439,50,211.820531,0.0
-4.536195,50,211.855899,0.0
-5.340329,50,211.891121,0.0
-4.614099,50,211.926192,0.0
-4.690879,50,211.961817,0.0
-4.201327,50,211.997576,0.0
-4.76582,50,212.033502,0.0
-5.397633,50,212.069369,0.0
-5.261357,50,212.104785,0.0
-4.802548,50,212.140326,0.0
-5.464999,50,212.175709,0.0
-5.049933,50,212.211041,0.0
-5.173072,50,212.360902,0.0
-4.667918,50,212.396252,0.0
-4.641925,50,212.431923,0.0
-4.415692,50,212.467921,0.0
-5.014372,50,212.503061,0.0
-4.53343,50,212.538459,0.0
-5.028918,50,212.573905,0.0
-4.994557,50,212.609108,0.0
-5.269846,50,212.645129,0.0
-4.875985,50,212.680676,0.0
-5.022985,50,212.716502,0.0
-4.926027,50,212.752197,0.0
-4.438213,50,212.787797,0.0
-5.070229,50,212.823091,0.0
-5.034858,50,212.858608,0.0
-3.99836,50,212.89446,0.0
-5.226295,50,212.929677,0.0
-5.169844,50,212.965712,0.0
-3.979387,50,213.00193,0.0
-4.734615,50,213.037725,0.0
-5.6288,50,213.073008,0.0
-5.684184,50,213.109369,0.0
-4.91611,50,213.144945,0.0
-4.873878,50,213.180543,0.0
-5.922244,50,213.216225,0.0
-5.188247,50,213.251519,0.0
-5.417517,50,213.286526,0.0
-5.293866,50,213.321878,0.0
-4.652303,50,213.357548,0.0
-5.014079,50,213.393164,0.0
-5.428857,50,213.429272,0.0
-5.323103,50,213.464814,0.0
-4.965523,50,213.500244,0.0
-5.468315,50,213.535738,0.0
-5.174418,50,213.571222,0.0
-5.341322,50,213.606736,0.0
-4.722503,50,213.642482,0.0
-5.293047,50,213.678505,0.0
-4.858401,50,213.713541,0.0
-4.941758,50,213.749337,0.0
-4.899575,50,213.784919,0.0
-4.62505,50,213.934497,0.0
-4.802022,50,213.969724,0.0
-3.545136,50,214.005208,0.0
-5.160264,50,214.040449,0.0
-5.525616,50,214.075901,0.0
-5.23795,50,214.111496,0.0
-4.995247,50,214.147098,0.0
-5.558376,50,214.182529,0.0
-5.05862,50,214.217904,0.0
-4.805242,50,214.253436,0.0
-4.019417,50,214.288483,0.0
-4.055089,50,214.323079,0.0
-5.189935,50,214.358346,0.0
-4.965854,50,214.394218,0.0
-5.073716,50,214.429833,0.0
-5.385435,50,214.465969,0.0
-4.469467,50,214.501824,0.0
-4.210278,50,214.537376,0.0
-4.841262,50,214.57288,0.0
-4.927472,50,214.608906,0.0
-5.335618,50,214.644753,0.0
-4.166931,50,214.681248,0.0
-5.186908,50,214.716842,0.0
-5.105445,50,214.752154,0.0
-5.179888,50,214.787299,0.0
-5.508701,50,214.822642,0.0
-5.406772,50,214.858354,0.0
-4.867829,50,214.893778,0.0
-4.528716,50,214.928831,0.0
-5.141006,50,214.964341,0.0
-4.988043,50,214.999342,0.0
-4.341652,50,215.034429,0.0
-4.28876,50,215.069927,0.0
-5.257601,50,215.105875,0.0
-4.995969,50,215.141774,0.0
-4.688293,50,215.177046,0.0
-3.695272,50,215.212421,0.0
-5.258602,50,215.247805,0.0
-4.425767,50,215.283299,0.0
-4.650847,50,215.318784,0.0
-3.949614,50,215.354495,0.0
-4.817171,50,215.504085,0.0
-4.682144,50,215.539603,0.0
-4.916789,50,215.575289,0.0
-5.068257,50,215.61041,0.0
-4.727921,50,215.646238,0.0
-4.861083,50,215.68193,0.0
-5.080792,50,215.717649,0.0
-4.821949,50,215.753068,0.0
-5.245447,50,215.78872,0.0
-4.924901,50,215.824294,0.0
-4.083949,50,215.859716,0.0
-4.569082,50,215.895124,0.0
-4.937085,50,215.930137,0.0
-4.796374,50,215.965446,0.0
-3.522289,50,216.00099,0.0
-4.946533,50,216.036849,0.0
-5.434509,50,216.071729,0.0
-3.745184,50,216.106847,0.0
-4.42857,50,216.142609,0.0
-3.682225,50,216.177999,0.0
-4.728697,50,216.213557,0.0
-4.986942,50,216.248837,0.0
-5.215366,50,216.284207,0.0
-5.88549,50,216.31985,0.0
-4.74174,50,216.355067,0.0
-4.853643,50,216.390507,0.0
-4.185625,50,216.425854,0.0
-3.661954,50,216.461413,0.0
-4.8277,50,216.496935,0.0
-5.02039,50,216.532037,0.0
-5.027716,50,216.568088,0.0
-5.009755,50,216.604198,0.0
-4.008135,50,216.640118,0.0
-5.30251,50,216.675743,0.0
-4.441541,50,216.710969,0.0
-5.05379,50,216.746316,0.0
-4.950713,50,216.781572,0.0
-4.240807,50,216.817189,0.0
-4.700256,50,216.852421,0.0
-5.001959,50,216.887918,0.0
-4.919434,50,216.923482,0.0
-4.782362,50,217.074203,0.0
-4.841383,50,217.109951,0.0
-4.846516,50,217.145392,0.0
-4.425763,50,217.181088,0.0
-5.029511,50,217.216837,0.0
-4.512357,50,217.252653,0.0
-5.389514,50,217.288156,0.0
-4.480586,50,217.323783,0.0
-4.337142,50,217.359168,0.0
-5.903925,50,217.394335,0.0
-5.506554,50,217.429815,0.0
-5.293344,50,217.465711,0.0
-5.040761,50,217.501377,0.0
-4.985121,50,217.536985,0.0
-3.886817,50,217.572721,0.0
-5.066901,50,217.608389,0.0
-4.657905,50,217.643833,0.0
-4.726922,50,217.679085,0.0
-5.195744,50,217.714778,0.0
-5.271539,50,217.749939,0.0
-5.872973,50,217.785444,0.0
-4.907052,50,217.821168,0.0
-5.221845,50,217.856593,0.0
-4.507557,50,217.891817,0.0
-5.55062,50,217.926904,0.0
-4.972607,50,217.962331,0.0
-5.352429,50,217.998182,0.0
-4.167422,50,218.033551,0.0
-4.997143,50,218.069134,0.0
-5.059514,50,218.104557,0.0
-4.926268,50,218.140158,0.0
-5.273348,50,218.176233,0.0
-4.409054,50,218.211489,0.0
-5.326319,50,218.247061,0.0
-5.244835,50,218.282677,0.0
-5.002218,50,218.3181,0.0
-5.197322,50,218.353466,0.0
-5.163551,50,218.388945,0.0
-4.842062,50,218.424765,0.0
-4.900652,50,218.460463,0.0
-4.717842,50,218.495998,0.0
-4.965404,50,218.647675,0.0
-5.267635,50,218.683387,0.0
-3.616891,50,218.718966,0.0
-5.303337,50,218.755035,0.0
-4.093309,50,218.790204,0.0
-5.016707,50,218.825732,0.0
-5.018153,50,218.861024,0.0
-5.071169,50,218.896502,0.0
-5.288941,50,218.931619,0.0
-5.289243,50,218.967118,0.0
-4.243466,50,219.002714,0.0
-4.995065,50,219.037951,0.0
-4.92987,50,219.073352,0.0
-5.178621,50,219.109226,0.0
-4.68325,50,219.144693,0.0
-4.635535,50,219.180586,0.0
-5.469071,50,219.216509,0.0
-4.744119,50,219.251991,0.0
-4.59257,50,219.287575,0.0
-5.417948,50,219.323547,0.0
-5.326204,50,219.358797,0.0
-5.640056,50,219.394306,0.0
-5.108758,50,219.42956,0.0
-4.055676,50,219.464429,0.0
-4.93989,50,219.500304,0.0
-6.264691,50,219.535788,0.0
-4.497135,50,219.570807,0.0
-4.917064,50,219.606029,0.0
-4.811087,50,219.641887,0.0
-4.880791,50,219.677402,0.0
-5.89292,50,219.71273,0.0
-4.508882,50,219.748343,0.0
-5.450878,50,219.78342,0.0
-5.039275,50,219.818576,0.0
-4.873512,50,219.853968,0.0
-5.124208,50,219.889972,0.0
-4.894982,50,219.925916,0.0
-5.166342,50,219.962331,0.0
-4.982988,50,219.997823,0.0
-5.043996,50,220.033757,0.0
-5.310874,50,220.069809,0.0
-5.097145,50,220.221546,0.0
-4.95613,50,220.257283,0.0
-5.101027,50,220.292918,0.0
-5.528479,50,220.32883,0.0
-4.638349,50,220.364585,0.0
-5.154392,50,220.400689,0.0
-5.008627,50,220.435915,0.0
-4.958575,50,220.471695,0.0
-5.072396,50,220.5071,0.0
-4.678989,50,220.542681,0.0
-5.563989,50,220.578291,0.0
-5.049499,50,220.613591,0.0
-4.934354,50,220.649395,0.0
-3.901737,50,220.68527,0.0
-4.87925,50,220.720967,0.0
-4.702125,50,220.756322,0.0
-4.970315,50,220.791716,0.0
-3.893309,50,220.827158,0.0
-4.34427,50,220.862587,0.0
-5.438113,50,220.898322,0.0
-4.121494,50,220.93336,0.0
-5.78563,50,220.968945,0.0
-5.418091,50,221.005035,0.0
-3.800293,50,221.040411,0.0
-4.756146,50,221.076528,0.0
-4.348834,50,221.11252,0.0
-4.664592,50,221.148292,0.0
-5.330133,50,221.183708,0.0
-4.527695,50,221.21928,0.0
-4.420053,50,221.254726,0.0
-4.584802,50,221.29048,0.0
-5.46703,50,221.326074,0.0
-5.208861,50,221.361451,0.0
-3.537009,50,221.396265,0.0
-5.392559,50,221.431488,0.0
-4.574379,50,221.466508,0.0
-4.782365,50,221.502075,0.0
-4.79387,50,221.537589,0.0
-5.554367,50,221.572726,0.0
-5.37674,50,221.608417,0.0
-4.548116,50,221.644151,0.0
-4.976758,50,221.793452,0.0
-5.076102,50,221.828844,0.0
-5.15882,50,221.864459,0.0
-4.377808,50,221.899646,0.0
-5.178363,50,221.934962,0.0
-5.26858,50,221.97033,0.0
-3.902048,50,222.005774,0.0
-5.249131,50,222.04155,0.0
-4.777781,50,222.076843,0.0
-4.547624,50,222.112583,0.0
-5.238189,50,222.147713,0.0
-4.760145,50,222.183686,0.0
-4.658737,50,222.219832,0.0
-3.764251,50,222.255355,0.0
-4.844681,50,222.29023,0.0
-4.843915,50,222.325776,0.0
-5.170596,50,222.360861,0.0
-4.717705,50,222.395997,0.0
-4.348274,50,222.431611,0.0
-5.667946,50,222.466955,0.0
-4.605201,50,222.502304,0.0
-5.703782,50,222.537398,0.0
-5.142589,50,222.572474,0.0
-5.050977,50,222.608342,0.0
-4.696705,50,222.644054,0.0
-4.987183,50,222.680115,0.0
-4.612326,50,222.715646,0.0
-5.684082,50,222.75122,0.0
-3.687041,50,222.787352,0.0
-4.963578,50,222.822642,0.0
-4.657437,50,222.858261,0.0
-4.893528,50,222.893799,0.0
-4.897352,50,222.928924,0.0
-4.492169,50,222.964554,0.0
-4.937868,50,223.000043,0.0
-4.580018,50,223.035341,0.0
-4.655148,50,223.070603,0.0
-5.399193,50,223.106062,0.0
-4.565162,50,223.141736,0.0
-4.967756,50,223.177227,0.0
-5.036168,50,223.212698,0.0
-4.970042,50,223.362005,0.0
-4.950114,50,223.39739,0.0
-3.700704,50,223.433213,0.0
-4.564112,50,223.468874,0.0
-5.207509,50,223.504428,0.0
-5.212607,50,223.540101,0.0
-5.519262,50,223.575774,0.0
-5.289286,50,223.6117,0.0
-4.754045,50,223.647276,0.0
-5.105134,50,223.683133,0.0
-4.503141,50,223.719221,0.0
-4.967102,50,223.754496,0.0
-4.905798,50,223.790097,0.0
-4.731001,50,223.825354,0.0
-4.515375,50,223.860878,0.0
-5.009185,50,223.896405,0.0
-4.624108,50,223.93158,0.0
-4.737865,50,223.967121,0.0
-4.932568,50,224.002729,0.0
-4.791119,50,224.038821,0.0
-4.731417,50,224.074557,0.0
-4.68097,50,224.110128,0.0
-4.778005,50,224.145802,0.0
-4.201928,50,224.181764,0.0
-5.235209,50,224.218001,0.0
-5.589406,50,224.254138,0.0
-4.866524,50,224.29008,0.0
-5.062609,50,224.325837,0.0
-5.006816,50,224.361171,0.0
-4.623832,50,224.396941,0.0
-4.765605,50,224.43251,0.0
-5.542842,50,224.468173,0.0
-4.560289,50,224.503737,0.0
-3.915384,50,224.539499,0.0
-4.24242,50,224.574791,0.0
-4.855175,50,224.610492,0.0
-5.784231,50,224.646038,0.0
-4.979776,50,224.68157,0.0
-4.389235,50,224.717132,0.0
-4.886507,50,224.752666,0.0
-4.53609,50,224.787803,0.0
-4.79989,50,224.936962,0.0
-5.143193,50,224.972957,0.0
-5.057132,50,225.008717,0.0
-4.323436,50,225.044361,0.0
-4.235949,50,225.080417,0.0
-4.973802,50,225.116339,0.0
-4.425216,50,225.151862,0.0
-4.580737,50,225.187276,0.0
-4.905008,50,225.223,0.0
-5.532852,50,225.258748,0.0
-4.741896,50,225.293977,0.0
-4.624062,50,225.329631,0.0
-4.259453,50,225.366018,0.0
-5.025411,50,225.401668,0.0
-5.182752,50,225.437261,0.0
-4.609113,50,225.472628,0.0
-4.874622,50,225.508076,0.0
-4.956371,50,225.543576,0.0
-4.697259,50,225.578899,0.0
-4.500563,50,225.614303,0.0
-4.66925,50,225.650058,0.0
-5.264706,50,225.685965,0.0
-5.163885,50,225.721763,0.0
-4.713421,50,225.757686,0.0
-5.076609,50,225.793323,0.0
-4.434726,50,225.828756,0.0
-3.878571,50,225.86412,0.0
-4.149846,50,225.899371,0.0
-4.913196,50,225.934322,0.0
-5.098648,50,225.9698,0.0
-4.832736,50,226.005173,0.0
-4.748746,50,226.040521,0.0
-4.631236,50,226.075854,0.0
-4.75808,50,226.111609,0.0
-5.469976,50,226.14709,0.0
-5.095197,50,226.182398,0.0
-4.264524,50,226.218333,0.0
-5.110077,50,226.253771,0.0
-5.340713,50,226.289205,0.0
-4.462062,50,226.324699,0.0
-4.561138,50,226.360156,0.0
-5.402938,50,226.510512,0.0
-4.494977,50,226.546469,0.0
-5.222221,50,226.582311,0.0
-4.708659,50,226.618695,0.0
-4.760805,50,226.654407,0.0
-6.114787,50,226.689865,0.0
-4.97047,50,226.725256,0.0
-4.595497,50,226.760823,0.0
-4.919035,50,226.796305,0.0
-4.172172,50,226.832729,0.0
-5.350085,50,226.868249,0.0
-5.064262,50,226.903727,0.0
-5.392531,50,226.938944,0.0
-4.647271,50,226.974109,0.0
-5.656801,50,227.009916,0.0
-4.603057,50,227.045643,0.0
-4.356972,50,227.081116,0.0
-4.385006,50,227.116035,0.0
-5.115412,50,227.15125,0.0
-4.851459,50,227.186483,0.0
-4.17854,50,227.221943,0.0
-4.33318,50,227.257432,0.0
-4.925767,50,227.292726,0.0
-4.98672,50,227.327924,0.0
-5.496498,50,227.363262,0.0
-4.326194,50,227.398726,0.0
-4.796662,50,227.433924,0.0
-4.325528,50,227.469181,0.0
-4.761476,50,227.504634,0.0
-4.600528,50,227.539857,0.0
-4.82333,50,227.575326,0.0
-4.7006,50,227.610627,0.0
-4.226256,50,227.646019,0.0
-4.752202,50,227.682022,0.0
-4.982812,50,227.717449,0.0
-5.203427,50,227.752618,0.0
-4.676457,50,227.787728,0.0
-5.712935,50,227.823247,0.0
-4.946148,50,227.859069,0.0
-4.15032,50,227.894548,0.0
-5.872721,50,227.930017,0.0
-4.404482,50,228.082264,0.0
-4.728206,50,228.118138,0.0
-3.534923,50,228.154018,0.0
-5.079786,50,228.189523,0.0
-5.021618,50,228.225387,0.0
-5.904911,50,228.260921,0.0
-4.853998,50,228.296574,0.0
-4.660245,50,228.33211,0.0
-4.260733,50,228.367803,0.0
-4.715035,50,228.403168,0.0
-5.686723,50,228.438384,0.0
-4.096025,50,228.47391,0.0
-5.12527,50,228.509445,0.0
-4.583689,50,228.544781,0.0
-4.833287,50,228.58071,0.0
-4.422236,50,228.616611,0.0
-4.669039,50,228.65296,0.0
-5.364241,50,228.688832,0.0
-3.645717,50,228.724303,0.0
-4.971822,50,228.759961,0.0
-4.736014,50,228.795623,0.0
-5.144714,50,228.831284,0.0
-5.10976,50,228.86682,0.0
-5.587713,50,228.902516,0.0
-4.755948,50,228.937609,0.0
-4.328613,50,228.972679,0.0
-5.418859,50,229.00913,0.0
-4.485481,50,229.044911,0.0
-4.778977,50,229.080351,0.0
-4.579565,50,229.116032,0.0
-5.183591,50,229.151668,0.0
-4.643076,50,229.187688,0.0
-4.909567,50,229.223219,0.0
-5.250729,50,229.258805,0.0
-3.595361,50,229.294347,0.0
-4.801828,50,229.329779,0.0
-5.265466,50,229.365594,0.0
-4.479792,50,229.400907,0.0
-5.254483,50,229.43625,0.0
-4.618558,50,229.471566,0.0
-4.784798,50,229.507188,0.0
-4.5151,50,229.657273,0.0
-5.304941,50,229.692544,0.0
-5.085691,50,229.728252,0.0
-5.303695,50,229.763661,0.0
-4.358787,50,229.799235,0.0
-4.838928,50,229.834741,0.0
-4.434664,50,229.870013,0.0
-4.975084,50,229.905422,0.0
-4.899094,50,229.940907,0.0
-5.349392,50,229.975939,0.0
-5.633107,50,230.011691,0.0
-4.584185,50,230.047348,0.0
-3.753361,50,230.082683,0.0
-5.39724,50,230.117978,0.0
-5.252455,50,230.153381,0.0
-4.513974,50,230.188283,0.0
-5.267914,50,230.223742,0.0
-5.43738,50,230.259551,0.0
-4.243039,50,230.294934,0.0
-4.563625,50,230.330709,0.0
-4.576765,50,230.724032,0.0
-5.061352,50,230.75936,0.0
-4.811454,50,230.795275,0.0
-3.839296,50,230.830897,0.0
-5.180743,50,230.866394,0.0
-5.101652,50,230.901704,0.0
-5.040406,50,230.937264,0.0
-4.388364,50,230.972246,0.0
-3.856049,50,231.008193,0.0
-3.499596,50,231.044239,0.0
-5.44411,50,231.079686,0.0
-5.055685,50,231.115312,0.0
-4.561893,50,231.150953,0.0
-5.229584,50,231.186425,0.0
-5.787341,50,231.221784,0.0
-4.465029,50,231.257033,0.0
-5.495438,50,231.292062,0.0
-4.896886,50,231.327252,0.0
-4.606465,50,231.362584,0.0
-5.059319,50,231.397951,0.0
-3.937462,50,231.433603,0.0
-4.679543,50,231.581536,0.0
-3.806517,50,231.617372,0.0
-5.164697,50,231.652725,0.0
-5.767877,50,231.688382,0.0
-4.413077,50,231.724238,0.0
-4.298308,50,231.759877,0.0
-4.608989,50,231.795081,0.0
-5.009517,50,231.830881,0.0
-4.390414,50,231.867951,0.0
-3.776542,50,231.903208,0.0
-4.486836,50,231.93867,0.0
-4.492893,50,231.973198,0.0
-4.392184,50,232.008448,0.0
-4.747214,50,232.044103,0.0
-5.044831,50,232.079272,0.0
-5.301309,50,232.11545,0.0
-4.554911,50,232.151904,0.0
-5.568873,50,232.187676,0.0
-4.78337,50,232.223477,0.0
-5.086034,50,232.259403,0.0
-4.857713,50,232.294816,0.0
-5.307292,50,232.330173,0.0
-4.738963,50,232.365517,0.0
-5.71038,50,232.400556,0.0
-4.653023,50,232.436812,0.0
-4.498589,50,232.472345,0.0
-5.191556,50,232.507288,0.0
-4.437263,50,232.543724,0.0
-5.061177,50,232.579705,0.0
-5.682032,50,232.615452,0.0
-5.220425,50,232.651138,0.0
-4.861332,50,232.686629,0.0
-5.596491,50,232.721893,0.0
-5.283285,50,232.75823,0.0
-4.924145,50,232.7938,0.0
-4.837851,50,232.829183,0.0
-4.3597,50,232.864443,0.0
-5.191512,50,232.900138,0.0
-4.742362,50,232.935188,0.0
-5.184382,50,232.970403,0.0
-4.308688,50,233.005772,0.0
-5.254246,50,233.156672,0.0
-5.103623,50,233.192661,0.0
-4.814565,50,233.228658,0.0
-5.44795,50,233.264297,0.0
-3.705842,50,233.29964,0.0
-5.069466,50,233.335095,0.0
-5.380047,50,233.371052,0.0
-5.694565,50,233.406968,0.0
-4.498565,50,233.442526,0.0
-5.045942,50,233.478029,0.0
-5.549465,50,233.513377,0.0
-4.931294,50,233.548879,0.0
-5.808759,50,233.584234,0.0
-4.374204,50,233.619472,0.0
-5.837938,50,233.654617,0.0
-4.958131,50,233.690282,0.0
-4.960898,50,233.725648,0.0
-5.558351,50,233.761332,0.0
-4.981359,50,233.79701,0.0
-4.421935,50,233.832213,0.0
-4.633486,50,233.868291,0.0
-5.021129,50,233.903996,0.0
-4.680549,50,233.939231,0.0
-5.681478,50,233.974468,0.0
-5.118009,50,234.009959,0.0
-4.054146,50,234.045388,0.0
-4.658882,50,234.080692,0.0
-4.662262,50,234.11568,0.0
-5.411355,50,234.151234,0.0
-4.64385,50,234.186889,0.0
-4.293644,50,234.22285,0.0
-4.477434,50,234.258621,0.0
-4.680224,50,234.294152,0.0
-4.823972,50,234.329507,0.0
-5.297358,50,234.364681,0.0
-5.307375,50,234.399804,0.0
-4.026126,50,234.435236,0.0
-4.317761,50,234.470535,0.0
-4.430371,50,234.506248,0.0
-4.638144,50,234.54189,0.0
-4.88103,50,234.576781,0.0
-4.473553,50,234.727072,0.0
-4.865922,50,234.762522,0.0
-5.12437,50,234.797815,0.0
-5.187704,50,234.833909,0.0
-4.150822,50,234.870057,0.0
-4.767365,50,234.905721,0.0
-4.722389,50,234.940768,0.0
-5.593292,50,234.975831,0.0
-4.782172,50,235.011088,0.0
-4.516768,50,235.04665,0.0
-4.053857,50,235.082381,0.0
-4.129476,50,235.11816,0.0
-4.289738,50,235.153797,0.0
-3.967543,50,235.189291,0.0
-4.30443,50,235.2247,0.0
-5.348202,50,235.26027,0.0
-4.998275,50,235.295252,0.0
-3.958824,50,235.330716,0.0
-4.225667,50,235.365957,0.0
-4.700523,50,235.401173,0.0
-4.939436,50,235.436575,0.0
-4.989629,50,235.471708,0.0
-4.436728,50,235.506799,0.0
-5.278849,50,235.541184,0.0
-4.641904,50,235.575578,0.0
-4.908444,50,235.61042,0.0
-4.644139,50,235.645503,0.0
-4.739904,50,235.681339,0.0
-5.564904,50,235.716766,0.0
-4.624728,50,235.752239,0.0
-4.355579,50,235.788112,0.0
-5.632498,50,235.823851,0.0
-5.331362,50,235.859398,0.0
-4.772764,50,235.894993,0.0
-5.066304,50,235.930433,0.0
-4.27662,50,235.965743,0.0
-4.935607,50,236.001238,0.0
-4.597495,50,236.037081,0.0
-4.453531,50,236.072267,0.0
-4.005774,50,236.107486,0.0
-5.004651,50,236.143082,0.0
-4.669019,50,236.293942,0.0
-4.503569,50,236.329423,0.0
-3.825387,50,236.364353,0.0
-5.456246,50,236.400175,0.0
-4.981555,50,236.435576,0.0
-4.859081,50,236.471014,0.0
-4.655413,50,236.506222,0.0
-5.2009,50,236.541943,0.0
-4.392673,50,236.577249,0.0
-5.417488,50,236.61266,0.0
-4.917166,50,236.64838,0.0
-4.877303,50,236.683833,0.0
-4.708723,50,236.719522,0.0
-5.082097,50,236.754906,0.0
-5.317267,50,236.790652,0.0
-5.459225,50,236.82646,0.0
-4.059115,50,236.862192,0.0
-4.981506,50,236.897624,0.0
-3.91672,50,236.933421,0.0
-5.66928,50,236.969158,0.0
-4.943384,50,237.004382,0.0
-4.767604,50,237.03995,0.0
-5.742999,50,237.075376,0.0
-4.710547,50,237.110465,0.0
-5.12254,50,237.14601,0.0
-5.068199,50,237.181298,0.0
-4.868263,50,237.217616,0.0
-5.40858,50,237.253441,0.0
-4.943822,50,237.289542,0.0
-5.106108,50,237.324565,0.0
-4.705383,50,237.359724,0.0
-4.672222,50,237.394959,0.0
-4.030608,50,237.42995,0.0
-5.05095,50,237.465377,0.0
-4.839733,50,237.500918,0.0
-5.072926,50,237.536544,0.0
-4.66012,50,237.572173,0.0
-4.242782,50,237.607756,0.0
-5.407041,50,237.643621,0.0
-3.779607,50,237.679038,0.0
-5.24506,50,237.827532,0.0
-4.715063,50,237.863371,0.0
-5.003092,50,237.898789,0.0
-4.764171,50,237.934351,0.0
-4.8337,50,237.96983,0.0
-3.831142,50,238.005037,0.0
-3.953009,50,238.040425,0.0
-4.840546,50,238.076148,0.0
-5.19469,50,238.111609,0.0
-4.888742,50,238.147178,0.0
-4.611432,50,238.182778,0.0
-4.903801,50,238.218293,0.0
-5.226945,50,238.25351,0.0
-4.457723,50,238.289129,0.0
-5.340654,50,238.324254,0.0
-4.815239,50,238.359693,0.0
-4.580587,50,238.39475,0.0
-5.110265,50,238.430406,0.0
-4.032102,50,238.465887,0.0
-4.542684,50,238.501139,0.0
-5.729081,50,238.536846,0.0
-4.854256,50,238.572704,0.0
-4.859409,50,238.608052,0.0
-5.045624,50,238.643418,0.0
-5.140708,50,238.678908,0.0
-5.14862,50,238.714226,0.0
-4.855102,50,238.750027,0.0
-4.897114,50,238.785293,0.0
-5.169644,50,238.820491,0.0
-5.339853,50,238.855812,0.0
-4.535439,50,238.891123,0.0
-4.854949,50,238.926863,0.0
-4.800279,50,238.962241,0.0
-5.182545,50,238.997689,0.0
-4.535303,50,239.033065,0.0
-5.309802,50,239.068266,0.0
-4.737293,50,239.103474,0.0
-4.842941,50,239.139093,0.0
-4.222007,50,239.174668,0.0
-4.715786,50,239.210269,0.0
-4.831833,50,239.245786,0.0
-4.739797,50,239.394214,0.0
-4.450661,50,239.429609,0.0
-4.119492,50,239.465395,0.0
-4.871278,50,239.501166,0.0
-4.425666,50,239.536512,0.0
-4.397375,50,239.571925,0.0
-4.808523,50,239.607414,0.0
-4.961844,50,239.642931,0.0
-4.977148,50,239.678345,0.0
-3.620698,50,239.713415,0.0
-3.789746,50,239.748696,0.0
-5.030144,50,239.784092,0.0
-3.863389,50,239.819308,0.0
-5.603553,50,239.854688,0.0
-4.660004,50,239.890003,0.0
-4.744231,50,239.925372,0.0
-5.369038,50,239.960847,0.0
-5.233658,50,239.996751,0.0
-5.503078,50,240.032392,0.0
-5.504184,50,240.067835,0.0
-4.820666,50,240.103928,0.0
-5.041755,50,240.139447,0.0
-4.534196,50,240.175293,0.0
-5.293939,50,240.211305,0.0
-3.910937,50,240.247722,0.0
-4.549724,50,240.283754,0.0
-4.6846,50,240.319396,0.0
-4.243277,50,240.355057,0.0
-4.398706,50,240.390256,0.0
-4.612421,50,240.426224,0.0
-4.804817,50,240.461782,0.0
-4.922251,50,240.496838,0.0
-4.495527,50,240.532527,0.0
-4.908014,50,240.567607,0.0
-4.953984,50,240.603159,0.0
-5.896676,50,240.638872,0.0
-4.793072,50,240.674118,0.0
-4.147196,50,240.710485,0.0
-4.449244,50,240.746145,0.0
-5.034451,50,240.781637,0.0
-5.254062,50,240.817508,0.0
-5.156661,50,240.973429,0.0
-4.71065,50,241.009722,0.0
-4.357452,50,241.045265,0.0
-4.138328,50,241.080968,0.0
-5.158153,50,241.116598,0.0
-4.73487,50,241.152153,0.0
-4.426272,50,241.187641,0.0
-4.650355,50,241.223545,0.0
-5.338137,50,241.259193,0.0
-4.443918,50,241.29466,0.0
-3.957786,50,241.330031,0.0
-4.418775,50,241.36534,0.0
-4.511314,50,241.400285,0.0
-4.700448,50,241.436053,0.0
-4.989072,50,241.471576,0.0
-4.214007,50,241.506869,0.0
-5.079303,50,241.542147,0.0
-4.867953,50,241.577218,0.0
-4.586228,50,241.612499,0.0
-3.73938,50,241.647968,0.0
-4.813871,50,241.683415,0.0
-4.595164,50,241.718822,0.0
-5.087596,50,241.754152,0.0
-4.841406,50,241.788946,0.0
-4.76049,50,241.824249,0.0
-5.28721,50,241.859451,0.0
-4.935668,50,241.894764,0.0
-4.110074,50,241.930307,0.0
-5.220626,50,241.96587,0.0
-4.563085,50,242.001194,0.0
-4.927507,50,242.0367,0.0
-3.877096,50,242.071856,0.0
-4.143496,50,242.107424,0.0
-3.400371,50,242.142823,0.0
-5.130618,50,242.177966,0.0
-4.71515,50,242.21322,0.0
-4.083211,50,242.249192,0.0
-4.179777,50,242.284891,0.0
-4.484821,50,242.320486,0.0
-5.043859,50,242.355901,0.0
-5.8064,50,242.391246,0.0
-4.449962,50,242.539969,0.0
-5.232586,50,242.575394,0.0
-5.749365,50,242.611551,0.0
-4.447115,50,242.647127,0.0
-5.489477,50,242.682465,0.0
-3.931986,50,242.717797,0.0
-5.000772,50,242.752765,0.0
-4.219701,50,242.788318,0.0
-4.789421,50,242.823283,0.0
-4.318345,50,242.858537,0.0
-3.980932,50,242.89437,0.0
-4.446882,50,242.929636,0.0
-4.582158,50,242.965137,0.0
-4.837528,50,243.000311,0.0
-4.228914,50,243.036134,0.0
-4.165504,50,243.071639,0.0
-4.569132,50,243.107034,0.0
-4.650453,50,243.14254,0.0
-4.162091,50,243.177794,0.0
-4.311375,50,243.213165,0.0
-4.616337,50,243.248516,0.0
-4.30585,50,243.283988,0.0
-4.431971,50,243.319547,0.0
-4.920642,50,243.354624,0.0
-5.26755,50,243.390972,0.0
-4.632313,50,243.42681,0.0
-4.689002,50,243.462241,0.0
-4.813293,50,243.497454,0.0
-4.875738,50,243.533203,0.0
-4.629948,50,243.568647,0.0
-4.470178,50,243.604368,0.0
-5.234909,50,243.640781,0.0
-4.310847,50,243.676465,0.0
-4.261007,50,243.711893,0.0
-4.963827,50,243.746995,0.0
-4.820286,50,243.782208,0.0
-5.368945,50,243.817753,0.0
-5.13874,50,243.853495,0.0
-5.38055,50,243.889083,0.0
-4.474507,50,243.924944,0.0
-4.58131,50,243.960746,0.0
-4.841972,50,244.112198,0.0
-3.678191,50,244.148044,0.0
-4.536628,50,244.184007,0.0
-4.663557,50,244.219844,0.0
-4.712624,50,244.255438,0.0
-4.704342,50,244.291154,0.0
-5.42163,50,244.327177,0.0
-4.928406,50,244.363093,0.0
-5.359376,50,244.39948,0.0
-5.07867,50,244.43562,0.0
-4.588043,50,244.471415,0.0
-4.848624,50,244.507229,0.0
-5.053421,50,244.543106,0.0
-4.736179,50,244.579367,0.0
-5.840644,50,244.615195,0.0
-3.857055,50,244.650965,0.0
-4.487777,50,244.686869,0.0
-4.371484,50,244.722499,0.0
-4.870889,50,244.757844,0.0
-5.614537,50,244.793287,0.0
-5.286377,50,244.828741,0.0
-4.629724,50,244.864788,0.0
-4.316988,50,244.900261,0.0
-4.752591,50,244.936089,0.0
-4.320569,50,244.971763,0.0
-4.91392,50,245.007709,0.0
-4.552851,50,245.042845,0.0
-4.611483,50,245.078345,0.0
-4.501276,50,245.113637,0.0
-4.523047,50,245.14902,0.0
-5.127001,50,245.184667,0.0
-5.233294,50,245.22026,0.0
-5.323246,50,245.255646,0.0
-5.334481,50,245.29132,0.0
-4.557473,50,245.326815,0.0
-4.503372,50,245.362111,0.0
-4.809074,50,245.397696,0.0
-4.655095,50,245.43373,0.0
-4.912658,50,245.469409,0.0
-5.042064,50,245.50538,0.0
-5.244498,50,245.540868,0.0
-4.833704,50,245.69084,0.0
-4.69019,50,245.726621,0.0
-5.337587,50,245.762228,0.0
-4.434287,50,245.797941,0.0
-4.347952,50,245.83349,0.0
-4.880033,50,245.869087,0.0
-4.991023,50,245.904752,0.0
-3.883967,50,245.940113,0.0
-4.816277,50,245.975735,0.0
-4.284414,50,246.011338,0.0
-4.866167,50,246.046737,0.0
-3.804223,50,246.082177,0.0
-4.75574,50,246.117439,0.0
-5.207259,50,246.152939,0.0
-4.232218,50,246.188435,0.0
-5.184804,50,246.223798,0.0
-5.12664,50,246.259224,0.0
-5.147551,50,246.295082,0.0
-3.746815,50,246.330611,0.0
-5.155707,50,246.366102,0.0
-5.473184,50,246.401374,0.0
-3.793471,50,246.436351,0.0
-3.69172,50,246.471127,0.0
-5.128079,50,246.507315,0.0
-4.510679,50,246.542904,0.0
-4.24346,50,246.577878,0.0
-4.842294,50,246.613258,0.0
-4.977526,50,246.648684,0.0
-5.468511,50,246.684696,0.0
-4.699484,50,246.720727,0.0
-4.650717,50,246.756193,0.0
-4.642819,50,246.791401,0.0
-5.400168,50,246.827143,0.0
-4.602648,50,246.862678,0.0
-4.480111,50,246.898437,0.0
-5.36466,50,246.933411,0.0
-4.818668,50,246.96914,0.0
-5.389714,50,247.005678,0.0
-5.226518,50,247.041444,0.0
-4.399936,50,247.077509,0.0
-5.169691,50,247.113023,0.0
-5.060372,50,247.262199,0.0
-4.270271,50,247.297886,0.0
-5.365855,50,247.333291,0.0
-4.72129,50,247.36928,0.0
-4.855295,50,247.4062,0.0
-4.441888,50,247.442587,0.0
-5.096836,50,247.477545,0.0
-4.949837,50,247.513154,0.0
-4.393531,50,247.549023,0.0
-4.791122,50,247.584246,0.0
-4.046355,50,247.620575,0.0
-4.704843,50,247.656448,0.0
-3.355811,50,247.692049,0.0
-4.988935,50,247.727753,0.0
-4.609213,50,247.763663,0.0
-4.490201,50,247.798804,0.0
-4.461164,50,247.834187,0.0
-5.507291,50,247.870043,0.0
-4.886201,50,247.905746,0.0
-5.055781,50,247.941562,0.0
-3.819023,50,247.977173,0.0
-4.771054,50,248.012792,0.0
-4.878134,50,248.048473,0.0
-5.21845,50,248.084022,0.0
-4.327856,50,248.119686,0.0
-4.875295,50,248.154876,0.0
-5.313852,50,248.190607,0.0
-4.613421,50,248.225877,0.0
-4.552055,50,248.261736,0.0
-4.648744,50,248.29763,0.0
-4.855496,50,248.333473,0.0
-5.029629,50,248.369231,0.0
-4.550146,50,248.404596,0.0
-4.829375,50,248.440826,0.0
-4.534483,50,248.476639,0.0
-4.633399,50,248.512089,0.0
-4.691841,50,248.547508,0.0
-5.21739,50,248.583781,0.0
-4.756844,50,248.619633,0.0
-4.335842,50,248.656094,0.0
-4.532748,50,248.691467,0.0
-4.717003,50,248.842887,0.0
-5.054256,50,248.878678,0.0
-4.789015,50,248.91463,0.0
-4.811008,50,248.950615,0.0
-5.213049,50,248.986521,0.0
-4.441364,50,249.023112,0.0
-5.14822,50,249.058862,0.0
-4.929121,50,249.094477,0.0
-4.814465,50,249.130004,0.0
-5.513871,50,249.166576,0.0
-5.119832,50,249.202297,0.0
-4.455972,50,249.238,0.0
-4.066616,50,249.27392,0.0
-5.094579,50,249.309642,0.0
-4.984676,50,249.344921,0.0
-4.681699,50,249.380333,0.0
-5.07431,50,249.416286,0.0
-4.791056,50,249.451801,0.0
-5.033889,50,249.48751,0.0
-5.23753,50,249.523159,0.0
-4.501602,50,249.558521,0.0
-4.755116,50,249.593914,0.0
-4.520739,50,249.62939,0.0
-5.401329,50,249.664933,0.0
-4.663155,50,249.700531,0.0
-3.971873,50,249.736183,0.0
-3.798015,50,249.771963,0.0
-4.496273,50,249.807542,0.0
-5.592909,50,249.843241,0.0
-4.91448,50,249.878912,0.0
-4.984874,50,249.913998,0.0
-4.415705,50,249.949654,0.0
-5.180264,50,249.985245,0.0
-5.053498,50,250.0206,0.0
-4.867484,50,250.056114,0.0
-5.821649,50,250.091587,0.0
-4.668638,50,250.127441,0.0
-4.570587,50,250.163278,0.0
-5.252753,50,250.198527,0.0
-4.443593,50,250.233824,0.0
-4.103751,50,250.269729,0.0
-5.612701,50,250.421528,0.0
-4.739114,50,250.456753,0.0
-4.109122,50,250.492089,0.0
-5.190705,50,250.528198,0.0
-5.251384,50,250.56537,0.0
-4.117986,50,250.60324,0.0
-5.418111,50,250.640149,0.0
-4.714266,50,250.676198,0.0
-4.823134,50,250.71157,0.0
-4.860667,50,250.74725,0.0
-5.257889,50,250.782427,0.0
-4.33956,50,250.818024,0.0
-4.466557,50,250.853354,0.0
-5.155805,50,250.889061,0.0
-4.431234,50,250.924723,0.0
-4.857744,50,250.961366,0.0
-4.94357,50,250.996735,0.0
-4.551777,50,251.031977,0.0
-4.597946,50,251.067515,0.0
-4.651506,50,251.102872,0.0
-4.386425,50,251.138457,0.0
-4.376531,50,251.17444,0.0
-5.008097,50,251.210306,0.0
-4.728858,50,251.246227,0.0
-4.150065,50,251.282226,0.0
-3.640776,50,251.317773,0.0
-4.863148,50,251.352945,0.0
-5.196935,50,251.388656,0.0
-5.229089,50,251.424223,0.0
-5.218207,50,251.460127,0.0
-4.729289,50,251.495963,0.0
-5.068773,50,251.531385,0.0
-4.51688,50,251.566882,0.0
-5.165358,50,251.602514,0.0
-4.658382,50,251.637891,0.0
-4.461413,50,251.673431,0.0
-4.270235,50,251.709258,0.0
-5.037388,50,251.744987,0.0
-4.83568,50,251.780069,0.0
-4.560731,50,251.815753,0.0
-4.124655,50,251.851063,0.0
-4.498989,50,252.00167,0.0
-4.578682,50,252.037119,0.0
-5.337958,50,252.072497,0.0
-4.867242,50,252.108226,0.0
-3.769199,50,252.14368,0.0
-4.896265,50,252.17963,0.0
-4.525315,50,252.215181,0.0
-4.974663,50,252.250273,0.0
-5.453246,50,252.28531,0.0
-4.870228,50,252.320669,0.0
-3.284498,50,252.355671,0.0
-5.002415,50,252.391016,0.0
-5.484419,50,252.426338,0.0
-3.97021,50,252.461458,0.0
-4.583883,50,252.49676,0.0
-5.114101,50,252.532589,0.0
-4.074713,50,252.568183,0.0
-3.908821,50,252.603521,0.0
-5.694807,50,252.639235,0.0
-5.438721,50,252.674284,0.0
-4.392339,50,252.709509,0.0
-4.812513,50,252.744691,0.0
-5.149106,50,252.780216,0.0
-4.658601,50,252.815724,0.0
-5.40292,50,252.851251,0.0
-4.82664,50,252.887026,0.0
-5.126033,50,252.922455,0.0
-4.753447,50,252.957578,0.0
-4.434832,50,252.993405,0.0
-4.708705,50,253.029571,0.0
-5.264779,50,253.06523,0.0
-5.895686,50,253.100579,0.0
-4.932463,50,253.136577,0.0
-4.587975,50,253.172161,0.0
-4.937812,50,253.207542,0.0
-4.594404,50,253.243152,0.0
-4.882471,50,253.278594,0.0
-4.625482,50,253.313863,0.0
-4.625332,50,253.35004,0.0
-5.467212,50,253.385628,0.0
-4.779739,50,253.420841,0.0
-5.084077,50,253.572991,0.0
-5.111598,50,253.608947,0.0
-5.684184,50,253.644867,0.0
-4.811488,50,253.680253,0.0
-4.912738,50,253.715575,0.0
-4.159282,50,253.751329,0.0
-4.467968,50,253.786866,0.0
-5.112943,50,253.822845,0.0
-5.204172,50,253.858202,0.0
-4.489983,50,253.894394,0.0
-4.516934,50,253.929648,0.0
-4.00108,50,253.965204,0.0
-4.492429,50,254.000767,0.0
-4.84001,50,254.03605,0.0
-4.819292,50,254.071349,0.0
-4.789144,50,254.106738,0.0
-3.745658,50,254.142376,0.0
-4.600688,50,254.177905,0.0
-4.511221,50,254.214079,0.0
-4.324553,50,254.249589,0.0
-4.32811,50,254.285361,0.0
-3.782055,50,254.320639,0.0
-4.840506,50,254.35602,0.0
-5.269621,50,254.391398,0.0
-4.926295,50,254.426843,0.0
-4.558939,50,254.462949,0.0
-4.575076,50,254.498534,0.0
-5.07931,50,254.534407,0.0
-5.152661,50,254.570535,0.0
-4.949914,50,254.60637,0.0
-4.590096,50,254.642409,0.0
-4.711705,50,254.677828,0.0
-5.090609,50,254.713494,0.0
-5.544524,50,254.749665,0.0
-5.123888,50,254.784776,0.0
-4.578772,50,254.82007,0.0
-5.088469,50,254.85548,0.0
-4.409612,50,254.891025,0.0
-5.119757,50,254.926617,0.0
-4.191382,50,254.962617,0.0
-4.322133,50,254.998489,0.0
-5.342938,50,255.150336,0.0
-5.490333,50,255.18595,0.0
-4.547689,50,255.22134,0.0
-4.941567,50,255.257125,0.0
-4.391086,50,255.292724,0.0
-5.110618,50,255.328171,0.0
-5.289447,50,255.363292,0.0
-5.161382,50,255.398442,0.0
-4.810824,50,255.433676,0.0
-3.750519,50,255.469021,0.0
-5.027499,50,255.504415,0.0
-4.710765,50,255.539676,0.0
-4.380214,50,255.575102,0.0
-4.061514,50,255.610409,0.0
-4.069465,50,255.646244,0.0
-4.665645,50,255.681885,0.0
-5.139267,50,255.717028,0.0
-5.37146,50,255.752939,0.0
-4.44661,50,255.788879,0.0
-3.882243,50,255.824077,0.0
-5.620266,50,255.859556,0.0
-4.884411,50,255.894485,0.0
-5.198923,50,255.929413,0.0
-4.790645,50,255.964863,0.0
-4.864322,50,256.000305,0.0
-4.723368,50,256.035428,0.0
-4.838236,50,256.070685,0.0
-4.694733,50,256.105591,0.0
-4.588093,50,256.141167,0.0
-4.90556,50,256.176658,0.0
-4.811771,50,256.212094,0.0
-5.188498,50,256.247147,0.0
-4.888638,50,256.282901,0.0
-4.841501,50,256.318575,0.0
-4.643694,50,256.354111,0.0
-5.34748,50,256.389539,0.0
-5.538256,50,256.4247,0.0
-4.589028,50,256.46023,0.0
-4.372362,50,256.496855,0.0
-5.144265,50,256.53241,0.0
-4.594486,50,256.56797,0.0
-4.834164,50,256.718146,0.0
-4.734481,50,256.753848,0.0
-5.528277,50,256.789229,0.0
-3.929872,50,256.824447,0.0
-3.824088,50,256.859703,0.0
-5.173849,50,256.895498,0.0
-5.064028,50,256.931273,0.0
-4.41229,50,256.966691,0.0
-4.239071,50,257.001974,0.0
-4.300871,50,257.037689,0.0
-4.704256,50,257.073212,0.0
-4.67991,50,257.108572,0.0
-4.550356,50,257.144126,0.0
-5.127803,50,257.179922,0.0
-4.391126,50,257.215268,0.0
-5.455531,50,257.250323,0.0
-4.188061,50,257.285769,0.0
-5.09065,50,257.32114,0.0
-4.645851,50,257.355951,0.0
-4.569484,50,257.39137,0.0
-4.78175,50,257.426439,0.0
-5.670444,50,257.462028,0.0
-3.711966,50,257.497509,0.0
-4.300383,50,257.532622,0.0
-4.41899,50,257.567967,0.0
-4.77645,50,257.603194,0.0
-4.586395,50,257.638848,0.0
-4.703629,50,257.674488,0.0
-4.916385,50,257.710529,0.0
-4.645493,50,257.746052,0.0
-4.531952,50,257.781637,0.0
-5.423122,50,257.817362,0.0
-4.454935,50,257.852571,0.0
-5.025244,50,257.888516,0.0
-5.219437,50,257.923945,0.0
-4.798049,50,257.959459,0.0
-5.294328,50,257.994855,0.0
-4.617178,50,258.030127,0.0
-4.905572,50,258.065261,0.0
-4.377801,50,258.101373,0.0
-4.795108,50,258.137079,0.0
-4.676726,50,258.287709,0.0
-4.406955,50,258.323225,0.0
-4.38669,50,258.358782,0.0
-3.687499,50,258.394517,0.0
-4.616696,50,258.43032,0.0
-4.87332,50,258.466046,0.0
-4.8833,50,258.501675,0.0
-4.837744,50,258.537128,0.0
-5.025728,50,258.57237,0.0
-5.446326,50,258.608168,0.0
-4.266224,50,258.644085,0.0
-4.853071,50,258.679405,0.0
-3.909743,50,258.715157,0.0
-4.459545,50,258.750483,0.0
-3.372385,50,258.785505,0.0
-3.959687,50,258.820803,0.0
-4.223619,50,258.85617,0.0
-4.975809,50,258.891408,0.0
-3.971566,50,258.926596,0.0
-5.039288,50,258.962533,0.0
-4.783595,50,258.997875,0.0
-4.37822,50,259.033368,0.0
-4.260919,50,259.068676,0.0
-4.676795,50,259.103843,0.0
-5.694108,50,259.139927,0.0
-4.646565,50,259.175445,0.0
-4.589063,50,259.210854,0.0
-4.441865,50,259.246567,0.0
-4.891145,50,259.282059,0.0
-4.945667,50,259.317393,0.0
-4.122748,50,259.353231,0.0
-5.136233,50,259.388385,0.0
-4.766556,50,259.423511,0.0
-3.956931,50,259.458638,0.0
-4.649181,50,259.493804,0.0
-4.653033,50,259.529046,0.0
-4.688942,50,259.564257,0.0
-4.927,50,259.599538,0.0
-4.213965,50,259.635223,0.0
-4.685887,50,259.670693,0.0
-4.71988,50,259.706132,0.0
-4.727705,50,259.855479,0.0
-5.050694,50,259.890878,0.0
-3.496237,50,259.926954,0.0
-5.170314,50,259.96243,0.0
-4.617954,50,259.997931,0.0
-4.669249,50,260.033335,0.0
-4.249595,50,260.069471,0.0
-4.591922,50,260.10499,0.0
-5.410877,50,260.140724,0.0
-5.396065,50,260.176246,0.0
-3.762166,50,260.211883,0.0
-3.993869,50,260.247755,0.0
-4.518235,50,260.283343,0.0
-3.970767,50,260.318758,0.0
-4.247969,50,260.354113,0.0
-4.53664,50,260.389399,0.0
-4.572154,50,260.424727,0.0
-4.967284,50,260.460158,0.0
-5.356228,50,260.49568,0.0
-4.765529,50,260.531213,0.0
-4.314925,50,260.566777,0.0
-5.318176,50,260.602047,0.0
-5.390775,50,260.637346,0.0
-4.107673,50,260.672697,0.0
-4.902457,50,260.708127,0.0
-4.994172,50,260.743856,0.0
-4.482575,50,260.779732,0.0
-4.894581,50,260.815255,0.0
-4.484788,50,260.85095,0.0
-4.582566,50,260.886673,0.0
-4.997447,50,260.922305,0.0
-4.357632,50,260.957411,0.0
-4.426755,50,260.99287,0.0
-4.355883,50,261.028095,0.0
-4.418047,50,261.062946,0.0
-4.600157,50,261.098444,0.0
-4.859894,50,261.13373,0.0
-3.731963,50,261.169423,0.0
-4.339719,50,261.204894,0.0
-3.605505,50,261.240525,0.0
-4.971011,50,261.275128,0.0
-5.45194,50,261.425416,0.0
-4.811299,50,261.461142,0.0
-4.867673,50,261.49669,0.0
-4.60478,50,261.532344,0.0
-4.696849,50,261.568149,0.0
-4.841522,50,261.603851,0.0
-3.841431,50,261.639189,0.0
-4.644532,50,261.674942,0.0
-4.314521,50,261.710931,0.0
-5.075986,50,261.746713,0.0
-3.917055,50,261.782719,0.0
-4.653761,50,261.81839,0.0
-4.145852,50,261.854613,0.0
-3.692087,50,261.889963,0.0
-4.535945,50,261.925538,0.0
-4.873737,50,261.96169,0.0
-4.381574,50,261.99744,0.0
-4.725369,50,262.033135,0.0
-3.415326,50,262.068723,0.0
-5.084373,50,262.104088,0.0
-4.822183,50,262.139831,0.0
-4.982654,50,262.175335,0.0
-4.724337,50,262.210884,0.0
-4.578733,50,262.246766,0.0
-5.03706,50,262.282517,0.0
-4.919862,50,262.318226,0.0
-4.675749,50,262.353536,0.0
-4.505792,50,262.389328,0.0
-4.937015,50,262.42502,0.0
-4.756026,50,262.460794,0.0
-4.711795,50,262.496077,0.0
-5.004412,50,262.531965,0.0
-5.091059,50,262.567516,0.0
-4.634549,50,262.60324,0.0
-4.929072,50,262.6387,0.0
-4.580963,50,262.674268,0.0
-4.018383,50,262.710276,0.0
-4.880166,50,262.746077,0.0
-4.721988,50,262.781571,0.0
-5.248746,50,262.816811,0.0
-4.219484,50,262.85261,0.0
-5.29461,50,263.003502,0.0
-4.497228,50,263.03896,0.0
-5.027838,50,263.074507,0.0
-4.109902,50,263.109968,0.0
-4.507124,50,263.145872,0.0
-4.838109,50,263.181423,0.0
-5.478875,50,263.216781,0.0
-4.490278,50,263.252106,0.0
-4.524151,50,263.287626,0.0
-5.077121,50,263.323469,0.0
-4.700064,50,263.358879,0.0
-4.636917,50,263.394623,0.0
-4.56673,50,263.429991,0.0
-4.9128,50,263.465269,0.0
-4.681442,50,263.500975,0.0
-4.067904,50,263.536014,0.0
-4.399974,50,263.571272,0.0
-5.280967,50,263.606986,0.0
-4.129277,50,263.642144,0.0
-4.873315,50,263.677743,0.0
-5.530635,50,263.713278,0.0
-4.296022,50,263.748572,0.0
-4.53411,50,263.783741,0.0
-4.693641,50,263.81944,0.0
-4.565618,50,263.855055,0.0
-4.584648,50,263.890595,0.0
-5.16877,50,263.926187,0.0
-4.389867,50,263.961448,0.0
-4.431965,50,263.996974,0.0
-5.082369,50,264.032719,0.0
-4.455232,50,264.067766,0.0
-4.679121,50,264.103254,0.0
-4.65364,50,264.139257,0.0
-5.319421,50,264.17477,0.0
-4.056055,50,264.210062,0.0
-4.520916,50,264.245244,0.0
-4.809324,50,264.280706,0.0
-4.579483,50,264.316614,0.0
-4.822204,50,264.352531,0.0
-4.959012,50,264.387792,0.0
-4.764039,50,264.423021,0.0
-3.679726,50,264.571483,0.0
-4.975738,50,264.606949,0.0
-4.806782,50,264.642189,0.0
-4.266163,50,264.678001,0.0
-4.172009,50,264.713328,0.0
-4.616065,50,264.749032,0.0
-5.184714,50,264.784608,0.0
-4.190659,50,264.820132,0.0
-5.240326,50,264.855332,0.0
-4.557219,50,264.890373,0.0
-5.663389,50,264.926207,0.0
-4.752681,50,264.961611,0.0
-4.864344,50,264.997018,0.0
-4.498015,50,265.032558,0.0
-4.159894,50,265.067838,0.0
-4.567403,50,265.103368,0.0
-4.763336,50,265.13864,0.0
-4.639911,50,265.174099,0.0
-4.042695,50,265.209742,0.0
-4.404884,50,265.24557,0.0
-5.071985,50,265.280749,0.0
-4.331554,50,265.316107,0.0
-4.876491,50,265.351546,0.0
-5.19725,50,265.387012,0.0
-4.15139,50,265.422527,0.0
-4.837466,50,265.457599,0.0
-4.764824,50,265.492904,0.0
-4.159478,50,265.528054,0.0
-4.675627,50,265.563264,0.0
-4.830328,50,265.597879,0.0
-4.41748,50,265.632754,0.0
-3.236566,50,265.667405,0.0
-4.431512,50,265.703116,0.0
-4.699198,50,265.738796,0.0
-4.908679,50,265.7743,0.0
-3.780536,50,265.810065,0.0
-4.240393,50,265.845439,0.0
-4.717305,50,265.881595,0.0
-4.550131,50,265.916929,0.0
-4.271976,50,265.952523,0.0
-4.932422,50,265.987651,0.0
-4.031803,50,266.138,0.0
-4.352309,50,266.173486,0.0
-5.590528,50,266.209213,0.0
-4.24155,50,266.245171,0.0
-4.485515,50,266.280817,0.0
-4.844575,50,266.317181,0.0
-4.652199,50,266.352848,0.0
-4.99633,50,266.388931,0.0
-4.903118,50,266.424951,0.0
-4.836948,50,266.46067,0.0
-4.75783,50,266.496467,0.0
-4.917742,50,266.531924,0.0
-4.373167,50,266.567673,0.0
-4.606189,50,266.602881,0.0
-4.613981,50,266.638786,0.0
-4.949789,50,266.674548,0.0
-4.072295,50,266.709836,0.0
-4.729925,50,266.745369,0.0
-3.967759,50,266.781439,0.0
-4.070053,50,266.816896,0.0
-5.252398,50,266.852233,0.0
-4.388715,50,266.888886,0.0
-5.327078,50,266.924124,0.0
-4.575347,50,266.959369,0.0
-4.278962,50,266.995129,0.0
-4.483797,50,267.030497,0.0
-4.671125,50,267.066196,0.0
-5.108767,50,267.10167,0.0
-4.019568,50,267.137445,0.0
-4.667857,50,267.173125,0.0
-5.158339,50,267.208699,0.0
-5.354815,50,267.244121,0.0
-4.370212,50,267.278716,0.0
-4.812674,50,267.314136,0.0
-4.519583,50,267.349353,0.0
-4.623891,50,267.384821,0.0
-4.230736,50,267.420198,0.0
-5.064631,50,267.455783,0.0
-4.419764,50,267.491537,0.0
-3.655893,50,267.527471,0.0
-3.533432,50,267.562731,0.0
-4.55766,50,267.713661,0.0
-4.057132,50,267.74907,0.0
-5.171177,50,267.784465,0.0
-4.603385,50,267.819982,0.0
-4.925718,50,267.855541,0.0
-4.616289,50,267.891028,0.0
-5.1597,50,267.926485,0.0
-4.777401,50,267.962225,0.0
-4.975236,50,267.998284,0.0
-4.907687,50,268.033973,0.0
-5.267489,50,268.069295,0.0
-5.07771,50,268.104821,0.0
-4.493869,50,268.14013,0.0
-4.926298,50,268.175581,0.0
-5.174108,50,268.211417,0.0
-5.089928,50,268.247456,0.0
-4.249322,50,268.282664,0.0
-5.363115,50,268.317666,0.0
-4.307284,50,268.353211,0.0
-4.512313,50,268.388693,0.0
-4.624782,50,268.424152,0.0
-4.308161,50,268.458893,0.0
-4.111089,50,268.494367,0.0
-4.757135,50,268.529673,0.0
-4.703181,50,268.565061,0.0
-4.946562,50,268.599998,0.0
-4.430098,50,268.635376,0.0
-3.592193,50,268.670411,0.0
-4.723927,50,268.705439,0.0
-4.98042,50,268.740704,0.0
-4.482162,50,268.775738,0.0
-4.553901,50,268.810398,0.0
-4.348737,50,268.845566,0.0
-4.316214,50,268.880432,0.0
-4.794513,50,268.916199,0.0
-5.345553,50,268.952189,0.0
-4.151826,50,268.987518,0.0
-4.788746,50,269.371626,0.0
-4.407133,50,269.407653,0.0
-4.066342,50,269.443653,0.0
-5.093786,50,269.47916,0.0
-4.70779,50,269.629398,0.0
-4.190117,50,269.665531,0.0
-4.487303,50,269.701286,0.0
-4.071963,50,269.736486,0.0
-4.822726,50,269.772152,0.0
-4.446852,50,269.807697,0.0
-3.599184,50,269.842804,0.0
-4.166774,50,269.878448,0.0
-4.00759,50,269.913969,0.0
-4.117624,50,269.949237,0.0
-4.658614,50,269.984843,0.0
-4.854219,50,270.020644,0.0
-4.221581,50,270.055361,0.0
-4.48241,50,270.09116,0.0
-4.757175,50,270.1271,0.0
-4.760833,50,270.162515,0.0
-4.743015,50,270.197388,0.0
-5.864086,50,270.233512,0.0
-4.401264,50,270.268956,0.0
-4.767436,50,270.30524,0.0
-4.289131,50,270.340819,0.0
-4.187415,50,270.37609,0.0
-4.687491,50,270.411567,0.0
-4.803012,50,270.447215,0.0
-4.363963,50,270.482491,0.0
-3.686111,50,270.517898,0.0
-4.373279,50,270.552892,0.0
-4.530215,50,270.588108,0.0
-4.503633,50,270.623961,0.0
-4.600371,50,270.659545,0.0
-3.757686,50,270.694771,0.0
-5.131511,50,270.730104,0.0
-4.772517,50,270.765927,0.0
-5.778092,50,270.800872,0.0
-4.898987,50,270.836333,0.0
-4.784967,50,270.871661,0.0
-4.837818,50,270.907103,0.0
-4.610044,50,270.942491,0.0
-5.857721,50,270.977737,0.0
-4.270945,50,271.013263,0.0
-4.670163,50,271.049035,0.0
-4.819985,50,271.199682,0.0
-4.58076,50,271.235056,0.0
-4.567237,50,271.270063,0.0
-4.128477,50,271.305012,0.0
-4.766543,50,271.339931,0.0
-4.22305,50,271.374974,0.0
-3.69769,50,271.410548,0.0
-3.940031,50,271.446136,0.0
-5.082642,50,271.481804,0.0
-5.095924,50,271.517173,0.0
-5.392666,50,271.552209,0.0
-4.961524,50,271.58743,0.0
-4.834996,50,271.623913,0.0
-4.406964,50,271.659797,0.0
-4.41458,50,271.69515,0.0
-5.138788,50,271.731036,0.0
-4.554605,50,271.766354,0.0
-4.77379,50,271.802507,0.0
-4.548408,50,271.837831,0.0
-4.799025,50,271.873458,0.0
-4.945744,50,271.908866,0.0
-3.812166,50,271.944773,0.0
-5.275095,50,271.982044,0.0
-5.618668,50,272.017393,0.0
-4.702016,50,272.052705,0.0
-4.581493,50,272.088726,0.0
-5.283489,50,272.124336,0.0
-5.191892,50,272.159894,0.0
-5.529061,50,272.196033,0.0
-4.100903,50,272.231846,0.0
-4.665929,50,272.267461,0.0
-4.538309,50,272.303138,0.0
-5.141106,50,272.33821,0.0
-4.546928,50,272.373699,0.0
-3.913404,50,272.409252,0.0
-5.120734,50,272.444843,0.0
-4.888418,50,272.480047,0.0
-4.854488,50,272.515533,0.0
-4.589891,50,272.550794,0.0
-4.961557,50,272.586437,0.0
-4.805958,50,272.621927,0.0
-5.032593,50,272.771935,0.0
-4.031882,50,272.8074,0.0
-4.508813,50,272.843554,0.0
-4.484424,50,272.879372,0.0
-5.27351,50,272.915155,0.0
-4.588858,50,272.950472,0.0
-5.003142,50,272.985938,0.0
-4.489413,50,273.021194,0.0
-4.371165,50,273.056257,0.0
-3.809493,50,273.09237,0.0
-3.863962,50,273.129835,0.0
-4.848602,50,273.166612,0.0
-4.399479,50,273.201971,0.0
-4.892827,50,273.237755,0.0
-4.47189,50,273.273009,0.0
-3.947935,50,273.307747,0.0
-4.171313,50,273.343291,0.0
-4.791521,50,273.378225,0.0
-4.188992,50,273.413739,0.0
-5.246687,50,273.449538,0.0
-4.300239,50,273.485867,0.0
-4.587057,50,273.522183,0.0
-4.931409,50,273.557857,0.0
-5.160396,50,273.593702,0.0
-4.992925,50,273.62974,0.0
-3.820912,50,273.666504,0.0
-4.436847,50,273.702757,0.0
-4.956687,50,273.738324,0.0
-4.335139,50,273.775314,0.0
-4.822075,50,273.811886,0.0
-4.94566,50,273.847836,0.0
-4.431858,50,273.883441,0.0
-3.846458,50,273.918788,0.0
-4.220164,50,273.954127,0.0
-4.717464,50,273.989749,0.0
-4.763184,50,274.025266,0.0
-4.172652,50,274.061445,0.0
-4.506932,50,274.096741,0.0
-4.276591,50,274.132435,0.0
-4.850572,50,274.168462,0.0
-4.731611,50,274.204219,0.0
-4.122281,50,274.353114,0.0
-5.043088,50,274.388752,0.0
-4.946901,50,274.42426,0.0
-4.678845,50,274.460762,0.0
-4.333549,50,274.497276,0.0
-4.794235,50,274.532804,0.0
-4.551595,50,274.568336,0.0
-4.845839,50,274.60393,0.0
-4.376597,50,274.639434,0.0
-4.009175,50,274.675258,0.0
-4.629725,50,274.710569,0.0
-4.066967,50,274.746075,0.0
-4.675341,50,274.781422,0.0
-3.719911,50,274.816378,0.0
-4.597041,50,274.85246,0.0
-4.057421,50,274.887724,0.0
-4.729962,50,274.923363,0.0
-4.686763,50,274.958448,0.0
-4.001893,50,274.99384,0.0
-4.392499,50,275.029152,0.0
-5.021844,50,275.065076,0.0
-4.634181,50,275.100967,0.0
-4.745394,50,275.136557,0.0
-4.800017,50,275.172673,0.0
-4.318208,50,275.208359,0.0
-4.650609,50,275.243702,0.0
-4.754098,50,275.27913,0.0
-5.199738,50,275.314799,0.0
-5.651933,50,275.351278,0.0
-5.244562,50,275.388106,0.0
-4.768128,50,275.425135,0.0
-5.644038,50,275.461367,0.0
-5.539526,50,275.498568,0.0
-4.152377,50,275.534751,0.0
-4.14839,50,275.57151,0.0
-4.693914,50,275.607382,0.0
-5.007923,50,275.643107,0.0
-4.201699,50,275.67934,0.0
-5.596133,50,275.715313,0.0
-3.777123,50,275.750958,0.0
-4.543527,50,275.786667,0.0
-5.140273,50,275.935899,0.0
-5.161989,50,275.972075,0.0
-4.348586,50,276.007258,0.0
-4.638609,50,276.042905,0.0
-4.650018,50,276.079689,0.0
-4.705353,50,276.115763,0.0
-4.220561,50,276.151588,0.0
-4.86675,50,276.187413,0.0
-4.398704,50,276.222985,0.0
-4.779834,50,276.258746,0.0
-4.30981,50,276.294692,0.0
-4.53728,50,276.330543,0.0
-4.410624,50,276.366004,0.0
-4.563553,50,276.401684,0.0
-4.646668,50,276.437179,0.0
-4.806864,50,276.472734,0.0
-5.406311,50,276.508534,0.0
-5.079136,50,276.544936,0.0
-4.349492,50,276.580289,0.0
-4.125235,50,276.615712,0.0
-5.458293,50,276.651994,0.0
-4.400982,50,276.687475,0.0
-3.945625,50,276.722694,0.0
-4.974446,50,276.757835,0.0
-5.101075,50,276.792906,0.0
-4.331407,50,276.828939,0.0
-4.118869,50,276.86477,0.0
-4.658781,50,276.900416,0.0
-5.138161,50,276.935659,0.0
-4.019217,50,276.971368,0.0
-4.979836,50,277.006541,0.0
-4.988404,50,277.042032,0.0
-4.7823,50,277.077233,0.0
-5.14144,50,277.112158,0.0
-4.973599,50,277.147628,0.0
-5.066145,50,277.183523,0.0
-4.948858,50,277.219056,0.0
-4.660819,50,277.254698,0.0
-5.477352,50,277.289922,0.0
-4.149024,50,277.325508,0.0
-4.495416,50,277.474724,0.0
-4.988626,50,277.511124,0.0
-4.419007,50,277.546512,0.0
-4.464659,50,277.581906,0.0
-5.315098,50,277.617212,0.0
-4.268789,50,277.652681,0.0
-3.871374,50,277.688699,0.0
-3.817069,50,277.724452,0.0
-4.296226,50,277.760123,0.0
-4.683088,50,277.795774,0.0
-3.783746,50,277.831668,0.0
-5.025693,50,277.867622,0.0
-4.734203,50,277.903363,0.0
-4.741213,50,277.938584,0.0
-4.355204,50,277.974106,0.0
-4.008462,50,278.0105,0.0
-4.506786,50,278.045824,0.0
-4.009705,50,278.081299,0.0
-4.138723,50,278.117127,0.0
-4.460521,50,278.152758,0.0
-4.784171,50,278.188531,0.0
-4.812564,50,278.223718,0.0
-3.798746,50,278.258946,0.0
-4.811779,50,278.294487,0.0
-4.190969,50,278.330049,0.0
-3.682434,50,278.365454,0.0
-4.724478,50,278.400732,0.0
-4.43425,50,278.435693,0.0
-4.907262,50,278.471433,0.0
-4.852523,50,278.506942,0.0
-4.581248,50,278.542642,0.0
-4.584691,50,278.578581,0.0
-4.3253,50,278.614248,0.0
-4.482011,50,278.649997,0.0
-4.336529,50,278.685839,0.0
-4.757354,50,278.720925,0.0
-4.633753,50,278.756519,0.0
-5.138983,50,278.791933,0.0
-4.307679,50,278.827347,0.0
-3.925513,50,278.862699,0.0
-4.931437,50,278.897834,0.0
-4.69336,50,279.047345,0.0
-5.003484,50,279.082947,0.0
-5.341631,50,279.117935,0.0
-4.11475,50,279.153248,0.0
-4.49169,50,279.188861,0.0
-4.754362,50,279.22453,0.0
-5.16498,50,279.259491,0.0
-4.825407,50,279.295338,0.0
-4.829858,50,279.33092,0.0
-4.615399,50,279.36593,0.0
-4.337583,50,279.40141,0.0
-4.679417,50,279.436935,0.0
-5.057661,50,279.472097,0.0
-5.361746,50,279.507736,0.0
-4.803903,50,279.542804,0.0
-5.499017,50,279.57807,0.0
-5.152942,50,279.613308,0.0
-4.046482,50,279.648936,0.0
-4.931132,50,279.684029,0.0
-4.819391,50,279.719177,0.0
-4.249938,50,279.754526,0.0
-5.030992,50,279.789782,0.0
-4.263125,50,279.825122,0.0
-5.000664,50,279.860339,0.0
-4.305677,50,279.896094,0.0
-4.912335,50,279.931801,0.0
-4.671475,50,279.967077,0.0
-4.626497,50,280.002799,0.0
-4.625143,50,280.038283,0.0
-4.644214,50,280.073457,0.0
-3.803175,50,280.108669,0.0
-4.80042,50,280.144123,0.0
-4.551329,50,280.179329,0.0
-4.572654,50,280.214787,0.0
-4.766793,50,280.250068,0.0
-5.27137,50,280.285612,0.0
-4.772754,50,280.321343,0.0
-4.856083,50,280.356674,0.0
-4.857014,50,280.391953,0.0
-4.786868,50,280.427798,0.0
-4.154809,50,280.463398,0.0
-4.459848,50,280.613453,0.0
-4.993633,50,280.649363,0.0
-4.934726,50,280.685208,0.0
-4.423961,50,280.720975,0.0
-4.314454,50,280.756767,0.0
-5.214882,50,280.791979,0.0
-5.196938,50,280.827662,0.0
-4.694183,50,280.863224,0.0
-4.17669,50,280.899158,0.0
-3.547104,50,280.934692,0.0
-5.474937,50,280.970012,0.0
-4.053243,50,281.005357,0.0
-4.860843,50,281.040888,0.0
-4.647077,50,281.07626,0.0
-4.847986,50,281.111742,0.0
-4.943461,50,281.146815,0.0
-4.652535,50,281.182595,0.0
-4.304276,50,281.218395,0.0
-4.519635,50,281.253902,0.0
-4.423866,50,281.289585,0.0
-5.184823,50,281.325316,0.0
-4.656298,50,281.361083,0.0
-4.918997,50,281.396513,0.0
-4.632955,50,281.432272,0.0
-4.368545,50,281.467857,0.0
-4.79487,50,281.503684,0.0
-4.177417,50,281.539381,0.0
-4.846135,50,281.575448,0.0
-5.063395,50,281.610739,0.0
-4.176816,50,281.64632,0.0
-3.993557,50,281.681816,0.0
-4.219354,50,281.717595,0.0
-4.526244,50,281.753303,0.0
-4.679598,50,281.78893,0.0
-5.02001,50,281.824736,0.0
-4.615326,50,281.860181,0.0
-4.724392,50,281.89551,0.0
-4.772029,50,281.932039,0.0
-4.373686,50,281.967695,0.0
-5.175677,50,282.003258,0.0
-4.999078,50,282.039078,0.0
-4.542268,50,282.188172,0.0
-4.917737,50,282.223528,0.0
-5.285841,50,282.259254,0.0
-4.441028,50,282.295821,0.0
-5.234322,50,282.331511,0.0
-4.433694,50,282.367319,0.0
-4.851316,50,282.402824,0.0
-5.328621,50,282.437805,0.0
-4.879619,50,282.473534,0.0
-4.387178,50,282.509455,0.0
-5.109969,50,282.545201,0.0
-3.928916,50,282.580755,0.0
-5.091174,50,282.616401,0.0
-4.398232,50,282.652382,0.0
-5.212947,50,282.68798,0.0
-5.068727,50,282.723571,0.0
-4.73001,50,282.759339,0.0
-4.864184,50,282.794875,0.0
-4.619146,50,282.830324,0.0
-4.690059,50,282.86625,0.0
-4.192817,50,282.901629,0.0
-5.028124,50,282.937194,0.0
-5.238535,50,282.972861,0.0
-4.081054,50,283.008406,0.0
-4.750684,50,283.043899,0.0
-3.685991,50,283.079507,0.0
-5.054454,50,283.115105,0.0
-4.451992,50,283.150833,0.0
-3.966214,50,283.186476,0.0
-4.68625,50,283.221937,0.0
-5.062426,50,283.256951,0.0
-3.570826,50,283.292076,0.0
-4.466136,50,283.327082,0.0
-4.436604,50,283.362893,0.0
-4.255578,50,283.398199,0.0
-4.271151,50,283.433545,0.0
-4.399839,50,283.469274,0.0
-4.466982,50,283.50488,0.0
-4.773692,50,283.540267,0.0
-4.789947,50,283.575351,0.0
-4.630998,50,283.610656,0.0
-4.736866,50,283.760326,0.0
-4.882185,50,283.796095,0.0
-4.17959,50,283.831444,0.0
-5.401455,50,283.8671,0.0
-5.207358,50,283.902535,0.0
-4.539275,50,283.937744,0.0
-4.787956,50,283.973162,0.0
-3.767234,50,284.008523,0.0
-4.069524,50,284.044106,0.0
-4.968048,50,284.07956,0.0
-4.347806,50,284.114869,0.0
-4.818193,50,284.150909,0.0
-4.85019,50,284.186177,0.0
-4.696416,50,284.221426,0.0
-4.568331,50,284.256948,0.0
-5.52004,50,284.292741,0.0
-3.8127,50,284.328433,0.0
-3.92663,50,284.363849,0.0
-5.662789,50,284.399179,0.0
-4.742926,50,284.434693,0.0
-4.797935,50,284.470253,0.0
-4.419974,50,284.50586,0.0
-3.889106,50,284.54124,0.0
-4.934041,50,284.57681,0.0
-4.697247,50,284.612291,0.0
-4.535455,50,284.647703,0.0
-4.483399,50,284.68356,0.0
-4.523132,50,284.719327,0.0
-4.526182,50,284.754617,0.0
-4.612413,50,284.78991,0.0
-4.695378,50,284.824969,0.0
-4.723359,50,284.860676,0.0
-4.566384,50,284.896274,0.0
-5.309697,50,284.931845,0.0
-4.317075,50,284.967207,0.0
-4.562863,50,285.002701,0.0
-4.114312,50,285.037789,0.0
-4.392019,50,285.07289,0.0
-5.146048,50,285.108089,0.0
-4.275459,50,285.143842,0.0
-4.438311,50,285.179496,0.0
-4.753554,50,285.327985,0.0
-4.693002,50,285.363653,0.0
-4.258172,50,285.398965,0.0
-4.410616,50,285.434147,0.0
-4.503052,50,285.469305,0.0
-5.242768,50,285.504885,0.0
-4.662188,50,285.539875,0.0
-4.13619,50,285.575501,0.0
-4.656812,50,285.610787,0.0
-4.106658,50,285.646806,0.0
-4.101327,50,285.682427,0.0
-4.733996,50,285.717739,0.0
-4.644134,50,285.753162,0.0
-4.639179,50,285.788795,0.0
-3.980538,50,285.82488,0.0
-4.677331,50,285.859891,0.0
-4.771942,50,285.895058,0.0
-4.850997,50,285.930176,0.0
-4.50481,50,285.965944,0.0
-5.341904,50,286.001411,0.0
-4.96029,50,286.036799,0.0
-3.856076,50,286.072248,0.0
-5.167131,50,286.10781,0.0
-4.238492,50,286.143182,0.0
-4.961999,50,286.178548,0.0
-4.412438,50,286.214318,0.0
-4.71603,50,286.249584,0.0
-5.048916,50,286.285327,0.0
-4.741156,50,286.320661,0.0
-4.970229,50,286.356312,0.0
-4.656248,50,286.391236,0.0
-4.692821,50,286.426482,0.0
-4.669508,50,286.461674,0.0
-3.912776,50,286.496939,0.0
-4.928231,50,286.532588,0.0
-5.077425,50,286.568218,0.0
-4.079944,50,286.60392,0.0
-4.577187,50,286.639367,0.0
-4.640801,50,286.674771,0.0
-4.208629,50,286.71043,0.0
-5.162218,50,286.745985,0.0
-4.378819,50,286.897398,0.0
-4.319552,50,286.933509,0.0
-5.019899,50,286.968915,0.0
-3.784229,50,287.004701,0.0
-4.156852,50,287.040685,0.0
-4.488783,50,287.075898,0.0
-4.343958,50,287.111316,0.0
-4.558452,50,287.146992,0.0
-4.163483,50,287.182571,0.0
-4.459471,50,287.217921,0.0
-4.251323,50,287.25321,0.0
-4.028097,50,287.288669,0.0
-5.055324,50,287.32491,0.0
-5.465629,50,287.360125,0.0
-4.584056,50,287.394926,0.0
-4.726034,50,287.43015,0.0
-4.584833,50,287.465582,0.0
-4.686524,50,287.501057,0.0
-5.066257,50,287.536847,0.0
-4.558039,50,287.572124,0.0
-3.222917,50,287.607344,0.0
-4.609764,50,287.643619,0.0
-4.891928,50,287.679304,0.0
-4.474091,50,287.715004,0.0
-4.830205,50,287.75067,0.0
-3.955111,50,287.786425,0.0
-4.618817,50,287.821965,0.0
-5.269769,50,287.857512,0.0
-4.590269,50,287.892884,0.0
-4.442049,50,287.927913,0.0
-4.557293,50,287.963606,0.0
-4.425532,50,287.998823,0.0
-4.591049,50,288.033816,0.0
-4.504496,50,288.069177,0.0
-4.230843,50,288.104128,0.0
-4.535516,50,288.139767,0.0
-4.810788,50,288.175583,0.0
-4.537103,50,288.211246,0.0
-4.951248,50,288.246733,0.0
-4.885576,50,288.282113,0.0
-4.301963,50,288.317339,0.0
-5.024095,50,288.466564,0.0
-5.308766,50,288.501946,0.0
-4.384106,50,288.537654,0.0
-4.569034,50,288.572871,0.0
-5.14041,50,288.608847,0.0
-3.992139,50,288.64443,0.0
-4.732621,50,288.679943,0.0
-4.293787,50,288.71577,0.0
-4.60765,50,288.751278,0.0
-4.934729,50,288.786686,0.0
-4.401412,50,288.82199,0.0
-4.547208,50,288.856787,0.0
-5.066507,50,288.892112,0.0
-5.219728,50,288.927118,0.0
-5.106805,50,288.962602,0.0
-4.601718,50,288.997666,0.0
-4.830844,50,289.032751,0.0
-4.317189,50,289.068145,0.0
-5.01611,50,289.103429,0.0
-4.857237,50,289.138583,0.0
-4.934435,50,289.174473,0.0
-4.710135,50,289.210192,0.0
-4.886485,50,289.245796,0.0
-4.609554,50,289.281414,0.0
-4.007399,50,289.316535,0.0
-4.488696,50,289.352198,0.0
-5.400845,50,289.387492,0.0
-4.567312,50,289.422639,0.0
-4.59385,50,289.457445,0.0
-5.274975,50,289.492637,0.0
-4.56152,50,289.527701,0.0
-4.96254,50,289.563517,0.0
-4.748916,50,289.598708,0.0
-4.379871,50,289.634097,0.0
-4.206143,50,289.669507,0.0
-4.912418,50,289.704702,0.0
-4.345504,50,289.740068,0.0
-4.308488,50,289.775982,0.0
-4.47452,50,289.811214,0.0
-4.830851,50,289.846988,0.0
-4.910772,50,289.882536,0.0
-4.33061,50,290.03162,0.0
-4.163562,50,290.067188,0.0
-4.855961,50,290.10281,0.0
-4.022129,50,290.138162,0.0
-4.018438,50,290.173206,0.0
-4.558348,50,290.209126,0.0
-4.757615,50,290.244901,0.0
-4.443134,50,290.280433,0.0
-3.984908,50,290.31567,0.0
-4.902,50,290.351208,0.0
-4.767501,50,290.387159,0.0
-5.083692,50,290.422678,0.0
-4.711375,50,290.457975,0.0
-4.065637,50,290.49372,0.0
-5.339846,50,290.52909,0.0
-4.291308,50,290.564568,0.0
-4.199546,50,290.600665,0.0
-4.674328,50,290.636359,0.0
-4.87469,50,290.671831,0.0
-4.530807,50,290.707046,0.0
-4.664164,50,290.74229,0.0
-4.545895,50,290.777877,0.0
-4.825077,50,290.813083,0.0
-5.075481,50,290.847975,0.0
-3.661416,50,290.883109,0.0
-4.889628,50,290.918334,0.0
-3.55597,50,290.953573,0.0
-4.66946,50,290.989474,0.0
-4.782313,50,291.025171,0.0
-4.36416,50,291.060596,0.0
-4.84139,50,291.09606,0.0
-4.447228,50,291.131611,0.0
-4.876118,50,291.167085,0.0
-4.071683,50,291.20247,0.0
-4.359502,50,291.237672,0.0
-4.119137,50,291.273133,0.0
-4.710199,50,291.308587,0.0
-4.365034,50,291.343925,0.0
-5.203377,50,291.379553,0.0
-4.538239,50,291.414861,0.0
-3.77103,50,291.450122,0.0
-4.280928,50,291.600141,0.0
-5.089607,50,291.635616,0.0
-4.244511,50,291.671872,0.0
-4.839101,50,291.707505,0.0
-4.717995,50,291.742858,0.0
-5.143022,50,291.778386,0.0
-4.9576,50,291.81394,0.0
-4.422775,50,291.849041,0.0
-4.692541,50,291.884398,0.0
-5.020757,50,291.919493,0.0
-5.03773,50,291.954226,0.0
-4.560197,50,291.989601,0.0
-3.796221,50,292.025045,0.0
-4.579762,50,292.060764,0.0
-4.043783,50,292.096872,0.0
-4.436002,50,292.132607,0.0
-4.845933,50,292.167812,0.0
-4.676813,50,292.203605,0.0
-4.882614,50,292.238845,0.0
-4.318782,50,292.274032,0.0
-4.998213,50,292.309212,0.0
-4.095454,50,292.344902,0.0
-4.106528,50,292.380286,0.0
-3.874084,50,292.415859,0.0
-3.601786,50,292.451439,0.0
-5.086397,50,292.486575,0.0
-4.318414,50,292.522105,0.0
-4.411461,50,292.557216,0.0
-4.776102,50,292.593015,0.0
-4.90007,50,292.628618,0.0
-5.105347,50,292.663996,0.0
-4.070822,50,292.699153,0.0
-4.616697,50,292.734404,0.0
-4.388314,50,292.769741,0.0
-4.770651,50,292.804966,0.0
-4.161433,50,292.840559,0.0
-3.693029,50,292.875898,0.0
-4.385004,50,292.911058,0.0
-4.906743,50,292.946501,0.0
-4.861516,50,292.981496,0.0
-3.694915,50,293.016766,0.0
-4.95674,50,293.166481,0.0
-3.649841,50,293.202093,0.0
-4.36932,50,293.23821,0.0
-3.937828,50,293.273512,0.0
-4.392614,50,293.308938,0.0
-4.30127,50,293.343786,0.0
-4.132591,50,293.378655,0.0
-4.468694,50,293.414326,0.0
-4.622724,50,293.449609,0.0
-3.748855,50,293.485003,0.0
-4.286821,50,293.520699,0.0
-4.661837,50,293.555438,0.0
-4.871619,50,293.591234,0.0
-4.523882,50,293.626672,0.0
-4.46247,50,293.662029,0.0
-5.052347,50,293.697401,0.0
-4.744356,50,293.732743,0.0
-4.541981,50,293.768773,0.0
-4.893625,50,293.804587,0.0
-5.020838,50,293.83972,0.0
-4.471552,50,293.87547,0.0
-3.684096,50,293.911111,0.0
-4.89813,50,293.946215,0.0
-5.192415,50,293.982047,0.0
-4.304206,50,294.018061,0.0
-4.769173,50,294.053692,0.0
-4.85444,50,294.089239,0.0
-4.623956,50,294.124808,0.0
-4.769116,50,294.16021,0.0
-4.016892,50,294.195844,0.0
-4.815625,50,294.231256,0.0
-4.152411,50,294.266742,0.0
-4.573608,50,294.302324,0.0
-4.380749,50,294.337875,0.0
-4.456241,50,294.372933,0.0
-4.689835,50,294.408316,0.0
-4.576936,50,294.444053,0.0
-4.25655,50,294.479301,0.0
-4.631431,50,294.514562,0.0
-4.171869,50,294.549976,0.0
-4.740829,50,294.584083,0.0
-3.286016,50,294.735446,0.0
-3.839096,50,294.771315,0.0
-4.739827,50,294.807048,0.0
-4.067194,50,294.843896,0.0
-4.893903,50,294.87915,0.0
-4.360448,50,294.915403,0.0
-4.353357,50,294.950891,0.0
-4.839132,50,294.98643,0.0
-4.759501,50,295.021705,0.0
-3.88764,50,295.057144,0.0
-4.169156,50,295.092516,0.0
-4.668168,50,295.128104,0.0
-4.781813,50,295.163978,0.0
-5.375286,50,295.199608,0.0
-3.239085,50,295.234555,0.0
-5.021562,50,295.270095,0.0
-4.448853,50,295.305735,0.0
-4.675799,50,295.341146,0.0
-4.778875,50,295.3767,0.0
-5.62046,50,295.412218,0.0
-4.083159,50,295.447183,0.0
-4.34438,50,295.482868,0.0
-4.670047,50,295.518493,0.0
-4.374676,50,295.553462,0.0
-3.95995,50,295.588029,0.0
-4.608508,50,295.622456,0.0
-5.473829,50,295.657116,0.0
-4.202898,50,295.692282,0.0
-4.424778,50,295.727896,0.0
-4.876897,50,295.763328,0.0
-4.368754,50,295.798514,0.0
-3.703293,50,295.834006,0.0
-4.380173,50,295.869567,0.0
-4.628772,50,295.904542,0.0
-4.168492,50,295.940044,0.0
-4.970031,50,295.975478,0.0
-4.539222,50,296.010285,0.0
-3.716176,50,296.045328,0.0
-3.964549,50,296.080866,0.0
-4.316005,50,296.116523,0.0
-4.496763,50,296.152279,0.0
-4.685049,50,296.30169,0.0
-5.533536,50,296.337348,0.0
-3.992147,50,296.37239,0.0
-3.919556,50,296.407702,0.0
-4.254299,50,296.443366,0.0
-4.574949,50,296.479243,0.0
-3.773209,50,296.5145,0.0
-4.983992,50,296.549888,0.0
-3.628895,50,296.585137,0.0
-4.682881,50,296.620992,0.0
-4.593217,50,296.656427,0.0
-4.783125,50,296.691687,0.0
-4.65452,50,296.726797,0.0
-5.001431,50,296.762046,0.0
-4.766725,50,296.796837,0.0
-5.884118,50,296.832747,0.0
-5.170489,50,296.867942,0.0
-3.781563,50,296.903268,0.0
-4.267358,50,296.938473,0.0
-4.945744,50,296.973494,0.0
-4.729682,50,297.00897,0.0
-4.758437,50,297.044269,0.0
-4.752039,50,297.079491,0.0
-4.954534,50,297.114685,0.0
-5.646889,50,297.150007,0.0
-3.739422,50,297.185365,0.0
-5.145891,50,297.220922,0.0
-5.988209,50,297.256222,0.0
-4.898901,50,297.291331,0.0
-4.029122,50,297.326832,0.0
-5.050223,50,297.362331,0.0
-4.167305,50,297.397745,0.0
-4.111566,50,297.433858,0.0
-4.713029,50,297.46972,0.0
-5.276736,50,297.504849,0.0
-4.895981,50,297.540184,0.0
-4.008339,50,297.575592,0.0
-4.153408,50,297.610683,0.0
-4.47589,50,297.645986,0.0
-3.802118,50,297.681902,0.0
-3.955443,50,297.717159,0.0
-5.476726,50,297.868094,0.0
-4.281316,50,297.903152,0.0
-4.922476,50,297.939148,0.0
-4.257973,50,297.974473,0.0
-4.480401,50,298.009836,0.0
-4.808131,50,298.045092,0.0
-3.725566,50,298.080521,0.0
-3.404248,50,298.115841,0.0
-4.412854,50,298.15171,0.0
-5.044567,50,298.186937,0.0
-4.625709,50,298.222395,0.0
-4.90224,50,298.257748,0.0
-4.837817,50,298.292961,0.0
-4.945759,50,298.328083,0.0
-4.135112,50,298.363247,0.0
-4.083439,50,298.398875,0.0
-4.753013,50,298.434307,0.0
-4.743027,50,298.470238,0.0
-5.244235,50,298.505978,0.0
-5.413689,50,298.541573,0.0
-4.356311,50,298.576997,0.0
-4.250627,50,298.612502,0.0
-4.256645,50,298.64857,0.0
-4.599674,50,298.68454,0.0
-4.438235,50,298.720237,0.0
-4.153177,50,298.755599,0.0
-5.322228,50,298.791279,0.0
-5.021248,50,298.827219,0.0
-3.982404,50,298.862976,0.0
-4.600742,50,298.898207,0.0
-3.856752,50,298.933616,0.0
-4.414812,50,298.969521,0.0
-3.947908,50,299.005078,0.0
-4.957591,50,299.040077,0.0
-5.083917,50,299.07563,0.0
-4.369003,50,299.110765,0.0
-4.359437,50,299.146216,0.0
-4.99216,50,299.18164,0.0
-4.383917,50,299.217025,0.0
-4.51836,50,299.252307,0.0
-3.962512,50,299.287772,0.0
-4.324463,50,299.436621,0.0
-4.528194,50,299.472272,0.0
-5.158821,50,299.507955,0.0
-5.148033,50,299.543743,0.0
-4.341571,50,299.5794,0.0
-4.841769,50,299.614935,0.0
-4.705086,50,299.650595,0.0
-5.108715,50,299.686044,0.0
-4.649981,50,299.721023,0.0
-4.794191,50,299.756385,0.0
-4.943508,50,299.79201,0.0
-4.987193,50,299.82714,0.0
-5.047267,50,299.862585,0.0
-5.312029,50,299.897768,0.0
-4.036873,50,299.932851,0.0
-4.785903,50,299.968025,0.0
-4.611362,50,300.003329,0.0
-4.573104,50,300.038633,0.0
-4.671013,50,300.074193,0.0
-4.775137,50,300.1093,0.0
-5.01059,50,300.144795,0.0
-4.751064,50,300.180457,0.0
-5.07463,50,300.215615,0.0
-4.958558,50,300.251126,0.0
-3.952632,50,300.286605,0.0
-5.757361,50,300.322201,0.0
-4.560348,50,300.35818,0.0
-4.896332,50,300.393892,0.0
-5.12256,50,300.429393,0.0
-3.508981,50,300.464731,0.0
-3.641254,50,300.500145,0.0
-4.796828,50,300.535581,0.0
-4.959068,50,300.571203,0.0
-3.913937,50,300.606821,0.0
-4.342953,50,300.642268,0.0
-3.710298,50,300.678047,0.0
-4.056135,50,300.713791,0.0
-4.629239,50,300.74926,0.0
-3.687819,50,300.784429,0.0
-4.562002,50,300.819791,0.0
-4.200949,50,300.855001,0.0
-4.634836,50,301.006364,0.0
-4.040254,50,301.04141,0.0
-4.638125,50,301.077002,0.0
-4.306257,50,301.112193,0.0
-3.835311,50,301.147727,0.0
-4.886127,50,301.182885,0.0
-4.132005,50,301.218628,0.0
-4.144677,50,301.254635,0.0
-4.351627,50,301.290101,0.0
-4.676841,50,301.325922,0.0
-4.293008,50,301.361326,0.0
-4.48725,50,301.396965,0.0
-4.600232,50,301.432555,0.0
-4.707229,50,301.468013,0.0
-4.846058,50,301.503169,0.0
-4.288161,50,301.538652,0.0
-4.442666,50,301.57407,0.0
-4.622761,50,301.609381,0.0
-4.250164,50,301.644762,0.0
-4.632069,50,301.680224,0.0
-4.539741,50,301.715085,0.0
-4.50671,50,301.751021,0.0
-4.576509,50,301.786577,0.0
-5.143161,50,301.822258,0.0
-4.341557,50,301.85744,0.0
-5.179984,50,301.892693,0.0
-4.411635,50,301.928202,0.0
-4.154904,50,301.963395,0.0
-4.285432,50,301.998653,0.0
-4.568019,50,302.034261,0.0
-5.23954,50,302.069434,0.0
-4.799163,50,302.104782,0.0
-4.063922,50,302.140394,0.0
-5.058227,50,302.175712,0.0
-4.594936,50,302.211148,0.0
-3.875043,50,302.246467,0.0
-4.380013,50,302.281473,0.0
-4.680949,50,302.316704,0.0
-4.14994,50,302.352039,0.0
-4.677142,50,302.388089,0.0
-4.449425,50,302.423723,0.0
-4.969858,50,302.572333,0.0
-4.161895,50,302.60779,0.0
-4.388388,50,302.643911,0.0
-4.087499,50,302.679851,0.0
-4.54034,50,302.715666,0.0
-4.433802,50,302.751265,0.0
-4.730184,50,302.786394,0.0
-5.260287,50,302.822062,0.0
-4.539095,50,302.857484,0.0
-5.155272,50,302.893133,0.0
-3.862263,50,302.928985,0.0
-4.231091,50,302.964564,0.0
-4.625072,50,303.000061,0.0
-4.541745,50,303.03583,0.0
-4.703163,50,303.071492,0.0
-4.396942,50,303.107368,0.0
-4.458191,50,303.142942,0.0
-4.402931,50,303.178144,0.0
-3.909103,50,303.213728,0.0
-4.28322,50,303.249102,0.0
-4.90483,50,303.284288,0.0
-4.3405,50,303.319466,0.0
-4.542782,50,303.35477,0.0
-4.909716,50,303.390255,0.0
-4.807029,50,303.425406,0.0
-5.01995,50,303.460777,0.0
-4.790297,50,303.496038,0.0
-3.883743,50,303.531377,0.0
-4.645325,50,303.567217,0.0
-4.642605,50,303.602652,0.0
-4.011868,50,303.638469,0.0
-4.794792,50,303.673888,0.0
-4.129068,50,303.708792,0.0
-4.582243,50,303.74479,0.0
-4.407524,50,303.780903,0.0
-4.559818,50,303.816173,0.0
-4.479786,50,303.851406,0.0
-4.350553,50,303.887152,0.0
-4.472972,50,303.922378,0.0
-4.958334,50,303.957692,0.0
-3.906174,50,303.992933,0.0
-4.368421,50,304.142979,0.0
-4.41594,50,304.178815,0.0
-4.573887,50,304.214269,0.0
-4.092303,50,304.249766,0.0
-4.339169,50,304.285208,0.0
-4.178811,50,304.320665,0.0
-3.733937,50,304.356104,0.0
-4.332174,50,304.391639,0.0
-4.94838,50,304.42714,0.0
-5.102127,50,304.462525,0.0
-5.294189,50,304.497828,0.0
-4.653449,50,304.533063,0.0
-4.739383,50,304.568447,0.0
-5.068151,50,304.604052,0.0
-5.479895,50,304.639387,0.0
-5.014909,50,304.67506,0.0
-4.457356,50,304.710531,0.0
-4.521132,50,304.74598,0.0
-5.082916,50,304.78136,0.0
-4.75651,50,304.81662,0.0
-4.964704,50,304.852019,0.0
-4.567107,50,304.887457,0.0
-3.774493,50,304.922712,0.0
-4.777276,50,304.957973,0.0
-3.816729,50,304.993267,0.0
-4.75358,50,305.028419,0.0
-4.395334,50,305.063711,0.0
-3.9968,50,305.099216,0.0
-4.484107,50,305.134435,0.0
-5.360661,50,305.169949,0.0
-5.124914,50,305.20538,0.0
-3.819779,50,305.240696,0.0
-4.549445,50,305.276029,0.0
-3.496352,50,305.311078,0.0
-4.983592,50,305.346155,0.0
-4.611728,50,305.381308,0.0
-4.732779,50,305.416308,0.0
-4.712113,50,305.451419,0.0
-4.059921,50,305.486979,0.0
-4.554551,50,305.522429,0.0
-4.447665,50,305.557949,0.0
-5.046191,50,305.706627,0.0
-4.076445,50,305.7422,0.0
-4.955304,50,305.778005,0.0
-4.299706,50,305.813487,0.0
-3.867225,50,305.848737,0.0
-4.706593,50,305.884176,0.0
-4.572622,50,305.919698,0.0
-5.163026,50,305.955323,0.0
-3.817554,50,305.990228,0.0
-4.913813,50,306.025355,0.0
-4.562331,50,306.061312,0.0
-4.374063,50,306.096327,0.0
-6.043459,50,306.131428,0.0
-4.236429,50,306.166901,0.0
-4.929161,50,306.20251,0.0
-3.999825,50,306.238254,0.0
-3.803047,50,306.273686,0.0
-3.948773,50,306.309559,0.0
-3.965062,50,306.344977,0.0
-4.288862,50,306.380225,0.0
-4.747336,50,306.415591,0.0
-4.486139,50,306.45098,0.0
-4.300177,50,306.486296,0.0
-5.007773,50,306.521388,0.0
-4.826027,50,306.557338,0.0
-4.613239,50,306.59244,0.0
-4.091186,50,306.62822,0.0
-3.929573,50,306.663936,0.0
-4.361348,50,306.699563,0.0
-4.223846,50,306.734921,0.0
-4.614134,50,306.770675,0.0
-4.66119,50,306.806404,0.0
-4.80863,50,306.841364,0.0
-4.372049,50,306.87686,0.0
-3.990559,50,306.912258,0.0
-3.924099,50,306.947764,0.0
-4.770062,50,306.983241,0.0
-5.168197,50,307.018449,0.0
-4.226735,50,307.053349,0.0
-4.63795,50,307.088797,0.0
-4.666452,50,307.124464,0.0
-4.935824,50,307.274138,0.0
-4.017748,50,307.309606,0.0
-3.874673,50,307.344899,0.0
-5.101676,50,307.380359,0.0
-4.792151,50,307.41568,0.0
-5.097719,50,307.450724,0.0
-3.825231,50,307.485528,0.0
-4.245585,50,307.520648,0.0
-4.070753,50,307.557189,0.0
-4.455592,50,307.592674,0.0
-4.461139,50,307.627774,0.0
-4.625827,50,307.663134,0.0
-4.148934,50,307.698602,0.0
-4.621529,50,308.08639,0.0
-4.196373,50,308.121918,0.0
-3.864278,50,308.157832,0.0
-4.100937,50,308.193563,0.0
-5.206551,50,308.228473,0.0
-4.877047,50,308.264083,0.0
-4.119634,50,308.299499,0.0
-4.460487,50,308.334899,0.0
-5.107375,50,308.370556,0.0
-5.42583,50,308.405863,0.0
-4.353892,50,308.440906,0.0
-4.165311,50,308.476156,0.0
-3.829263,50,308.51132,0.0
-4.492779,50,308.546971,0.0
-4.580151,50,308.582545,0.0
-4.652682,50,308.617954,0.0
-4.826139,50,308.653412,0.0
-3.486262,50,308.689229,0.0
-4.308254,50,308.725871,0.0
-4.999528,50,308.761389,0.0
-4.210374,50,308.796776,0.0
-4.683324,50,308.831813,0.0
-4.12377,50,308.867051,0.0
-5.30668,50,308.902211,0.0
-5.353092,50,308.936837,0.0
-4.450554,50,308.972868,0.0
-4.888881,50,309.008646,0.0
-4.78145,50,309.044408,0.0
-4.256325,50,309.195682,0.0
-4.367684,50,309.232048,0.0
-4.004897,50,309.267772,0.0
-3.591626,50,309.302706,0.0
-3.984142,50,309.337527,0.0
-4.700822,50,309.372633,0.0
-4.049521,50,309.407731,0.0
-5.126714,50,309.443079,0.0
-4.314927,50,309.478368,0.0
-4.968126,50,309.514621,0.0
-3.845975,50,309.549977,0.0
-4.818595,50,309.585409,0.0
-4.597036,50,309.621018,0.0
-5.370963,50,309.656444,0.0
-5.3505,50,309.692152,0.0
-4.263211,50,309.727838,0.0
-4.52501,50,309.764207,0.0
-4.987859,50,309.799962,0.0
-4.743873,50,309.835661,0.0
-4.213784,50,309.871328,0.0
-4.524854,50,309.906633,0.0
-4.693119,50,309.942434,0.0
-5.130494,50,309.978771,0.0
-3.649483,50,310.01461,0.0
-4.487483,50,310.050982,0.0
-4.830365,50,310.086471,0.0
-4.786096,50,310.121766,0.0
-4.003073,50,310.157523,0.0
-4.905527,50,310.192775,0.0
-4.77607,50,310.228392,0.0
-4.64988,50,310.263881,0.0
-4.32909,50,310.29902,0.0
-4.311241,50,310.334723,0.0
-4.216015,50,310.371022,0.0
-4.284146,50,310.406522,0.0
-4.275013,50,310.442096,0.0
-4.580265,50,310.478222,0.0
-4.399214,50,310.514166,0.0
-4.171207,50,310.550089,0.0
-4.293703,50,310.585491,0.0
-3.741115,50,310.62127,0.0
-3.713467,50,310.77232,0.0
-4.47052,50,310.808258,0.0
-5.144925,50,310.844057,0.0
-4.181704,50,310.879691,0.0
-4.824649,50,310.914883,0.0
-4.854962,50,310.950129,0.0
-4.22833,50,310.985972,0.0
-4.576988,50,311.021406,0.0
-4.724815,50,311.056829,0.0
-4.536093,50,311.09274,0.0
-4.457438,50,311.128331,0.0
-4.66075,50,311.164045,0.0
-4.386473,50,311.199747,0.0
-4.358312,50,311.234731,0.0
-4.76922,50,311.26985,0.0
-4.788345,50,311.305247,0.0
-5.038052,50,311.340677,0.0
-4.597405,50,311.375617,0.0
-4.585543,50,311.410953,0.0
-4.297949,50,311.445795,0.0
-4.353933,50,311.481202,0.0
-4.692549,50,311.516551,0.0
-5.014494,50,311.551952,0.0
-4.569082,50,311.587041,0.0
-4.690815,50,311.622894,0.0
-4.820587,50,311.658484,0.0
-4.300415,50,311.694197,0.0
-4.389077,50,311.7298,0.0
-4.884461,50,311.765578,0.0
-4.76175,50,311.800903,0.0
-4.231028,50,311.836218,0.0
-4.324423,50,311.871952,0.0
-4.592704,50,311.907052,0.0
-4.266252,50,311.942066,0.0
-4.780313,50,311.977379,0.0
-4.772741,50,312.012922,0.0
-3.882529,50,312.048317,0.0
-4.690567,50,312.083613,0.0
-4.631022,50,312.11879,0.0
-4.767213,50,312.153903,0.0
-5.245541,50,312.18942,0.0
-4.940641,50,312.338728,0.0
-4.599799,50,312.374711,0.0
-5.007877,50,312.410413,0.0
-4.573958,50,312.445592,0.0
-4.415275,50,312.480505,0.0
-3.566807,50,312.515736,0.0
-4.456493,50,312.551264,0.0
-3.772037,50,312.586776,0.0
-4.654456,50,312.62237,0.0
-4.284981,50,312.658158,0.0
-4.517693,50,312.693626,0.0
-4.354833,50,312.72922,0.0
-4.590186,50,312.764855,0.0
-4.866998,50,312.800381,0.0
-4.418815,50,312.835909,0.0
-3.648447,50,312.870966,0.0
-4.151136,50,312.906248,0.0
-5.04574,50,312.941363,0.0
-4.117924,50,312.976772,0.0
-4.881843,50,313.012618,0.0
-4.911264,50,313.048406,0.0
-4.847591,50,313.08377,0.0
-4.966817,50,313.119271,0.0
-4.856053,50,313.154056,0.0
-4.018154,50,313.189714,0.0
-4.92707,50,313.225866,0.0
-4.666829,50,313.261088,0.0
-4.76511,50,313.296463,0.0
-3.954288,50,313.331752,0.0
-4.678233,50,313.367002,0.0
-4.71655,50,313.402293,0.0
-4.605777,50,313.438128,0.0
-4.381206,50,313.473301,0.0
-4.733898,50,313.508865,0.0
-4.67246,50,313.544787,0.0
-4.724459,50,313.580451,0.0
-4.693806,50,313.615773,0.0
-4.521019,50,313.651486,0.0
-4.353621,50,313.687056,0.0
-4.3206,50,313.722192,0.0
-4.372662,50,313.758704,0.0
-4.307411,50,313.907991,0.0
-4.70719,50,313.943857,0.0
-5.364641,50,313.979488,0.0
-4.691092,50,314.014948,0.0
-4.453193,50,314.050509,0.0
-5.333817,50,314.085726,0.0
-4.200779,50,314.121453,0.0
-4.971428,50,314.156874,0.0
-4.935095,50,314.192707,0.0
-5.395742,50,314.228625,0.0
-4.214775,50,314.264415,0.0
-4.00928,50,314.300078,0.0
-4.877862,50,314.335593,0.0
-4.342134,50,314.371241,0.0
-4.804826,50,314.407111,0.0
-5.898073,50,314.442948,0.0
-5.249238,50,314.478586,0.0
-4.764967,50,314.514975,0.0
-4.942574,50,314.550372,0.0
-4.303214,50,314.585877,0.0
-4.224826,50,314.620825,0.0
-4.588849,50,314.656418,0.0
-4.903122,50,314.691465,0.0
-4.830997,50,314.726773,0.0
-5.154373,50,314.762621,0.0
-5.187163,50,314.798451,0.0
-4.745023,50,314.833857,0.0
-4.951751,50,314.869151,0.0
-4.784019,50,314.904575,0.0
-3.65535,50,314.939992,0.0
-4.212187,50,314.975258,0.0
-4.575287,50,315.010739,0.0
-5.506401,50,315.045945,0.0
-4.712782,50,315.081491,0.0
-4.077744,50,315.116968,0.0
-4.136907,50,315.152551,0.0
-4.394329,50,315.188447,0.0
-4.576543,50,315.223995,0.0
-4.550004,50,315.259238,0.0
-5.099135,50,315.294558,0.0
-4.358202,50,315.329767,0.0
-3.690396,50,315.478666,0.0
-4.88618,50,315.513945,0.0
-4.909422,50,315.549311,0.0
-4.474889,50,315.585173,0.0
-4.383748,50,315.620635,0.0
-4.687267,50,315.656169,0.0
-5.079718,50,315.691669,0.0
-4.384487,50,315.727351,0.0
-4.631082,50,315.762745,0.0
-4.435287,50,315.798332,0.0
-4.255588,50,315.834757,0.0
-5.248018,50,315.870042,0.0
-5.304567,50,315.905704,0.0
-4.263536,50,315.940941,0.0
-4.861943,50,315.976626,0.0
-5.012469,50,316.01248,0.0
-4.287075,50,316.047993,0.0
-4.474479,50,316.083238,0.0
-4.229942,50,316.118578,0.0
-4.427819,50,316.153905,0.0
-4.59534,50,316.189466,0.0
-4.42032,50,316.225074,0.0
-4.958735,50,316.260791,0.0
-4.382435,50,316.296297,0.0
-4.265477,50,316.331259,0.0
-4.449677,50,316.366468,0.0
-3.887951,50,316.40194,0.0
-4.340696,50,316.437494,0.0
-4.685754,50,316.472487,0.0
-5.321782,50,316.507841,0.0
-4.119952,50,316.543188,0.0
-3.996019,50,316.578458,0.0
-4.343048,50,316.613967,0.0
-3.786663,50,316.649677,0.0
-3.65267,50,316.685007,0.0
-4.154505,50,316.720642,0.0
-4.007757,50,316.756255,0.0
-4.146223,50,316.791515,0.0
-4.280175,50,316.827539,0.0
-4.170495,50,316.864763,0.0
-4.161462,50,317.014564,0.0
-4.822514,50,317.050306,0.0
-4.354767,50,317.085551,0.0
-4.058334,50,317.121049,0.0
-4.707487,50,317.156608,0.0
-4.438506,50,317.192096,0.0
-4.519752,50,317.227919,0.0
-3.927816,50,317.263285,0.0
-3.843182,50,317.299119,0.0
-3.792182,50,317.334789,0.0
-4.128757,50,317.370328,0.0
-4.385353,50,317.405879,0.0
-4.963537,50,317.44159,0.0
-4.272226,50,317.479716,0.0
-4.68291,50,317.515309,0.0
-4.568794,50,317.550871,0.0
-4.75122,50,317.586366,0.0
-4.191022,50,317.621537,0.0
-3.877549,50,317.656831,0.0
-3.971854,50,317.692157,0.0
-4.448003,50,317.727592,0.0
-4.086886,50,317.763571,0.0
-4.169681,50,317.799007,0.0
-4.384658,50,317.834389,0.0
-4.672245,50,317.86988,0.0
-5.194626,50,317.905474,0.0
-4.706752,50,317.941364,0.0
-4.618688,50,317.977008,0.0
-4.499329,50,318.012385,0.0
-3.602147,50,318.048062,0.0
-3.925215,50,318.08329,0.0
-4.603458,50,318.118664,0.0
-4.791842,50,318.154209,0.0
-4.300126,50,318.189749,0.0
-4.36498,50,318.22588,0.0
-4.284435,50,318.262023,0.0
-4.013295,50,318.297352,0.0
-4.739872,50,318.333166,0.0
-3.999722,50,318.368395,0.0
-4.499502,50,318.404163,0.0
-3.922773,50,318.439631,0.0
-4.227581,50,318.589878,0.0
-4.942046,50,318.626066,0.0
-4.672274,50,318.66208,0.0
-4.481201,50,318.698078,0.0
-4.77867,50,318.733883,0.0
-3.668374,50,318.770096,0.0
-4.679867,50,318.805807,0.0
-4.865169,50,318.841493,0.0
-5.068481,50,318.877129,0.0
-4.441634,50,318.912267,0.0
-3.640162,50,318.947801,0.0
-4.651624,50,318.983215,0.0
-4.793775,50,319.017935,0.0
-4.947966,50,319.053549,0.0
-3.842712,50,319.088678,0.0
-3.805867,50,319.123769,0.0
-4.396732,50,319.159489,0.0
-4.98012,50,319.194979,0.0
-5.19899,50,319.230297,0.0
-4.474137,50,319.265836,0.0
-4.351579,50,319.301157,0.0
-3.489072,50,319.336692,0.0
-3.910617,50,319.372069,0.0
-4.184371,50,319.407339,0.0
-4.118362,50,319.442273,0.0
-5.277116,50,319.477915,0.0
-4.938119,50,319.513323,0.0
-4.785922,50,319.548934,0.0
-4.26251,50,319.584406,0.0
-4.517969,50,319.620182,0.0
-4.784485,50,319.65602,0.0
-4.438967,50,319.691528,0.0
-4.623602,50,319.726619,0.0
-4.932965,50,319.762051,0.0
-4.695824,50,319.797509,0.0
-4.25993,50,319.832808,0.0
-3.63073,50,319.868589,0.0
-4.592013,50,319.90432,0.0
-4.520444,50,319.939957,0.0
-4.161305,50,319.975138,0.0
-4.789855,50,320.010718,0.0
-4.250541,50,320.159925,0.0
-4.926793,50,320.195374,0.0
-3.829865,50,320.230575,0.0
-3.986297,50,320.26613,0.0
-4.62531,50,320.301843,0.0
-4.412304,50,320.337104,0.0
-3.829814,50,320.372621,0.0
-5.13824,50,320.408133,0.0
-4.009245,50,320.443468,0.0
-4.734362,50,320.479182,0.0
-4.757357,50,320.514631,0.0
-4.330945,50,320.549767,0.0
-3.897487,50,320.584964,0.0
-4.704678,50,320.6199,0.0
-4.473315,50,320.655398,0.0
-4.525782,50,320.69085,0.0
-5.378292,50,320.725905,0.0
-4.588722,50,320.761879,0.0
-4.500276,50,320.797106,0.0
-4.725078,50,320.832542,0.0
-4.120683,50,320.868014,0.0
-4.546205,50,320.903859,0.0
-5.074545,50,320.939311,0.0
-5.298835,50,320.974715,0.0
-4.700091,50,321.010363,0.0
-4.139217,50,321.045293,0.0
-4.615999,50,321.081807,0.0
-4.643476,50,321.117554,0.0
-4.185752,50,321.153406,0.0
-5.41634,50,321.189099,0.0
-4.908774,50,321.224324,0.0
-4.774855,50,321.259547,0.0
-4.608587,50,321.294997,0.0
-4.619341,50,321.330305,0.0
-4.389091,50,321.365522,0.0
-4.793451,50,321.400892,0.0
-4.488385,50,321.436138,0.0
-4.006641,50,321.470938,0.0
-4.398611,50,321.506106,0.0
-4.142952,50,321.541645,0.0
-3.791282,50,321.577301,0.0
-4.490469,50,321.728398,0.0
-4.085597,50,321.764205,0.0
-3.662544,50,321.800132,0.0
-4.573553,50,321.835962,0.0
-3.673196,50,321.871571,0.0
-4.835656,50,321.907285,0.0
-3.813604,50,321.942894,0.0
-3.744334,50,321.978244,0.0
-4.997592,50,322.014635,0.0
-5.062342,50,322.050457,0.0
-5.236751,50,322.086148,0.0
-4.441206,50,322.122087,0.0
-4.10531,50,322.157406,0.0
-4.452261,50,322.193084,0.0
-4.945382,50,322.228636,0.0
-4.882536,50,322.264246,0.0
-4.173456,50,322.29946,0.0
-4.70218,50,322.335065,0.0
-4.396856,50,322.370342,0.0
-4.273004,50,322.405718,0.0
-3.650785,50,322.441368,0.0
-4.031382,50,322.476385,0.0
-5.071123,50,322.511538,0.0
-4.110441,50,322.546823,0.0
-4.917438,50,322.581977,0.0
-5.409312,50,322.617503,0.0
-4.590989,50,322.652714,0.0
-4.685205,50,322.687888,0.0
-4.767512,50,322.722953,0.0
-4.837753,50,322.758988,0.0
-4.66384,50,322.795641,0.0
-4.141927,50,322.83157,0.0
-4.059577,50,322.867036,0.0
-4.114113,50,322.903442,0.0
-5.482913,50,322.938712,0.0
-4.620676,50,322.974602,0.0
-4.865242,50,323.01024,0.0
-4.504437,50,323.045888,0.0
-4.433182,50,323.08146,0.0
-4.488923,50,323.116802,0.0
-4.708055,50,323.152411,0.0
-4.117326,50,323.305064,0.0
-4.310453,50,323.340683,0.0
-4.039511,50,323.376176,0.0
-4.704907,50,323.410969,0.0
-4.135488,50,323.446436,0.0
-3.895043,50,323.482028,0.0
-4.618277,50,323.517631,0.0
-4.507543,50,323.553581,0.0
-4.90624,50,323.589118,0.0
-5.24752,50,323.624771,0.0
-4.479106,50,323.660419,0.0
-4.513213,50,323.695903,0.0
-4.536166,50,323.7311,0.0
-4.895117,50,323.766692,0.0
-4.570153,50,323.802619,0.0
-4.938674,50,323.838675,0.0
-4.515921,50,323.874027,0.0
-4.225549,50,323.909401,0.0
-4.66792,50,323.944671,0.0
-4.662775,50,323.979829,0.0
-4.651398,50,324.015055,0.0
-4.878092,50,324.050177,0.0
-4.923386,50,324.08568,0.0
-4.761865,50,324.120924,0.0
-4.74953,50,324.156651,0.0
-4.363648,50,324.19222,0.0
-4.519574,50,324.227602,0.0
-4.337142,50,324.262892,0.0
-4.325572,50,324.298374,0.0
-4.637766,50,324.334123,0.0
-4.22263,50,324.369398,0.0
-3.826225,50,324.404743,0.0
-5.057111,50,324.439664,0.0
-4.161757,50,324.475063,0.0
-4.13172,50,324.510516,0.0
-5.109176,50,324.546426,0.0
-4.454644,50,324.581992,0.0
-5.34078,50,324.617308,0.0
-4.806858,50,324.652907,0.0
-4.316875,50,324.688504,0.0
-4.414533,50,324.724172,0.0
-4.980183,50,324.874868,0.0
-4.033829,50,324.910052,0.0
-4.261371,50,324.945576,0.0
-4.69449,50,324.980913,0.0
-4.622619,50,325.016227,0.0
-4.895305,50,325.05163,0.0
-4.726563,50,325.087084,0.0
-4.149819,50,325.122674,0.0
-4.54322,50,325.158283,0.0
-5.031456,50,325.19412,0.0
-4.506945,50,325.229699,0.0
-4.7321,50,325.264936,0.0
-4.078125,50,325.300026,0.0
-4.419334,50,325.335399,0.0
-5.190251,50,325.371027,0.0
-3.964318,50,325.406215,0.0
-4.756953,50,325.441806,0.0
-3.80304,50,325.477286,0.0
-4.212519,50,325.512521,0.0
-5.063974,50,325.548007,0.0
-4.419854,50,325.582935,0.0
-4.566712,50,325.617571,0.0
-4.50538,50,325.652634,0.0
-4.778195,50,325.688344,0.0
-4.658138,50,325.723575,0.0
-4.331584,50,325.759016,0.0
-4.232179,50,325.795148,0.0
-3.869604,50,325.830529,0.0
-4.709975,50,325.865926,0.0
-4.436751,50,325.901201,0.0
-3.626607,50,325.93655,0.0
-4.321025,50,325.97154,0.0
-4.557337,50,326.007427,0.0
-5.178654,50,326.042903,0.0
-4.38673,50,326.077757,0.0
-4.575032,50,326.113525,0.0
-4.642405,50,326.149457,0.0
-4.060382,50,326.184659,0.0
-5.292581,50,326.220296,0.0
-4.402908,50,326.255929,0.0
-4.74332,50,326.29108,0.0
-4.687621,50,326.440795,0.0
-3.925076,50,326.477367,0.0
-5.071718,50,326.513263,0.0
-4.5809,50,326.54908,0.0
-4.197185,50,326.584539,0.0
-5.305851,50,326.620271,0.0
-4.147938,50,326.655862,0.0
-5.035596,50,326.691603,0.0
-4.336713,50,326.727088,0.0
-4.240708,50,326.763146,0.0
-4.63887,50,326.798814,0.0
-4.714853,50,326.834993,0.0
-5.008022,50,326.870916,0.0
-4.72507,50,326.90627,0.0
-4.609683,50,326.941908,0.0
-5.062075,50,326.97751,0.0
-4.135705,50,327.013047,0.0
-3.880041,50,327.0484,0.0
-4.375378,50,327.083894,0.0
-4.883367,50,327.11898,0.0
-5.178457,50,327.154672,0.0
-4.031037,50,327.190363,0.0
-4.9071,50,327.225882,0.0
-4.048235,50,327.261406,0.0
-3.959105,50,327.296597,0.0
-3.758172,50,327.332432,0.0
-4.678616,50,327.367929,0.0
-4.39177,50,327.403212,0.0
-3.532485,50,327.438134,0.0
-3.880513,50,327.473738,0.0
-4.959119,50,327.509454,0.0
-4.511308,50,327.544948,0.0
-3.777633,50,327.580074,0.0
-4.415017,50,327.61584,0.0
-4.519189,50,327.6513,0.0
-4.307213,50,327.686691,0.0
-5.221327,50,327.721819,0.0
-4.709717,50,327.757531,0.0
-3.747785,50,327.792921,0.0
-4.652423,50,327.828259,0.0
-4.696962,50,327.863846,0.0
-4.143906,50,328.013846,0.0
-4.515287,50,328.049794,0.0
-4.647647,50,328.085496,0.0
-4.685765,50,328.121071,0.0
-4.155743,50,328.157027,0.0
-4.343951,50,328.193023,0.0
-3.731072,50,328.228778,0.0
-4.648343,50,328.264264,0.0
-3.897448,50,328.299358,0.0
-5.042996,50,328.33506,0.0
-4.236598,50,328.370474,0.0
-4.445311,50,328.405978,0.0
-5.049866,50,328.441507,0.0
-4.918075,50,328.476836,0.0
-4.21177,50,328.512062,0.0
-4.56826,50,328.547562,0.0
-4.068907,50,328.583164,0.0
-4.496935,50,328.618436,0.0
-4.490728,50,328.653904,0.0
-3.383671,50,328.689123,0.0
-5.376641,50,328.724387,0.0
-4.473813,50,328.759607,0.0
-3.777536,50,328.795181,0.0
-4.418835,50,328.830973,0.0
-4.249105,50,328.866588,0.0
-4.744115,50,328.902385,0.0
-4.003723,50,328.937955,0.0
-3.848557,50,328.973415,0.0
-4.598874,50,329.008745,0.0
-4.554588,50,329.044585,0.0
-4.114411,50,329.079844,0.0
-4.547216,50,329.115464,0.0
-4.098976,50,329.151466,0.0
-4.245742,50,329.187115,0.0
-4.795013,50,329.222701,0.0
-4.637958,50,329.25787,0.0
-4.640876,50,329.29316,0.0
-3.874772,50,329.328601,0.0
-3.875831,50,329.364261,0.0
-5.311737,50,329.400353,0.0
-4.455613,50,329.435981,0.0
-3.575828,50,329.586378,0.0
-4.535038,50,329.62241,0.0
-3.921466,50,329.65852,0.0
-4.64775,50,329.69415,0.0
-4.533563,50,329.729152,0.0
-3.982757,50,329.76521,0.0
-4.342465,50,329.800663,0.0
-4.759059,50,329.836153,0.0
-4.128298,50,329.871869,0.0
-4.18555,50,329.907953,0.0
-4.721434,50,329.943386,0.0
-4.677555,50,329.979111,0.0
-3.733687,50,330.014216,0.0
-4.698586,50,330.049531,0.0
-4.495806,50,330.085572,0.0
-4.134492,50,330.120885,0.0
-5.151456,50,330.156395,0.0
-4.893516,50,330.191928,0.0
-4.739979,50,330.227703,0.0
-4.920623,50,330.263493,0.0
-3.571267,50,330.299171,0.0
-4.324739,50,330.334713,0.0
-4.81895,50,330.370215,0.0
-4.886303,50,330.405579,0.0
-4.111611,50,330.441132,0.0
-4.525843,50,330.476257,0.0
-4.063034,50,330.511767,0.0
-4.527629,50,330.548409,0.0
-4.648728,50,330.584608,0.0
-4.147645,50,330.620202,0.0
-4.079113,50,330.656219,0.0
-4.56477,50,330.692086,0.0
-4.136699,50,330.729138,0.0
-4.665157,50,330.76563,0.0
-4.989991,50,330.803181,0.0
-4.005033,50,330.839485,0.0
-4.252021,50,330.875346,0.0
-4.384213,50,330.910881,0.0
-4.529576,50,330.945906,0.0
-5.006412,50,330.981847,0.0
-4.862981,50,331.017519,0.0
-4.483482,50,331.168586,0.0
-4.269399,50,331.204336,0.0
-4.713439,50,331.239765,0.0
-4.32753,50,331.275024,0.0
-4.336357,50,331.310362,0.0
-4.041759,50,331.34629,0.0
-4.16965,50,331.382217,0.0
-4.49402,50,331.418066,0.0
-4.588778,50,331.453749,0.0
-4.822964,50,331.489426,0.0
-4.650492,50,331.524735,0.0
-4.674216,50,331.560382,0.0
-4.742581,50,331.595667,0.0
-3.728324,50,331.631308,0.0
-4.969233,50,331.667872,0.0
-3.593044,50,331.703664,0.0
-4.779758,50,331.739547,0.0
-4.78369,50,331.774635,0.0
-3.746525,50,331.810122,0.0
-4.447851,50,331.845559,0.0
-4.390692,50,331.88091,0.0
-4.217494,50,331.916047,0.0
-4.70212,50,331.951066,0.0
-5.066448,50,331.986412,0.0
-4.626956,50,332.021431,0.0
-4.489802,50,332.057001,0.0
-3.7223,50,332.093786,0.0
-3.933178,50,332.129274,0.0
-4.485639,50,332.164814,0.0
-4.82537,50,332.200259,0.0
-5.296379,50,332.236095,0.0
-4.391101,50,332.271451,0.0
-4.594966,50,332.306987,0.0
-4.333397,50,332.343009,0.0
-5.201487,50,332.378179,0.0
-4.82897,50,332.413679,0.0
-4.229473,50,332.448799,0.0
-3.66849,50,332.484411,0.0
-4.351305,50,332.519457,0.0
-4.247836,50,332.55494,0.0
-4.587792,50,332.590374,0.0
-4.801609,50,332.741866,0.0
-4.817469,50,332.777373,0.0
-4.033167,50,332.812867,0.0
-3.544353,50,332.848426,0.0
-4.409197,50,332.883643,0.0
-4.439424,50,332.919159,0.0
-4.448892,50,332.954914,0.0
-4.345322,50,332.990419,0.0
-4.163865,50,333.025565,0.0
-3.584922,50,333.060775,0.0
-4.661619,50,333.09668,0.0
-4.317526,50,333.131889,0.0
-3.995272,50,333.167501,0.0
-4.649956,50,333.203235,0.0
-4.050759,50,333.238866,0.0
-5.023386,50,333.274033,0.0
-5.146278,50,333.309309,0.0
-4.22018,50,333.344742,0.0
-4.38517,50,333.380514,0.0
-4.826541,50,333.415799,0.0
-4.505098,50,333.451435,0.0
-4.8986,50,333.486729,0.0
-4.82985,50,333.522209,0.0
-4.002216,50,333.557317,0.0
-4.254278,50,333.593501,0.0
-3.849871,50,333.629197,0.0
-5.204033,50,333.664495,0.0
-4.488344,50,333.70019,0.0
-4.458107,50,333.735756,0.0
-4.984295,50,333.771308,0.0
-3.751815,50,333.806979,0.0
-4.843374,50,333.842677,0.0
-4.613472,50,333.878435,0.0
-5.621118,50,333.914025,0.0
-4.159452,50,333.949496,0.0
-4.977666,50,333.984617,0.0
-4.19541,50,334.019857,0.0
-5.060405,50,334.055244,0.0
-4.160496,50,334.090203,0.0
-4.531947,50,334.125542,0.0
-4.208641,50,334.160553,0.0
-3.980005,50,334.310466,0.0
-5.160887,50,334.346099,0.0
-4.194192,50,334.381276,0.0
-4.935754,50,334.416799,0.0
-4.990544,50,334.453003,0.0
-4.388784,50,334.488675,0.0
-4.729222,50,334.524624,0.0
-4.543094,50,334.560214,0.0
-4.985943,50,334.595935,0.0
-4.389642,50,334.631642,0.0
-4.157813,50,334.667104,0.0
-3.281084,50,334.702118,0.0
-4.70127,50,334.73737,0.0
-4.431492,50,334.772797,0.0
-3.920744,50,334.808269,0.0
-4.187264,50,334.843998,0.0
-4.091491,50,334.880742,0.0
-4.970047,50,334.916372,0.0
-5.455735,50,334.951846,0.0
-4.484963,50,334.987965,0.0
-4.124496,50,335.023426,0.0
-4.712206,50,335.058654,0.0
-4.36261,50,335.093821,0.0
-4.104235,50,335.129756,0.0
-4.170384,50,335.165141,0.0
-4.990937,50,335.200439,0.0
-4.983156,50,335.235485,0.0
-4.499114,50,335.270472,0.0
-4.850761,50,335.305846,0.0
-4.034138,50,335.341344,0.0
-4.815136,50,335.37772,0.0
-4.810557,50,335.412974,0.0
-4.382939,50,335.448505,0.0
-5.054384,50,335.484279,0.0
-5.130544,50,335.519476,0.0
-3.582877,50,335.554821,0.0
-4.297944,50,335.589869,0.0
-4.804482,50,335.624801,0.0
-4.992751,50,335.660481,0.0
-4.569468,50,335.696256,0.0
-5.092442,50,335.73208,0.0
-4.144726,50,335.88242,0.0
-5.445786,50,335.918083,0.0
-4.529912,50,335.953444,0.0
-4.616721,50,335.988487,0.0
-4.511045,50,336.023477,0.0
-4.158677,50,336.058854,0.0
-4.464428,50,336.093747,0.0
-4.305971,50,336.129133,0.0
-4.569655,50,336.164447,0.0
-4.439102,50,336.199661,0.0
-4.007603,50,336.23487,0.0
-4.192212,50,336.270029,0.0
-4.29647,50,336.305862,0.0
-3.684241,50,336.341548,0.0
-3.942897,50,336.377061,0.0
-4.960121,50,336.413117,0.0
-5.26588,50,336.448752,0.0
-4.464425,50,336.484567,0.0
-4.328364,50,336.519869,0.0
-4.220143,50,336.554974,0.0
-3.950894,50,336.591482,0.0
-4.694799,50,336.627756,0.0
-4.970797,50,336.663484,0.0
-5.086708,50,336.699138,0.0
-4.207285,50,336.734806,0.0
-4.555897,50,336.770172,0.0
-3.740604,50,336.805693,0.0
-4.589873,50,336.842003,0.0
-3.794661,50,336.878401,0.0
-4.243554,50,336.914728,0.0
-5.1016,50,336.950589,0.0
-3.414998,50,336.986149,0.0
-4.946134,50,337.022016,0.0
-4.01472,50,337.058296,0.0
-4.10831,50,337.093879,0.0
-3.942497,50,337.129845,0.0
-5.174163,50,337.165429,0.0
-4.532332,50,337.202914,0.0
-4.653029,50,337.238887,0.0
-5.119261,50,337.275353,0.0
-4.656112,50,337.310983,0.0
-4.55824,50,337.465771,0.0
-4.310172,50,337.502544,0.0
-4.569431,50,337.538274,0.0
-4.903942,50,337.57355,0.0
-4.483916,50,337.609589,0.0
-5.375591,50,337.645834,0.0
-5.041616,50,337.682351,0.0
-4.555765,50,337.718396,0.0
-4.255983,50,337.754374,0.0
-4.396701,50,337.790188,0.0
-4.176432,50,337.826135,0.0
-5.151097,50,337.861614,0.0
-3.81965,50,337.897604,0.0
-4.397799,50,337.933227,0.0
-3.792765,50,337.968637,0.0
-4.150059,50,338.004379,0.0
-5.043243,50,338.040576,0.0
-3.741752,50,338.076644,0.0
-4.056824,50,338.112266,0.0
-5.196338,50,338.14799,0.0
-3.654771,50,338.183642,0.0
-4.203858,50,338.219339,0.0
-4.938105,50,338.254874,0.0
-3.834095,50,338.2904,0.0
-4.352896,50,338.325567,0.0
-5.028766,50,338.3611,0.0
-4.246184,50,338.396491,0.0
-4.66977,50,338.431969,0.0
-4.036553,50,338.46769,0.0
-4.021742,50,338.50356,0.0
-3.621016,50,338.539518,0.0
-3.933923,50,338.57529,0.0
-3.704581,50,338.610694,0.0
-4.004366,50,338.646417,0.0
-4.844531,50,338.682083,0.0
-4.74052,50,338.717446,0.0
-4.044603,50,338.75389,0.0
-3.896089,50,338.789239,0.0
-4.509057,50,338.824697,0.0
-4.069927,50,338.860424,0.0
-4.575175,50,338.895636,0.0
-4.421037,50,339.045432,0.0
-4.851596,50,339.080808,0.0
-4.062439,50,339.116505,0.0
-4.84046,50,339.152595,0.0
-4.177747,50,339.188246,0.0
-4.432537,50,339.223984,0.0
-4.614516,50,339.259458,0.0
-4.702959,50,339.295014,0.0
-5.117802,50,339.330282,0.0
-5.258333,50,339.365401,0.0
-4.650946,50,339.400824,0.0
-3.647545,50,339.4362,0.0
-4.1389,50,339.471611,0.0
-4.556569,50,339.507351,0.0
-4.59327,50,339.542854,0.0
-4.565708,50,339.578263,0.0
-4.170173,50,339.613533,0.0
-4.860098,50,339.649293,0.0
-4.731965,50,339.684675,0.0
-4.147535,50,339.720277,0.0
-3.501417,50,339.7553,0.0
-4.507524,50,339.791615,0.0
-4.195788,50,339.826876,0.0
-4.622397,50,339.862215,0.0
-4.352426,50,339.898285,0.0
-4.487327,50,339.933525,0.0
-4.123295,50,339.968939,0.0
-4.185014,50,340.004416,0.0
-3.924924,50,340.039586,0.0
-4.769034,50,340.07497,0.0
-4.069395,50,340.110416,0.0
-4.031883,50,340.146143,0.0
-4.306123,50,340.181702,0.0
-4.42037,50,340.216659,0.0
-4.43389,50,340.252002,0.0
-3.73009,50,340.287266,0.0
-4.596509,50,340.322946,0.0
-3.863092,50,340.358359,0.0
-4.463907,50,340.393921,0.0
-4.987667,50,340.429254,0.0
-5.288592,50,340.465071,0.0
-4.013398,50,340.613455,0.0
-4.371273,50,340.649097,0.0
-4.942549,50,340.684502,0.0
-3.932295,50,340.719821,0.0
-4.313471,50,340.755127,0.0
-4.437353,50,340.790506,0.0
-4.677394,50,340.826111,0.0
-3.96023,50,340.861674,0.0
-4.260571,50,340.897216,0.0
-4.857839,50,340.932363,0.0
-4.70492,50,340.968269,0.0
-4.7856,50,341.00374,0.0
-4.47721,50,341.0392,0.0
-4.954329,50,341.074503,0.0
-4.420833,50,341.10982,0.0
-4.614736,50,341.144895,0.0
-5.346711,50,341.180543,0.0
-4.283693,50,341.216072,0.0
-4.378492,50,341.251877,0.0
-3.735457,50,341.28732,0.0
-4.480517,50,341.322663,0.0
-5.155893,50,341.358117,0.0
-3.698321,50,341.393832,0.0
-4.449602,50,341.429509,0.0
-4.83348,50,341.464887,0.0
-4.443499,50,341.501006,0.0
-5.234357,50,341.536584,0.0
-3.72556,50,341.571952,0.0
-3.702906,50,341.608337,0.0
-4.516782,50,341.64397,0.0
-4.493582,50,341.679446,0.0
-3.985352,50,341.715048,0.0
-4.062174,50,341.750454,0.0
-4.106261,50,341.785781,0.0
-4.822371,50,341.821236,0.0
-4.974619,50,341.856909,0.0
-4.770693,50,341.892327,0.0
-4.066674,50,341.927888,0.0
-3.995329,50,341.963999,0.0
-4.810284,50,341.9994,0.0
-4.290777,50,342.035012,0.0
-4.054827,50,342.185821,0.0
-4.206372,50,342.221574,0.0
-4.864631,50,342.25723,0.0
-3.993498,50,342.29265,0.0
-4.365514,50,342.327943,0.0
-4.560903,50,342.363375,0.0
-4.127801,50,342.399157,0.0
-4.761447,50,342.434584,0.0
-5.011117,50,342.469858,0.0
-4.156801,50,342.505138,0.0
-5.488499,50,342.5409,0.0
-4.89783,50,342.576968,0.0
-4.894944,50,342.611917,0.0
-4.387209,50,342.647529,0.0
-4.91624,50,342.682773,0.0
-4.978648,50,342.718319,0.0
-4.528716,50,342.753907,0.0
-4.44407,50,342.789411,0.0
-5.050818,50,342.825106,0.0
-4.022755,50,342.860669,0.0
-4.390405,50,342.896169,0.0
-4.490213,50,342.931203,0.0
-4.433703,50,342.966956,0.0
-4.341178,50,343.001973,0.0
-3.805125,50,343.037181,0.0
-4.285452,50,343.072304,0.0
-4.736633,50,343.107395,0.0
-4.532389,50,343.142579,0.0
-4.312535,50,343.178126,0.0
-4.30457,50,343.213208,0.0
-4.266157,50,343.248673,0.0
-4.103627,50,343.284204,0.0
-4.189643,50,343.319686,0.0
-4.675145,50,343.35512,0.0
-4.253692,50,343.390472,0.0
-4.774476,50,343.425708,0.0
-4.345222,50,343.461543,0.0
-5.107982,50,343.497166,0.0
-4.859441,50,343.532165,0.0
-3.651169,50,343.567926,0.0
-4.147649,50,343.603291,0.0
-4.624732,50,343.755446,0.0
-4.99502,50,343.790935,0.0
-4.758056,50,343.826159,0.0
-3.785565,50,343.862773,0.0
-3.847814,50,343.897982,0.0
-4.208743,50,343.933479,0.0
-4.539432,50,343.970198,0.0
-4.174162,50,344.005458,0.0
-4.576896,50,344.040896,0.0
-4.87067,50,344.076234,0.0
-4.514315,50,344.111846,0.0
-4.245948,50,344.147586,0.0
-4.068304,50,344.183087,0.0
-4.528654,50,344.218453,0.0
-4.719681,50,344.253714,0.0
-4.194669,50,344.289464,0.0
-4.233654,50,344.325111,0.0
-4.85266,50,344.360568,0.0
-4.390794,50,344.396147,0.0
-4.576766,50,344.431224,0.0
-4.518216,50,344.466957,0.0
-4.12674,50,344.502351,0.0
-4.863203,50,344.537418,0.0
-5.017206,50,344.573194,0.0
-4.497131,50,344.608701,0.0
-3.99347,50,344.644439,0.0
-4.454416,50,344.679985,0.0
-4.052905,50,344.715914,0.0
-4.33605,50,344.751155,0.0
-3.788036,50,344.786669,0.0
-4.60187,50,344.822411,0.0
-4.259956,50,344.857964,0.0
-4.461073,50,344.893656,0.0
-4.008785,50,344.929529,0.0
-4.673752,50,344.965454,0.0
-4.423845,50,345.000881,0.0
-3.666883,50,345.036387,0.0
-4.001467,50,345.071772,0.0
-3.968635,50,345.107301,0.0
-4.57383,50,345.142858,0.0
-3.760422,50,345.178767,0.0
-4.42465,50,345.330135,0.0
-4.126838,50,345.366938,0.0
-4.171355,50,345.402652,0.0
-4.391546,50,345.438212,0.0
-3.869609,50,345.474394,0.0
-4.408079,50,345.510602,0.0
-4.407631,50,345.546557,0.0
-4.741172,50,345.582042,0.0
-4.186638,50,345.617438,0.0
-4.756304,50,345.653467,0.0
-4.865445,50,345.688925,0.0
-5.106489,50,345.72444,0.0
-4.178318,50,345.760363,0.0
-4.175727,50,345.795654,0.0
-5.080244,50,345.830787,0.0
-4.563925,50,345.866087,0.0
-4.621258,50,345.90136,0.0
-4.642166,50,345.936796,0.0
-4.278081,50,345.97258,0.0
-3.824451,50,346.008523,0.0
-4.351928,50,346.043856,0.0
-4.098516,50,346.079361,0.0
-4.631946,50,346.116543,0.0
-4.096624,50,346.152581,0.0
-4.591561,50,346.18811,0.0
-4.902826,50,346.224116,0.0
-4.411856,50,346.259225,0.0
-4.266625,50,346.294752,0.0
-4.056938,50,346.330335,0.0
-4.272933,50,346.365388,0.0
-4.430717,50,346.748341,0.0
-5.276533,50,346.784039,0.0
-4.732701,50,346.819197,0.0
-4.495739,50,346.854883,0.0
-3.921177,50,346.890548,0.0
-3.946004,50,346.926802,0.0
-4.575193,50,346.962549,0.0
-4.101143,50,346.997558,0.0
-3.850444,50,347.032853,0.0
-3.806733,50,347.068259,0.0
-4.29293,50,347.103926,0.0
-4.370138,50,347.254479,0.0
-5.161439,50,347.290047,0.0
-5.012646,50,347.325888,0.0
-5.373562,50,347.361664,0.0
-5.178224,50,347.397019,0.0
-4.763916,50,347.433414,0.0
-4.567058,50,347.468568,0.0
-4.376559,50,347.503936,0.0
-3.72147,50,347.53894,0.0
-4.376006,50,347.574515,0.0
-4.731617,50,347.609575,0.0
-4.214328,50,347.644897,0.0
-3.581533,50,347.680517,0.0
-4.998927,50,347.716074,0.0
-3.828751,50,347.751315,0.0
-4.637692,50,347.786573,0.0
-4.040177,50,347.822069,0.0
-4.067361,50,347.857344,0.0
-4.569846,50,347.893809,0.0
-4.894166,50,347.929678,0.0
-4.38298,50,347.96461,0.0
-4.633746,50,348.000432,0.0
-4.418151,50,348.03575,0.0
-3.588068,50,348.071263,0.0
-4.939389,50,348.106785,0.0
-4.284787,50,348.142592,0.0
-4.371188,50,348.17774,0.0
-4.083553,50,348.213275,0.0
-4.693447,50,348.24852,0.0
-3.785367,50,348.283731,0.0
-3.92463,50,348.31877,0.0
-3.952127,50,348.353842,0.0
-4.329248,50,348.388929,0.0
-5.10483,50,348.424123,0.0
-4.646112,50,348.45934,0.0
-4.119558,50,348.495412,0.0
-5.156663,50,348.53113,0.0
-5.043887,50,348.566714,0.0
-4.092098,50,348.601982,0.0
-4.128189,50,348.637464,0.0
-4.766117,50,348.672919,0.0
-5.514487,50,348.822762,0.0
-4.544488,50,348.858384,0.0
-4.121405,50,348.893927,0.0
-4.632167,50,348.929491,0.0
-4.487415,50,348.964827,0.0
-4.407225,50,349.000083,0.0
-3.82836,50,349.035907,0.0
-4.132874,50,349.071325,0.0
-4.571619,50,349.10746,0.0
-4.125879,50,349.143061,0.0
-4.554823,50,349.178448,0.0
-4.076164,50,349.213889,0.0
-3.884503,50,349.249378,0.0
-4.974968,50,349.284545,0.0
-4.637195,50,349.319859,0.0
-5.269223,50,349.354937,0.0
-4.816254,50,349.390383,0.0
-4.347683,50,349.425845,0.0
-4.461537,50,349.461621,0.0
-4.006404,50,349.497169,0.0
-4.693339,50,349.532433,0.0
-4.066401,50,349.567634,0.0
-4.829919,50,349.603055,0.0
-3.711976,50,349.63854,0.0
-4.164837,50,349.673916,0.0
-4.351228,50,349.709925,0.0
-4.713115,50,349.745731,0.0
-5.2381,50,349.781232,0.0
-4.296011,50,349.816615,0.0
-4.69374,50,349.852174,0.0
-3.912908,50,349.88763,0.0
-4.521958,50,349.922784,0.0
-3.957381,50,349.957715,0.0
-3.951333,50,349.992931,0.0
-4.478011,50,350.02846,0.0
-4.555291,50,350.064506,0.0
-4.101451,50,350.099975,0.0
-4.475956,50,350.135243,0.0
-4.771666,50,350.170919,0.0
-4.815202,50,350.20613,0.0
-4.858903,50,350.241875,0.0
-3.957461,50,350.390353,0.0
-4.502952,50,350.425764,0.0
-3.815318,50,350.461243,0.0
-5.21561,50,350.497079,0.0
-4.134405,50,350.532675,0.0
-4.805101,50,350.568327,0.0
-4.916924,50,350.603755,0.0
-5.062423,50,350.639176,0.0
-3.896405,50,350.674638,0.0
-4.462779,50,350.710326,0.0
-3.951335,50,350.745396,0.0
-3.855183,50,350.780912,0.0
-4.752611,50,350.816219,0.0
-4.829026,50,350.851318,0.0
-4.778533,50,350.886309,0.0
-4.286322,50,350.921489,0.0
-4.500278,50,350.956481,0.0
-3.656593,50,350.991817,0.0
-4.435348,50,351.027461,0.0
-4.145448,50,351.062711,0.0
-3.854653,50,351.098435,0.0
-4.620399,50,351.134023,0.0
-4.300919,50,351.169283,0.0
-4.740492,50,351.20477,0.0
-4.871821,50,351.240202,0.0
-4.711151,50,351.275176,0.0
-4.487412,50,351.310865,0.0
-4.432468,50,351.346331,0.0
-3.596289,50,351.381575,0.0
-4.855976,50,351.416636,0.0
-5.014614,50,351.451968,0.0
-4.507965,50,351.487196,0.0
-4.607919,50,351.522925,0.0
-4.234648,50,351.558974,0.0
-4.277785,50,351.594274,0.0
-4.142886,50,351.630135,0.0
-4.573958,50,351.666004,0.0
-4.908133,50,351.701586,0.0
-5.068651,50,351.7372,0.0
-4.778452,50,351.773124,0.0
-4.186179,50,351.808449,0.0
-4.411738,50,351.958759,0.0
-4.640283,50,351.994611,0.0
-4.580855,50,352.029824,0.0
-4.698622,50,352.065294,0.0
-4.311718,50,352.100876,0.0
-4.552556,50,352.136498,0.0
-3.910587,50,352.171984,0.0
-4.966437,50,352.206963,0.0
-3.815698,50,352.242454,0.0
-3.707464,50,352.278623,0.0
-4.188011,50,352.313862,0.0
-4.629639,50,352.348746,0.0
-4.436035,50,352.383775,0.0
-3.438867,50,352.419048,0.0
-4.462063,50,352.454509,0.0
-4.844204,50,352.489647,0.0
-4.124982,50,352.52458,0.0
-3.968748,50,352.560089,0.0
-5.412474,50,352.596301,0.0
-4.06297,50,352.631951,0.0
-4.082886,50,352.667605,0.0
-4.804236,50,352.703738,0.0
-4.52514,50,352.739491,0.0
-5.279363,50,352.774945,0.0
-4.930084,50,352.810155,0.0
-4.529701,50,352.845866,0.0
-4.108033,50,352.881163,0.0
-4.176186,50,352.916958,0.0
-4.643829,50,352.952203,0.0
-4.312804,50,352.987908,0.0
-4.480033,50,353.02332,0.0
-4.424127,50,353.058635,0.0
-3.995154,50,353.094285,0.0
-4.163595,50,353.129874,0.0
-4.371929,50,353.165668,0.0
-4.939901,50,353.201122,0.0
-4.005915,50,353.236877,0.0
-4.156427,50,353.272595,0.0
-4.393799,50,353.308049,0.0
-4.387098,50,353.342625,0.0
-3.434108,50,353.377144,0.0
-3.839882,50,353.528489,0.0
-5.094886,50,353.564326,0.0
-5.563409,50,353.600704,0.0
-5.173636,50,353.636328,0.0
-4.202471,50,353.67158,0.0
-4.315805,50,353.707125,0.0
-4.423222,50,353.742366,0.0
-4.514661,50,353.778169,0.0
-4.993175,50,353.814144,0.0
-4.822759,50,353.849935,0.0
-3.623112,50,353.88547,0.0
-4.56948,50,353.921061,0.0
-5.686855,50,353.956464,0.0
-4.445271,50,353.991948,0.0
-4.441443,50,354.027852,0.0
-4.647801,50,354.063526,0.0
-5.150986,50,354.098847,0.0
-4.968244,50,354.134642,0.0
-4.7663,50,354.17039,0.0
-4.101259,50,354.205381,0.0
-3.727639,50,354.241163,0.0
-4.103613,50,354.276472,0.0
-4.535053,50,354.311998,0.0
-5.118362,50,354.347338,0.0
-4.446059,50,354.383081,0.0
-4.350913,50,354.418651,0.0
-4.718128,50,354.45414,0.0
-4.532982,50,354.489472,0.0
-5.010439,50,354.525313,0.0
-4.666896,50,354.56073,0.0
-4.031374,50,354.596091,0.0
-4.237113,50,354.631632,0.0
-4.066909,50,354.667207,0.0
-4.863279,50,354.702785,0.0
-4.189707,50,354.73848,0.0
-3.802705,50,354.773708,0.0
-4.329863,50,354.808945,0.0
-4.059507,50,354.844408,0.0
-4.407441,50,354.880135,0.0
-3.654991,50,354.915469,0.0
-4.757317,50,354.951012,0.0
-4.252093,50,355.102416,0.0
-3.883983,50,355.137904,0.0
-4.133404,50,355.173681,0.0
-5.044365,50,355.209179,0.0
-3.545402,50,355.244953,0.0
-4.125204,50,355.280557,0.0
-4.514163,50,355.315794,0.0
-4.440192,50,355.350827,0.0
-4.355014,50,355.386182,0.0
-4.577437,50,355.421412,0.0
-4.510362,50,355.457188,0.0
-4.679801,50,355.493257,0.0
-4.755724,50,355.528209,0.0
-3.672347,50,355.5629,0.0
-4.565324,50,355.597659,0.0
-4.320021,50,355.632759,0.0
-5.155169,50,355.668151,0.0
-5.315009,50,355.703834,0.0
-3.87881,50,355.738707,0.0
-4.574944,50,355.774707,0.0
-4.595318,50,355.810424,0.0
-4.670467,50,355.846179,0.0
-4.24141,50,355.881725,0.0
-4.101333,50,355.916883,0.0
-5.322743,50,355.951955,0.0
-4.825487,50,355.987335,0.0
-4.397997,50,356.02287,0.0
-4.368094,50,356.058843,0.0
-4.506737,50,356.093896,0.0
-5.026491,50,356.129251,0.0
-4.153693,50,356.165106,0.0
-4.432829,50,356.200573,0.0
-3.82774,50,356.236027,0.0
-3.910268,50,356.271658,0.0
-4.939174,50,356.30765,0.0
-4.12393,50,356.342825,0.0
-4.812963,50,356.378308,0.0
-5.242743,50,356.414083,0.0
-4.643719,50,356.449193,0.0
-3.793906,50,356.484448,0.0
-4.256662,50,356.633754,0.0
-4.211388,50,356.669969,0.0
-4.045766,50,356.705523,0.0
-4.411197,50,356.741202,0.0
-4.071357,50,356.776793,0.0
-4.675531,50,356.812292,0.0
-4.871007,50,356.847656,0.0
-5.191072,50,356.882941,0.0
-5.475352,50,356.918259,0.0
-4.496562,50,356.953517,0.0
-4.190886,50,356.98881,0.0
-4.657828,50,357.02416,0.0
-4.13958,50,357.059648,0.0
-4.195011,50,357.095317,0.0
-4.115124,50,357.130643,0.0
-4.437884,50,357.166391,0.0
-4.806599,50,357.202159,0.0
-3.674231,50,357.238349,0.0
-3.701814,50,357.273932,0.0
-4.074395,50,357.309659,0.0
-4.199878,50,357.34525,0.0
-5.07607,50,357.380602,0.0
-4.351234,50,357.416305,0.0
-4.517786,50,357.451648,0.0
-4.187759,50,357.487174,0.0
-4.826176,50,357.522783,0.0
-4.576182,50,357.558367,0.0
-4.312882,50,357.593784,0.0
-4.490823,50,357.62949,0.0
-5.281698,50,357.66447,0.0
-4.445948,50,357.699962,0.0
-4.806211,50,357.735238,0.0
-4.329714,50,357.770438,0.0
-3.960407,50,357.805995,0.0
-4.023696,50,357.841479,0.0
-4.136306,50,357.876404,0.0
-4.248016,50,357.911469,0.0
-3.556952,50,357.947244,0.0
-4.148452,50,357.982949,0.0
-4.720459,50,358.018409,0.0
-3.849462,50,358.053982,0.0
-3.559984,50,358.203321,0.0
-4.370482,50,358.239518,0.0
-4.400163,50,358.275108,0.0
-3.751624,50,358.310497,0.0
-3.738648,50,358.346119,0.0
-4.511262,50,358.38177,0.0
-3.859047,50,358.417489,0.0
-4.124306,50,358.453612,0.0
-4.235936,50,358.488935,0.0
-3.865282,50,358.524419,0.0
-4.389583,50,358.559737,0.0
-4.192036,50,358.594556,0.0
-4.619221,50,358.630437,0.0
-4.223678,50,358.666114,0.0
-4.302472,50,358.701415,0.0
-4.559799,50,358.737154,0.0
-4.880417,50,358.772934,0.0
-4.607938,50,358.808645,0.0
-4.697184,50,358.844589,0.0
-4.754663,50,358.879989,0.0
-4.715351,50,358.915325,0.0
-4.076532,50,358.950835,0.0
-4.699336,50,358.986351,0.0
-4.437923,50,359.021719,0.0
-4.672417,50,359.057592,0.0
-4.11559,50,359.093291,0.0
-3.853597,50,359.129136,0.0
-4.642065,50,359.165097,0.0
-4.71481,50,359.200873,0.0
-4.618841,50,359.23577,0.0
-4.144451,50,359.271105,0.0
-4.291044,50,359.306521,0.0
-4.069524,50,359.341817,0.0
-3.862181,50,359.376794,0.0
-4.038746,50,359.412571,0.0
-4.086297,50,359.448325,0.0
-4.870628,50,359.483757,0.0
-4.285325,50,359.518812,0.0
-4.660215,50,359.554092,0.0
-4.193615,50,359.589498,0.0
-5.058795,50,359.624885,0.0
-4.492931,50,359.774378,0.0
-3.600692,50,359.809868,0.0
-4.527144,50,359.845297,0.0
-3.561979,50,359.88107,0.0
-5.281912,50,359.916809,0.0
-5.13496,50,359.951985,0.0
-4.457891,50,359.987535,0.0
-4.352581,50,360.022846,0.0
-4.478599,50,360.058521,0.0
-4.588589,50,360.093991,0.0
-4.237262,50,360.129377,0.0
-4.09308,50,360.164956,0.0
-5.173523,50,360.200771,0.0
-4.224514,50,360.236308,0.0
-3.925567,50,360.271941,0.0
-4.227631,50,360.307393,0.0
-4.440296,50,360.342579,0.0
-4.916444,50,360.377834,0.0
-3.65703,50,360.413126,0.0
-4.201997,50,360.448379,0.0
-4.687173,50,360.484001,0.0
-3.819841,50,360.519442,0.0
-4.049197,50,360.554444,0.0
-3.856006,50,360.58968,0.0
-3.722954,50,360.625237,0.0
-4.274583,50,360.660798,0.0
-4.060612,50,360.696112,0.0
-4.143411,50,360.731153,0.0
-4.33394,50,360.766747,0.0
-5.152578,50,360.803033,0.0
-4.665702,50,360.838444,0.0
-3.778165,50,360.874223,0.0
-4.463182,50,360.909944,0.0
-4.052724,50,360.945308,0.0
-4.46431,50,360.980258,0.0
-4.016469,50,361.015844,0.0
-4.715082,50,361.05141,0.0
-4.634445,50,361.087053,0.0
-3.570261,50,361.122537,0.0
-4.484523,50,361.157972,0.0
-4.006909,50,361.193386,0.0
-4.720909,50,361.343015,0.0
-4.298878,50,361.378974,0.0
-4.555479,50,361.41485,0.0
-4.183232,50,361.449993,0.0
-4.591028,50,361.484537,0.0
-4.690525,50,361.520138,0.0
-4.437759,50,361.555334,0.0
-4.282093,50,361.591218,0.0
-4.65445,50,361.62737,0.0
-4.634807,50,361.663056,0.0
-4.592644,50,361.699049,0.0
-4.112913,50,361.734467,0.0
-4.653591,50,361.769529,0.0
-4.321688,50,361.804878,0.0
-4.663535,50,361.840154,0.0
-3.577222,50,361.875564,0.0
-5.081302,50,361.911276,0.0
-4.586376,50,361.947095,0.0
-3.676787,50,361.982921,0.0
-4.194569,50,362.018543,0.0
-3.79023,50,362.054216,0.0
-4.42979,50,362.089564,0.0
-4.872335,50,362.125209,0.0
-4.137985,50,362.160772,0.0
-4.785403,50,362.196304,0.0
-3.376099,50,362.231741,0.0
-4.369193,50,362.267443,0.0
-4.880224,50,362.302464,0.0
-4.494529,50,362.337369,0.0
-4.627877,50,362.372596,0.0
-4.737682,50,362.407965,0.0
-4.75367,50,362.443696,0.0
-4.551024,50,362.479802,0.0
-4.21022,50,362.51513,0.0
-3.748087,50,362.550183,0.0
-4.782807,50,362.585665,0.0
-4.976117,50,362.620901,0.0
-4.877271,50,362.656593,0.0
-4.341058,50,362.692029,0.0
-4.538892,50,362.727659,0.0
-4.704143,50,362.763279,0.0
-4.784641,50,362.914523,0.0
-4.51727,50,362.951005,0.0
-4.028446,50,362.986538,0.0
-4.426509,50,363.021734,0.0
-4.506178,50,363.057384,0.0
-4.565664,50,363.093314,0.0
-4.954377,50,363.128745,0.0
-4.167382,50,363.164521,0.0
-4.625923,50,363.200346,0.0
-4.405572,50,363.235664,0.0
-4.169123,50,363.271053,0.0
-4.506823,50,363.306464,0.0
-4.476158,50,363.342155,0.0
-4.003382,50,363.378188,0.0
-4.454314,50,363.41345,0.0
-4.404093,50,363.44859,0.0
-3.967637,50,363.48428,0.0
-3.78274,50,363.519886,0.0
-4.642849,50,363.555076,0.0
-4.777412,50,363.590511,0.0
-4.327282,50,363.625801,0.0
-3.87472,50,363.661083,0.0
-3.646459,50,363.6964,0.0
-3.431516,50,363.731401,0.0
-4.984772,50,363.766621,0.0
-3.896164,50,363.802136,0.0
-4.133612,50,363.837334,0.0
-4.186398,50,363.872719,0.0
-4.376635,50,363.908282,0.0
-4.540733,50,363.943537,0.0
-4.720156,50,363.979042,0.0
-4.204409,50,364.014521,0.0
-4.029504,50,364.049715,0.0
-5.202997,50,364.085341,0.0
-3.634263,50,364.120523,0.0
-4.354429,50,364.155972,0.0
-4.395044,50,364.191136,0.0
-4.921268,50,364.226165,0.0
-4.624826,50,364.261678,0.0
-4.66063,50,364.297313,0.0
-4.020076,50,364.332712,0.0
-3.876019,50,364.481897,0.0
-3.701112,50,364.517595,0.0
-4.533633,50,364.552957,0.0
-4.545612,50,364.588097,0.0
-4.518423,50,364.62377,0.0
-4.676055,50,364.659381,0.0
-4.239576,50,364.695136,0.0
-4.529766,50,364.731088,0.0
-3.821254,50,364.766957,0.0
-4.395702,50,364.80255,0.0
-4.808652,50,364.838255,0.0
-3.960818,50,364.873959,0.0
-3.928927,50,364.909587,0.0
-4.031527,50,364.945036,0.0
-4.536943,50,364.980722,0.0
-5.12765,50,365.016053,0.0
-4.844274,50,365.05163,0.0
-4.184199,50,365.086899,0.0
-4.159174,50,365.122164,0.0
-5.400604,50,365.157879,0.0
-3.901496,50,365.193165,0.0
-3.942345,50,365.228932,0.0
-4.624961,50,365.264691,0.0
-4.409025,50,365.300271,0.0
-4.554644,50,365.336171,0.0
-4.526508,50,365.372076,0.0
-4.923703,50,365.407981,0.0
-4.757732,50,365.443412,0.0
-4.449205,50,365.4784,0.0
-4.479092,50,365.513839,0.0
-4.665067,50,365.549447,0.0
-4.423573,50,365.58486,0.0
-3.847463,50,365.620157,0.0
-3.927304,50,365.655938,0.0
-3.785951,50,365.691804,0.0
-4.923076,50,365.728077,0.0
-4.009007,50,365.763976,0.0
-5.175445,50,365.800115,0.0
-4.692463,50,365.83565,0.0
-4.420601,50,365.871582,0.0
-4.067196,50,365.907326,0.0
-4.645427,50,366.057227,0.0
-4.125466,50,366.093567,0.0
-4.001839,50,366.129631,0.0
-4.513067,50,366.165329,0.0
-4.028156,50,366.200874,0.0
-5.353699,50,366.236663,0.0
-5.228496,50,366.27264,0.0
-3.958967,50,366.308257,0.0
-3.803866,50,366.343783,0.0
-4.24954,50,366.378905,0.0
-4.433148,50,366.414491,0.0
-4.321303,50,366.450076,0.0
-4.209551,50,366.486025,0.0
-4.182885,50,366.521724,0.0
-4.685639,50,366.557079,0.0
-4.026258,50,366.592777,0.0
-4.78495,50,366.628254,0.0
-4.191173,50,366.663675,0.0
-4.013456,50,366.69869,0.0
-4.554414,50,366.73371,0.0
-4.328265,50,366.769209,0.0
-3.539025,50,366.804864,0.0
-3.995206,50,366.84049,0.0
-3.996731,50,366.876379,0.0
-4.067991,50,366.911553,0.0
-4.055972,50,366.946597,0.0
-4.42192,50,366.981872,0.0
-4.582816,50,367.017449,0.0
-4.180165,50,367.052917,0.0
-4.367024,50,367.0883,0.0
-4.600606,50,367.124019,0.0
-4.784883,50,367.159326,0.0
-4.073889,50,367.194771,0.0
-4.671446,50,367.230024,0.0
-3.995715,50,367.265364,0.0
-4.536072,50,367.30104,0.0
-3.894007,50,367.336205,0.0
-4.998396,50,367.372192,0.0
-3.958805,50,367.407466,0.0
-4.448819,50,367.442236,0.0
-3.732788,50,367.477723,0.0
-4.9633,50,367.625555,0.0
-5.054295,50,367.6604,0.0
-4.850529,50,367.69508,0.0
-4.16106,50,367.729759,0.0
-5.164836,50,367.765192,0.0
-4.35266,50,367.799899,0.0
-4.309949,50,367.835401,0.0
-4.310187,50,367.870223,0.0
-3.966935,50,367.90498,0.0
-4.083367,50,367.940104,0.0
-4.339817,50,367.976021,0.0
-3.555443,50,368.011858,0.0
-4.732794,50,368.047312,0.0
-4.123246,50,368.082235,0.0
-4.795272,50,368.117346,0.0
-4.635998,50,368.152686,0.0
-5.220489,50,368.187699,0.0
-4.228994,50,368.223049,0.0
-4.463765,50,368.258584,0.0
-3.665105,50,368.293552,0.0
-4.015947,50,368.329124,0.0
-4.152694,50,368.364961,0.0
-4.586537,50,368.400424,0.0
-4.482476,50,368.435793,0.0
-4.8599,50,368.471116,0.0
-4.652917,50,368.50645,0.0
-3.818681,50,368.542028,0.0
-4.692933,50,368.577512,0.0
-3.756036,50,368.61366,0.0
-4.436848,50,368.649122,0.0
-4.692241,50,368.68511,0.0
-4.111565,50,368.720506,0.0
-4.195672,50,368.755768,0.0
-4.386461,50,368.791288,0.0
-4.512444,50,368.826737,0.0
-4.337201,50,368.862071,0.0
-4.757068,50,368.897639,0.0
-4.415712,50,368.933011,0.0
-4.286354,50,368.96823,0.0
-4.555257,50,369.003553,0.0
-4.190756,50,369.038623,0.0
-4.053557,50,369.204387,0.0
-4.725011,50,369.241532,0.0
-4.514126,50,369.28002,0.0
-4.401918,50,369.315127,0.0
-4.29449,50,369.351163,0.0
-4.136349,50,369.386613,0.0
-5.045127,50,369.422781,0.0
-4.204148,50,369.458039,0.0
-4.349953,50,369.493117,0.0
-4.569244,50,369.528168,0.0
-4.488962,50,369.564533,0.0
-4.185554,50,369.599317,0.0
-4.60034,50,369.634913,0.0
-4.482072,50,369.670459,0.0
-5.031026,50,369.705858,0.0
-4.587818,50,369.74088,0.0
-4.120709,50,369.775937,0.0
-4.338779,50,369.811019,0.0
-4.976053,50,369.846194,0.0
-4.729451,50,369.880977,0.0
-4.445587,50,369.916068,0.0
-4.600153,50,369.951217,0.0
-3.989609,50,369.986532,0.0
-4.521518,50,370.021611,0.0
-4.242827,50,370.056694,0.0
-4.779943,50,370.09165,0.0
-4.678192,50,370.126682,0.0
-4.777582,50,370.1615,0.0
-3.88247,50,370.196115,0.0
-4.241531,50,370.230952,0.0
-4.896168,50,370.265674,0.0
-4.66156,50,370.300325,0.0
-4.59324,50,370.335136,0.0
-4.867934,50,370.369859,0.0
-4.021853,50,370.405049,0.0
-5.733543,50,370.441411,0.0
-4.259809,50,370.481983,0.0
-4.390468,50,370.52327,0.0
-4.550186,50,370.562344,0.0
-4.352819,50,370.601348,0.0
-3.717064,50,370.638444,0.0
-4.432374,50,370.798975,0.0
-4.130841,50,370.835824,0.0
-4.55013,50,370.874574,0.0
-3.647141,50,370.913449,0.0
-3.965985,50,370.95095,0.0
-4.409944,50,370.98787,0.0
-4.999611,50,371.02603,0.0
-4.549029,50,371.063935,0.0
-4.468573,50,371.100917,0.0
-3.764779,50,371.138351,0.0
-4.195091,50,371.175991,0.0
-4.311008,50,371.21271,0.0
-4.311006,50,371.249392,0.0
-3.829196,50,371.285475,0.0
-4.130643,50,371.322714,0.0
-5.123541,50,371.359142,0.0
-3.960937,50,371.393985,0.0
-4.458774,50,371.430144,0.0
-4.335649,50,371.465907,0.0
-4.183256,50,371.500931,0.0
-3.9384,50,371.536524,0.0
-3.883784,50,371.572151,0.0
-4.265008,50,371.607164,0.0
-4.694575,50,371.64228,0.0
-4.34903,50,371.67795,0.0
-4.655367,50,371.71359,0.0
-5.108399,50,371.749064,0.0
-4.256092,50,371.784636,0.0
-3.226306,50,371.820238,0.0
-4.091209,50,371.856011,0.0
-4.472786,50,371.891929,0.0
-4.300433,50,371.926739,0.0
-4.353331,50,371.962399,0.0
-3.858592,50,371.997588,0.0
-4.698864,50,372.032681,0.0
-4.436112,50,372.068108,0.0
-4.508141,50,372.103685,0.0
-4.522514,50,372.138786,0.0
-3.586272,50,372.174211,0.0
-4.61009,50,372.209146,0.0
-4.724353,50,372.244744,0.0
-5.172795,50,372.393763,0.0
-4.769668,50,372.429323,0.0
-4.282492,50,372.464374,0.0
-3.89665,50,372.4992,0.0
-4.423174,50,372.534565,0.0
-4.160841,50,372.570123,0.0
-5.261946,50,372.605632,0.0
-4.580596,50,372.640571,0.0
-4.273956,50,372.675807,0.0
-3.805994,50,372.711183,0.0
-4.552351,50,372.74642,0.0
-4.616345,50,372.781319,0.0
-3.561962,50,372.817623,0.0
-3.57538,50,372.853131,0.0
-4.184317,50,372.888381,0.0
-4.641491,50,372.923607,0.0
-4.004126,50,372.958451,0.0
-4.421119,50,372.993576,0.0
-4.887293,50,373.028819,0.0
-5.066462,50,373.064304,0.0
-4.772792,50,373.099613,0.0
-4.438714,50,373.134782,0.0
-4.238374,50,373.17029,0.0
-4.794642,50,373.205517,0.0
-4.290099,50,373.240518,0.0
-4.113288,50,373.275988,0.0
-4.537752,50,373.311413,0.0
-3.85186,50,373.346881,0.0
-3.969365,50,373.381784,0.0
-4.6613,50,373.416826,0.0
-4.622801,50,373.451871,0.0
-4.0935,50,373.487443,0.0
-4.501306,50,373.523136,0.0
-4.507386,50,373.558026,0.0
-4.346568,50,373.592939,0.0
-3.535018,50,373.628807,0.0
-4.251729,50,373.664382,0.0
-4.859138,50,373.699853,0.0
-4.436963,50,373.735286,0.0
-3.864548,50,373.771279,0.0
-3.955262,50,373.807014,0.0
-3.951982,50,373.95557,0.0
-4.553239,50,373.991499,0.0
-4.50605,50,374.02697,0.0
-4.734857,50,374.062581,0.0
-4.723857,50,374.098453,0.0
-4.00345,50,374.13394,0.0
-4.008741,50,374.16929,0.0
-4.934728,50,374.205183,0.0
-3.280797,50,374.240655,0.0
-4.069957,50,374.276188,0.0
-4.630624,50,374.311734,0.0
-4.962583,50,374.346898,0.0
-4.579969,50,374.382352,0.0
-4.387449,50,374.417663,0.0
-4.332698,50,374.452317,0.0
-4.502553,50,374.488148,0.0
-3.990702,50,374.523682,0.0
-4.198654,50,374.560179,0.0
-4.193276,50,374.595368,0.0
-4.754795,50,374.630454,0.0
-4.050522,50,374.66554,0.0
-3.902758,50,374.700809,0.0
-3.906006,50,374.736026,0.0
-4.705235,50,374.770727,0.0
-4.673791,50,374.805293,0.0
-4.845403,50,374.840075,0.0
-3.679143,50,374.874698,0.0
-5.063668,50,374.909654,0.0
-3.82687,50,374.944761,0.0
-3.454702,50,374.979332,0.0
-4.216026,50,375.015104,0.0
-4.399459,50,375.050374,0.0
-4.711373,50,375.08521,0.0
-4.235431,50,375.119599,0.0
-3.86514,50,375.154611,0.0
-4.463431,50,375.189874,0.0
-4.470037,50,375.22474,0.0
-4.743833,50,375.25935,0.0
-4.122919,50,375.29413,0.0
-3.85802,50,375.328843,0.0
-4.776493,50,375.363727,0.0
-4.840893,50,375.509726,0.0
-4.409982,50,375.544428,0.0
-4.401949,50,375.579484,0.0
-4.754091,50,375.614664,0.0
-4.087507,50,375.649704,0.0
-4.696361,50,375.684441,0.0
-4.197776,50,375.719332,0.0
-4.474594,50,375.753788,0.0
-4.178383,50,375.788356,0.0
-3.796498,50,375.822685,0.0
-4.090777,50,375.857302,0.0
-3.981807,50,375.891846,0.0
-4.639318,50,375.92638,0.0
-4.874736,50,375.961341,0.0
-4.330104,50,375.996078,0.0
-4.808698,50,376.031589,0.0
-4.302895,50,376.066489,0.0
-4.641893,50,376.101637,0.0
-4.522116,50,376.136773,0.0
-4.445605,50,376.17168,0.0
-4.69465,50,376.206584,0.0
-4.176815,50,376.24118,0.0
-4.688745,50,376.275823,0.0
-3.802636,50,376.310786,0.0
-4.47608,50,376.345695,0.0
-4.205951,50,376.380806,0.0
-4.308794,50,376.415455,0.0
-4.538206,50,376.450303,0.0
-4.267077,50,376.485438,0.0
-3.4836,50,376.520115,0.0
-5.030867,50,376.55489,0.0
-4.105222,50,376.589672,0.0
-3.923787,50,376.624748,0.0
-4.047366,50,376.65935,0.0
-4.747119,50,376.694604,0.0
-5.0617,50,376.729361,0.0
-4.13913,50,376.764034,0.0
-3.650725,50,376.798753,0.0
-4.07932,50,376.833313,0.0
-4.381693,50,376.868147,0.0
-4.185553,50,376.90279,0.0
-5.030874,50,377.056852,0.0
-4.27334,50,377.092457,0.0
-3.616868,50,377.127166,0.0
-3.399032,50,377.162018,0.0
-4.280127,50,377.197766,0.0
-3.598968,50,377.233035,0.0
-4.159517,50,377.267678,0.0
-4.584068,50,377.30201,0.0
-4.043779,50,377.33655,0.0
-4.240611,50,377.37189,0.0
-4.92756,50,377.406965,0.0
-5.205289,50,377.442242,0.0
-4.387594,50,377.477029,0.0
-4.355036,50,377.511728,0.0
-3.993673,50,377.546768,0.0
-4.632772,50,377.581443,0.0
-3.628219,50,377.616192,0.0
-4.250941,50,377.651428,0.0
-4.307326,50,377.686165,0.0
-4.736367,50,377.720909,0.0
-4.898107,50,377.756077,0.0
-4.022148,50,377.790887,0.0
-4.180249,50,377.825973,0.0
-4.175651,50,377.860713,0.0
-4.410966,50,377.895274,0.0
-4.534279,50,377.930006,0.0
-5.527728,50,377.964718,0.0
-3.967643,50,377.999464,0.0
-4.197627,50,378.034306,0.0
-4.720383,50,378.069627,0.0
-3.928718,50,378.104262,0.0
-4.591047,50,378.138948,0.0
-3.851805,50,378.173967,0.0
-5.416836,50,378.208954,0.0
-4.894604,50,378.243584,0.0
-4.376115,50,378.27839,0.0
-3.984891,50,378.31301,0.0
-3.700828,50,378.347562,0.0
-4.064668,50,378.382659,0.0
-4.257482,50,378.417505,0.0
-4.843913,50,378.452227,0.0
-4.362962,50,378.599471,0.0
-4.913076,50,378.634374,0.0
-4.815608,50,378.668808,0.0
-4.907984,50,378.703415,0.0
-4.293846,50,378.737957,0.0
-4.719988,50,378.772234,0.0
-4.595729,50,378.807167,0.0
-4.632916,50,378.842105,0.0
-3.842327,50,378.876821,0.0
-4.207192,50,378.911368,0.0
-3.927585,50,378.946239,0.0
-3.824652,50,378.980828,0.0
-4.69317,50,379.015351,0.0
-4.223708,50,379.050223,0.0
-4.254788,50,379.085249,0.0
-3.776643,50,379.119783,0.0
-4.981055,50,379.154381,0.0
-4.635187,50,379.189094,0.0
-4.381733,50,379.22387,0.0
-5.045834,50,379.258646,0.0
-5.071151,50,379.292994,0.0
-4.950882,50,379.327765,0.0
-3.774286,50,379.362365,0.0
-5.048216,50,379.397821,0.0
-4.263823,50,379.432606,0.0
-5.247668,50,379.467451,0.0
-5.47181,50,379.501994,0.0
-4.660313,50,379.536744,0.0
-4.040936,50,379.571305,0.0
-4.848638,50,379.606185,0.0
-4.076043,50,379.641187,0.0
-4.100736,50,379.675888,0.0
-4.962711,50,379.710741,0.0
-4.685961,50,379.745135,0.0
-4.981429,50,379.779928,0.0
-4.814255,50,379.814441,0.0
-4.394315,50,379.849609,0.0
-4.362813,50,379.884206,0.0
-4.676516,50,379.918986,0.0
-4.425644,50,379.95342,0.0
-3.817372,50,379.987916,0.0
-4.119778,50,380.136948,0.0
-4.784148,50,380.171812,0.0
-4.074731,50,380.206976,0.0
-4.391628,50,380.242565,0.0
-3.476071,50,380.277728,0.0
-4.025899,50,380.313061,0.0
-4.71335,50,380.348462,0.0
-4.589518,50,380.383889,0.0
-3.761304,50,380.418899,0.0
-4.242582,50,380.454286,0.0
-4.332348,50,380.489394,0.0
-4.674318,50,380.524934,0.0
-4.683925,50,380.559983,0.0
-4.646012,50,380.59528,0.0
-4.177016,50,380.630992,0.0
-4.034056,50,380.666402,0.0
-4.238486,50,380.701635,0.0
-4.45452,50,380.736814,0.0
-4.825245,50,380.771901,0.0
-4.952029,50,380.806859,0.0
-4.143662,50,380.841847,0.0
-3.930917,50,380.877133,0.0
-4.378259,50,380.912501,0.0
-4.423748,50,380.947749,0.0
-3.783813,50,380.983084,0.0
-4.483545,50,381.018886,0.0
-3.999248,50,381.054928,0.0
-3.515677,50,381.092646,0.0
-4.447202,50,381.130863,0.0
-4.387354,50,381.168231,0.0
-4.290959,50,381.204532,0.0
-4.147358,50,381.24159,0.0
-4.011859,50,381.277177,0.0
-4.853384,50,381.313891,0.0
-4.518538,50,381.350022,0.0
-4.041415,50,381.386137,0.0
-4.601869,50,381.42348,0.0
-4.715379,50,381.460611,0.0
-3.912653,50,381.497784,0.0
-4.093359,50,381.533384,0.0
-4.592586,50,381.56881,0.0
-4.422754,50,381.720072,0.0
-4.339003,50,381.755615,0.0
-3.321257,50,381.790936,0.0
-4.462763,50,381.825901,0.0
-4.036768,50,381.861572,0.0
-4.690014,50,381.897112,0.0
-4.591994,50,381.932919,0.0
-4.346404,50,381.968322,0.0
-4.795287,50,382.003821,0.0
-4.299746,50,382.039419,0.0
-4.221031,50,382.07489,0.0
-3.834282,50,382.110712,0.0
-4.255119,50,382.1465,0.0
-4.92608,50,382.181895,0.0
-3.884649,50,382.217286,0.0
-4.720986,50,382.252784,0.0
-3.928144,50,382.288278,0.0
-3.619675,50,382.324503,0.0
-4.386502,50,382.36011,0.0
-3.782801,50,382.395646,0.0
-5.196301,50,382.431668,0.0
-4.812246,50,382.467022,0.0
-3.99019,50,382.50275,0.0
-4.528277,50,382.538617,0.0
-4.149443,50,382.574061,0.0
-3.901729,50,382.609223,0.0
-4.508675,50,382.64504,0.0
-4.810515,50,382.680519,0.0
-4.656297,50,382.715773,0.0
-5.235428,50,382.750866,0.0
-4.366461,50,382.78655,0.0
-3.668726,50,382.822023,0.0
-4.203943,50,382.857355,0.0
-4.327128,50,382.892563,0.0
-3.999027,50,382.927978,0.0
-4.203561,50,382.963265,0.0
-4.341872,50,382.999115,0.0
-5.033765,50,383.035286,0.0
-3.474255,50,383.07059,0.0
-4.831394,50,383.106516,0.0
-4.320523,50,383.143073,0.0
-4.646767,50,383.300034,0.0
-4.915471,50,383.336469,0.0
-4.205514,50,383.372184,0.0
-3.743986,50,383.408081,0.0
-4.437822,50,383.443782,0.0
-4.517142,50,383.480395,0.0
-4.064006,50,383.516673,0.0
-4.608111,50,383.552352,0.0
-5.363436,50,383.587595,0.0
-4.12792,50,383.623816,0.0
-3.797982,50,383.659238,0.0
-4.611376,50,383.694423,0.0
-4.064129,50,383.730065,0.0
-3.966372,50,383.765725,0.0
-4.245081,50,383.801057,0.0
-4.177092,50,383.836404,0.0
-4.633924,50,383.87173,0.0
-4.528894,50,383.907056,0.0
-4.112055,50,383.942355,0.0
-4.395757,50,383.977824,0.0
-4.493038,50,384.01267,0.0
-3.956562,50,384.04843,0.0
-3.655649,50,384.083898,0.0
-4.308226,50,384.119422,0.0
-4.520604,50,384.154951,0.0
-4.649652,50,384.190054,0.0
-4.090084,50,384.225788,0.0
-4.917097,50,384.261779,0.0
-4.358667,50,384.29744,0.0
-3.750594,50,384.332862,0.0
-4.572027,50,384.368431,0.0
-4.10948,50,384.404081,0.0
-3.867689,50,384.439255,0.0
-3.569664,50,384.474564,0.0
-3.832951,50,384.509833,0.0
-3.815448,50,384.545102,0.0
-3.8517,50,384.580869,0.0
-4.732617,50,384.61676,0.0
-3.928843,50,384.652361,0.0
-4.563342,50,384.687811,0.0
-4.084303,50,384.723444,0.0
-4.61207,50,384.873609,0.0
-3.38681,50,384.908823,0.0
-4.554009,50,384.944034,0.0
-4.801449,50,384.980497,0.0
-4.179329,50,385.016317,0.0
-4.356183,50,385.051811,0.0
-3.956064,50,385.443029,0.0
-4.929321,50,385.477962,0.0
-4.939516,50,385.513586,0.0
-4.19669,50,385.548359,0.0
-3.786317,50,385.583393,0.0
-4.688333,50,385.618277,0.0
-4.632991,50,385.653545,0.0
-3.728122,50,385.689638,0.0
-4.29012,50,385.725229,0.0
-5.343295,50,385.760668,0.0
-3.516589,50,385.79622,0.0
-5.083894,50,385.831594,0.0
-3.985407,50,385.866919,0.0
-4.48369,50,385.902777,0.0
-3.726693,50,385.938384,0.0
-4.558294,50,385.973912,0.0
-5.230029,50,386.009314,0.0
-4.54273,50,386.044891,0.0
-4.383274,50,386.080456,0.0
-4.449111,50,386.115868,0.0
-4.467083,50,386.151037,0.0
-4.430647,50,386.186382,0.0
-3.937062,50,386.22223,0.0
-3.665605,50,386.257984,0.0
-4.062261,50,386.293123,0.0
-3.908069,50,386.329095,0.0
-5.050425,50,386.364774,0.0
-3.602789,50,386.400253,0.0
-3.794798,50,386.435862,0.0
-4.475435,50,386.471393,0.0
-4.688263,50,386.506195,0.0
-4.8871,50,386.540711,0.0
-4.418866,50,386.575724,0.0
-3.489569,50,386.611101,0.0
-4.517745,50,386.646102,0.0
-4.277259,50,386.797586,0.0
-5.026383,50,386.833899,0.0
-4.125231,50,386.869767,0.0
-3.781287,50,386.905247,0.0
-4.926183,50,386.940522,0.0
-3.725857,50,386.976067,0.0
-4.643268,50,387.011273,0.0
-4.979638,50,387.047078,0.0
-4.352132,50,387.082849,0.0
-4.492144,50,387.118225,0.0
-3.702865,50,387.154049,0.0
-4.568309,50,387.189304,0.0
-3.923656,50,387.224586,0.0
-4.008467,50,387.260026,0.0
-3.914339,50,387.295427,0.0
-4.706305,50,387.330946,0.0
-4.630583,50,387.366543,0.0
-4.593808,50,387.401924,0.0
-4.550939,50,387.437046,0.0
-4.539653,50,387.472651,0.0
-4.818261,50,387.507947,0.0
-4.72219,50,387.543458,0.0
-4.628304,50,387.579049,0.0
-4.336186,50,387.614424,0.0
-4.115412,50,387.650481,0.0
-4.470863,50,387.686444,0.0
-4.340769,50,387.722952,0.0
-3.599521,50,387.759787,0.0
-3.607358,50,387.796493,0.0
-4.05472,50,387.835281,0.0
-4.738077,50,387.872406,0.0
-4.28773,50,387.90823,0.0
-4.591267,50,387.943829,0.0
-3.795209,50,387.979189,0.0
-4.381798,50,388.014941,0.0
-4.454886,50,388.050401,0.0
-4.85264,50,388.086413,0.0
-4.099211,50,388.122449,0.0
-4.048405,50,388.15833,0.0
-4.21375,50,388.194669,0.0
-4.340614,50,388.230223,0.0
-3.918146,50,388.380377,0.0
-4.403056,50,388.416175,0.0
-4.273303,50,388.451939,0.0
-4.508628,50,388.487547,0.0
-4.062731,50,388.522867,0.0
-4.528027,50,388.558663,0.0
-4.503147,50,388.594047,0.0
-4.275841,50,388.629322,0.0
-4.785702,50,388.665104,0.0
-4.13502,50,388.700638,0.0
-4.064921,50,388.735608,0.0
-4.463947,50,388.771085,0.0
-4.090123,50,388.806827,0.0
-4.429697,50,388.84214,0.0
-4.424395,50,388.87756,0.0
-3.990448,50,388.913484,0.0
-3.652361,50,388.948681,0.0
-3.485504,50,388.984117,0.0
-4.319901,50,389.020019,0.0
-4.538435,50,389.055683,0.0
-4.469313,50,389.091197,0.0
-4.569554,50,389.127133,0.0
-4.510867,50,389.162377,0.0
-3.936256,50,389.197864,0.0
-3.660239,50,389.23361,0.0
-4.864508,50,389.269042,0.0
-4.406622,50,389.304644,0.0
-3.5915,50,389.34021,0.0
-4.212173,50,389.376123,0.0
-3.614192,50,389.411756,0.0
-4.080747,50,389.447646,0.0
-4.67932,50,389.483415,0.0
-4.106662,50,389.518539,0.0
-4.651464,50,389.554074,0.0
-3.986646,50,389.589464,0.0
-4.533873,50,389.624753,0.0
-4.241084,50,389.660567,0.0
-4.511402,50,389.696433,0.0
-3.949925,50,389.73185,0.0
-4.264484,50,389.767605,0.0
-4.338536,50,389.803454,0.0
-4.07016,50,389.954006,0.0
-3.911503,50,389.989563,0.0
-4.154715,50,390.025143,0.0
-4.635644,50,390.060897,0.0
-4.091853,50,390.09679,0.0
-3.852878,50,390.132192,0.0
-4.023914,50,390.168232,0.0
-4.530261,50,390.203758,0.0
-4.696113,50,390.23922,0.0
-4.41546,50,390.275138,0.0
-4.118506,50,390.310574,0.0
-4.75699,50,390.346013,0.0
-4.598227,50,390.381559,0.0
-4.318006,50,390.417056,0.0
-4.010782,50,390.452683,0.0
-3.932172,50,390.487368,0.0
-4.900505,50,390.522603,0.0
-4.087976,50,390.558182,0.0
-3.792417,50,390.593625,0.0
-3.754442,50,390.629037,0.0
-4.740845,50,390.664593,0.0
-4.531042,50,390.700812,0.0
-3.809638,50,390.736784,0.0
-4.1532,50,390.772271,0.0
-4.347652,50,390.807998,0.0
-4.225599,50,390.84297,0.0
-4.993455,50,390.879306,0.0
-4.102057,50,390.915077,0.0
-5.049386,50,390.950621,0.0
-4.247662,50,390.986001,0.0
-4.515634,50,391.021611,0.0
-4.766174,50,391.05675,0.0
-3.692048,50,391.092404,0.0
-4.421546,50,391.128174,0.0
-5.019414,50,391.163578,0.0
-4.55213,50,391.199041,0.0
-3.708913,50,391.233673,0.0
-4.00707,50,391.269114,0.0
-4.741128,50,391.304575,0.0
-4.349977,50,391.340247,0.0
-4.365669,50,391.375683,0.0
-4.343271,50,391.5245,0.0
-4.944764,50,391.559928,0.0
-3.759789,50,391.595307,0.0
-4.229814,50,391.629752,0.0
-4.799992,50,391.665045,0.0
-4.257621,50,391.70047,0.0
-3.534155,50,391.735598,0.0
-4.597039,50,391.770684,0.0
-4.291701,50,391.805642,0.0
-4.267767,50,391.840006,0.0
-4.258123,50,391.875339,0.0
-4.075328,50,391.910567,0.0
-4.098592,50,391.945402,0.0
-4.220135,50,391.980497,0.0
-4.431386,50,392.015963,0.0
-4.393153,50,392.052122,0.0
-4.024172,50,392.087974,0.0
-4.428116,50,392.12399,0.0
-3.274253,50,392.159201,0.0
-4.384106,50,392.194919,0.0
-4.59442,50,392.230683,0.0
-4.778865,50,392.266626,0.0
-4.126789,50,392.302809,0.0
-3.796292,50,392.338884,0.0
-4.262405,50,392.374743,0.0
-4.846938,50,392.410551,0.0
-4.621782,50,392.446289,0.0
-4.687946,50,392.482423,0.0
-4.263766,50,392.518077,0.0
-3.812382,50,392.554178,0.0
-4.061722,50,392.590521,0.0
-4.571822,50,392.627675,0.0
-4.092055,50,392.664936,0.0
-4.576086,50,392.701323,0.0
-4.153967,50,392.737756,0.0
-4.045102,50,392.774917,0.0
-4.936478,50,392.813786,0.0
-4.943334,50,392.851786,0.0
-4.115362,50,392.888848,0.0
-3.974575,50,392.925583,0.0
-4.483113,50,392.962198,0.0
-4.720238,50,393.116819,0.0
-3.892059,50,393.151696,0.0
-4.255327,50,393.187156,0.0
-4.499005,50,393.222708,0.0
-4.089026,50,393.259537,0.0
-4.638562,50,393.298417,0.0
-4.296075,50,393.336114,0.0
-3.812361,50,393.373326,0.0
-3.975232,50,393.41019,0.0
-4.673304,50,393.446908,0.0
-3.812181,50,393.48326,0.0
-3.518756,50,393.519328,0.0
-4.351234,50,393.555631,0.0
-3.888374,50,393.591978,0.0
-4.674946,50,393.628282,0.0
-4.017644,50,393.664163,0.0
-5.153336,50,393.700275,0.0
-3.831438,50,393.736613,0.0
-4.399454,50,393.772593,0.0
-4.13149,50,393.80862,0.0
-4.88845,50,393.844362,0.0
-4.19564,50,393.880205,0.0
-4.921368,50,393.91558,0.0
-3.965915,50,393.950905,0.0
-4.888318,50,393.986711,0.0
-4.62089,50,394.022255,0.0
-3.910796,50,394.057445,0.0
-4.344743,50,394.093,0.0
-4.594929,50,394.128573,0.0
-4.257931,50,394.163699,0.0
-4.600811,50,394.199618,0.0
-4.432173,50,394.235433,0.0
-3.829889,50,394.27173,0.0
-4.479701,50,394.308257,0.0
-3.557686,50,394.345069,0.0
-4.656753,50,394.381211,0.0
-4.419656,50,394.416642,0.0
-4.542813,50,394.452441,0.0
-4.289142,50,394.488783,0.0
-4.735388,50,394.524757,0.0
-4.099795,50,394.560404,0.0
-4.015127,50,394.713832,0.0
-4.436281,50,394.749381,0.0
-5.072935,50,394.785067,0.0
-3.73142,50,394.820129,0.0
-4.335314,50,394.855296,0.0
-4.449922,50,394.891113,0.0
-4.801593,50,394.926339,0.0
-4.821081,50,394.962104,0.0
-3.920034,50,394.997524,0.0
-4.140062,50,395.032681,0.0
-4.510716,50,395.067654,0.0
-4.308649,50,395.10282,0.0
-4.241288,50,395.138207,0.0
-4.430262,50,395.17377,0.0
-4.47597,50,395.209598,0.0
-3.850238,50,395.245283,0.0
-4.030902,50,395.282167,0.0
-4.080918,50,395.317954,0.0
-4.715818,50,395.354491,0.0
-4.014012,50,395.390409,0.0
-4.115592,50,395.425864,0.0
-4.091936,50,395.461808,0.0
-4.558546,50,395.497178,0.0
-4.481448,50,395.53246,0.0
-3.75085,50,395.567308,0.0
-4.19095,50,395.60204,0.0
-4.178527,50,395.637539,0.0
-4.260837,50,395.673141,0.0
-3.678033,50,395.708337,0.0
-3.5925,50,395.743786,0.0
-4.136755,50,395.778821,0.0
-4.656792,50,395.813469,0.0
-4.198312,50,395.848746,0.0
-3.790321,50,395.884394,0.0
-3.939125,50,395.919319,0.0
-4.671021,50,395.955395,0.0
-4.669321,50,395.991079,0.0
-4.471764,50,396.027249,0.0
-4.043922,50,396.063472,0.0
-3.832919,50,396.099347,0.0
-4.145303,50,396.252306,0.0
-4.034829,50,396.289226,0.0
-4.225143,50,396.326042,0.0
-3.66528,50,396.362094,0.0
-4.127202,50,396.39855,0.0
-4.455742,50,396.435381,0.0
-4.492405,50,396.471779,0.0
-5.225296,50,396.507489,0.0
-4.34081,50,396.542975,0.0
-4.165316,50,396.579408,0.0
-4.744443,50,396.615821,0.0
-4.581233,50,396.652136,0.0
-4.412089,50,396.688615,0.0
-4.245105,50,396.724515,0.0
-3.618871,50,396.760726,0.0
-3.956108,50,396.796588,0.0
-4.017746,50,396.831752,0.0
-4.217146,50,396.867905,0.0
-3.98062,50,396.903912,0.0
-3.584708,50,396.939395,0.0
-4.115557,50,396.975143,0.0
-4.421283,50,397.010363,0.0
-4.253991,50,397.045847,0.0
-5.014053,50,397.08265,0.0
-4.126685,50,397.118446,0.0
-4.456912,50,397.153816,0.0
-3.429348,50,397.188854,0.0
-4.520219,50,397.224457,0.0
-5.153671,50,397.259959,0.0
-3.83713,50,397.295661,0.0
-3.782851,50,397.331664,0.0
-4.421846,50,397.367184,0.0
-4.540781,50,397.402726,0.0
-4.535483,50,397.43851,0.0
-4.479039,50,397.474244,0.0
-4.820529,50,397.509938,0.0
-4.354548,50,397.545339,0.0
-4.524605,50,397.580767,0.0
-4.612655,50,397.616403,0.0
-4.780342,50,397.652527,0.0
-4.421134,50,397.687828,0.0
-4.597753,50,397.838283,0.0
-3.987682,50,397.874054,0.0
-4.12232,50,397.909107,0.0
-4.142367,50,397.944568,0.0
-4.125293,50,397.9802,0.0
-4.346435,50,398.01616,0.0
-4.114138,50,398.051724,0.0
-4.490821,50,398.087014,0.0
-4.557614,50,398.122478,0.0
-5.058531,50,398.157902,0.0
-4.324658,50,398.19323,0.0
-4.161601,50,398.229623,0.0
-3.582556,50,398.265643,0.0
-4.936895,50,398.301244,0.0
-4.613894,50,398.336935,0.0
-4.202614,50,398.372518,0.0
-4.571016,50,398.408291,0.0
-4.549572,50,398.443645,0.0
-3.563865,50,398.479306,0.0
-5.034077,50,398.514728,0.0
-5.160118,50,398.549899,0.0
-4.957729,50,398.585369,0.0
-4.458781,50,398.620929,0.0
-4.312959,50,398.656411,0.0
-4.386687,50,398.692138,0.0
-4.491484,50,398.727439,0.0
-4.302685,50,398.762694,0.0
-4.027724,50,398.799109,0.0
-3.515991,50,398.83473,0.0
-4.069307,50,398.870655,0.0
-3.9715,50,398.906408,0.0
-4.064908,50,398.9418,0.0
-3.698924,50,398.976916,0.0
-3.968037,50,399.012124,0.0
-4.910597,50,399.047375,0.0
-4.182496,50,399.083042,0.0
-4.594552,50,399.119547,0.0
-4.656372,50,399.15551,0.0
-3.998846,50,399.190877,0.0
-4.2835,50,399.226353,0.0
-3.494522,50,399.261621,0.0
-4.746875,50,399.412354,0.0
-4.423636,50,399.448633,0.0
-4.207914,50,399.484026,0.0
-4.072893,50,399.519694,0.0
-4.306208,50,399.554922,0.0
-4.019927,50,399.589955,0.0
-4.516497,50,399.625672,0.0
-4.388139,50,399.661062,0.0
-3.792189,50,399.696615,0.0
-4.70815,50,399.733805,0.0
-3.840276,50,399.771778,0.0
-3.874813,50,399.808086,0.0
-3.859,50,399.843928,0.0
-3.448747,50,399.880369,0.0
-4.217147,50,399.916322,0.0
-4.318278,50,399.952399,0.0
-4.180635,50,399.988745,0.0
-4.137847,50,400.024948,0.0
-3.947543,50,400.061916,0.0
-3.642569,50,400.098372,0.0
-3.986425,50,400.134809,0.0
-3.646061,50,400.170945,0.0
-4.882655,50,400.207089,0.0
-4.113121,50,400.243077,0.0
-4.014371,50,400.279601,0.0
-4.443683,50,400.315466,0.0
-4.91851,50,400.350974,0.0
-4.082584,50,400.3865,0.0
-4.261398,50,400.42204,0.0
-3.877697,50,400.457257,0.0
-4.504096,50,400.493414,0.0
-3.742674,50,400.530373,0.0
-4.550945,50,400.567081,0.0
-4.308328,50,400.603234,0.0
-4.433604,50,400.639126,0.0
-3.684251,50,400.674944,0.0
-4.279932,50,400.710903,0.0
-5.15453,50,400.746544,0.0
-4.025111,50,400.782441,0.0
-3.988182,50,400.817883,0.0
-4.592174,50,400.853272,0.0
-5.340119,50,401.002715,0.0
-3.677354,50,401.040024,0.0
-4.88915,50,401.0762,0.0
-4.569754,50,401.111945,0.0
-4.6195,50,401.147683,0.0
-4.430315,50,401.184901,0.0
-3.852353,50,401.221965,0.0
-4.92946,50,401.257716,0.0
-3.68718,50,401.293815,0.0
-4.347207,50,401.329803,0.0
-4.348561,50,401.366164,0.0
-5.046632,50,401.402207,0.0
-4.665565,50,401.437883,0.0
-4.464862,50,401.473302,0.0
-5.283701,50,401.508957,0.0
-3.929811,50,401.54418,0.0
-4.101442,50,401.579417,0.0
-4.490143,50,401.614453,0.0
-3.915551,50,401.64964,0.0
-4.49555,50,401.684762,0.0
-3.936757,50,401.720274,0.0
-4.328309,50,401.755515,0.0
-4.327161,50,401.790701,0.0
-3.947187,50,401.826643,0.0
-3.987792,50,401.861943,0.0
-4.072416,50,401.89712,0.0
-4.809635,50,401.932583,0.0
-4.825606,50,401.967733,0.0
-4.289088,50,402.003076,0.0
-4.374142,50,402.038401,0.0
-3.613992,50,402.074184,0.0
-4.255954,50,402.109532,0.0
-3.589922,50,402.145252,0.0
-4.25329,50,402.180793,0.0
-3.772711,50,402.216161,0.0
-4.882421,50,402.251644,0.0
-4.023912,50,402.287084,0.0
-4.921963,50,402.322157,0.0
-3.70752,50,402.357493,0.0
-4.150192,50,402.393276,0.0
-3.723012,50,402.42937,0.0
-3.331964,50,402.582905,0.0
-4.352123,50,402.620004,0.0
-3.667294,50,402.65656,0.0
-5.089628,50,402.692893,0.0
-4.936647,50,402.728773,0.0
-4.511557,50,402.76471,0.0
-3.726956,50,402.800952,0.0
-3.995892,50,402.837313,0.0
-4.71895,50,402.873818,0.0
-4.483119,50,402.91013,0.0
-4.283519,50,402.94641,0.0
-4.239172,50,402.982249,0.0
-4.064046,50,403.017858,0.0
-3.962501,50,403.053574,0.0
-4.722888,50,403.08896,0.0
-4.553769,50,403.124526,0.0
-4.271873,50,403.159946,0.0
-4.102952,50,403.194942,0.0
-4.826666,50,403.230341,0.0
-4.029728,50,403.26528,0.0
-3.52652,50,403.301466,0.0
-4.128963,50,403.33714,0.0
-4.462272,50,403.373563,0.0
-4.118712,50,403.409521,0.0
-4.328009,50,403.446266,0.0
-4.319246,50,403.486855,0.0
-4.641135,50,403.527951,0.0
-4.740858,50,403.567245,0.0
-3.641413,50,403.608107,0.0
-4.206045,50,403.648576,0.0
-3.788099,50,403.689129,0.0
-3.721367,50,403.730023,0.0
-4.493517,50,403.771202,0.0
-4.381053,50,403.811929,0.0
-3.800288,50,403.850668,0.0
-3.503556,50,403.889837,0.0
-3.661433,50,403.926342,0.0
-4.260767,50,403.963915,0.0
-4.158368,50,403.999794,0.0
-3.997997,50,404.035232,0.0
-5.273318,50,404.070797,0.0
-4.77913,50,404.221388,0.0
-4.390307,50,404.257555,0.0
-4.064675,50,404.294359,0.0
-5.577617,50,404.331256,0.0
-4.580508,50,404.367653,0.0
-3.846517,50,404.404532,0.0
-4.339773,50,404.440866,0.0
-4.675277,50,404.477744,0.0
-3.588399,50,404.514349,0.0
-4.13694,50,404.550459,0.0
-4.109412,50,404.586759,0.0
-4.222242,50,404.622704,0.0
-4.089793,50,404.659152,0.0
-4.818481,50,404.695479,0.0
-4.125987,50,404.731721,0.0
-3.474884,50,404.767284,0.0
-4.227213,50,404.803346,0.0
-4.877032,50,404.838604,0.0
-4.93108,50,404.873843,0.0
-3.683137,50,404.909301,0.0
-4.342062,50,404.945063,0.0
-4.078712,50,404.980585,0.0
-3.880019,50,405.016344,0.0
-3.433695,50,405.052245,0.0
-3.588173,50,405.087923,0.0
-4.056562,50,405.123288,0.0
-3.844195,50,405.158784,0.0
-3.930472,50,405.194201,0.0
-4.505833,50,405.230042,0.0
-5.004547,50,405.264935,0.0
-4.122984,50,405.30042,0.0
-3.557833,50,405.335938,0.0
-5.05087,50,405.371637,0.0
-4.463573,50,405.407274,0.0
-4.44923,50,405.443246,0.0
-3.785604,50,405.478784,0.0
-3.79153,50,405.514306,0.0
-4.178146,50,405.549912,0.0
-4.112462,50,405.58514,0.0
-4.784461,50,405.620321,0.0
-4.116045,50,405.655847,0.0
-3.704708,50,405.805002,0.0
-4.774533,50,405.840881,0.0
-4.647505,50,405.876469,0.0
-4.762799,50,405.911722,0.0
-4.550141,50,405.946969,0.0
-4.502338,50,405.982234,0.0
-4.439958,50,406.017444,0.0
-5.020023,50,406.052645,0.0
-4.329862,50,406.087814,0.0
-4.900198,50,406.122881,0.0
-4.218456,50,406.158182,0.0
-4.106606,50,406.193168,0.0
-4.273855,50,406.228967,0.0
-3.842723,50,406.264728,0.0
-4.832075,50,406.30044,0.0
-3.768745,50,406.335967,0.0
-4.011186,50,406.371754,0.0
-4.603944,50,406.407498,0.0
-4.171395,50,406.443341,0.0
-5.054963,50,406.47871,0.0
-3.617896,50,406.514046,0.0
-4.230395,50,406.549353,0.0
-4.016927,50,406.585012,0.0
-3.915968,50,406.620323,0.0
-4.805305,50,406.655797,0.0
-4.672881,50,406.691602,0.0
-4.050267,50,406.72688,0.0
-4.150135,50,406.762344,0.0
-3.731785,50,406.797636,0.0
-4.538591,50,406.833168,0.0
-4.850648,50,406.868832,0.0
-4.774632,50,406.904411,0.0
-4.428385,50,406.939577,0.0
-4.163412,50,406.974939,0.0
-4.465949,50,407.009733,0.0
-4.490024,50,407.044795,0.0
-4.250221,50,407.08016,0.0
-4.960004,50,407.115041,0.0
-3.748352,50,407.150541,0.0
-4.217862,50,407.185876,0.0
-4.268269,50,407.221377,0.0
-4.162291,50,407.370026,0.0
-3.866071,50,407.405254,0.0
-5.303208,50,407.440625,0.0
-4.435631,50,407.4757,0.0
-4.293233,50,407.511018,0.0
-4.916574,50,407.546063,0.0
-4.781785,50,407.581715,0.0
-4.335677,50,407.617304,0.0
-4.653544,50,407.653492,0.0
-4.499072,50,407.688681,0.0
-4.327939,50,407.724146,0.0
-4.039846,50,407.758892,0.0
-4.131723,50,407.794204,0.0
-4.179754,50,407.830036,0.0
-4.840833,50,407.865224,0.0
-4.317858,50,407.900576,0.0
-4.534255,50,407.935707,0.0
-4.378741,50,407.970838,0.0
-3.941687,50,408.006249,0.0
-4.175151,50,408.041533,0.0
-4.001527,50,408.076741,0.0
-4.25026,50,408.111753,0.0
-4.242898,50,408.146924,0.0
-4.060807,50,408.182268,0.0
-3.568187,50,408.217743,0.0
-4.085486,50,408.252781,0.0
-4.228424,50,408.288033,0.0
-3.948575,50,408.323371,0.0
-4.224698,50,408.358907,0.0
-4.310114,50,408.394355,0.0
-4.939138,50,408.429816,0.0
-4.735232,50,408.465252,0.0
-4.425845,50,408.500503,0.0
-4.046954,50,408.53596,0.0
-4.544572,50,408.571293,0.0
-3.932652,50,408.606574,0.0
-4.197447,50,408.642198,0.0
-4.073468,50,408.677527,0.0
-4.120419,50,408.712815,0.0
-4.125248,50,408.748312,0.0
-3.862068,50,408.78349,0.0
-4.15812,50,408.933588,0.0
-4.471417,50,408.96916,0.0
-4.161691,50,409.004607,0.0
-4.757937,50,409.040009,0.0
-4.621514,50,409.07568,0.0
-4.321954,50,409.111186,0.0
-4.459425,50,409.146685,0.0
-4.069031,50,409.182659,0.0
-3.8485,50,409.217758,0.0
-4.319005,50,409.253698,0.0
-3.411836,50,409.289336,0.0
-3.801994,50,409.324938,0.0
-4.022436,50,409.360741,0.0
-4.284369,50,409.395972,0.0
-4.418331,50,409.432948,0.0
-3.435815,50,409.469544,0.0
-4.588854,50,409.505749,0.0
-4.285902,50,409.542987,0.0
-4.601347,50,409.578582,0.0
-4.181915,50,409.614476,0.0
-4.15312,50,409.650733,0.0
-3.973532,50,409.686703,0.0
-4.68732,50,409.72294,0.0
-4.015618,50,409.759585,0.0
-3.806366,50,409.795493,0.0
-3.619665,50,409.831302,0.0
-4.160951,50,409.868121,0.0
-4.409477,50,409.904006,0.0
-3.559603,50,409.93968,0.0
-4.072234,50,409.97554,0.0
-5.415936,50,410.011551,0.0
-4.280749,50,410.047519,0.0
-3.915299,50,410.083923,0.0
-4.299259,50,410.120062,0.0
-4.820145,50,410.156005,0.0
-3.193999,50,410.19212,0.0
-4.38502,50,410.228142,0.0
-3.94755,50,410.264103,0.0
-5.439423,50,410.299714,0.0
-4.309378,50,410.335439,0.0
-4.244266,50,410.37101,0.0
-4.513784,50,410.52431,0.0
-4.550649,50,410.560327,0.0
-4.27459,50,410.596856,0.0
-3.962333,50,410.63277,0.0
-4.418583,50,410.668701,0.0
-4.180412,50,410.70485,0.0
-5.005832,50,410.740995,0.0
-3.846894,50,410.777156,0.0
-4.421758,50,410.812962,0.0
-3.945436,50,410.848594,0.0
-4.47085,50,410.884136,0.0
-4.485299,50,410.919468,0.0
-3.529835,50,410.95541,0.0
-4.651447,50,410.991355,0.0
-4.115315,50,411.026781,0.0
-4.428688,50,411.061834,0.0
-3.826247,50,411.097123,0.0
-4.249883,50,411.132808,0.0
-3.881734,50,411.169369,0.0
-3.533073,50,411.205624,0.0
-4.770741,50,411.242024,0.0
-4.294411,50,411.277909,0.0
-3.869633,50,411.31346,0.0
-4.204327,50,411.349344,0.0
-4.070581,50,411.385857,0.0
-4.263307,50,411.42224,0.0
-3.714148,50,411.45808,0.0
-3.662107,50,411.494101,0.0
-4.49129,50,411.530548,0.0
-4.359454,50,411.566933,0.0
-4.960522,50,411.603011,0.0
-4.495188,50,411.638814,0.0
-4.062424,50,411.675706,0.0
-4.129043,50,411.712146,0.0
-3.658264,50,411.748375,0.0
-4.099805,50,411.784545,0.0
-4.513214,50,411.820577,0.0
-3.592382,50,411.85687,0.0
-4.654294,50,411.892991,0.0
-3.701514,50,411.929052,0.0
-4.231177,50,411.965124,0.0
-3.75099,50,412.118247,0.0
-4.323423,50,412.154146,0.0
-4.683945,50,412.190081,0.0
-4.139172,50,412.226912,0.0
-4.217887,50,412.262772,0.0
-4.583444,50,412.299571,0.0
-4.916629,50,412.336053,0.0
-4.350441,50,412.373431,0.0
-4.05222,50,412.40935,0.0
-3.616144,50,412.445948,0.0
-4.228977,50,412.482227,0.0
-4.708927,50,412.518381,0.0
-4.081176,50,412.555047,0.0
-3.484072,50,412.5913,0.0
-4.347024,50,412.627011,0.0
-3.766121,50,412.66245,0.0
-3.858181,50,412.698829,0.0
-4.283409,50,412.735469,0.0
-4.409707,50,412.771347,0.0
-4.289019,50,412.807494,0.0
-4.477134,50,412.843797,0.0
-4.393285,50,412.87976,0.0
-4.613373,50,412.91561,0.0
-4.268661,50,412.951529,0.0
-3.712469,50,412.987906,0.0
-3.64479,50,413.023408,0.0
-4.264618,50,413.058826,0.0
-4.030107,50,413.094725,0.0
-4.277091,50,413.130389,0.0
-4.182223,50,413.165888,0.0
-4.208818,50,413.202057,0.0
-4.777967,50,413.238323,0.0
-4.236412,50,413.274523,0.0
-4.523255,50,413.310772,0.0
-4.331127,50,413.346823,0.0
-4.667669,50,413.38211,0.0
-4.728727,50,413.417393,0.0
-3.747917,50,413.452243,0.0
-3.848544,50,413.487039,0.0
-3.671073,50,413.521883,0.0
-4.335245,50,413.557239,0.0
-4.337285,50,413.706629,0.0
-3.936413,50,413.742046,0.0
-4.517845,50,413.777619,0.0
-3.958893,50,413.813152,0.0
-4.158151,50,413.848373,0.0
-4.337953,50,413.883239,0.0
-4.255277,50,413.918693,0.0
-4.799447,50,413.953821,0.0
-4.479321,50,413.989079,0.0
-4.056806,50,414.024563,0.0
-3.983536,50,414.059628,0.0
-4.014374,50,414.095762,0.0
-4.661889,50,414.131859,0.0
-4.198616,50,414.168389,0.0
-3.949958,50,414.205088,0.0
-4.572007,50,414.240898,0.0
-3.695727,50,414.276994,0.0
-3.898116,50,414.313644,0.0
-4.198045,50,414.349605,0.0
-4.695292,50,414.385676,0.0
-4.440411,50,414.422085,0.0
-4.727557,50,414.458477,0.0
-4.231038,50,414.494626,0.0
-4.981859,50,414.530926,0.0
-3.984487,50,414.567569,0.0
-4.196988,50,414.603624,0.0
-4.222077,50,414.639334,0.0
-4.388674,50,414.675699,0.0
-4.283801,50,414.711796,0.0
-4.356177,50,414.747643,0.0
-3.928026,50,414.783142,0.0
-3.70438,50,414.819412,0.0
-3.769621,50,414.854985,0.0
-4.498999,50,414.890552,0.0
-4.337098,50,414.926116,0.0
-3.924688,50,414.961881,0.0
-4.151467,50,414.997665,0.0
-4.693715,50,415.033511,0.0
-4.379834,50,415.069849,0.0
-3.514165,50,415.105769,0.0
-3.764616,50,415.141428,0.0
-3.838696,50,415.294857,0.0
-4.244799,50,415.330961,0.0
-3.856992,50,415.367319,0.0
-4.373876,50,415.403308,0.0
-3.688205,50,415.43832,0.0
-3.767046,50,415.473665,0.0
-3.81995,50,415.509129,0.0
-3.973023,50,415.544608,0.0
-3.610258,50,415.580893,0.0
-4.553698,50,415.617328,0.0
-4.386249,50,415.653028,0.0
-4.402853,50,415.689014,0.0
-3.706855,50,415.725185,0.0
-4.252441,50,415.76111,0.0
-3.703557,50,415.797131,0.0
-4.03834,50,415.833426,0.0
-4.492401,50,415.869341,0.0
-3.885541,50,415.905226,0.0
-4.097901,50,415.941229,0.0
-3.829813,50,415.977238,0.0
-3.564331,50,416.013265,0.0
-4.307824,50,416.049428,0.0
-4.006092,50,416.085178,0.0
-4.176814,50,416.121178,0.0
-4.073801,50,416.157123,0.0
-4.812653,50,416.193037,0.0
-3.621372,50,416.228732,0.0
-4.776531,50,416.264088,0.0
-4.544288,50,416.299882,0.0
-4.825279,50,416.335904,0.0
-4.262373,50,416.372241,0.0
-4.246295,50,416.408625,0.0
-4.440683,50,416.444726,0.0
-4.413894,50,416.480719,0.0
-4.353002,50,416.516804,0.0
-4.524075,50,416.552622,0.0
-4.187704,50,416.588528,0.0
-4.652701,50,416.624697,0.0
-4.187647,50,416.660521,0.0
-3.950566,50,416.697013,0.0
-4.3921,50,416.733837,0.0
-3.991461,50,416.886366,0.0
-3.906003,50,416.922429,0.0
-4.170584,50,416.958232,0.0
-4.090843,50,416.994867,0.0
-4.863786,50,417.03084,0.0
-3.850143,50,417.067153,0.0
-4.598055,50,417.103854,0.0
-4.626588,50,417.139672,0.0
-4.241893,50,417.175988,0.0
-4.124207,50,417.211832,0.0
-4.340518,50,417.248167,0.0
-4.791954,50,417.284803,0.0
-4.229693,50,417.321464,0.0
-4.791347,50,417.357569,0.0
-3.864042,50,417.393563,0.0
-3.635909,50,417.42989,0.0
-4.579025,50,417.465649,0.0
-4.583849,50,417.501914,0.0
-4.017898,50,417.53787,0.0
-3.816367,50,417.574534,0.0
-4.293418,50,417.610461,0.0
-4.333885,50,417.647085,0.0
-4.057438,50,417.684018,0.0
-4.768811,50,417.720246,0.0
-4.55553,50,417.756286,0.0
-4.397322,50,417.792185,0.0
-4.054468,50,417.827915,0.0
-4.490377,50,417.863119,0.0
-4.282645,50,417.899273,0.0
-4.238814,50,417.934589,0.0
-4.203478,50,417.970548,0.0
-3.83004,50,418.006726,0.0
-3.855866,50,418.04248,0.0
-4.021343,50,418.078192,0.0
-4.064314,50,418.11437,0.0
-4.762597,50,418.150622,0.0
-3.808367,50,418.18649,0.0
-4.104801,50,418.223114,0.0
-4.066363,50,418.259385,0.0
-4.401878,50,418.295247,0.0
-4.244766,50,418.331108,0.0
-4.754451,50,418.485431,0.0
-4.118178,50,418.521593,0.0
-3.660984,50,418.55737,0.0
-3.846357,50,418.593915,0.0
-4.364383,50,418.629774,0.0
-4.493194,50,418.665425,0.0
-3.918623,50,418.701687,0.0
-4.118596,50,418.737173,0.0
-3.95282,50,418.773155,0.0
-4.554243,50,418.809177,0.0
-5.221957,50,418.844825,0.0
-4.632714,50,418.880925,0.0
-4.595294,50,418.916671,0.0
-4.271255,50,418.952371,0.0
-4.197282,50,418.988334,0.0
-4.074762,50,419.024742,0.0
-4.355576,50,419.060714,0.0
-3.878087,50,419.097054,0.0
-4.222298,50,419.133014,0.0
-3.899771,50,419.169008,0.0
-3.658813,50,419.204979,0.0
-4.358742,50,419.240587,0.0
-3.970911,50,419.276207,0.0
-3.71176,50,419.312122,0.0
-4.304975,50,419.348195,0.0
-3.768871,50,419.383618,0.0
-4.148145,50,419.419034,0.0
-4.614943,50,419.454282,0.0
-4.801687,50,419.489389,0.0
-4.626911,50,419.525061,0.0
-4.304287,50,419.560233,0.0
-4.684821,50,419.595715,0.0
-4.846377,50,419.631422,0.0
-4.282729,50,419.667441,0.0
-4.193425,50,419.70285,0.0
-4.729785,50,419.738385,0.0
-4.578407,50,419.773967,0.0
-4.247827,50,419.809558,0.0
-4.138503,50,419.844967,0.0
-4.648993,50,419.880129,0.0
-3.841437,50,419.916131,0.0
-4.654057,50,420.064817,0.0
-4.763358,50,420.100649,0.0
-4.422244,50,420.13637,0.0
-4.428529,50,420.171828,0.0
-4.565819,50,420.207801,0.0
-4.109934,50,420.244255,0.0
-4.143343,50,420.280287,0.0
-3.69346,50,420.316167,0.0
-4.597846,50,420.352501,0.0
-3.93058,50,420.389322,0.0
-3.76123,50,420.425292,0.0
-4.108282,50,420.460981,0.0
-4.046674,50,420.497206,0.0
-3.66135,50,420.532819,0.0
-4.884632,50,420.568718,0.0
-4.53201,50,420.604545,0.0
-4.515742,50,420.640739,0.0
-3.649155,50,420.676547,0.0
-4.008674,50,420.71283,0.0
-4.616349,50,420.749041,0.0
-5.212165,50,420.784902,0.0
-4.215426,50,420.820508,0.0
-4.127099,50,420.856406,0.0
-3.711237,50,420.892092,0.0
-4.311944,50,420.92857,0.0
-3.645203,50,420.965162,0.0
-4.971282,50,421.001339,0.0
-4.44896,50,421.037589,0.0
-3.483967,50,421.073644,0.0
-4.01573,50,421.109243,0.0
-3.991891,50,421.144773,0.0
-3.869235,50,421.181195,0.0
-4.285064,50,421.217495,0.0
-4.637409,50,421.25301,0.0
-4.579999,50,421.288791,0.0
-4.033801,50,421.324652,0.0
-4.310483,50,421.36036,0.0
-4.33567,50,421.396273,0.0
-3.676153,50,421.431909,0.0
-3.93811,50,421.467469,0.0
-4.112849,50,421.503171,0.0
-4.168936,50,421.655251,0.0
-4.333618,50,421.691843,0.0
-4.319906,50,421.727772,0.0
-4.57821,50,421.763513,0.0
-4.422496,50,421.798563,0.0
-4.130137,50,421.834586,0.0
-4.729419,50,421.870446,0.0
-3.897664,50,421.906029,0.0
-4.776854,50,421.941916,0.0
-3.823906,50,421.978548,0.0
-4.826433,50,422.014417,0.0
-5.043777,50,422.0508,0.0
-4.486558,50,422.087104,0.0
-4.384347,50,422.123209,0.0
-3.619078,50,422.159551,0.0
-4.146286,50,422.195787,0.0
-4.482843,50,422.231718,0.0
-3.78521,50,422.26774,0.0
-4.900003,50,422.303984,0.0
-3.667806,50,422.340516,0.0
-4.743289,50,422.376076,0.0
-4.143119,50,422.411924,0.0
-3.636749,50,422.447988,0.0
-4.384372,50,422.48346,0.0
-3.346647,50,422.519487,0.0
-4.771649,50,422.555662,0.0
-4.239436,50,422.591399,0.0
-4.316382,50,422.626818,0.0
-4.220308,50,422.662398,0.0
-4.607143,50,422.697943,0.0
-3.97928,50,422.733254,0.0
-4.575251,50,422.76853,0.0
-5.171932,50,422.803955,0.0
-3.968273,50,422.839197,0.0
-4.506194,50,422.874428,0.0
-4.038321,50,422.909509,0.0
-5.006246,50,422.944886,0.0
-4.246755,50,422.980559,0.0
-4.27127,50,423.016461,0.0
-3.67652,50,423.052414,0.0
-4.053946,50,423.088474,0.0
-4.04654,50,423.239899,0.0
-3.972226,50,423.276421,0.0
-4.074843,50,423.31205,0.0
-3.775414,50,423.348029,0.0
-4.753671,50,423.383969,0.0
-4.450054,50,423.420186,0.0
-4.674503,50,423.456005,0.0
-4.330853,50,423.491639,0.0
-4.744992,50,423.528697,0.0
-4.566636,50,423.5648,0.0
-4.277918,50,423.600841,0.0
-4.280375,50,423.637282,0.0
-4.049149,50,423.672738,0.0
-4.196124,50,423.708246,0.0
-4.220068,50,423.744069,0.0
-4.371062,50,423.780532,0.0
-3.727899,50,423.817079,0.0
-3.96179,50,423.853425,0.0
-4.252663,50,423.889438,0.0
-4.433451,50,423.925599,0.0
-5.090102,50,423.961291,0.0
-4.700025,50,423.996748,0.0
-4.883894,50,424.032332,0.0
-4.447243,50,424.433461,0.0
-3.720157,50,424.470421,0.0
-4.027459,50,424.50647,0.0
-3.999334,50,424.542725,0.0
-4.995124,50,424.578717,0.0
-4.04315,50,424.61453,0.0
-4.352093,50,424.650157,0.0
-4.448039,50,424.686383,0.0
-4.331863,50,424.722507,0.0
-4.152303,50,424.758647,0.0
-3.609211,50,424.794931,0.0
-4.584448,50,424.831613,0.0
-3.894916,50,424.868103,0.0
-3.461545,50,424.904436,0.0
-4.093563,50,424.940489,0.0
-3.772718,50,424.976575,0.0
-3.917503,50,425.012482,0.0
-4.950577,50,425.048196,0.0
-3.551046,50,425.201676,0.0
-4.205373,50,425.237944,0.0
-4.831272,50,425.274425,0.0
-4.009113,50,425.310369,0.0
-4.587445,50,425.346371,0.0
-4.33069,50,425.382584,0.0
-4.477326,50,425.418784,0.0
-4.295119,50,425.454651,0.0
-4.209659,50,425.490548,0.0
-4.457513,50,425.526564,0.0
-4.508726,50,425.562613,0.0
-3.859252,50,425.598774,0.0
-3.946778,50,425.634765,0.0
-3.991664,50,425.670745,0.0
-3.533366,50,425.706564,0.0
-3.918387,50,425.742781,0.0
-3.661814,50,425.77877,0.0
-4.226072,50,425.814362,0.0
-3.634211,50,425.850249,0.0
-4.56735,50,425.886195,0.0
-3.810598,50,425.921864,0.0
-3.843549,50,425.957529,0.0
-4.363483,50,425.993253,0.0
-4.139151,50,426.029093,0.0
-4.38126,50,426.06456,0.0
-4.450594,50,426.100615,0.0
-4.460238,50,426.136552,0.0
-3.884773,50,426.172031,0.0
-3.92806,50,426.208543,0.0
-3.824014,50,426.244631,0.0
-4.548299,50,426.281716,0.0
-4.268813,50,426.318631,0.0
-4.010098,50,426.355279,0.0
-4.480986,50,426.39152,0.0
-5.064743,50,426.427428,0.0
-3.912435,50,426.463561,0.0
-3.691535,50,426.499137,0.0
-3.534552,50,426.534963,0.0
-4.082282,50,426.571397,0.0
-3.831994,50,426.607358,0.0
-4.416646,50,426.643109,0.0
-3.67818,50,426.797044,0.0
-3.944961,50,426.833094,0.0
-3.780465,50,426.869041,0.0
-4.276894,50,426.904638,0.0
-3.851648,50,426.940436,0.0
-4.715747,50,426.975383,0.0
-4.635216,50,427.011601,0.0
-4.207003,50,427.047365,0.0
-3.799513,50,427.082459,0.0
-3.942909,50,427.117579,0.0
-4.350391,50,427.153498,0.0
-4.374848,50,427.189028,0.0
-5.15017,50,427.224657,0.0
-4.354186,50,427.260469,0.0
-3.836751,50,427.295739,0.0
-4.012722,50,427.331714,0.0
-3.824959,50,427.367678,0.0
-4.343586,50,427.403521,0.0
-4.08993,50,427.439267,0.0
-4.03933,50,427.475035,0.0
-4.040887,50,427.510653,0.0
-4.58252,50,427.54607,0.0
-4.010813,50,427.582181,0.0
-4.243039,50,427.617989,0.0
-4.395521,50,427.654154,0.0
-4.092537,50,427.689646,0.0
-4.489066,50,427.725203,0.0
-4.508942,50,427.761166,0.0
-4.67452,50,427.797247,0.0
-4.413004,50,427.833474,0.0
-3.927799,50,427.869318,0.0
-4.37941,50,427.906173,0.0
-4.814344,50,427.94206,0.0
-4.151223,50,427.977971,0.0
-4.258955,50,428.013666,0.0
-3.785876,50,428.049932,0.0
-4.063717,50,428.086044,0.0
-4.141829,50,428.121795,0.0
-4.203738,50,428.158173,0.0
-3.748282,50,428.194324,0.0
-4.965822,50,428.230123,0.0
-4.708735,50,428.383332,0.0
-4.318824,50,428.419336,0.0
-3.924254,50,428.454871,0.0
-4.379201,50,428.49111,0.0
-4.324351,50,428.527015,0.0
-4.536208,50,428.563251,0.0
-3.703175,50,428.599636,0.0
-3.830543,50,428.635844,0.0
-4.377977,50,428.67228,0.0
-4.872618,50,428.70819,0.0
-3.998315,50,428.743547,0.0
-4.203565,50,428.779029,0.0
-4.10626,50,428.814507,0.0
-4.533387,50,428.85075,0.0
-3.894839,50,428.886695,0.0
-3.712538,50,428.922618,0.0
-4.131957,50,428.958188,0.0
-4.438359,50,428.994045,0.0
-4.034321,50,429.029891,0.0
-3.567184,50,429.066103,0.0
-5.195074,50,429.101644,0.0
-3.727552,50,429.138104,0.0
-4.703408,50,429.173944,0.0
-4.319827,50,429.209987,0.0
-4.157517,50,429.245925,0.0
-4.140899,50,429.281296,0.0
-3.784264,50,429.316953,0.0
-4.08213,50,429.353488,0.0
-3.880845,50,429.389276,0.0
-3.887427,50,429.42506,0.0
-4.52262,50,429.460992,0.0
-4.711832,50,429.496824,0.0
-4.484526,50,429.532902,0.0
-4.428199,50,429.569027,0.0
-4.611484,50,429.604688,0.0
-4.368721,50,429.640479,0.0
-4.052076,50,429.676478,0.0
-3.826438,50,429.712185,0.0
-4.370857,50,429.748168,0.0
-4.762968,50,429.784193,0.0
-4.21348,50,429.820135,0.0
-4.95714,50,429.972584,0.0
-4.437653,50,430.009033,0.0
-4.163252,50,430.045441,0.0
-4.001753,50,430.081548,0.0
-4.613493,50,430.117744,0.0
-3.874433,50,430.153728,0.0
-4.085688,50,430.189863,0.0
-4.069811,50,430.225089,0.0
-4.20371,50,430.260724,0.0
-3.522057,50,430.296289,0.0
-3.482712,50,430.33221,0.0
-4.835147,50,430.368058,0.0
-4.042446,50,430.404633,0.0
-3.927763,50,430.441179,0.0
-4.563492,50,430.477379,0.0
-4.329011,50,430.512821,0.0
-4.551342,50,430.548579,0.0
-4.220202,50,430.584769,0.0
-3.742178,50,430.620291,0.0
-3.901585,50,430.656027,0.0
-4.732671,50,430.692146,0.0
-4.448405,50,430.728394,0.0
-3.715542,50,430.764468,0.0
-3.561174,50,430.799875,0.0
-3.954104,50,430.835262,0.0
-4.303225,50,430.870841,0.0
-3.501586,50,430.906459,0.0
-4.549692,50,430.941888,0.0
-4.629869,50,430.977621,0.0
-4.672085,50,431.013374,0.0
-4.176195,50,431.049293,0.0
-4.502261,50,431.08526,0.0
-4.586213,50,431.121348,0.0
-4.2295,50,431.157819,0.0
-4.602385,50,431.19421,0.0
-4.274043,50,431.230311,0.0
-4.523436,50,431.266323,0.0
-4.296651,50,431.30225,0.0
-4.952322,50,431.33774,0.0
-4.587922,50,431.373884,0.0
-4.673682,50,431.409931,0.0
-4.146208,50,431.562969,0.0
-4.228129,50,431.598699,0.0
-3.862396,50,431.634534,0.0
-4.376558,50,431.670566,0.0
-3.956269,50,431.706987,0.0
-4.31717,50,431.743066,0.0
-4.560079,50,431.778487,0.0
-3.978006,50,431.814385,0.0
-3.958971,50,431.850264,0.0
-3.998261,50,431.88626,0.0
-4.767933,50,431.922126,0.0
-4.60538,50,431.958343,0.0
-4.248794,50,431.993992,0.0
-4.313166,50,432.029911,0.0
-3.592719,50,432.066498,0.0
-4.547948,50,432.10272,0.0
-4.466452,50,432.139268,0.0
-3.882749,50,432.175531,0.0
-4.366285,50,432.211341,0.0
-4.383592,50,432.247133,0.0
-4.6281,50,432.283121,0.0
-4.348695,50,432.31875,0.0
-4.351214,50,432.354728,0.0
-4.337361,50,432.390512,0.0
-4.141283,50,432.426416,0.0
-3.932724,50,432.462187,0.0
-4.776262,50,432.498009,0.0
-4.175212,50,432.534335,0.0
-3.694744,50,432.570302,0.0
-4.568982,50,432.606456,0.0
-4.591001,50,432.642368,0.0
-4.183926,50,432.678626,0.0
-5.102591,50,432.71482,0.0
-4.276095,50,432.750786,0.0
-3.788099,50,432.786656,0.0
-3.875654,50,432.822822,0.0
-3.936003,50,432.858471,0.0
-4.145043,50,432.894776,0.0
-4.327185,50,432.930435,0.0
-3.517826,50,432.96716,0.0
-4.464848,50,433.003117,0.0
-4.6046,50,433.155754,0.0
-3.874671,50,433.192203,0.0
-4.342125,50,433.228109,0.0
-4.132955,50,433.263764,0.0
-3.879538,50,433.299551,0.0
-4.466976,50,433.335732,0.0
-4.665755,50,433.371699,0.0
-3.99325,50,433.407416,0.0
-4.473044,50,433.443327,0.0
-3.77634,50,433.47905,0.0
-3.804008,50,433.515485,0.0
-3.30158,50,433.55118,0.0
-4.426753,50,433.586792,0.0
-4.21286,50,433.623094,0.0
-4.568116,50,433.658523,0.0
-3.579278,50,433.694505,0.0
-3.684242,50,433.730006,0.0
-4.557975,50,433.765184,0.0
-4.30597,50,433.800673,0.0
-3.562784,50,433.836172,0.0
-4.785508,50,433.871428,0.0
-4.961271,50,433.906742,0.0
-4.416967,50,433.942448,0.0
-4.557616,50,433.977989,0.0
-4.868867,50,434.014252,0.0
-4.393914,50,434.050059,0.0
-4.009402,50,434.085921,0.0
-3.576644,50,434.122066,0.0
-4.760991,50,434.157815,0.0
-3.946851,50,434.193417,0.0
-4.406342,50,434.229371,0.0
-3.997075,50,434.264809,0.0
-4.254256,50,434.300281,0.0
-3.882865,50,434.33583,0.0
-4.668212,50,434.372288,0.0
-3.664085,50,434.408707,0.0
-4.912123,50,434.445249,0.0
-3.582061,50,434.480997,0.0
-3.493654,50,434.517296,0.0
-4.119828,50,434.553025,0.0
-3.892859,50,434.588689,0.0
-4.135502,50,434.741117,0.0
-3.895981,50,434.776785,0.0
-3.693505,50,434.813043,0.0
-4.384551,50,434.848961,0.0
-4.142277,50,434.885156,0.0
-4.500414,50,434.921259,0.0
-4.047605,50,434.957519,0.0
-3.577584,50,434.993885,0.0
-3.789184,50,435.0298,0.0
-3.537015,50,435.065907,0.0
-4.482234,50,435.102316,0.0
-4.40866,50,435.13819,0.0
-3.884072,50,435.174505,0.0
-4.048274,50,435.210693,0.0
-3.751256,50,435.246407,0.0
-4.322417,50,435.282055,0.0
-5.172378,50,435.318263,0.0
-4.385816,50,435.354696,0.0
-4.247077,50,435.390449,0.0
-4.744541,50,435.426345,0.0
-4.404513,50,435.462584,0.0
-4.847046,50,435.498339,0.0
-4.185857,50,435.534468,0.0
-5.119295,50,435.57069,0.0
-4.391348,50,435.607076,0.0
-4.398585,50,435.642861,0.0
-3.971892,50,435.678962,0.0
-4.302185,50,435.715411,0.0
-4.466922,50,435.751034,0.0
-4.348027,50,435.787185,0.0
-5.039405,50,435.822974,0.0
-4.488143,50,435.858635,0.0
-4.211007,50,435.894564,0.0
-4.480987,50,435.931013,0.0
-4.344767,50,435.966939,0.0
-4.112677,50,436.002359,0.0
-3.385265,50,436.037999,0.0
-4.751049,50,436.073721,0.0
-4.668943,50,436.109079,0.0
-3.655355,50,436.145754,0.0
-3.617005,50,436.298551,0.0
-4.347544,50,436.334612,0.0
-3.724781,50,436.37115,0.0
-4.633447,50,436.407604,0.0
-3.463934,50,436.443773,0.0
-4.276237,50,436.480468,0.0
-4.804979,50,436.516792,0.0
-4.071206,50,436.552778,0.0
-4.383735,50,436.588211,0.0
-4.223064,50,436.623712,0.0
-5.003889,50,436.659414,0.0
-4.001562,50,436.69566,0.0
-3.885935,50,436.732242,0.0
-3.83179,50,436.768211,0.0
-3.981269,50,436.804054,0.0
-4.353203,50,436.840193,0.0
-3.884464,50,436.876296,0.0
-4.221596,50,436.912211,0.0
-4.682088,50,436.947791,0.0
-4.594451,50,436.984114,0.0
-4.360271,50,437.019933,0.0
-3.959001,50,437.055947,0.0
-3.824313,50,437.0922,0.0
-4.312664,50,437.128223,0.0
-3.637562,50,437.163754,0.0
-4.038284,50,437.199182,0.0
-3.857469,50,437.235137,0.0
-4.198044,50,437.271209,0.0
-4.093942,50,437.307264,0.0
-4.353839,50,437.342893,0.0
-3.680409,50,437.378912,0.0
-4.225376,50,437.415188,0.0
-4.284069,50,437.452105,0.0
-4.65143,50,437.488205,0.0
-3.83091,50,437.524503,0.0
-5.048156,50,437.561064,0.0
-4.884506,50,437.596936,0.0
-4.640996,50,437.632512,0.0
-4.130589,50,437.668612,0.0
-4.615403,50,437.704782,0.0
-5.117505,50,437.740441,0.0
-4.261103,50,437.894409,0.0
-4.183999,50,437.93103,0.0
-4.746324,50,437.967364,0.0
-4.252747,50,438.002979,0.0
-4.237355,50,438.038296,0.0
-4.54953,50,438.073895,0.0
-3.780194,50,438.109362,0.0
-3.761224,50,438.145408,0.0
-4.286205,50,438.181104,0.0
-4.261536,50,438.216795,0.0
-4.459722,50,438.252209,0.0
-4.443466,50,438.287596,0.0
-4.104816,50,438.324059,0.0
-3.858101,50,438.360439,0.0
-3.733453,50,438.396505,0.0
-4.466653,50,438.432639,0.0
-3.973302,50,438.468861,0.0
-4.472765,50,438.504987,0.0
-4.176163,50,438.540504,0.0
-4.703188,50,438.575646,0.0
-4.078867,50,438.610976,0.0
-4.690183,50,438.64593,0.0
-3.905549,50,438.681126,0.0
-4.478716,50,438.717412,0.0
-3.818213,50,438.75308,0.0
-4.619471,50,438.788932,0.0
-4.077636,50,438.824813,0.0
-4.433846,50,438.861465,0.0
-3.7091,50,438.897981,0.0
-3.865027,50,438.9342,0.0
-3.909158,50,438.9698,0.0
-4.813441,50,439.005449,0.0
-4.44426,50,439.041507,0.0
-4.175212,50,439.079605,0.0
-4.692987,50,439.118626,0.0
-4.117789,50,439.157952,0.0
-4.721018,50,439.195299,0.0
-4.022298,50,439.232589,0.0
-4.641685,50,439.26832,0.0
-3.96261,50,439.304846,0.0
-4.423758,50,439.341716,0.0
-3.699923,50,439.499539,0.0
-4.27297,50,439.536738,0.0
-4.480388,50,439.574374,0.0
-5.099506,50,439.611512,0.0
-3.787464,50,439.647994,0.0
-4.342994,50,439.684698,0.0
-4.061832,50,439.721051,0.0
-4.110588,50,439.756797,0.0
-4.248635,50,439.793665,0.0
-4.035996,50,439.830376,0.0
-4.637766,50,439.867241,0.0
-4.246569,50,439.904352,0.0
-3.691489,50,439.940751,0.0
-4.707108,50,439.976205,0.0
-3.811714,50,440.01221,0.0
-3.579505,50,440.047429,0.0
-3.937345,50,440.08266,0.0
-3.912909,50,440.118684,0.0
-3.763656,50,440.153942,0.0
-3.701591,50,440.190032,0.0
-3.868336,50,440.225675,0.0
-5.137112,50,440.261612,0.0
-3.692561,50,440.298068,0.0
-4.07489,50,440.3341,0.0
-4.633773,50,440.370493,0.0
-3.913608,50,440.406902,0.0
-3.485854,50,440.443197,0.0
-4.669984,50,440.479754,0.0
-4.236404,50,440.515891,0.0
-4.32145,50,440.551691,0.0
-3.482631,50,440.58758,0.0
-4.186419,50,440.623391,0.0
-3.941632,50,440.659021,0.0
-4.084902,50,440.695025,0.0
-4.40024,50,440.731134,0.0
-3.871488,50,440.767064,0.0
-3.774301,50,440.80289,0.0
-4.22804,50,440.83932,0.0
-3.907707,50,440.875374,0.0
-3.705034,50,440.911696,0.0
-4.283443,50,440.948336,0.0
-3.919131,50,441.101876,0.0
-3.747721,50,441.137895,0.0
-4.152806,50,441.174957,0.0
-4.032629,50,441.211397,0.0
-4.405857,50,441.247118,0.0
-4.528705,50,441.283067,0.0
-3.611053,50,441.31941,0.0
-5.082049,50,441.355496,0.0
-3.391166,50,441.39182,0.0
-4.791762,50,441.428454,0.0
-3.614383,50,441.464698,0.0
-4.197153,50,441.500554,0.0
-4.185076,50,441.536787,0.0
-3.987641,50,441.572914,0.0
-4.547516,50,441.608564,0.0
-3.973537,50,441.644044,0.0
-3.952898,50,441.680027,0.0
-3.907045,50,441.716195,0.0
-3.890527,50,441.752176,0.0
-4.561947,50,441.788449,0.0
-3.895162,50,441.824828,0.0
-4.732547,50,441.860804,0.0
-4.861058,50,441.896712,0.0
-3.965435,50,441.932489,0.0
-4.323864,50,441.967968,0.0
-4.048353,50,442.003798,0.0
-4.178722,50,442.039142,0.0
-4.237214,50,442.074807,0.0
-4.302754,50,442.110662,0.0
-3.706462,50,442.146519,0.0
-5.383551,50,442.183004,0.0
-4.728381,50,442.218878,0.0
-4.609627,50,442.254698,0.0
-4.171356,50,442.290412,0.0
-4.061727,50,442.325883,0.0
-3.664433,50,442.361596,0.0
-3.83796,50,442.397687,0.0
-3.500807,50,442.433681,0.0
-4.81457,50,442.469583,0.0
-4.062224,50,442.505427,0.0
-3.745631,50,442.541452,0.0
-4.132584,50,442.694383,0.0
-3.610313,50,442.729946,0.0
-4.187861,50,442.765547,0.0
-4.5338,50,442.801274,0.0
-4.244958,50,442.836972,0.0
-4.303816,50,442.872737,0.0
-4.429922,50,442.908253,0.0
-4.114703,50,442.944299,0.0
-4.03477,50,442.979832,0.0
-4.666692,50,443.015354,0.0
-4.651202,50,443.051694,0.0
-4.227802,50,443.087423,0.0
-4.219972,50,443.123125,0.0
-4.788352,50,443.159012,0.0
-4.916985,50,443.194603,0.0
-4.462891,50,443.229925,0.0
-4.086514,50,443.265739,0.0
-3.916322,50,443.301438,0.0
-4.390696,50,443.337342,0.0
-4.392819,50,443.373186,0.0
-3.883395,50,443.40925,0.0
-4.065548,50,443.445059,0.0
-4.317019,50,443.481014,0.0
-4.380642,50,443.516632,0.0
-4.075808,50,443.552551,0.0
-3.573134,50,443.588502,0.0
-4.122029,50,443.624493,0.0
-4.027585,50,443.660187,0.0
-4.613486,50,443.695885,0.0
-3.528366,50,443.732012,0.0
-4.130131,50,443.767681,0.0
-4.549258,50,443.803691,0.0
-4.138781,50,443.840147,0.0
-4.073889,50,443.876009,0.0
-4.075719,50,443.91211,0.0
-4.217883,50,443.94804,0.0
-4.555819,50,443.983875,0.0
-3.523939,50,444.021585,0.0
-4.412041,50,444.057779,0.0
-3.615092,50,444.094284,0.0
-3.573896,50,444.129872,0.0
-3.494219,50,444.282636,0.0
-4.743715,50,444.319455,0.0
-4.552629,50,444.355618,0.0
-4.409133,50,444.391605,0.0
-4.336636,50,444.428605,0.0
-4.138809,50,444.465146,0.0
-5.088056,50,444.501477,0.0
-4.458338,50,444.536704,0.0
-4.084192,50,444.572379,0.0
-4.738599,50,444.608565,0.0
-3.923019,50,444.644507,0.0
-4.213618,50,444.680854,0.0
-4.622746,50,444.71663,0.0
-4.478279,50,444.752337,0.0
-4.117908,50,444.788681,0.0
-3.912327,50,444.824019,0.0
-4.924201,50,444.859306,0.0
-3.871672,50,444.894758,0.0
-4.37317,50,444.93079,0.0
-3.9729,50,444.966803,0.0
-4.656144,50,445.003488,0.0
-4.471352,50,445.039596,0.0
-4.535302,50,445.075807,0.0
-3.8245,50,445.111751,0.0
-4.771617,50,445.147444,0.0
-4.200561,50,445.183621,0.0
-4.083594,50,445.219926,0.0
-4.18332,50,445.256984,0.0
-4.092137,50,445.294131,0.0
-5.294051,50,445.330935,0.0
-3.626904,50,445.369658,0.0
-4.059124,50,445.406363,0.0
-3.984839,50,445.443347,0.0
-4.417189,50,445.4795,0.0
-5.31393,50,445.515185,0.0
-4.21408,50,445.551571,0.0
-3.905728,50,445.588073,0.0
-4.334703,50,445.624371,0.0
-3.752643,50,445.660409,0.0
-5.365839,50,445.696205,0.0
-4.111396,50,445.732818,0.0
-4.684098,50,445.886665,0.0
-4.816909,50,445.922521,0.0
-4.901959,50,445.958074,0.0
-3.888542,50,445.994436,0.0
-4.106925,50,446.030827,0.0
-4.161874,50,446.067749,0.0
-4.850653,50,446.103756,0.0
-4.149804,50,446.13963,0.0
-4.483862,50,446.17613,0.0
-4.328794,50,446.21196,0.0
-4.100645,50,446.248494,0.0
-4.07912,50,446.284425,0.0
-4.755927,50,446.320053,0.0
-4.042288,50,446.355548,0.0
-4.297733,50,446.391834,0.0
-4.119638,50,446.427528,0.0
-4.112858,50,446.463207,0.0
-4.212099,50,446.499359,0.0
-4.057439,50,446.535771,0.0
-4.134052,50,446.571641,0.0
-4.520341,50,446.60721,0.0
-4.566345,50,446.642555,0.0
-4.481071,50,446.678356,0.0
-3.912343,50,446.713891,0.0
-4.355033,50,446.748949,0.0
-4.253518,50,446.785136,0.0
-3.699579,50,446.82095,0.0
-3.82914,50,446.856707,0.0
-4.062014,50,446.892259,0.0
-4.700521,50,446.927879,0.0
-4.416033,50,446.96341,0.0
-4.501126,50,446.999281,0.0
-4.194506,50,447.03537,0.0
-4.226236,50,447.071972,0.0
-4.130928,50,447.108115,0.0
-3.580352,50,447.143595,0.0
-4.316082,50,447.179198,0.0
-4.509805,50,447.215058,0.0
-3.865574,50,447.249594,0.0
-3.369749,50,447.284948,0.0
-3.806706,50,447.320014,0.0
-4.247122,50,447.470743,0.0
-4.287592,50,447.506592,0.0
-4.142269,50,447.542584,0.0
-4.637987,50,447.57881,0.0
-4.146192,50,447.616107,0.0
-4.453365,50,447.652122,0.0
-3.413829,50,447.688371,0.0
-4.161192,50,447.724248,0.0
-4.111097,50,447.760216,0.0
-3.962584,50,447.79617,0.0
-3.684075,50,447.832478,0.0
-4.000352,50,447.868514,0.0
-3.840727,50,447.904941,0.0
-4.027685,50,447.940747,0.0
-3.920291,50,447.977152,0.0
-3.871561,50,448.013452,0.0
-4.11834,50,448.049353,0.0
-4.288427,50,448.085413,0.0
-4.368113,50,448.121555,0.0
-3.897505,50,448.157467,0.0
-4.039568,50,448.193403,0.0
-4.089726,50,448.229803,0.0
-4.100941,50,448.265882,0.0
-4.158968,50,448.301358,0.0
-5.212802,50,448.337622,0.0
-4.009814,50,448.375239,0.0
-3.568466,50,448.411342,0.0
-4.063422,50,448.447079,0.0
-4.027311,50,448.48236,0.0
-4.244582,50,448.518275,0.0
-4.653882,50,448.553735,0.0
-4.532643,50,448.588953,0.0
-4.110653,50,448.624914,0.0
-4.440916,50,448.660691,0.0
-4.023686,50,448.696895,0.0
-3.624386,50,448.732143,0.0
-4.733202,50,448.7678,0.0
-4.069386,50,448.803551,0.0
-4.442824,50,448.838806,0.0
-3.953893,50,448.874204,0.0
-4.382391,50,448.910168,0.0
-3.948776,50,449.062166,0.0
-3.617995,50,449.098591,0.0
-4.521822,50,449.135652,0.0
-4.317345,50,449.171932,0.0
-4.079023,50,449.207542,0.0
-4.600912,50,449.243661,0.0
-4.023186,50,449.27941,0.0
-3.999643,50,449.31496,0.0
-4.026075,50,449.351432,0.0
-4.327018,50,449.387213,0.0
-3.461719,50,449.422857,0.0
-4.291952,50,449.459392,0.0
-3.783979,50,449.495279,0.0
-3.827245,50,449.531036,0.0
-3.663011,50,449.566932,0.0
-4.741991,50,449.602752,0.0
-4.469704,50,449.638898,0.0
-4.554647,50,449.674945,0.0
-3.599155,50,449.710984,0.0
-4.317951,50,449.74694,0.0
-4.725297,50,449.782898,0.0
-4.283149,50,449.818915,0.0
-4.811845,50,449.854675,0.0
-3.949425,50,449.890249,0.0
-4.410172,50,449.925988,0.0
-4.751051,50,449.961666,0.0
-4.087145,50,449.997415,0.0
-4.088925,50,450.033104,0.0
-3.517104,50,450.069193,0.0
-4.063457,50,450.105994,0.0
-4.565688,50,450.1423,0.0
-4.526087,50,450.17846,0.0
-3.63624,50,450.214107,0.0
-4.262483,50,450.249952,0.0
-4.570898,50,450.285359,0.0
-4.144057,50,450.320882,0.0
-4.035908,50,450.357212,0.0
-4.659188,50,450.393566,0.0
-4.453171,50,450.429325,0.0
-4.440449,50,450.465408,0.0
-4.299658,50,450.50177,0.0
-4.199765,50,450.650533,0.0
-3.743398,50,450.685937,0.0
-3.847705,50,450.720752,0.0
-3.577898,50,450.756484,0.0
-3.937097,50,450.792429,0.0
-4.335045,50,450.828037,0.0
-3.898999,50,450.863377,0.0
-3.268055,50,450.899279,0.0
-4.13356,50,450.935014,0.0
-3.560803,50,450.970477,0.0
-3.800841,50,451.00574,0.0
-4.458636,50,451.040194,0.0
-3.951002,50,451.075299,0.0
-3.751381,50,451.110848,0.0
-4.020936,50,451.146127,0.0
-4.077037,50,451.181733,0.0
-4.484553,50,451.217481,0.0
-4.625214,50,451.253015,0.0
-4.302007,50,451.2887,0.0
-4.206019,50,451.324197,0.0
-4.780355,50,451.36005,0.0
-4.707442,50,451.396048,0.0
-4.355564,50,451.431957,0.0
-3.730317,50,451.467683,0.0
-4.446519,50,451.503336,0.0
-3.767467,50,451.539603,0.0
-3.884468,50,451.575439,0.0
-4.697431,50,451.610651,0.0
-5.061472,50,451.647015,0.0
-4.732406,50,451.682715,0.0
-4.225675,50,451.718317,0.0
-3.878251,50,451.753871,0.0
-3.70098,50,451.788979,0.0
-3.847543,50,451.824048,0.0
-4.396046,50,451.859257,0.0
-4.165351,50,451.894802,0.0
-4.170577,50,451.930846,0.0
-4.93687,50,451.966783,0.0
-4.246511,50,452.002812,0.0
-4.270338,50,452.038135,0.0
-3.179886,50,452.074,0.0
-4.023598,50,452.225107,0.0
-4.973659,50,452.261398,0.0
-4.73693,50,452.297421,0.0
-4.203601,50,452.3334,0.0
-4.079171,50,452.369152,0.0
-4.550573,50,452.404865,0.0
-4.577168,50,452.440223,0.0
-3.840372,50,452.475703,0.0
-4.840541,50,452.511327,0.0
-4.099608,50,452.546917,0.0
-3.799253,50,452.582847,0.0
-3.796071,50,452.618172,0.0
-4.147522,50,452.653871,0.0
-3.541277,50,452.689377,0.0
-4.150232,50,452.724266,0.0
-4.175942,50,452.759563,0.0
-4.120886,50,452.794929,0.0
-4.124006,50,452.830332,0.0
-4.362248,50,452.865698,0.0
-4.578829,50,452.900611,0.0
-4.126693,50,452.935842,0.0
-4.85448,50,452.971028,0.0
-3.928748,50,453.006459,0.0
-4.956469,50,453.041694,0.0
-4.088779,50,453.077161,0.0
-4.461431,50,453.112502,0.0
-3.995086,50,453.14779,0.0
-4.278978,50,453.182587,0.0
-4.123711,50,453.218224,0.0
-3.801368,50,453.254543,0.0
-3.868937,50,453.29021,0.0
-3.553842,50,453.325733,0.0
-4.79443,50,453.361581,0.0
-3.715092,50,453.397194,0.0
-5.193434,50,453.433164,0.0
-4.590889,50,453.469143,0.0
-4.048039,50,453.504612,0.0
-4.128266,50,453.540322,0.0
-3.642314,50,453.576473,0.0
-4.628313,50,453.612958,0.0
-4.879657,50,453.648738,0.0
-4.189824,50,453.800401,0.0
-4.905651,50,453.836458,0.0
-4.211486,50,453.872528,0.0
-4.614196,50,453.908545,0.0
-4.610068,50,453.944083,0.0
-3.780204,50,453.980466,0.0
-4.36952,50,454.016659,0.0
-4.09949,50,454.053198,0.0
-4.207787,50,454.088987,0.0
-3.828564,50,454.124996,0.0
-3.98679,50,454.161004,0.0
-4.004156,50,454.196943,0.0
-4.240385,50,454.233,0.0
-3.518003,50,454.268294,0.0
-4.589582,50,454.304404,0.0
-4.547914,50,454.340282,0.0
-4.037594,50,454.376216,0.0
-4.68106,50,454.412225,0.0
-4.705148,50,454.448139,0.0
-4.387886,50,454.485307,0.0
-4.491624,50,454.521052,0.0
-3.836796,50,454.557448,0.0
-4.313779,50,454.594563,0.0
-4.081487,50,454.63171,0.0
-4.545033,50,454.669612,0.0
-3.44645,50,454.707171,0.0
-4.301584,50,454.743495,0.0
-3.996419,50,454.779566,0.0
-4.663242,50,454.814852,0.0
-3.623723,50,454.849885,0.0
-4.331824,50,454.885559,0.0
-4.643675,50,454.920811,0.0
-3.940801,50,454.957063,0.0
-3.603837,50,454.993331,0.0
-3.426847,50,455.029014,0.0
-4.470494,50,455.065287,0.0
-4.169831,50,455.101047,0.0
-4.481941,50,455.13673,0.0
-3.677875,50,455.172393,0.0
-4.104541,50,455.209124,0.0
-4.0033,50,455.245057,0.0
-3.550804,50,455.398842,0.0
-4.02547,50,455.435632,0.0
-5.257949,50,455.472406,0.0
-4.432929,50,455.508745,0.0
-4.656773,50,455.544202,0.0
-4.31462,50,455.579816,0.0
-4.726152,50,455.615094,0.0
-4.154484,50,455.650446,0.0
-3.638825,50,455.686189,0.0
-4.353892,50,455.721542,0.0
-4.675281,50,455.757175,0.0
-3.800688,50,455.79261,0.0
-4.084865,50,455.828255,0.0
-3.612514,50,455.863929,0.0
-4.033096,50,455.89999,0.0
-3.802099,50,455.935634,0.0
-3.854608,50,455.971357,0.0
-4.696699,50,456.007012,0.0
-4.002951,50,456.042934,0.0
-3.607759,50,456.078973,0.0
-4.978767,50,456.114875,0.0
-4.263982,50,456.150972,0.0
-4.365794,50,456.187338,0.0
-3.879082,50,456.223246,0.0
-3.64886,50,456.25965,0.0
-4.447017,50,456.29589,0.0
-4.054432,50,456.331551,0.0
-3.702687,50,456.367333,0.0
-4.278327,50,456.402556,0.0
-4.57849,50,456.437612,0.0
-4.297753,50,456.472861,0.0
-4.291266,50,456.508063,0.0
-4.174067,50,456.543525,0.0
-4.858153,50,456.579042,0.0
-3.541439,50,456.614055,0.0
-3.677309,50,456.649176,0.0
-4.95473,50,456.685277,0.0
-3.814211,50,456.721551,0.0
-4.16901,50,456.756961,0.0
-4.485525,50,456.792353,0.0
-4.275379,50,456.82808,0.0
-4.153871,50,456.978531,0.0
-4.229678,50,457.014455,0.0
-4.522889,50,457.050035,0.0
-3.892214,50,457.086039,0.0
-3.568166,50,457.121881,0.0
-4.210112,50,457.157109,0.0
-4.290929,50,457.19277,0.0
-4.366393,50,457.228693,0.0
-3.632442,50,457.264506,0.0
-4.354507,50,457.300374,0.0
-4.029215,50,457.336018,0.0
-4.406388,50,457.371714,0.0
-4.188479,50,457.407946,0.0
-4.137887,50,457.443694,0.0
-3.970255,50,457.479185,0.0
-4.81346,50,457.514605,0.0
-4.778523,50,457.550402,0.0
-4.305916,50,457.586055,0.0
-3.714016,50,457.622339,0.0
-3.560084,50,457.658604,0.0
-4.039834,50,457.694315,0.0
-4.476491,50,457.730036,0.0
-3.533256,50,457.765132,0.0
-4.189949,50,457.799956,0.0
-4.010497,50,457.836009,0.0
-4.369022,50,457.872309,0.0
-3.658611,50,457.908098,0.0
-3.555287,50,457.943462,0.0
-4.113364,50,457.979885,0.0
-4.450556,50,458.016059,0.0
-3.714583,50,458.052067,0.0
-4.181039,50,458.087926,0.0
-4.924081,50,458.12392,0.0
-3.74241,50,458.159205,0.0
-4.24947,50,458.194856,0.0
-4.067556,50,458.230763,0.0
-4.186709,50,458.266774,0.0
-4.409378,50,458.302997,0.0
-4.429784,50,458.338862,0.0
-4.288646,50,458.375246,0.0
-4.208026,50,458.411071,0.0
-4.698114,50,458.566281,0.0
-4.783293,50,458.602484,0.0
-4.51723,50,458.639049,0.0
-4.501612,50,458.675766,0.0
-4.18201,50,458.711305,0.0
-4.046059,50,458.746519,0.0
-4.373572,50,458.782438,0.0
-3.953955,50,458.818908,0.0
-3.403629,50,458.854215,0.0
-3.918906,50,458.890037,0.0
-3.379668,50,458.925397,0.0
-4.143463,50,458.960451,0.0
-4.289872,50,458.995921,0.0
-3.541955,50,459.031374,0.0
-3.855109,50,459.066976,0.0
-3.75763,50,459.102721,0.0
-3.531676,50,459.138479,0.0
-4.110181,50,459.174149,0.0
-4.419464,50,459.210296,0.0
-4.697123,50,459.246554,0.0
-4.228032,50,459.281904,0.0
-3.863951,50,459.317808,0.0
-4.100204,50,459.354669,0.0
-4.90321,50,459.390806,0.0
-3.97428,50,459.42611,0.0
-3.407598,50,459.462484,0.0
-4.247526,50,459.49932,0.0
-3.803449,50,459.536221,0.0
-3.775464,50,459.571824,0.0
-4.271137,50,459.607203,0.0
-4.288878,50,459.643592,0.0
-3.909678,50,459.679062,0.0
-4.004144,50,459.714786,0.0
-3.403289,50,459.751381,0.0
-4.114562,50,459.788352,0.0
-5.250379,50,459.82487,0.0
-4.001939,50,459.861156,0.0
-4.076244,50,459.897542,0.0
-4.176934,50,459.933996,0.0
-4.102145,50,459.970048,0.0
-4.730586,50,460.006315,0.0
-4.635006,50,460.15835,0.0
-4.409723,50,460.193888,0.0
-3.524539,50,460.229241,0.0
-4.733092,50,460.264903,0.0
-4.395617,50,460.30117,0.0
-3.947458,50,460.336643,0.0
-4.490462,50,460.373336,0.0
-4.02264,50,460.409149,0.0
-3.559509,50,460.444862,0.0
-3.789667,50,460.480393,0.0
-4.851914,50,460.515879,0.0
-4.074162,50,460.552014,0.0
-3.887673,50,460.588158,0.0
-4.285089,50,460.624696,0.0
-3.887848,50,460.660731,0.0
-4.696737,50,460.696267,0.0
-4.445714,50,460.733577,0.0
-4.014953,50,460.772218,0.0
-3.774588,50,460.808925,0.0
-4.212329,50,460.845556,0.0
-3.815549,50,460.880869,0.0
-4.255981,50,460.917193,0.0
-3.985702,50,460.952794,0.0
-4.184693,50,460.98921,0.0
-4.229396,50,461.024939,0.0
-4.363167,50,461.06116,0.0
-3.833179,50,461.097697,0.0
-4.318528,50,461.132905,0.0
-4.811302,50,461.168575,0.0
-3.861141,50,461.204584,0.0
-4.458733,50,461.240644,0.0
-4.590158,50,461.27668,0.0
-3.979348,50,461.31204,0.0
-4.372019,50,461.34783,0.0
-3.455321,50,461.383505,0.0
-3.946215,50,461.419347,0.0
-4.087481,50,461.454947,0.0
-4.31452,50,461.49074,0.0
-4.491655,50,461.526552,0.0
-3.739615,50,461.562673,0.0
-3.921443,50,461.598922,0.0
-4.761097,50,461.7506,0.0
-4.898566,50,461.785865,0.0
-4.209743,50,461.821987,0.0
-3.246248,50,461.858014,0.0
-4.60996,50,461.8935,0.0
-4.517661,50,461.929053,0.0
-4.003512,50,461.964892,0.0
-4.394747,50,462.000652,0.0
-4.489175,50,462.035933,0.0
-3.958722,50,462.071928,0.0
-4.085059,50,462.107455,0.0
-4.674815,50,462.14343,0.0
-4.2613,50,462.179543,0.0
-3.620031,50,462.215484,0.0
-4.30896,50,462.251397,0.0
-4.118103,50,462.287427,0.0
-3.818482,50,462.323234,0.0
-3.686176,50,462.3585,0.0
-3.916213,50,462.394173,0.0
-4.455005,50,462.430392,0.0
-3.965384,50,462.466759,0.0
-3.640708,50,462.502712,0.0
-3.632626,50,462.539129,0.0
-4.479509,50,462.574853,0.0
-4.5746,50,462.610317,0.0
-4.126592,50,462.646266,0.0
-4.639696,50,462.681851,0.0
-4.0632,50,462.717597,0.0
-3.898508,50,462.753557,0.0
-3.679169,50,462.789239,0.0
-4.735811,50,462.824864,0.0
-4.044028,50,462.861102,0.0
-3.566663,50,462.896964,0.0
-3.837331,50,462.932889,0.0
-5.320112,50,462.968809,0.0
-4.98106,50,463.004429,0.0
-3.82596,50,463.04001,0.0
-4.250214,50,463.07564,0.0
-4.098387,50,463.11125,0.0
-3.793885,50,463.147102,0.0
-4.510002,50,463.539854,0.0
-3.827479,50,463.691783,0.0
-4.52725,50,463.728511,0.0
-4.228163,50,463.764635,0.0
-4.163871,50,463.800376,0.0
-4.002022,50,463.836281,0.0
-3.608999,50,463.8722,0.0
-4.228642,50,463.908117,0.0
-4.213282,50,463.944232,0.0
-4.222714,50,463.97978,0.0
-4.892053,50,464.015709,0.0
-4.387872,50,464.052038,0.0
-3.936171,50,464.087907,0.0
-3.453832,50,464.124327,0.0
-4.345474,50,464.159977,0.0
-3.911542,50,464.196161,0.0
-4.025609,50,464.231775,0.0
-4.102264,50,464.267331,0.0
-3.708391,50,464.302879,0.0
-4.54907,50,464.338745,0.0
-4.257452,50,464.374341,0.0
-4.7936,50,464.409577,0.0
-4.523009,50,464.445167,0.0
-4.651676,50,464.481219,0.0
-4.714049,50,464.516998,0.0
-3.561258,50,464.55303,0.0
-4.549198,50,464.589755,0.0
-4.685822,50,464.626192,0.0
-3.773406,50,464.661949,0.0
-3.847977,50,464.698512,0.0
-3.769191,50,464.734635,0.0
-3.568599,50,464.771136,0.0
-4.319773,50,464.807102,0.0
-4.791014,50,464.842328,0.0
-3.770152,50,464.877448,0.0
-4.950574,50,464.91292,0.0
-4.542284,50,464.948663,0.0
-4.033437,50,464.98398,0.0
-3.821882,50,465.019701,0.0
-4.139807,50,465.055855,0.0
-4.165517,50,465.092459,0.0
-3.800716,50,465.1287,0.0
-3.70674,50,465.280293,0.0
-4.069676,50,465.31661,0.0
-3.985159,50,465.352558,0.0
-3.549096,50,465.388638,0.0
-4.903005,50,465.424074,0.0
-4.592498,50,465.459309,0.0
-4.02154,50,465.494443,0.0
-4.226387,50,465.529908,0.0
-3.779969,50,465.565029,0.0
-4.536567,50,465.600981,0.0
-4.424605,50,465.637193,0.0
-3.830443,50,465.67254,0.0
-3.774255,50,465.70803,0.0
-3.739005,50,465.743465,0.0
-3.978865,50,465.778898,0.0
-4.14871,50,465.814054,0.0
-4.013198,50,465.849824,0.0
-3.936932,50,465.885113,0.0
-4.991157,50,465.920129,0.0
-4.530483,50,465.955306,0.0
-3.988036,50,465.990696,0.0
-3.763655,50,466.026143,0.0
-5.046374,50,466.061923,0.0
-3.371778,50,466.096949,0.0
-3.877617,50,466.131965,0.0
-3.834665,50,466.167445,0.0
-4.090542,50,466.202663,0.0
-4.663779,50,466.237956,0.0
-4.708642,50,466.273467,0.0
-4.291167,50,466.308505,0.0
-4.097271,50,466.344124,0.0
-4.359222,50,466.378975,0.0
-4.202781,50,466.414135,0.0
-5.207176,50,466.449578,0.0
-3.913567,50,466.485236,0.0
-4.448601,50,466.520375,0.0
-4.635327,50,466.555549,0.0
-4.091861,50,466.591389,0.0
-3.950611,50,466.626707,0.0
-3.818743,50,466.662238,0.0
-3.584141,50,466.698029,0.0
-4.826813,50,466.846845,0.0
-4.18492,50,466.882118,0.0
-4.755934,50,466.917288,0.0
-4.118311,50,466.95272,0.0
-4.390422,50,466.98792,0.0
-3.976653,50,467.023292,0.0
-4.226401,50,467.058548,0.0
-3.865461,50,467.093803,0.0
-3.924915,50,467.129186,0.0
-4.474451,50,467.164125,0.0
-4.097797,50,467.19935,0.0
-3.913645,50,467.234554,0.0
-4.301346,50,467.269746,0.0
-3.714621,50,467.304911,0.0
-3.952164,50,467.340173,0.0
-3.748499,50,467.375025,0.0
-4.460575,50,467.40987,0.0
-4.517493,50,467.445169,0.0
-4.406428,50,467.48027,0.0
-4.902266,50,467.515708,0.0
-3.62403,50,467.550533,0.0
-3.451151,50,467.585947,0.0
-4.458223,50,467.621029,0.0
-4.301575,50,467.656184,0.0
-4.658997,50,467.691706,0.0
-3.967107,50,467.727653,0.0
-3.766117,50,467.762815,0.0
-4.561782,50,467.798368,0.0
-4.401607,50,467.834177,0.0
-4.077461,50,467.869983,0.0
-3.845109,50,467.905557,0.0
-4.336149,50,467.941172,0.0
-4.610666,50,467.976577,0.0
-4.097064,50,468.011723,0.0
-4.745673,50,468.047197,0.0
-4.917251,50,468.082813,0.0
-3.839575,50,468.118385,0.0
-3.889239,50,468.153536,0.0
-4.786018,50,468.188868,0.0
-3.793434,50,468.224427,0.0
-3.46235,50,468.259889,0.0
-4.873939,50,468.409546,0.0
-4.05182,50,468.445237,0.0
-4.444911,50,468.480483,0.0
-3.293813,50,468.515901,0.0
-4.032493,50,468.551438,0.0
-3.771545,50,468.587229,0.0
-3.629957,50,468.622642,0.0
-4.04381,50,468.658068,0.0
-5.138277,50,468.693228,0.0
-4.72019,50,468.728657,0.0
-3.615125,50,468.763967,0.0
-4.705092,50,468.79922,0.0
-3.981788,50,468.834375,0.0
-3.776546,50,468.869747,0.0
-3.697012,50,468.904868,0.0
-3.874619,50,468.939907,0.0
-3.830233,50,468.974959,0.0
-3.710292,50,469.01099,0.0
-4.178926,50,469.046375,0.0
-4.269481,50,469.0818,0.0
-4.098837,50,469.11743,0.0
-5.333218,50,469.152764,0.0
-4.481077,50,469.187965,0.0
-4.673253,50,469.223202,0.0
-4.311036,50,469.259028,0.0
-3.835816,50,469.294443,0.0
-4.341484,50,469.33009,0.0
-4.538635,50,469.365316,0.0
-4.700806,50,469.400711,0.0
-4.465418,50,469.435873,0.0
-4.185842,50,469.47081,0.0
-3.840752,50,469.505991,0.0
-4.531715,50,469.54142,0.0
-3.840897,50,469.576796,0.0
-3.837701,50,469.611929,0.0
-4.621515,50,469.647523,0.0
-4.382592,50,469.682933,0.0
-4.498034,50,469.71843,0.0
-4.562638,50,469.753803,0.0
-4.569668,50,469.789205,0.0
-4.05601,50,469.824485,0.0
-4.097452,50,469.974163,0.0
-4.188966,50,470.009452,0.0
-4.242015,50,470.044882,0.0
-4.574054,50,470.080183,0.0
-4.606623,50,470.115666,0.0
-3.794268,50,470.150936,0.0
-4.461131,50,470.186742,0.0
-3.394833,50,470.222434,0.0
-4.575928,50,470.258166,0.0
-3.759541,50,470.293643,0.0
-3.764268,50,470.328688,0.0
-3.673991,50,470.364028,0.0
-4.226197,50,470.399059,0.0
-3.932157,50,470.434463,0.0
-3.966286,50,470.469657,0.0
-4.178519,50,470.505484,0.0
-4.152922,50,470.540972,0.0
-4.839664,50,470.575764,0.0
-4.422607,50,470.611531,0.0
-3.996968,50,470.646987,0.0
-4.613035,50,470.682193,0.0
-3.924681,50,470.717575,0.0
-3.745529,50,470.75287,0.0
-3.71212,50,470.787966,0.0
-3.557586,50,470.82304,0.0
-4.759576,50,470.857939,0.0
-3.901979,50,470.893263,0.0
-4.176852,50,470.92895,0.0
-4.437156,50,470.964044,0.0
-4.315489,50,470.999309,0.0
-4.025117,50,471.03441,0.0
-3.687584,50,471.069835,0.0
-4.021591,50,471.105465,0.0
-4.358836,50,471.140999,0.0
-4.243386,50,471.176512,0.0
-3.992987,50,471.211911,0.0
-4.286782,50,471.247318,0.0
-3.651194,50,471.282428,0.0
-3.915478,50,471.318014,0.0
-4.009478,50,471.353335,0.0
-4.386229,50,471.38838,0.0
-4.129981,50,471.53868,0.0
-3.995766,50,471.57472,0.0
-4.063374,50,471.611218,0.0
-3.631371,50,471.64702,0.0
-4.057058,50,471.682701,0.0
-3.630682,50,471.718064,0.0
-3.909613,50,471.752897,0.0
-4.224517,50,471.788349,0.0
-3.948654,50,471.82348,0.0
-3.446002,50,471.858848,0.0
-4.104461,50,471.894419,0.0
-4.730236,50,471.929589,0.0
-4.615566,50,471.965096,0.0
-3.907797,50,472.000498,0.0
-4.583431,50,472.036122,0.0
-4.041738,50,472.071579,0.0
-3.891373,50,472.108144,0.0
-4.073418,50,472.144422,0.0
-3.975806,50,472.179875,0.0
-4.419547,50,472.215314,0.0
-3.485825,50,472.250441,0.0
-4.402506,50,472.285757,0.0
-4.747529,50,472.321009,0.0
-4.623985,50,472.356812,0.0
-4.519542,50,472.392393,0.0
-3.606708,50,472.428099,0.0
-4.077886,50,472.463849,0.0
-4.43033,50,472.499298,0.0
-4.257626,50,472.535043,0.0
-3.754574,50,472.570859,0.0
-4.390039,50,472.605966,0.0
-3.890296,50,472.641313,0.0
-4.773455,50,472.676653,0.0
-4.626275,50,472.711848,0.0
-4.569714,50,472.747444,0.0
-4.254284,50,472.782983,0.0
-3.89311,50,472.818052,0.0
-3.852857,50,472.853562,0.0
-4.470524,50,472.888791,0.0
-4.294344,50,472.923888,0.0
-4.327523,50,472.959633,0.0
-5.449719,50,473.108485,0.0
-3.839587,50,473.144576,0.0
-3.851411,50,473.179982,0.0
-4.847856,50,473.214518,0.0
-3.745528,50,473.249104,0.0
-4.711214,50,473.284094,0.0
-4.510811,50,473.31955,0.0
-4.037011,50,473.354829,0.0
-3.58065,50,473.389424,0.0
-4.448178,50,473.424566,0.0
-3.734542,50,473.46022,0.0
-4.175225,50,473.495792,0.0
-4.042633,50,473.531699,0.0
-4.582895,50,473.567142,0.0
-4.694333,50,473.602256,0.0
-3.960061,50,473.637668,0.0
-4.358161,50,473.672866,0.0
-3.985182,50,473.708636,0.0
-3.509046,50,473.743791,0.0
-3.695031,50,473.779139,0.0
-4.638173,50,473.814193,0.0
-4.3424,50,473.849784,0.0
-4.976697,50,473.885025,0.0
-4.240451,50,473.920543,0.0
-3.772881,50,473.956092,0.0
-4.064427,50,473.991709,0.0
-4.173438,50,474.027479,0.0
-4.791675,50,474.06279,0.0
-4.464054,50,474.098039,0.0
-3.978885,50,474.133916,0.0
-3.782005,50,474.168928,0.0
-4.290371,50,474.2042,0.0
-4.249746,50,474.239573,0.0
-4.48464,50,474.275058,0.0
-4.815287,50,474.310132,0.0
-3.55455,50,474.345641,0.0
-4.376419,50,474.380526,0.0
-4.061899,50,474.415714,0.0
-4.147692,50,474.450869,0.0
-4.381113,50,474.486271,0.0
-3.940149,50,474.521591,0.0
-3.597843,50,474.670946,0.0
-4.13735,50,474.706536,0.0
-3.950588,50,474.741783,0.0
-4.125491,50,474.776784,0.0
-3.595037,50,474.812015,0.0
-3.833962,50,474.84696,0.0
-4.639226,50,474.88228,0.0
-4.294982,50,474.91732,0.0
-4.3651,50,474.952363,0.0
-4.341123,50,474.987567,0.0
-4.575135,50,475.022793,0.0
-4.181945,50,475.057918,0.0
-3.880241,50,475.093076,0.0
-3.99393,50,475.128524,0.0
-3.793154,50,475.163808,0.0
-4.06872,50,475.199811,0.0
-4.578745,50,475.236013,0.0
-4.362185,50,475.271288,0.0
-4.243079,50,475.306888,0.0
-4.588164,50,475.342002,0.0
-4.467818,50,475.377063,0.0
-4.536339,50,475.412354,0.0
-4.742645,50,475.447463,0.0
-5.025245,50,475.482267,0.0
-4.185861,50,475.517425,0.0
-3.92003,50,475.552541,0.0
-4.198666,50,475.588181,0.0
-4.209663,50,475.624015,0.0
-3.660595,50,475.659785,0.0
-3.984773,50,475.695162,0.0
-4.430075,50,475.730509,0.0
-3.771891,50,475.765537,0.0
-3.282887,50,475.801012,0.0
-4.652188,50,475.836239,0.0
-4.349601,50,475.871794,0.0
-3.689368,50,475.907222,0.0
-3.763031,50,475.942416,0.0
-3.569634,50,475.977687,0.0
-5.145742,50,476.013302,0.0
-3.841772,50,476.049071,0.0
-3.510042,50,476.199004,0.0
-4.771424,50,476.234634,0.0
-4.029267,50,476.269764,0.0
-4.484748,50,476.305022,0.0
-3.822754,50,476.340071,0.0
-3.725404,50,476.375184,0.0
-3.372288,50,476.410277,0.0
-3.774337,50,476.445469,0.0
-4.618291,50,476.480797,0.0
-4.91652,50,476.516149,0.0
-3.744647,50,476.551431,0.0
-3.603856,50,476.586804,0.0
-3.984316,50,476.622169,0.0
-3.73273,50,476.657236,0.0
-4.420651,50,476.692651,0.0
-4.790892,50,476.727775,0.0
-3.732406,50,476.763283,0.0
-3.611129,50,476.798341,0.0
-3.783493,50,476.833298,0.0
-3.440451,50,476.868502,0.0
-4.543926,50,476.903571,0.0
-4.718969,50,476.938727,0.0
-4.588272,50,476.973806,0.0
-4.000646,50,477.008842,0.0
-3.805606,50,477.04406,0.0
-4.290488,50,477.079623,0.0
-4.197979,50,477.114979,0.0
-4.248963,50,477.149967,0.0
-4.213566,50,477.185498,0.0
-3.966096,50,477.220307,0.0
-4.52638,50,477.255314,0.0
-4.26355,50,477.290632,0.0
-3.649643,50,477.326414,0.0
-4.11942,50,477.36204,0.0
-4.660408,50,477.397373,0.0
-3.581355,50,477.432842,0.0
-4.427931,50,477.467982,0.0
-4.18232,50,477.502719,0.0
-4.693752,50,477.537957,0.0
-4.630739,50,477.573853,0.0
-4.584255,50,477.609346,0.0
-5.093088,50,477.757804,0.0
-3.671429,50,477.793531,0.0
-4.134876,50,477.829092,0.0
-4.974928,50,477.864259,0.0
-3.775046,50,477.899813,0.0
-4.353383,50,477.935334,0.0
-4.065061,50,477.970704,0.0
-3.561748,50,478.005927,0.0
-4.674883,50,478.041152,0.0
-4.06005,50,478.076342,0.0
-4.341256,50,478.110994,0.0
-4.385589,50,478.146476,0.0
-4.346069,50,478.181613,0.0
-3.759357,50,478.21682,0.0
-4.505552,50,478.252361,0.0
-3.848991,50,478.287676,0.0
-3.914527,50,478.322833,0.0
-4.835733,50,478.357641,0.0
-3.8613,50,478.3928,0.0
-3.802616,50,478.428659,0.0
-3.809682,50,478.463764,0.0
-4.466469,50,478.49875,0.0
-4.559559,50,478.533938,0.0
-4.0145,50,478.569239,0.0
-4.604723,50,478.604454,0.0
-3.982879,50,478.640473,0.0
-4.213265,50,478.676525,0.0
-4.015263,50,478.711713,0.0
-4.273454,50,478.747397,0.0
-3.605835,50,478.782284,0.0
-3.746375,50,478.817329,0.0
-4.33775,50,478.852124,0.0
-4.455724,50,478.887392,0.0
-4.281637,50,478.922712,0.0
-3.312506,50,478.957692,0.0
-3.506649,50,478.992528,0.0
-4.161867,50,479.028377,0.0
-3.536451,50,479.063924,0.0
-3.973136,50,479.099204,0.0
-3.762437,50,479.135304,0.0
-4.460256,50,479.170581,0.0
-4.235863,50,479.320997,0.0
-4.204734,50,479.356994,0.0
-4.741069,50,479.392713,0.0
-4.501033,50,479.428456,0.0
-4.413551,50,479.464072,0.0
-3.686778,50,479.499597,0.0
-4.108359,50,479.535312,0.0
-3.867923,50,479.570704,0.0
-4.614216,50,479.60605,0.0
-4.443964,50,479.642095,0.0
-4.469038,50,479.677625,0.0
-4.175445,50,479.712783,0.0
-4.633325,50,479.748054,0.0
-4.218878,50,479.78385,0.0
-4.01185,50,479.818952,0.0
-3.935456,50,479.854385,0.0
-5.070614,50,479.889364,0.0
-4.297277,50,479.924494,0.0
-4.261332,50,479.959707,0.0
-4.217134,50,479.995281,0.0
-4.441233,50,480.030457,0.0
-4.174813,50,480.065983,0.0
-4.607851,50,480.101134,0.0
-4.176269,50,480.136911,0.0
-4.305827,50,480.172467,0.0
-4.809388,50,480.207752,0.0
-4.433676,50,480.243204,0.0
-3.730191,50,480.278796,0.0
-4.810375,50,480.313615,0.0
-3.933589,50,480.348544,0.0
-3.715396,50,480.383267,0.0
-3.724199,50,480.418678,0.0
-4.562087,50,480.454538,0.0
-4.068352,50,480.48999,0.0
-3.466713,50,480.525169,0.0
-3.887383,50,480.560837,0.0
-3.606708,50,480.595887,0.0
-3.684063,50,480.631116,0.0
-4.225761,50,480.666445,0.0
-4.487972,50,480.701459,0.0
-4.560311,50,480.736999,0.0
-3.41872,50,480.885543,0.0
-4.079881,50,480.921747,0.0
-4.086703,50,480.956932,0.0
-3.517127,50,480.991602,0.0
-3.584395,50,481.027207,0.0
-4.407429,50,481.062514,0.0
-4.523696,50,481.097881,0.0
-4.225639,50,481.133452,0.0
-4.266968,50,481.168666,0.0
-4.13681,50,481.2039,0.0
-4.736741,50,481.238949,0.0
-4.316585,50,481.274653,0.0
-3.824568,50,481.309887,0.0
-4.392639,50,481.345234,0.0
-5.140354,50,481.380197,0.0
-3.556351,50,481.415884,0.0
-3.739713,50,481.451452,0.0
-4.837627,50,481.486792,0.0
-3.769729,50,481.521823,0.0
-3.846231,50,481.556953,0.0
-4.284607,50,481.592613,0.0
-4.182726,50,481.628327,0.0
-4.157205,50,481.664044,0.0
-4.663895,50,481.699287,0.0
-4.076298,50,481.734669,0.0
-4.381701,50,481.769991,0.0
-4.587153,50,481.8054,0.0
-3.775555,50,481.84086,0.0
-4.102613,50,481.876109,0.0
-4.21447,50,481.911212,0.0
-3.519626,50,481.946343,0.0
-3.851882,50,481.981471,0.0
-3.562408,50,482.017139,0.0
-3.632834,50,482.052655,0.0
-4.38062,50,482.087828,0.0
-4.280448,50,482.123006,0.0
-4.150681,50,482.158476,0.0
-4.558668,50,482.193444,0.0
-4.47225,50,482.228891,0.0
-4.004794,50,482.264023,0.0
-3.7,50,482.299259,0.0
-4.747278,50,482.44704,0.0
-4.402882,50,482.482648,0.0
-3.992931,50,482.517818,0.0
-3.994809,50,482.553082,0.0
-3.631723,50,482.588364,0.0
-3.761306,50,482.623699,0.0
-3.821941,50,482.659373,0.0
-4.413087,50,482.694706,0.0
-3.846987,50,482.729865,0.0
-4.001472,50,482.765083,0.0
-4.594913,50,482.800655,0.0
-3.9029,50,482.835858,0.0
-4.545029,50,482.87087,0.0
-4.325217,50,482.905716,0.0
-4.163959,50,482.941027,0.0
-3.894663,50,482.976928,0.0
-4.562379,50,483.012496,0.0
-4.991311,50,483.0476,0.0
-4.364674,50,483.083027,0.0
-4.607588,50,483.118458,0.0
-4.241542,50,483.153917,0.0
-3.716864,50,483.189389,0.0
-3.756038,50,483.224846,0.0
-3.995767,50,483.26019,0.0
-3.930891,50,483.295869,0.0
-4.054289,50,483.330907,0.0
-4.291015,50,483.365872,0.0
-3.947193,50,483.401199,0.0
-4.168219,50,483.436632,0.0
-3.798995,50,483.472053,0.0
-4.374426,50,483.507508,0.0
-4.731839,50,483.542686,0.0
-4.061548,50,483.577797,0.0
-4.125445,50,483.613218,0.0
-4.225982,50,483.648256,0.0
-4.563008,50,483.683046,0.0
-3.89037,50,483.718542,0.0
-3.992128,50,483.75401,0.0
-3.635043,50,483.789502,0.0
-4.060239,50,483.824866,0.0
-3.942704,50,483.860058,0.0
-3.882751,50,484.010025,0.0
-4.477035,50,484.045944,0.0
-4.190073,50,484.081334,0.0
-3.851038,50,484.116507,0.0
-4.279769,50,484.152186,0.0
-4.472779,50,484.187467,0.0
-3.593732,50,484.222772,0.0
-3.407224,50,484.258253,0.0
-4.674339,50,484.293892,0.0
-4.120805,50,484.329343,0.0
-4.737643,50,484.364995,0.0
-3.992377,50,484.400199,0.0
-4.150771,50,484.435553,0.0
-3.556083,50,484.471002,0.0
-3.588384,50,484.506192,0.0
-4.474447,50,484.541254,0.0
-3.68709,50,484.577057,0.0
-4.300954,50,484.613024,0.0
-3.568877,50,484.648467,0.0
-3.418253,50,484.683844,0.0
-4.579055,50,484.718903,0.0
-4.575363,50,484.754057,0.0
-4.639049,50,484.78912,0.0
-3.88672,50,484.824694,0.0
-4.47191,50,484.859698,0.0
-4.575956,50,484.895064,0.0
-4.051402,50,484.930213,0.0
-4.185528,50,484.965287,0.0
-4.658529,50,485.000606,0.0
-3.917807,50,485.036025,0.0
-4.012803,50,485.071478,0.0
-4.040812,50,485.106852,0.0
-4.001764,50,485.14251,0.0
-4.453839,50,485.178107,0.0
-3.679444,50,485.213383,0.0
-3.658314,50,485.248865,0.0
-3.643363,50,485.284103,0.0
-4.020164,50,485.319069,0.0
-4.36045,50,485.354006,0.0
-3.626717,50,485.389586,0.0
-4.083391,50,485.424685,0.0
-4.333833,50,485.574719,0.0
-4.590252,50,485.610045,0.0
-4.620296,50,485.645995,0.0
-4.387367,50,485.681801,0.0
-3.805268,50,485.7173,0.0
-3.942279,50,485.752604,0.0
-4.175587,50,485.787933,0.0
-4.191933,50,485.823271,0.0
-4.316737,50,485.858577,0.0
-3.702767,50,485.894042,0.0
-4.765391,50,485.929099,0.0
-4.433994,50,485.964142,0.0
-4.439806,50,485.999157,0.0
-3.685811,50,486.034136,0.0
-4.187421,50,486.069366,0.0
-3.672533,50,486.104544,0.0
-4.304778,50,486.139797,0.0
-4.135907,50,486.17502,0.0
-4.09249,50,486.209761,0.0
-4.279434,50,486.244718,0.0
-4.609998,50,486.279617,0.0
-3.868687,50,486.314292,0.0
-4.050607,50,486.349675,0.0
-3.950428,50,486.384563,0.0
-3.645759,50,486.419534,0.0
-3.617896,50,486.454556,0.0
-4.782442,50,486.489259,0.0
-4.247453,50,486.525433,0.0
-3.296655,50,486.56096,0.0
-3.914915,50,486.596273,0.0
-4.304335,50,486.631546,0.0
-5.422506,50,486.667256,0.0
-3.889721,50,486.70225,0.0
-3.566676,50,486.737605,0.0
-4.369355,50,486.772996,0.0
-4.318089,50,486.80824,0.0
-4.224779,50,486.843654,0.0
-3.566343,50,486.879252,0.0
-4.294218,50,486.914458,0.0
-4.102433,50,486.950009,0.0
-3.506758,50,486.984988,0.0
-4.194975,50,487.134802,0.0
-4.095584,50,487.170741,0.0
-4.064504,50,487.206715,0.0
-4.496656,50,487.242518,0.0
-4.590398,50,487.277963,0.0
-4.101924,50,487.313558,0.0
-4.548369,50,487.349313,0.0
-4.377318,50,487.384611,0.0
-4.048199,50,487.420377,0.0
-4.691806,50,487.455558,0.0
-3.530473,50,487.490925,0.0
-3.719278,50,487.526238,0.0
-3.5489,50,487.561875,0.0
-4.282533,50,487.597184,0.0
-4.003879,50,487.632867,0.0
-4.245237,50,487.668687,0.0
-3.708049,50,487.703861,0.0
-3.824401,50,487.739045,0.0
-4.241073,50,487.774374,0.0
-3.880521,50,487.809603,0.0
-4.273186,50,487.845302,0.0
-3.636628,50,487.880661,0.0
-4.034653,50,487.916024,0.0
-3.804249,50,487.95147,0.0
-4.905405,50,487.98626,0.0
-4.515424,50,488.021385,0.0
-3.680163,50,488.0569,0.0
-3.458262,50,488.092912,0.0
-4.402043,50,488.12839,0.0
-4.306529,50,488.164406,0.0
-3.798883,50,488.1999,0.0
-4.470881,50,488.234867,0.0
-3.97688,50,488.270125,0.0
-4.127394,50,488.305152,0.0
-4.210729,50,488.340153,0.0
-4.221196,50,488.375356,0.0
-4.733758,50,488.410673,0.0
-3.773309,50,488.44613,0.0
-4.02834,50,488.481499,0.0
-4.071336,50,488.516692,0.0
-4.503199,50,488.55201,0.0
-5.201984,50,488.701073,0.0
-4.242701,50,488.736786,0.0
-3.875853,50,488.771664,0.0
-3.736986,50,488.80717,0.0
-3.492639,50,488.84213,0.0
-4.483793,50,488.876755,0.0
-4.139798,50,488.91196,0.0
-3.843382,50,488.94704,0.0
-3.653472,50,488.982173,0.0
-3.691831,50,489.017623,0.0
-3.60067,50,489.052854,0.0
-3.964749,50,489.088275,0.0
-4.373605,50,489.1241,0.0
-4.613811,50,489.159591,0.0
-4.285575,50,489.19486,0.0
-3.436692,50,489.23,0.0
-4.614784,50,489.265265,0.0
-4.434641,50,489.300389,0.0
-3.999012,50,489.336152,0.0
-5.287374,50,489.371668,0.0
-3.999391,50,489.407311,0.0
-4.183695,50,489.442247,0.0
-4.523912,50,489.477336,0.0
-3.892668,50,489.512595,0.0
-5.169747,50,489.547839,0.0
-3.730729,50,489.582881,0.0
-4.395612,50,489.618873,0.0
-4.273054,50,489.655874,0.0
-3.648789,50,489.692841,0.0
-4.110483,50,489.728334,0.0
-3.860267,50,489.763914,0.0
-3.636623,50,489.799552,0.0
-3.657434,50,489.834737,0.0
-4.724468,50,489.869808,0.0
-4.594988,50,489.905025,0.0
-4.74999,50,489.940523,0.0
-4.325436,50,489.976047,0.0
-3.447358,50,490.011119,0.0
-4.774431,50,490.046158,0.0
-3.58299,50,490.081147,0.0
-4.79546,50,490.116287,0.0
-3.955815,50,490.267265,0.0
-4.115896,50,490.302445,0.0
-4.177821,50,490.338198,0.0
-4.302927,50,490.373562,0.0
-4.371666,50,490.408796,0.0
-3.725377,50,490.444153,0.0
-4.614593,50,490.479499,0.0
-3.339388,50,490.51438,0.0
-4.459981,50,490.549777,0.0
-4.306618,50,490.58515,0.0
-4.152379,50,490.620741,0.0
-4.271175,50,490.656146,0.0
-4.406741,50,490.691608,0.0
-4.273887,50,490.726463,0.0
-3.630354,50,490.761969,0.0
-3.987093,50,490.797254,0.0
-4.200884,50,490.832562,0.0
-4.339135,50,490.867843,0.0
-5.065612,50,490.903088,0.0
-3.550942,50,490.938275,0.0
-4.122513,50,490.973404,0.0
-4.252329,50,491.008986,0.0
-3.905128,50,491.044634,0.0
-5.037558,50,491.080099,0.0
-4.763545,50,491.115688,0.0
-3.945907,50,491.151545,0.0
-3.965751,50,491.187211,0.0
-3.916984,50,491.222879,0.0
-4.223608,50,491.258643,0.0
-3.868389,50,491.293946,0.0
-3.741422,50,491.329516,0.0
-4.49517,50,491.364751,0.0
-3.990295,50,491.400236,0.0
-3.984927,50,491.435489,0.0
-3.238874,50,491.470844,0.0
-3.700763,50,491.506194,0.0
-3.848788,50,491.54167,0.0
-3.948178,50,491.577565,0.0
-4.655458,50,491.613715,0.0
-3.953419,50,491.648901,0.0
-4.861831,50,491.684798,0.0
-4.613341,50,491.833775,0.0
-3.856947,50,491.869454,0.0
-3.806478,50,491.904762,0.0
-3.936564,50,491.940398,0.0
-4.203962,50,491.975906,0.0
-4.929667,50,492.012898,0.0
-4.620253,50,492.048996,0.0
-3.938055,50,492.083854,0.0
-3.511039,50,492.118949,0.0
-3.964598,50,492.153911,0.0
-4.066632,50,492.18909,0.0
-4.217566,50,492.224038,0.0
-4.669507,50,492.259918,0.0
-4.206602,50,492.295543,0.0
-4.258443,50,492.331012,0.0
-3.910518,50,492.366186,0.0
-4.9755,50,492.401258,0.0
-3.622988,50,492.436467,0.0
-4.28038,50,492.471747,0.0
-3.628152,50,492.507231,0.0
-3.729169,50,492.542534,0.0
-4.036079,50,492.577686,0.0
-4.007274,50,492.61456,0.0
-3.995168,50,492.650647,0.0
-4.404525,50,492.686765,0.0
-4.373964,50,492.72143,0.0
-3.455585,50,492.756573,0.0
-3.266279,50,492.791757,0.0
-3.786327,50,492.827274,0.0
-4.197056,50,492.862417,0.0
-3.866326,50,492.898816,0.0
-3.652389,50,492.93487,0.0
-3.696074,50,492.971077,0.0
-4.434752,50,493.006926,0.0
-4.072668,50,493.043567,0.0
-3.487249,50,493.078867,0.0
-4.4453,50,493.114864,0.0
-4.520644,50,493.150369,0.0
-3.800937,50,493.186456,0.0
-3.957877,50,493.222903,0.0
-4.145649,50,493.258854,0.0
-4.152527,50,493.41264,0.0
-4.005125,50,493.449366,0.0
-4.475251,50,493.484988,0.0
-4.272253,50,493.520949,0.0
-4.424674,50,493.556717,0.0
-4.034076,50,493.59245,0.0
-3.575999,50,493.62764,0.0
-3.79499,50,493.662904,0.0
-4.074873,50,493.699309,0.0
-4.08531,50,493.734947,0.0
-3.477412,50,493.771106,0.0
-3.792719,50,493.807232,0.0
-3.393704,50,493.843167,0.0
-4.147225,50,493.878873,0.0
-4.640271,50,493.914405,0.0
-3.968422,50,493.950438,0.0
-4.303045,50,493.985761,0.0
-4.23347,50,494.021162,0.0
-4.324004,50,494.056169,0.0
-4.209782,50,494.091256,0.0
-4.542966,50,494.126722,0.0
-4.893682,50,494.161966,0.0
-4.493805,50,494.197451,0.0
-4.458816,50,494.233348,0.0
-3.740534,50,494.268915,0.0
-3.57447,50,494.304178,0.0
-4.283772,50,494.339463,0.0
-4.127937,50,494.374718,0.0
-4.325928,50,494.410018,0.0
-4.521243,50,494.445273,0.0
-4.484524,50,494.480613,0.0
-4.417712,50,494.515629,0.0
-3.800224,50,494.551139,0.0
-4.504779,50,494.586374,0.0
-3.781855,50,494.622982,0.0
-4.041609,50,494.65921,0.0
-3.862296,50,494.695322,0.0
-4.488434,50,494.730904,0.0
-4.093976,50,494.7668,0.0
-4.020682,50,494.803659,0.0
-4.205713,50,494.838983,0.0
-4.358484,50,494.991268,0.0
-4.006195,50,495.027294,0.0
-4.841721,50,495.062958,0.0
-3.97449,50,495.098573,0.0
-4.131117,50,495.134868,0.0
-4.717577,50,495.170984,0.0
-3.761544,50,495.207208,0.0
-3.77444,50,495.243085,0.0
-3.833176,50,495.279468,0.0
-3.481486,50,495.315627,0.0
-3.787251,50,495.351447,0.0
-4.946102,50,495.387197,0.0
-4.212432,50,495.42359,0.0
-3.655683,50,495.459504,0.0
-4.613136,50,495.495046,0.0
-3.915597,50,495.530747,0.0
-3.910504,50,495.566368,0.0
-3.568468,50,495.602974,0.0
-3.587065,50,495.639285,0.0
-3.39524,50,495.675169,0.0
-4.579868,50,495.710759,0.0
-3.782421,50,495.746723,0.0
-4.164521,50,495.782659,0.0
-4.479682,50,495.818072,0.0
-4.096738,50,495.853217,0.0
-3.963688,50,495.88928,0.0
-3.999485,50,495.924927,0.0
-4.50152,50,495.960436,0.0
-3.542912,50,495.99596,0.0
-4.005967,50,496.031422,0.0
-4.234264,50,496.066936,0.0
-3.980291,50,496.102662,0.0
-4.510894,50,496.137961,0.0
-3.912022,50,496.173152,0.0
-4.2181,50,496.208726,0.0
-4.835301,50,496.244408,0.0
-3.776513,50,496.279845,0.0
-3.802503,50,496.315766,0.0
-3.979202,50,496.352048,0.0
-4.471046,50,496.388239,0.0
-4.267289,50,496.424018,0.0
-4.139306,50,496.576463,0.0
-4.228565,50,496.612429,0.0
-4.359139,50,496.648336,0.0
-3.831319,50,496.684285,0.0
-3.716462,50,496.720216,0.0
-3.997598,50,496.756146,0.0
-4.343286,50,496.791933,0.0
-4.038882,50,496.827874,0.0
-4.075745,50,496.864379,0.0
-3.641984,50,496.899832,0.0
-3.918143,50,496.935848,0.0
-4.695509,50,496.971995,0.0
-3.922516,50,497.007962,0.0
-3.849741,50,497.044025,0.0
-3.633658,50,497.07938,0.0
-4.287018,50,497.115104,0.0
-3.545092,50,497.151409,0.0
-4.886567,50,497.187565,0.0
-4.669714,50,497.223679,0.0
-4.859136,50,497.25965,0.0
-4.199195,50,497.295033,0.0
-3.730472,50,497.331482,0.0
-4.367755,50,497.36759,0.0
-3.947396,50,497.40351,0.0
-4.482955,50,497.439285,0.0
-4.328609,50,497.474887,0.0
-3.862409,50,497.510541,0.0
-4.079113,50,497.546625,0.0
-3.70353,50,497.582776,0.0
-4.394214,50,497.619181,0.0
-4.134816,50,497.655038,0.0
-3.860597,50,497.690874,0.0
-4.211117,50,497.726972,0.0
-3.586691,50,497.763217,0.0
-3.628282,50,497.800392,0.0
-4.002057,50,497.836746,0.0
-4.502379,50,497.872274,0.0
-3.795192,50,497.907695,0.0
-4.780127,50,497.943249,0.0
-3.785989,50,497.979213,0.0
-3.689881,50,498.014967,0.0
-4.139214,50,498.16562,0.0
-4.342236,50,498.201368,0.0
-3.785926,50,498.236663,0.0
-4.26413,50,498.272681,0.0
-3.698666,50,498.308639,0.0
-4.266271,50,498.344421,0.0
-4.087207,50,498.379768,0.0
-4.506187,50,498.41621,0.0
-4.188104,50,498.452743,0.0
-3.917531,50,498.488878,0.0
-4.471547,50,498.524196,0.0
-3.651546,50,498.559459,0.0
-4.335632,50,498.595398,0.0
-3.919864,50,498.631325,0.0
-5.133081,50,498.667155,0.0
-4.009163,50,498.702903,0.0
-4.199811,50,498.73899,0.0
-4.361743,50,498.774923,0.0
-4.387296,50,498.810465,0.0
-4.110487,50,498.845648,0.0
-4.155971,50,498.8816,0.0
-4.208296,50,498.916905,0.0
-4.523878,50,498.95271,0.0
-4.577195,50,498.98835,0.0
-4.710883,50,499.024091,0.0
-5.030902,50,499.059727,0.0
-3.841829,50,499.095282,0.0
-3.772181,50,499.13098,0.0
-3.724504,50,499.166386,0.0
-4.142573,50,499.201728,0.0
-4.410265,50,499.237224,0.0
-5.080978,50,499.273127,0.0
-4.173414,50,499.308426,0.0
-4.511188,50,499.343921,0.0
-4.40174,50,499.37925,0.0
-3.885931,50,499.414759,0.0
-4.272218,50,499.450284,0.0
-3.617493,50,499.485506,0.0
-4.718309,50,499.520552,0.0
-4.553517,50,499.555809,0.0
-4.1035,50,499.590941,0.0
-4.516674,50,499.740909,0.0
-4.056925,50,499.776761,0.0
-4.334426,50,499.812107,0.0
-3.727187,50,499.84737,0.0
-4.550314,50,499.882536,0.0
-3.5903,50,499.917786,0.0
-4.085657,50,499.954227,0.0
-3.765597,50,499.990024,0.0
-4.122982,50,500.02517,0.0
-4.49626,50,500.060446,0.0
-4.068854,50,500.09594,0.0
-3.86589,50,500.131873,0.0
-4.471881,50,500.168255,0.0
-4.343381,50,500.204391,0.0
-4.235527,50,500.240404,0.0
-3.932372,50,500.275839,0.0
-4.415025,50,500.311684,0.0
-3.655675,50,500.348227,0.0
-4.555126,50,500.384848,0.0
-3.799819,50,500.421066,0.0
-4.139347,50,500.455968,0.0
-4.057203,50,500.491745,0.0
-4.484397,50,500.527315,0.0
-4.073128,50,500.56387,0.0
-3.643885,50,500.599903,0.0
-3.674475,50,500.636112,0.0
-4.029918,50,500.672643,0.0
-3.587614,50,500.708313,0.0
-4.304462,50,500.744277,0.0
-4.277944,50,500.779817,0.0
-4.921338,50,500.815629,0.0
-4.392096,50,500.851411,0.0
-4.000823,50,500.887193,0.0
-4.577265,50,500.922828,0.0
-4.379915,50,500.958425,0.0
-3.390526,50,500.994343,0.0
-4.120877,50,501.030438,0.0
-3.925588,50,501.066292,0.0
-3.90654,50,501.102071,0.0
-4.498938,50,501.13805,0.0
-4.491662,50,501.173591,0.0
-4.812987,50,501.326869,0.0
-4.799359,50,501.363041,0.0
-3.852293,50,501.398549,0.0
-3.698043,50,501.434715,0.0
-3.449601,50,501.470926,0.0
-4.074126,50,501.507049,0.0
-3.966197,50,501.542686,0.0
-3.766459,50,501.57918,0.0
-3.735154,50,501.61474,0.0
-3.662865,50,501.650873,0.0
-4.000278,50,501.687329,0.0
-4.430228,50,501.724337,0.0
-3.959333,50,501.761065,0.0
-3.933043,50,501.797016,0.0
-3.711594,50,501.832545,0.0
-4.200278,50,501.867792,0.0
-4.621662,50,502.249819,0.0
-4.183824,50,502.285336,0.0
-3.760228,50,502.321131,0.0
-4.168114,50,502.356912,0.0
-4.595209,50,502.392339,0.0
-4.127244,50,502.428293,0.0
-3.923826,50,502.463653,0.0
-3.811953,50,502.499222,0.0
-3.744012,50,502.53494,0.0
-4.101608,50,502.570352,0.0
-4.534873,50,502.605674,0.0
-4.187243,50,502.641212,0.0
-4.082171,50,502.676972,0.0
-3.642068,50,502.71254,0.0
-3.906034,50,502.748675,0.0
-4.296422,50,502.784287,0.0
-4.604695,50,502.819666,0.0
-3.978182,50,502.855118,0.0
-4.039892,50,502.89119,0.0
-4.250182,50,502.927325,0.0
-4.586218,50,502.963052,0.0
-3.993429,50,502.999183,0.0
-3.78731,50,503.035073,0.0
-3.380075,50,503.07085,0.0
-4.865815,50,503.106824,0.0
-3.554041,50,503.259917,0.0
-4.191453,50,503.295633,0.0
-4.75224,50,503.331717,0.0
-3.988843,50,503.367638,0.0
-3.711141,50,503.403848,0.0
-4.051399,50,503.439771,0.0
-4.171632,50,503.475759,0.0
-4.227355,50,503.511299,0.0
-4.41713,50,503.547008,0.0
-4.501917,50,503.583055,0.0
-3.809085,50,503.619459,0.0
-4.467247,50,503.655751,0.0
-4.505188,50,503.691639,0.0
-3.499204,50,503.727769,0.0
-3.928904,50,503.762811,0.0
-4.100688,50,503.798956,0.0
-4.529715,50,503.834774,0.0
-4.015588,50,503.870905,0.0
-3.442169,50,503.907157,0.0
-3.720788,50,503.943671,0.0
-4.288787,50,503.979506,0.0
-3.748664,50,504.015499,0.0
-3.797092,50,504.051181,0.0
-3.466056,50,504.087894,0.0
-3.399712,50,504.124155,0.0
-4.37145,50,504.1598,0.0
-3.88348,50,504.196113,0.0
-4.922687,50,504.232148,0.0
-4.915397,50,504.267896,0.0
-3.587948,50,504.30435,0.0
-3.634185,50,504.340625,0.0
-4.662208,50,504.376552,0.0
-4.340947,50,504.412512,0.0
-4.274725,50,504.44845,0.0
-4.68306,50,504.484087,0.0
-3.740474,50,504.519696,0.0
-4.745315,50,504.556045,0.0
-4.186049,50,504.592111,0.0
-4.889198,50,504.627801,0.0
-3.568226,50,504.663972,0.0
-3.911649,50,504.700088,0.0
-4.666012,50,504.852504,0.0
-4.49062,50,504.88914,0.0
-4.734113,50,504.925054,0.0
-4.680097,50,504.960577,0.0
-3.633952,50,504.996743,0.0
-3.646755,50,505.032669,0.0
-4.444595,50,505.068839,0.0
-3.911438,50,505.104906,0.0
-4.344917,50,505.140899,0.0
-4.142569,50,505.176587,0.0
-4.38558,50,505.21281,0.0
-4.553893,50,505.248533,0.0
-4.24124,50,505.284915,0.0
-4.052336,50,505.321288,0.0
-3.532023,50,505.357427,0.0
-4.154461,50,505.393431,0.0
-4.202035,50,505.428605,0.0
-4.491058,50,505.463846,0.0
-4.472295,50,505.498812,0.0
-4.241277,50,505.533691,0.0
-4.296962,50,505.569321,0.0
-4.364051,50,505.605215,0.0
-4.06573,50,505.640855,0.0
-3.95505,50,505.676797,0.0
-4.23947,50,505.712333,0.0
-3.895648,50,505.747744,0.0
-3.761679,50,505.783046,0.0
-3.756519,50,505.818303,0.0
-3.542958,50,505.854036,0.0
-3.802345,50,505.889623,0.0
-3.963997,50,505.925587,0.0
-5.162563,50,505.961614,0.0
-3.810995,50,505.997574,0.0
-4.327606,50,506.033221,0.0
-4.620894,50,506.06841,0.0
-4.055592,50,506.104124,0.0
-3.851039,50,506.139976,0.0
-4.423326,50,506.175608,0.0
-3.826612,50,506.211048,0.0
-4.460436,50,506.246492,0.0
-3.997701,50,506.282623,0.0
-4.322411,50,506.434616,0.0
-4.935113,50,506.470059,0.0
-3.853942,50,506.505863,0.0
-3.875873,50,506.541433,0.0
-4.014709,50,506.576932,0.0
-4.276781,50,506.612054,0.0
-4.016334,50,506.647629,0.0
-3.509013,50,506.682724,0.0
-3.876374,50,506.718043,0.0
-4.378292,50,506.754378,0.0
-4.416155,50,506.790297,0.0
-3.766718,50,506.82637,0.0
-3.626063,50,506.862403,0.0
-3.833821,50,506.897916,0.0
-4.941547,50,506.933337,0.0
-3.718193,50,506.968955,0.0
-4.386299,50,507.003983,0.0
-3.697532,50,507.039185,0.0
-3.899693,50,507.074505,0.0
-4.108362,50,507.110358,0.0
-4.259496,50,507.14719,0.0
-3.862019,50,507.183138,0.0
-4.745107,50,507.219125,0.0
-3.454841,50,507.25521,0.0
-3.990114,50,507.291894,0.0
-4.196629,50,507.328419,0.0
-4.537269,50,507.364233,0.0
-3.861924,50,507.400108,0.0
-4.816958,50,507.436023,0.0
-3.803471,50,507.472217,0.0
-4.326822,50,507.508756,0.0
-4.011585,50,507.544799,0.0
-3.594109,50,507.580814,0.0
-4.286939,50,507.616583,0.0
-4.022484,50,507.65241,0.0
-4.096848,50,507.688474,0.0
-4.313353,50,507.724153,0.0
-4.368494,50,507.760561,0.0
-3.528878,50,507.796639,0.0
-4.012318,50,507.832624,0.0
-3.86881,50,507.868429,0.0
-4.263778,50,508.019871,0.0
-4.043606,50,508.05625,0.0
-3.400012,50,508.092755,0.0
-3.8192,50,508.128841,0.0
-3.589375,50,508.164591,0.0
-3.644362,50,508.200319,0.0
-3.729773,50,508.236508,0.0
-4.126855,50,508.272525,0.0
-3.534905,50,508.308296,0.0
-4.134093,50,508.34423,0.0
-3.615144,50,508.380594,0.0
-4.274589,50,508.416705,0.0
-4.364857,50,508.452604,0.0
-4.232971,50,508.488739,0.0
-4.670788,50,508.524398,0.0
-4.212808,50,508.559993,0.0
-3.601837,50,508.595449,0.0
-4.174082,50,508.630804,0.0
-3.812539,50,508.665952,0.0
-4.079361,50,508.701608,0.0
-4.879992,50,508.73646,0.0
-3.842373,50,508.771818,0.0
-4.286272,50,508.808219,0.0
-4.123308,50,508.843901,0.0
-3.68998,50,508.879739,0.0
-4.847481,50,508.916093,0.0
-3.918994,50,508.951874,0.0
-4.021176,50,508.987786,0.0
-4.198612,50,509.023415,0.0
-4.214121,50,509.05944,0.0
-4.034196,50,509.095596,0.0
-4.894339,50,509.131967,0.0
-4.563699,50,509.167838,0.0
-3.453273,50,509.204039,0.0
-4.45465,50,509.239743,0.0
-4.312456,50,509.274977,0.0
-4.093813,50,509.310809,0.0
-3.894668,50,509.346703,0.0
-4.051852,50,509.383166,0.0
-3.413255,50,509.419158,0.0
-3.872564,50,509.454792,0.0
-3.685214,50,509.60757,0.0
-4.540217,50,509.643474,0.0
-4.216068,50,509.679324,0.0
-3.928992,50,509.715447,0.0
-4.132767,50,509.752214,0.0
-3.829697,50,509.788374,0.0
-4.403109,50,509.824444,0.0
-4.420726,50,509.859868,0.0
-4.747422,50,509.895739,0.0
-3.731076,50,509.931755,0.0
-4.330814,50,509.967969,0.0
-4.134078,50,510.00411,0.0
-4.177044,50,510.039801,0.0
-4.557567,50,510.076084,0.0
-4.285919,50,510.112111,0.0
-3.56894,50,510.148003,0.0
-3.905602,50,510.184201,0.0
-3.74678,50,510.219967,0.0
-4.698352,50,510.256505,0.0
-4.41848,50,510.292479,0.0
-4.01749,50,510.328032,0.0
-4.250982,50,510.363356,0.0
-4.213574,50,510.399488,0.0
-4.566536,50,510.435949,0.0
-4.88051,50,510.471483,0.0
-3.346558,50,510.506928,0.0
-4.004157,50,510.542632,0.0
-4.459948,50,510.578937,0.0
-3.883179,50,510.615009,0.0
-3.797982,50,510.651292,0.0
-4.270046,50,510.687032,0.0
-4.200486,50,510.723074,0.0
-4.467413,50,510.759525,0.0
-3.960528,50,510.795362,0.0
-3.740615,50,510.831248,0.0
-3.685638,50,510.867198,0.0
-4.526617,50,510.903307,0.0
-5.059427,50,510.939196,0.0
-4.241809,50,510.975187,0.0
-4.172128,50,511.011509,0.0
-3.473247,50,511.047398,0.0
-4.208835,50,511.200291,0.0
-3.503459,50,511.23733,0.0
-3.804912,50,511.273518,0.0
-4.821832,50,511.30951,0.0
-3.32337,50,511.344924,0.0
-4.388685,50,511.380336,0.0
-4.223246,50,511.416808,0.0
-3.807648,50,511.453441,0.0
-3.944842,50,511.489218,0.0
-4.010136,50,511.52463,0.0
-4.001989,50,511.560456,0.0
-3.774391,50,511.596145,0.0
-3.850249,50,511.631756,0.0
-4.297475,50,511.667796,0.0
-4.352792,50,511.703663,0.0
-4.646632,50,511.739691,0.0
-3.517673,50,511.775696,0.0
-3.245151,50,511.811668,0.0
-4.2396,50,511.847639,0.0
-3.636685,50,511.883041,0.0
-4.681656,50,511.918545,0.0
-3.579794,50,511.955541,0.0
-4.270332,50,511.990827,0.0
-4.963082,50,512.026206,0.0
-3.882268,50,512.06165,0.0
-4.897808,50,512.097107,0.0
-4.648117,50,512.134334,0.0
-4.323214,50,512.170792,0.0
-4.317682,50,512.207343,0.0
-4.446034,50,512.243709,0.0
-4.252876,50,512.279505,0.0
-3.849365,50,512.315657,0.0
-4.245167,50,512.351296,0.0
-4.717674,50,512.386711,0.0
-3.558792,50,512.422965,0.0
-3.861087,50,512.459608,0.0
-4.377771,50,512.496263,0.0
-3.813247,50,512.532931,0.0
-4.222193,50,512.568627,0.0
-5.164777,50,512.603994,0.0
-4.515951,50,512.640397,0.0
-4.78437,50,512.794106,0.0
-4.397112,50,512.830144,0.0
-4.07459,50,512.866121,0.0
-3.966728,50,512.902452,0.0
-4.1744,50,512.938523,0.0
-4.285425,50,512.974208,0.0
-3.94931,50,513.009583,0.0
-4.188607,50,513.044929,0.0
-3.689525,50,513.081407,0.0
-4.473034,50,513.117479,0.0
-4.5081,50,513.15345,0.0
-4.55895,50,513.189208,0.0
-4.010855,50,513.2251,0.0
-3.714178,50,513.260271,0.0
-3.485931,50,513.295441,0.0
-4.452251,50,513.330816,0.0
-3.893867,50,513.366038,0.0
-3.872949,50,513.402836,0.0
-4.35554,50,513.438401,0.0
-3.467599,50,513.473262,0.0
-5.067189,50,513.508582,0.0
-3.610786,50,513.544522,0.0
-4.558059,50,513.580161,0.0
-3.846292,50,513.6167,0.0
-5.145452,50,513.653172,0.0
-4.730507,50,513.689528,0.0
-4.654027,50,513.725277,0.0
-3.726297,50,513.760956,0.0
-3.932816,50,513.796774,0.0
-4.356075,50,513.832683,0.0
-3.784048,50,513.868969,0.0
-4.360961,50,513.904716,0.0
-3.410247,50,513.940186,0.0
-4.160856,50,513.976074,0.0
-4.90198,50,514.012388,0.0
-3.709645,50,514.048523,0.0
-4.559599,50,514.084347,0.0
-3.743652,50,514.120283,0.0
-4.474432,50,514.155927,0.0
-3.843713,50,514.192091,0.0
-3.849806,50,514.228615,0.0
-3.849594,50,514.380008,0.0
-4.596273,50,514.416234,0.0
-4.833165,50,514.452666,0.0
-3.841132,50,514.488855,0.0
-3.291148,50,514.524608,0.0
-4.105224,50,514.56041,0.0
-3.946915,50,514.596093,0.0
-3.661321,50,514.631806,0.0
-4.612226,50,514.667616,0.0
-4.130209,50,514.703638,0.0
-3.65,50,514.739281,0.0
-4.216145,50,514.77531,0.0
-3.990968,50,514.812358,0.0
-3.885163,50,514.848173,0.0
-4.121319,50,514.883567,0.0
-4.014133,50,514.919572,0.0
-3.334322,50,514.95594,0.0
-3.638004,50,514.99192,0.0
-4.428404,50,515.027611,0.0
-4.218804,50,515.063594,0.0
-4.30725,50,515.099385,0.0
-4.354753,50,515.136139,0.0
-4.037692,50,515.17203,0.0
-4.560656,50,515.207939,0.0
-3.895579,50,515.243971,0.0
-4.159449,50,515.280368,0.0
-3.411726,50,515.316413,0.0
-4.128019,50,515.352489,0.0
-3.836233,50,515.38861,0.0
-3.797818,50,515.424773,0.0
-4.04832,50,515.460231,0.0
-4.541288,50,515.49583,0.0
-3.689438,50,515.531619,0.0
-4.299295,50,515.567246,0.0
-3.256905,50,515.603174,0.0
-3.938746,50,515.639737,0.0
-4.019522,50,515.675578,0.0
-3.945822,50,515.711774,0.0
-4.047388,50,515.747502,0.0
-4.108942,50,515.783887,0.0
-4.264688,50,515.936477,0.0
-3.758317,50,515.972734,0.0
-4.399345,50,516.008943,0.0
-3.777121,50,516.044808,0.0
-3.911402,50,516.080706,0.0
-3.32862,50,516.116179,0.0
-4.03155,50,516.152235,0.0
-4.564287,50,516.1888,0.0
-3.668736,50,516.224386,0.0
-4.991196,50,516.259812,0.0
-4.081473,50,516.296334,0.0
-3.690355,50,516.332857,0.0
-4.640589,50,516.369015,0.0
-4.260245,50,516.40574,0.0
-3.598711,50,516.442264,0.0
-4.597696,50,516.478886,0.0
-3.70883,50,516.514889,0.0
-4.020795,50,516.551321,0.0
-3.893645,50,516.587958,0.0
-4.424965,50,516.623948,0.0
-3.796133,50,516.659031,0.0
-3.978123,50,516.694566,0.0
-3.954438,50,516.730128,0.0
-4.717628,50,516.766306,0.0
-3.716507,50,516.802708,0.0
-4.408337,50,516.839277,0.0
-4.998236,50,516.875696,0.0
-3.983371,50,516.9113,0.0
-3.919516,50,516.946911,0.0
-4.411303,50,516.982505,0.0
-4.214166,50,517.018621,0.0
-3.501319,50,517.054721,0.0
-4.522202,50,517.090733,0.0
-3.526367,50,517.126627,0.0
-4.056299,50,517.162434,0.0
-4.321945,50,517.198326,0.0
-4.654499,50,517.234161,0.0
-3.720253,50,517.270032,0.0
-3.839884,50,517.305468,0.0
-4.216633,50,517.340798,0.0
-3.499202,50,517.376664,0.0
-3.345339,50,517.529751,0.0
-3.85277,50,517.565339,0.0
-3.778855,50,517.601322,0.0
-5.039473,50,517.637462,0.0
-4.666716,50,517.674152,0.0
-4.462165,50,517.711252,0.0
-3.709741,50,517.747803,0.0
-3.741575,50,517.783415,0.0
-4.066007,50,517.819361,0.0
-4.00713,50,517.855311,0.0
-3.903695,50,517.89218,0.0
-3.723213,50,517.928144,0.0
-3.218204,50,517.964969,0.0
-4.28813,50,518.001049,0.0
-3.838307,50,518.036191,0.0
-3.540782,50,518.072367,0.0
-4.243526,50,518.108754,0.0
-3.441147,50,518.145053,0.0
-3.658843,50,518.181664,0.0
-4.745963,50,518.217366,0.0
-3.687844,50,518.252926,0.0
-3.651395,50,518.288831,0.0
-3.92128,50,518.325597,0.0
-3.655499,50,518.361738,0.0
-3.639762,50,518.397867,0.0
-4.395916,50,518.433906,0.0
-3.550155,50,518.46974,0.0
-3.336728,50,518.50579,0.0
-4.617852,50,518.541638,0.0
-4.833632,50,518.579236,0.0
-4.202724,50,518.61588,0.0
-3.453402,50,518.652352,0.0
-4.664867,50,518.688326,0.0
-4.368902,50,518.724905,0.0
-3.928363,50,518.760591,0.0
-4.135076,50,518.796836,0.0
-4.854295,50,518.833221,0.0
-4.038513,50,518.870484,0.0
-3.887957,50,518.906654,0.0
-3.897649,50,518.942783,0.0
-3.902227,50,518.978705,0.0
-3.996797,50,519.133755,0.0
-3.772729,50,519.171684,0.0
-3.61114,50,519.212022,0.0
-4.157394,50,519.24842,0.0
-4.488136,50,519.284694,0.0
-3.65318,50,519.321268,0.0
-4.594181,50,519.357557,0.0
-4.113598,50,519.393287,0.0
-4.259251,50,519.429341,0.0
-3.991716,50,519.464938,0.0
-4.026951,50,519.500829,0.0
-3.562405,50,519.537547,0.0
-3.655776,50,519.57377,0.0
-3.263521,50,519.609392,0.0
-3.949717,50,519.645556,0.0
-3.900032,50,519.681737,0.0
-4.373655,50,519.717789,0.0
-3.72205,50,519.753756,0.0
-3.725666,50,519.789864,0.0
-4.118636,50,519.82623,0.0
-4.542734,50,519.862164,0.0
-3.690672,50,519.897479,0.0
-4.319274,50,519.932649,0.0
-4.127894,50,519.967754,0.0
-4.182107,50,520.003584,0.0
-3.785923,50,520.040726,0.0
-4.475658,50,520.07605,0.0
-4.255491,50,520.112044,0.0
-3.936473,50,520.148466,0.0
-3.79194,50,520.185125,0.0
-4.324452,50,520.221218,0.0
-4.335684,50,520.25799,0.0
-3.510205,50,520.295139,0.0
-4.255383,50,520.333309,0.0
-4.162329,50,520.37106,0.0
-4.257886,50,520.407992,0.0
-4.134823,50,520.443771,0.0
-4.258395,50,520.480397,0.0
-3.398509,50,520.516489,0.0
-3.936128,50,520.552652,0.0
-3.928522,50,520.58949,0.0
-4.48881,50,520.742665,0.0
-4.318086,50,520.779234,0.0
-4.473089,50,520.816839,0.0
-4.3111,50,520.854402,0.0
-3.824197,50,520.890866,0.0
-3.724247,50,520.926492,0.0
-4.03796,50,520.962346,0.0
-3.722502,50,520.997808,0.0
-4.03117,50,521.033102,0.0
-3.658087,50,521.069048,0.0
-3.700644,50,521.103986,0.0
-3.455338,50,521.138862,0.0
-4.437843,50,521.174307,0.0
-4.540607,50,521.209781,0.0
-3.90555,50,521.245834,0.0
-3.544005,50,521.281628,0.0
-3.56898,50,521.317383,0.0
-4.20058,50,521.352999,0.0
-4.032217,50,521.388845,0.0
-4.203132,50,521.424975,0.0
-3.750775,50,521.46135,0.0
-4.051339,50,521.497562,0.0
-4.244396,50,521.534304,0.0
-4.052243,50,521.570844,0.0
-4.023742,50,521.607231,0.0
-3.583159,50,521.642849,0.0
-3.870027,50,521.678644,0.0
-3.898347,50,521.714949,0.0
-3.411732,50,521.750881,0.0
-3.620901,50,521.786508,0.0
-3.739366,50,521.822603,0.0
-3.774204,50,521.858571,0.0
-4.394573,50,521.894619,0.0
-3.417183,50,521.931111,0.0
-3.596877,50,521.967103,0.0
-3.990532,50,522.00293,0.0
-4.033945,50,522.038638,0.0
-3.469448,50,522.074186,0.0
-3.923635,50,522.110503,0.0
-4.067167,50,522.146627,0.0
-3.712999,50,522.182218,0.0
-4.323877,50,522.333173,0.0
-3.874315,50,522.368903,0.0
-4.216718,50,522.404986,0.0
-4.146126,50,522.44141,0.0
-4.243642,50,522.476984,0.0
-4.331099,50,522.512695,0.0
-3.818056,50,522.548383,0.0
-3.794336,50,522.584119,0.0
-3.658497,50,522.619374,0.0
-4.36192,50,522.655211,0.0
-4.514141,50,522.691809,0.0
-3.3679,50,522.727536,0.0
-4.044057,50,522.763464,0.0
-4.24519,50,522.799162,0.0
-4.698967,50,522.83449,0.0
-3.75029,50,522.870165,0.0
-4.277196,50,522.905588,0.0
-4.058371,50,522.94057,0.0
-4.037055,50,522.975726,0.0
-4.02305,50,523.011054,0.0
-4.338633,50,523.046502,0.0
-3.84726,50,523.082198,0.0
-3.763737,50,523.117889,0.0
-4.225726,50,523.153575,0.0
-3.783273,50,523.189215,0.0
-3.799313,50,523.224507,0.0
-4.104198,50,523.260263,0.0
-4.507405,50,523.296141,0.0
-3.971811,50,523.331636,0.0
-4.245913,50,523.367394,0.0
-3.911134,50,523.403488,0.0
-3.835434,50,523.439414,0.0
-3.76822,50,523.474973,0.0
-4.102098,50,523.51063,0.0
-3.814558,50,523.546429,0.0
-4.370149,50,523.582602,0.0
-3.962453,50,523.619808,0.0
-3.990405,50,523.656332,0.0
-3.752045,50,523.692865,0.0
-4.186801,50,523.730422,0.0
-3.939719,50,523.767939,0.0
-3.179408,50,523.922886,0.0
-4.036916,50,523.964784,0.0
-4.325038,50,524.004432,0.0
-4.524219,50,524.042221,0.0
-3.92046,50,524.079527,0.0
-5.001994,50,524.115504,0.0
-3.702292,50,524.150881,0.0
-3.960649,50,524.18626,0.0
-3.490145,50,524.222865,0.0
-4.017688,50,524.259455,0.0
-4.414219,50,524.295994,0.0
-3.737148,50,524.332515,0.0
-3.622088,50,524.368879,0.0
-5.058476,50,524.405029,0.0
-3.698473,50,524.441737,0.0
-3.843841,50,524.478863,0.0
-4.138896,50,524.515272,0.0
-3.814124,50,524.551648,0.0
-4.108332,50,524.587793,0.0
-4.488067,50,524.623688,0.0
-4.393682,50,524.659911,0.0
-4.339763,50,524.696126,0.0
-3.999012,50,524.732299,0.0
-3.688841,50,524.768723,0.0
-4.194096,50,524.804967,0.0
-3.623038,50,524.841317,0.0
-3.384682,50,524.877333,0.0
-4.163573,50,524.913034,0.0
-3.807442,50,524.948908,0.0
-4.570439,50,524.984583,0.0
-3.473399,50,525.020521,0.0
-4.462852,50,525.05771,0.0
-4.179915,50,525.094205,0.0
-4.356172,50,525.129757,0.0
-3.93102,50,525.165272,0.0
-4.723817,50,525.200614,0.0
-3.844908,50,525.23637,0.0
-4.030406,50,525.271813,0.0
-4.436632,50,525.307175,0.0
-4.075185,50,525.34319,0.0
-3.754261,50,525.379551,0.0
-3.469032,50,525.531312,0.0
-4.179869,50,525.568242,0.0
-4.087706,50,525.604987,0.0
-3.397819,50,525.641617,0.0
-3.714923,50,525.678343,0.0
-3.978829,50,525.714752,0.0
-4.851715,50,525.750821,0.0
-3.953605,50,525.786534,0.0
-4.444392,50,525.82223,0.0
-4.149225,50,525.858356,0.0
-4.123535,50,525.894342,0.0
-4.377105,50,525.930228,0.0
-4.036658,50,525.966057,0.0
-3.808364,50,526.002734,0.0
-4.144713,50,526.039032,0.0
-4.60657,50,526.075239,0.0
-3.55746,50,526.111179,0.0
-3.930491,50,526.147148,0.0
-4.430558,50,526.183146,0.0
-4.196929,50,526.219903,0.0
-3.567541,50,526.255891,0.0
-4.304821,50,526.291674,0.0
-4.235443,50,526.328542,0.0
-3.966839,50,526.365039,0.0
-3.885105,50,526.401234,0.0
-3.758523,50,526.43713,0.0
-4.5989,50,526.472707,0.0
-4.000412,50,526.508445,0.0
-4.187018,50,526.544374,0.0
-3.869918,50,526.580768,0.0
-4.385814,50,526.617458,0.0
-4.250062,50,526.653333,0.0
-4.68211,50,526.688863,0.0
-4.131991,50,526.724737,0.0
-3.951649,50,526.76057,0.0
-3.844429,50,526.796434,0.0
-4.1827,50,526.832633,0.0
-3.961828,50,526.868879,0.0
-3.669718,50,526.904713,0.0
-4.24163,50,526.942503,0.0
-4.376127,50,526.978448,0.0
-4.022094,50,527.131037,0.0
-4.249091,50,527.167289,0.0
-4.052973,50,527.202878,0.0
-3.670219,50,527.238429,0.0
-3.616435,50,527.274028,0.0
-4.739425,50,527.310517,0.0
-3.675532,50,527.34636,0.0
-4.097864,50,527.382056,0.0
-4.33967,50,527.417465,0.0
-3.655169,50,527.453111,0.0
-4.982839,50,527.490922,0.0
-3.341752,50,527.528795,0.0
-3.540949,50,527.565637,0.0
-3.583609,50,527.601521,0.0
-3.986069,50,527.638721,0.0
-5.00087,50,527.676394,0.0
-4.698817,50,527.713418,0.0
-3.967548,50,527.750556,0.0
-3.893328,50,527.786127,0.0
-3.459301,50,527.821679,0.0
-4.170845,50,527.857043,0.0
-3.992129,50,527.892426,0.0
-3.217993,50,527.927893,0.0
-3.767985,50,527.964395,0.0
-3.987371,50,528.000382,0.0
-4.260273,50,528.035734,0.0
-3.928086,50,528.071719,0.0
-4.129557,50,528.107888,0.0
-4.421658,50,528.143811,0.0
-5.592723,50,528.179866,0.0
-4.072697,50,528.215792,0.0
-4.052516,50,528.251929,0.0
-4.219115,50,528.28839,0.0
-4.069813,50,528.324563,0.0
-3.781732,50,528.360811,0.0
-4.446473,50,528.396419,0.0
-3.865999,50,528.431809,0.0
-4.221793,50,528.46741,0.0
-3.314096,50,528.503588,0.0
-3.937255,50,528.539527,0.0
-4.467909,50,528.57517,0.0
-4.614906,50,528.727559,0.0
-3.571666,50,528.763725,0.0
-3.762561,50,528.800368,0.0
-4.747266,50,528.835946,0.0
-3.915688,50,528.87148,0.0
-4.746651,50,528.906938,0.0
-3.848606,50,528.942709,0.0
-3.743989,50,528.979225,0.0
-4.19981,50,529.015895,0.0
-3.846235,50,529.051869,0.0
-4.845576,50,529.087892,0.0
-4.261935,50,529.123433,0.0
-4.161301,50,529.159316,0.0
-3.8241,50,529.195436,0.0
-3.642285,50,529.233425,0.0
-3.840264,50,529.270028,0.0
-3.928653,50,529.30599,0.0
-3.785811,50,529.341666,0.0
-3.94951,50,529.378271,0.0
-4.217038,50,529.414685,0.0
-3.853323,50,529.451044,0.0
-4.297355,50,529.487262,0.0
-3.99739,50,529.524145,0.0
-3.745674,50,529.560701,0.0
-4.404974,50,529.597166,0.0
-3.858938,50,529.634052,0.0
-4.33986,50,529.670768,0.0
-4.000539,50,529.707482,0.0
-3.742811,50,529.743472,0.0
-3.929849,50,529.780194,0.0
-3.843411,50,529.817372,0.0
-3.543439,50,529.852947,0.0
-3.878735,50,529.88971,0.0
-3.924029,50,529.926649,0.0
-4.571541,50,529.963362,0.0
-3.859126,50,529.999662,0.0
-3.878567,50,530.036342,0.0
-4.465438,50,530.073872,0.0
-3.938515,50,530.110424,0.0
-4.204737,50,530.145704,0.0
-4.135643,50,530.181557,0.0
-3.642486,50,530.337038,0.0
-4.107879,50,530.372458,0.0
-4.185539,50,530.408707,0.0
-3.877164,50,530.444829,0.0
-4.151949,50,530.481693,0.0
-4.102836,50,530.518501,0.0
-4.067589,50,530.554131,0.0
-4.127514,50,530.589365,0.0
-4.646814,50,530.624901,0.0
-4.471392,50,530.660854,0.0
-3.935503,50,530.696697,0.0
-3.574104,50,530.736583,0.0
-4.031815,50,530.773216,0.0
-3.655208,50,530.809273,0.0
-4.996202,50,530.845039,0.0
-3.346466,50,530.880668,0.0
-4.586993,50,530.918683,0.0
-4.26726,50,530.955271,0.0
-3.82372,50,530.991117,0.0
-4.530705,50,531.027274,0.0
-3.540286,50,531.063963,0.0
-3.548791,50,531.100691,0.0
-4.180064,50,531.136411,0.0
-4.173879,50,531.171699,0.0
-4.396218,50,531.207742,0.0
-4.037028,50,531.243526,0.0
-3.341949,50,531.279166,0.0
-3.78904,50,531.315502,0.0
-4.495179,50,531.351989,0.0
-3.990739,50,531.388471,0.0
-4.035045,50,531.424031,0.0
-3.688188,50,531.460031,0.0
-4.006306,50,531.496289,0.0
-4.775891,50,531.532998,0.0
-4.295026,50,531.569582,0.0
-3.8165,50,531.606137,0.0
-3.812586,50,531.642024,0.0
-4.126599,50,531.67781,0.0
-3.817143,50,531.713339,0.0
-4.079828,50,531.748818,0.0
-3.905711,50,531.784347,0.0
-4.442894,50,531.939727,0.0
-3.533089,50,531.976484,0.0
-4.074782,50,532.011911,0.0
-4.471095,50,532.047592,0.0
-4.243753,50,532.084247,0.0
-3.95262,50,532.12054,0.0
-3.959745,50,532.156326,0.0
-3.697795,50,532.192667,0.0
-4.19835,50,532.229528,0.0
-3.719266,50,532.265624,0.0
-4.014513,50,532.303679,0.0
-3.422616,50,532.339907,0.0
-3.459978,50,532.376122,0.0
-3.806718,50,532.412009,0.0
-4.550742,50,532.44803,0.0
-4.136568,50,532.483714,0.0
-3.62213,50,532.519355,0.0
-4.046915,50,532.556717,0.0
-3.709235,50,532.593172,0.0
-4.866864,50,532.62919,0.0
-3.915859,50,532.665695,0.0
-4.493769,50,532.703595,0.0
-3.999121,50,532.739656,0.0
-3.426239,50,532.77524,0.0
-3.614818,50,532.811816,0.0
-4.905405,50,532.849793,0.0
-4.012487,50,532.886285,0.0
-3.917509,50,532.921985,0.0
-4.181429,50,532.958527,0.0
-4.544579,50,532.995982,0.0
-4.495857,50,533.033868,0.0
-4.413195,50,533.070661,0.0
-5.27666,50,533.106773,0.0
-3.677848,50,533.143114,0.0
-3.953944,50,533.180183,0.0
-3.573074,50,533.216653,0.0
-4.268416,50,533.252921,0.0
-3.653765,50,533.289815,0.0
-4.111394,50,533.325647,0.0
-3.473372,50,533.361331,0.0
-3.584489,50,533.397447,0.0
-4.119857,50,533.552988,0.0
-4.326929,50,533.589848,0.0
-4.079136,50,533.627699,0.0
-4.365302,50,533.665767,0.0
-4.334352,50,533.702812,0.0
-4.097214,50,533.739039,0.0
-4.179973,50,533.776294,0.0
-3.84821,50,533.81254,0.0
-4.578949,50,533.849684,0.0
-3.719898,50,533.886745,0.0
-3.432439,50,533.922729,0.0
-3.966402,50,533.958858,0.0
-4.660097,50,533.995146,0.0
-3.559899,50,534.031161,0.0
-4.607792,50,534.067131,0.0
-4.599658,50,534.103719,0.0
-4.413323,50,534.140634,0.0
-4.181699,50,534.177689,0.0
-3.543543,50,534.214378,0.0
-4.626657,50,534.251039,0.0
-4.309489,50,534.28821,0.0
-3.906723,50,534.324382,0.0
-3.882392,50,534.360416,0.0
-4.707589,50,534.397366,0.0
-3.984431,50,534.433973,0.0
-4.198231,50,534.470201,0.0
-4.538261,50,534.506182,0.0
-4.287011,50,534.542285,0.0
-4.285772,50,534.578295,0.0
-3.489931,50,534.614278,0.0
-3.397282,50,534.650396,0.0
-3.6104,50,534.686831,0.0
-4.156946,50,534.722813,0.0
-4.052035,50,534.758875,0.0
-4.667314,50,534.794853,0.0
-3.544033,50,534.831998,0.0
-4.007118,50,534.86776,0.0
-3.821942,50,534.904769,0.0
-4.180669,50,534.941089,0.0
-4.31868,50,534.977013,0.0
-4.751118,50,535.012821,0.0
-3.993355,50,535.168148,0.0
-4.260557,50,535.204958,0.0
-3.390863,50,535.241083,0.0
-4.266868,50,535.277352,0.0
-3.706312,50,535.313982,0.0
-3.805665,50,535.351034,0.0
-3.852064,50,535.387712,0.0
-3.811463,50,535.423867,0.0
-4.332151,50,535.460584,0.0
-3.939733,50,535.49568,0.0
-3.913031,50,535.53178,0.0
-3.907888,50,535.568766,0.0
-3.621953,50,535.605807,0.0
-3.844103,50,535.642383,0.0
-4.142654,50,535.679824,0.0
-4.024417,50,535.716669,0.0
-3.814469,50,535.753459,0.0
-3.713672,50,535.790142,0.0
-3.445633,50,535.827319,0.0
-4.29203,50,535.864189,0.0
-4.087138,50,535.901164,0.0
-3.7351,50,535.937769,0.0
-3.596073,50,535.974232,0.0
-4.346529,50,536.010472,0.0
-3.689976,50,536.047638,0.0
-4.625649,50,536.083497,0.0
-4.490367,50,536.12017,0.0
-3.504824,50,536.158054,0.0
-3.834477,50,536.194753,0.0
-3.949644,50,536.23083,0.0
-4.481412,50,536.267244,0.0
-4.569262,50,536.302918,0.0
-3.660521,50,536.338648,0.0
-3.473494,50,536.374078,0.0
-3.905911,50,536.410843,0.0
-3.830441,50,536.447556,0.0
-3.39427,50,536.484439,0.0
-3.490864,50,536.521064,0.0
-4.169515,50,536.559366,0.0
-3.632417,50,536.596042,0.0
-3.778755,50,536.633566,0.0
-4.461812,50,536.787979,0.0
-3.351652,50,536.825205,0.0
-4.442433,50,536.863956,0.0
-3.617515,50,536.901292,0.0
-4.284515,50,536.937265,0.0
-4.396174,50,536.973629,0.0
-4.415649,50,537.0101,0.0
-4.768486,50,537.046893,0.0
-3.846542,50,537.083326,0.0
-3.971234,50,537.120868,0.0
-3.659422,50,537.15723,0.0
-3.458095,50,537.193626,0.0
-3.79519,50,537.229881,0.0
-4.211126,50,537.266055,0.0
-3.50791,50,537.302256,0.0
-3.804745,50,537.339253,0.0
-3.800366,50,537.375533,0.0
-4.184151,50,537.412287,0.0
-4.30726,50,537.448542,0.0
-3.963282,50,537.485428,0.0
-4.48738,50,537.521568,0.0
-3.717337,50,537.557769,0.0
-4.23692,50,537.593688,0.0
-3.92884,50,537.629295,0.0
-4.122621,50,537.66564,0.0
-3.457557,50,537.701981,0.0
-3.566351,50,537.737906,0.0
-4.13819,50,537.774331,0.0
-3.733006,50,537.810359,0.0
-3.675073,50,537.846716,0.0
-4.363825,50,537.883983,0.0
-3.677491,50,537.920888,0.0
-4.250756,50,537.957628,0.0
-4.11323,50,537.995073,0.0
-3.672442,50,538.031734,0.0
-3.571515,50,538.068206,0.0
-4.434702,50,538.10547,0.0
-3.93504,50,538.142233,0.0
-4.042982,50,538.178048,0.0
-4.075252,50,538.213826,0.0
-4.190067,50,538.251246,0.0
-3.935483,50,538.405452,0.0
-4.178039,50,538.44359,0.0
-3.908986,50,538.479625,0.0
-4.11258,50,538.517731,0.0
-4.148368,50,538.55478,0.0
-5.052797,50,538.590785,0.0
-4.487982,50,538.629764,0.0
-4.078698,50,538.668509,0.0
-3.933187,50,538.704387,0.0
-3.902037,50,538.740313,0.0
-3.578016,50,538.776424,0.0
-3.64553,50,538.813761,0.0
-3.579585,50,538.849926,0.0
-4.664001,50,538.887455,0.0
-3.767032,50,538.923954,0.0
-4.717707,50,538.960343,0.0
-4.201635,50,538.996748,0.0
-4.138051,50,539.033731,0.0
-3.662247,50,539.071301,0.0
-4.100985,50,539.108126,0.0
-3.523441,50,539.144546,0.0
-4.685264,50,539.181494,0.0
-3.747896,50,539.217917,0.0
-4.684673,50,539.254216,0.0
-4.023923,50,539.290114,0.0
-4.541096,50,539.326359,0.0
-3.252672,50,539.362578,0.0
-4.180813,50,539.398297,0.0
-4.22421,50,539.434773,0.0
-4.405265,50,539.471741,0.0
-4.287157,50,539.50814,0.0
-4.166116,50,539.544614,0.0
-4.156302,50,539.581004,0.0
-4.189749,50,539.617723,0.0
-3.81128,50,539.654023,0.0
-4.081645,50,539.690164,0.0
-3.9736,50,539.726102,0.0
-3.89555,50,539.761935,0.0
-4.585564,50,539.798447,0.0
-4.280463,50,539.83529,0.0
-4.46181,50,539.871935,0.0
-3.63592,50,540.025977,0.0
-4.740619,50,540.062281,0.0
-4.058224,50,540.099798,0.0
-3.744219,50,540.136078,0.0
-3.733966,50,540.172177,0.0
-4.309849,50,540.208226,0.0
-3.717241,50,540.244817,0.0
-4.16407,50,540.280376,0.0
-3.15674,50,540.316573,0.0
-4.615317,50,540.353264,0.0
-4.573389,50,540.388982,0.0
-3.426979,50,540.425094,0.0
-3.990298,50,540.461986,0.0
-4.130631,50,540.497894,0.0
-4.14031,50,540.533957,0.0
-4.008966,50,540.570216,0.0
-3.720045,50,540.606023,0.0
-3.898223,50,540.642506,0.0
-3.705563,50,540.679204,0.0
-4.508379,50,540.715702,0.0
-3.887261,50,540.752726,0.0
-4.257856,50,540.789393,0.0
-3.458621,50,540.826455,0.0
-3.483316,50,540.863482,0.0
-3.690586,50,540.900007,0.0
-3.688132,50,540.935643,0.0
-4.060683,50,540.971963,0.0
-4.425186,50,541.008288,0.0
-4.282351,50,541.044274,0.0
-3.921445,50,541.080649,0.0
-3.666314,50,541.117302,0.0
-3.628147,50,541.154391,0.0
-3.677489,50,541.191038,0.0
-3.877266,50,541.590402,0.0
-4.899428,50,541.626295,0.0
-3.2512,50,541.66245,0.0
-4.105692,50,541.698526,0.0
-3.421709,50,541.734542,0.0
-3.867961,50,541.770401,0.0
-3.835903,50,541.806524,0.0
-4.185519,50,541.84224,0.0
-3.653046,50,541.995193,0.0
-3.988116,50,542.030937,0.0
-3.648147,50,542.066727,0.0
-3.792282,50,542.102459,0.0
-3.561286,50,542.137865,0.0
-3.438222,50,542.173701,0.0
-4.331633,50,542.210503,0.0
-3.819861,50,542.247381,0.0
-3.428596,50,542.28386,0.0
-4.977702,50,542.320515,0.0
-4.057259,50,542.356515,0.0
-4.183794,50,542.392184,0.0
-3.614829,50,542.429292,0.0
-4.239289,50,542.464903,0.0
-3.753026,50,542.501322,0.0
-4.501921,50,542.537666,0.0
-4.190125,50,542.573563,0.0
-4.079605,50,542.609531,0.0
-4.076272,50,542.645567,0.0
-3.827016,50,542.682041,0.0
-4.365217,50,542.717666,0.0
-3.949378,50,542.753506,0.0
-3.912666,50,542.788748,0.0
-3.969003,50,542.823728,0.0
-3.649089,50,542.858272,0.0
-4.091544,50,542.894289,0.0
-3.8576,50,542.929665,0.0
-3.167072,50,542.965344,0.0
-4.321542,50,543.001055,0.0
-4.582534,50,543.036818,0.0
-3.979706,50,543.071849,0.0
-3.722511,50,543.107417,0.0
-4.550044,50,543.143297,0.0
-4.619512,50,543.179292,0.0
-4.228641,50,543.215211,0.0
-3.715031,50,543.251253,0.0
-3.374358,50,543.287221,0.0
-4.448065,50,543.322632,0.0
-3.785213,50,543.358618,0.0
-4.667406,50,543.393624,0.0
-4.312506,50,543.429089,0.0
-3.871662,50,543.580005,0.0
-4.364825,50,543.615686,0.0
-4.477328,50,543.652169,0.0
-3.894695,50,543.688249,0.0
-3.953992,50,543.72334,0.0
-4.311731,50,543.759023,0.0
-4.593835,50,543.794875,0.0
-5.017959,50,543.830191,0.0
-4.880893,50,543.865401,0.0
-3.883801,50,543.900787,0.0
-4.379211,50,543.935914,0.0
-4.647767,50,543.97241,0.0
-4.51469,50,544.008058,0.0
-3.807858,50,544.043314,0.0
-3.981147,50,544.078827,0.0
-3.932835,50,544.114375,0.0
-4.199713,50,544.149751,0.0
-3.300863,50,544.185067,0.0
-4.121482,50,544.221281,0.0
-3.763105,50,544.256937,0.0
-4.439628,50,544.291999,0.0
-3.64765,50,544.327191,0.0
-4.225693,50,544.363477,0.0
-4.56255,50,544.400177,0.0
-4.431519,50,544.436483,0.0
-4.735638,50,544.47337,0.0
-3.781494,50,544.510182,0.0
-4.036412,50,544.547054,0.0
-4.576009,50,544.583101,0.0
-4.70995,50,544.619448,0.0
-3.947923,50,544.655998,0.0
-4.192992,50,544.691763,0.0
-3.98545,50,544.727151,0.0
-4.176237,50,544.762783,0.0
-4.132828,50,544.800355,0.0
-4.379137,50,544.838284,0.0
-4.076712,50,544.875193,0.0
-4.247661,50,544.912992,0.0
-3.964444,50,544.949116,0.0
-3.949604,50,544.985525,0.0
-3.50676,50,545.021493,0.0
-3.816695,50,545.178431,0.0
-4.260135,50,545.215558,0.0
-4.234842,50,545.251926,0.0
-3.521875,50,545.287499,0.0
-4.194678,50,545.323702,0.0
-3.780717,50,545.361111,0.0
-3.664028,50,545.397605,0.0
-3.788575,50,545.434029,0.0
-3.794846,50,545.469805,0.0
-4.196419,50,545.506649,0.0
-4.5361,50,545.542789,0.0
-3.797384,50,545.578893,0.0
-3.648356,50,545.615295,0.0
-4.140165,50,545.652252,0.0
-3.667615,50,545.688987,0.0
-3.876832,50,545.726559,0.0
-4.4276,50,545.762875,0.0
-3.689511,50,545.799762,0.0
-4.210286,50,545.836104,0.0
-3.839781,50,545.872053,0.0
-4.024532,50,545.908616,0.0
-4.010581,50,545.94465,0.0
-3.955203,50,545.981491,0.0
-3.902961,50,546.017173,0.0
-3.843617,50,546.053936,0.0
-3.507497,50,546.089853,0.0
-4.216764,50,546.125418,0.0
-3.920706,50,546.160873,0.0
-4.159005,50,546.196721,0.0
-4.45438,50,546.232382,0.0
-4.64783,50,546.26833,0.0
-4.039268,50,546.304678,0.0
-4.149184,50,546.340316,0.0
-3.900057,50,546.376164,0.0
-4.210038,50,546.412075,0.0
-3.594909,50,546.447755,0.0
-4.24917,50,546.483401,0.0
-3.540604,50,546.519732,0.0
-4.328256,50,546.555918,0.0
-5.297305,50,546.591537,0.0
-3.731046,50,546.627279,0.0
-4.893022,50,546.781036,0.0
-4.423764,50,546.817011,0.0
-4.256427,50,546.85297,0.0
-4.198062,50,546.888754,0.0
-3.5039,50,546.924802,0.0
-4.43965,50,546.96068,0.0
-3.536541,50,546.996591,0.0
-4.245584,50,547.032177,0.0
-4.558808,50,547.068098,0.0
-4.075841,50,547.104365,0.0
-3.597274,50,547.139722,0.0
-4.031839,50,547.175448,0.0
-4.315701,50,547.211176,0.0
-4.000035,50,547.246934,0.0
-3.621669,50,547.283139,0.0
-3.672228,50,547.319237,0.0
-4.50044,50,547.355645,0.0
-4.277598,50,547.391399,0.0
-4.575572,50,547.427243,0.0
-4.045652,50,547.463296,0.0
-3.924488,50,547.499484,0.0
-3.927997,50,547.535488,0.0
-4.329992,50,547.571853,0.0
-4.196704,50,547.608459,0.0
-4.011152,50,547.644441,0.0
-3.594046,50,547.680574,0.0
-4.032439,50,547.716601,0.0
-3.971034,50,547.752451,0.0
-3.829205,50,547.788299,0.0
-4.319317,50,547.824652,0.0
-3.619978,50,547.860503,0.0
-3.90207,50,547.896753,0.0
-3.650365,50,547.932636,0.0
-3.573988,50,547.968978,0.0
-3.957559,50,548.004537,0.0
-4.254831,50,548.04046,0.0
-4.559635,50,548.076172,0.0
-3.846431,50,548.111725,0.0
-4.102113,50,548.147349,0.0
-3.991565,50,548.183303,0.0
-4.148347,50,548.218848,0.0
-4.088789,50,548.371611,0.0
-4.331615,50,548.40747,0.0
-4.717714,50,548.442899,0.0
-4.529106,50,548.47833,0.0
-4.190486,50,548.513995,0.0
-3.29458,50,548.549909,0.0
-4.352409,50,548.585563,0.0
-3.562086,50,548.62147,0.0
-3.356499,50,548.656865,0.0
-4.078741,50,548.692737,0.0
-4.577641,50,548.72863,0.0
-3.868658,50,548.764552,0.0
-3.742511,50,548.800131,0.0
-3.988223,50,548.836052,0.0
-4.054238,50,548.871925,0.0
-4.007562,50,548.908262,0.0
-4.528139,50,548.944235,0.0
-3.711269,50,548.979965,0.0
-4.147475,50,549.016046,0.0
-4.404808,50,549.051626,0.0
-3.679237,50,549.087323,0.0
-3.811259,50,549.123063,0.0
-3.845264,50,549.158943,0.0
-4.11541,50,549.194388,0.0
-4.348394,50,549.22984,0.0
-4.421461,50,549.265893,0.0
-3.903489,50,549.301499,0.0
-4.080868,50,549.337028,0.0
-4.348049,50,549.37289,0.0
-4.46734,50,549.409437,0.0
-4.378034,50,549.445432,0.0
-3.759001,50,549.482411,0.0
-4.033956,50,549.518863,0.0
-4.390621,50,549.555266,0.0
-4.205063,50,549.591509,0.0
-4.161198,50,549.627135,0.0
-4.339674,50,549.662771,0.0
-4.041456,50,549.698586,0.0
-3.883337,50,549.734824,0.0
-3.936938,50,549.773813,0.0
-3.747833,50,549.80965,0.0
-3.721623,50,549.96516,0.0
-3.68926,50,550.001782,0.0
-4.167462,50,550.038697,0.0
-3.988701,50,550.074409,0.0
-3.694198,50,550.109882,0.0
-3.968348,50,550.146511,0.0
-4.32746,50,550.183028,0.0
-3.540914,50,550.219117,0.0
-3.968583,50,550.254631,0.0
-3.513605,50,550.290846,0.0
-4.105378,50,550.328338,0.0
-4.120527,50,550.365521,0.0
-3.926667,50,550.401413,0.0
-3.662145,50,550.437385,0.0
-3.796097,50,550.474526,0.0
-3.667303,50,550.512022,0.0
-3.932667,50,550.548369,0.0
-4.964615,50,550.584766,0.0
-3.93539,50,550.622713,0.0
-4.258661,50,550.659284,0.0
-4.049355,50,550.695977,0.0
-4.205871,50,550.732319,0.0
-4.335946,50,550.769765,0.0
-4.810749,50,550.805898,0.0
-3.413306,50,550.841774,0.0
-4.539466,50,550.878188,0.0
-3.70181,50,550.916112,0.0
-3.878695,50,550.952158,0.0
-4.373343,50,550.988257,0.0
-3.480716,50,551.025549,0.0
-3.91222,50,551.062493,0.0
-3.708677,50,551.098639,0.0
-3.494921,50,551.134814,0.0
-4.630613,50,551.171066,0.0
-3.675363,50,551.207143,0.0
-4.272661,50,551.243171,0.0
-4.585104,50,551.279132,0.0
-4.350434,50,551.315531,0.0
-4.206607,50,551.351608,0.0
-4.82583,50,551.38754,0.0
-4.055965,50,551.424231,0.0
-3.678122,50,551.585144,0.0
-3.820308,50,551.621591,0.0
-4.062315,50,551.657461,0.0
-3.80943,50,551.693948,0.0
-4.474541,50,551.730195,0.0
-4.175162,50,551.766646,0.0
-4.290992,50,551.803118,0.0
-4.125769,50,551.839807,0.0
-4.58011,50,551.875647,0.0
-4.355071,50,551.911352,0.0
-4.476041,50,551.947802,0.0
-3.527163,50,551.983758,0.0
-3.495461,50,552.020619,0.0
-4.16134,50,552.05716,0.0
-4.133805,50,552.094253,0.0
-4.321818,50,552.130838,0.0
-3.853927,50,552.167267,0.0
-4.012974,50,552.202992,0.0
-4.032232,50,552.238949,0.0
-5.152342,50,552.274575,0.0
-4.15106,50,552.312942,0.0
-4.505373,50,552.350093,0.0
-3.947983,50,552.386732,0.0
-4.337881,50,552.423082,0.0
-3.930038,50,552.459418,0.0
-4.221328,50,552.495398,0.0
-3.810721,50,552.532269,0.0
-3.265218,50,552.569702,0.0
-4.13347,50,552.604996,0.0
-4.188525,50,552.640814,0.0
-4.178441,50,552.677828,0.0
-4.456989,50,552.714245,0.0
-3.966724,50,552.750487,0.0
-3.476246,50,552.786244,0.0
-3.935853,50,552.82232,0.0
-4.684095,50,552.858324,0.0
-4.285234,50,552.893516,0.0
-4.179885,50,552.930673,0.0
-4.429441,50,552.966698,0.0
-3.707848,50,553.002762,0.0
-3.749497,50,553.038274,0.0
-4.105922,50,553.190703,0.0
-3.811009,50,553.227238,0.0
-4.488404,50,553.262828,0.0
-3.98422,50,553.298502,0.0
-3.532851,50,553.334125,0.0
-3.643777,50,553.369807,0.0
-4.002288,50,553.405464,0.0
-4.506839,50,553.441754,0.0
-3.752682,50,553.477899,0.0
-4.981906,50,553.513756,0.0
-4.207742,50,553.549041,0.0
-3.31819,50,553.585132,0.0
-3.616658,50,553.6208,0.0
-4.309484,50,553.657237,0.0
-4.872588,50,553.693396,0.0
-4.047153,50,553.729631,0.0
-4.08576,50,553.76557,0.0
-4.26449,50,553.801552,0.0
-4.608413,50,553.837071,0.0
-3.389529,50,553.873214,0.0
-3.702251,50,553.90969,0.0
-3.91065,50,553.945978,0.0
-4.096988,50,553.981456,0.0
-4.051669,50,554.017652,0.0
-3.549843,50,554.053591,0.0
-3.600811,50,554.089677,0.0
-4.156493,50,554.125621,0.0
-3.778989,50,554.161973,0.0
-4.069909,50,554.198129,0.0
-3.824249,50,554.234136,0.0
-3.405837,50,554.270019,0.0
-3.868407,50,554.306201,0.0
-4.026096,50,554.342062,0.0
-4.084734,50,554.378107,0.0
-4.543572,50,554.413976,0.0
-4.203222,50,554.449452,0.0
-3.630703,50,554.485407,0.0
-5.091269,50,554.52114,0.0
-4.455594,50,554.556198,0.0
-3.898391,50,554.592116,0.0
-4.033557,50,554.628685,0.0
-4.264192,50,554.78186,0.0
-3.820803,50,554.81787,0.0
-4.441704,50,554.85381,0.0
-4.253671,50,554.889657,0.0
-3.950943,50,554.926318,0.0
-4.273954,50,554.962325,0.0
-3.788449,50,554.998174,0.0
-4.550453,50,555.033919,0.0
-4.369094,50,555.069935,0.0
-4.522732,50,555.107105,0.0
-3.498555,50,555.142285,0.0
-3.941403,50,555.178527,0.0
-4.563767,50,555.214468,0.0
-3.869322,50,555.251094,0.0
-4.412068,50,555.286988,0.0
-4.265327,50,555.323142,0.0
-4.25517,50,555.359217,0.0
-3.525749,50,555.396672,0.0
-3.499945,50,555.434216,0.0
-4.518096,50,555.471004,0.0
-4.446263,50,555.508028,0.0
-3.859715,50,555.544285,0.0
-3.510344,50,555.579801,0.0
-3.763188,50,555.61567,0.0
-4.014864,50,555.651136,0.0
-3.857985,50,555.686703,0.0
-4.209343,50,555.722184,0.0
-4.321508,50,555.757816,0.0
-3.828754,50,555.793294,0.0
-3.908873,50,555.829712,0.0
-3.719425,50,555.866284,0.0
-3.647008,50,555.902336,0.0
-3.705952,50,555.939127,0.0
-3.497452,50,555.975134,0.0
-4.16688,50,556.010519,0.0
-3.907309,50,556.046344,0.0
-3.185619,50,556.082162,0.0
-4.524712,50,556.117996,0.0
-3.694782,50,556.153739,0.0
-3.978229,50,556.189988,0.0
-4.053,50,556.340993,0.0
-4.001418,50,556.377797,0.0
-4.599173,50,556.414529,0.0
-3.424078,50,556.452858,0.0
-3.681842,50,556.489322,0.0
-4.134127,50,556.525284,0.0
-4.038207,50,556.561634,0.0
-3.930424,50,556.598936,0.0
-3.980898,50,556.638165,0.0
-3.956942,50,556.674624,0.0
-3.724627,50,556.711845,0.0
-4.027898,50,556.749722,0.0
-3.53139,50,556.786318,0.0
-4.255593,50,556.822255,0.0
-3.525496,50,556.858909,0.0
-3.947296,50,556.895987,0.0
-4.69675,50,556.931721,0.0
-4.036031,50,556.967638,0.0
-4.412479,50,557.003335,0.0
-4.045895,50,557.038714,0.0
-3.885688,50,557.074528,0.0
-4.571521,50,557.110243,0.0
-3.96523,50,557.145812,0.0
-4.931414,50,557.180843,0.0
-3.929561,50,557.217478,0.0
-4.030971,50,557.253669,0.0
-4.085862,50,557.289799,0.0
-3.95499,50,557.32624,0.0
-4.126744,50,557.362646,0.0
-4.181873,50,557.398853,0.0
-3.914645,50,557.434917,0.0
-4.287992,50,557.471177,0.0
-4.576416,50,557.507287,0.0
-3.934361,50,557.543302,0.0
-4.628441,50,557.579507,0.0
-4.344391,50,557.61581,0.0
-3.837261,50,557.652307,0.0
-3.716902,50,557.688192,0.0
-4.363167,50,557.724303,0.0
-3.871461,50,557.760531,0.0
-4.612606,50,557.79631,0.0
-5.089435,50,557.946032,0.0
-4.807965,50,557.981812,0.0
-4.41968,50,558.018035,0.0
-4.871704,50,558.054546,0.0
-3.66541,50,558.090885,0.0
-4.050972,50,558.126546,0.0
-3.763798,50,558.161598,0.0
-4.124768,50,558.197137,0.0
-3.768299,50,558.233232,0.0
-3.904092,50,558.26924,0.0
-4.10657,50,558.304807,0.0
-3.721555,50,558.341246,0.0
-3.898722,50,558.379202,0.0
-4.258368,50,558.41535,0.0
-3.756221,50,558.451774,0.0
-3.934176,50,558.487773,0.0
-3.954917,50,558.52501,0.0
-4.194291,50,558.561526,0.0
-4.30777,50,558.598,0.0
-4.502689,50,558.634171,0.0
-4.350396,50,558.671299,0.0
-4.860702,50,558.707571,0.0
-4.228145,50,558.743735,0.0
-3.98288,50,558.780159,0.0
-3.700659,50,558.81639,0.0
-3.877332,50,558.852332,0.0
-3.421485,50,558.890712,0.0
-4.162138,50,558.927997,0.0
-4.46316,50,558.964719,0.0
-4.446389,50,559.000876,0.0
-4.191335,50,559.038804,0.0
-4.141794,50,559.075043,0.0
-4.503253,50,559.111731,0.0
-4.489092,50,559.149324,0.0
-4.348308,50,559.185688,0.0
-4.673055,50,559.221731,0.0
-3.943401,50,559.257723,0.0
-4.037897,50,559.294977,0.0
-3.673716,50,559.332161,0.0
-4.377217,50,559.368772,0.0
-4.328558,50,559.405434,0.0
-3.892663,50,559.559178,0.0
-3.940872,50,559.595325,0.0
-4.047495,50,559.631674,0.0
-4.38315,50,559.667785,0.0
-3.421789,50,559.703729,0.0
-3.267845,50,559.739857,0.0
-3.838535,50,559.776437,0.0
-4.177487,50,559.812882,0.0
-3.674604,50,559.849279,0.0
-3.920896,50,559.885255,0.0
-4.721599,50,559.92149,0.0
-5.192373,50,559.957306,0.0
-3.871584,50,559.993266,0.0
-4.237076,50,560.029489,0.0
-3.82833,50,560.065159,0.0
-4.507179,50,560.101379,0.0
-3.970924,50,560.137556,0.0
-3.264164,50,560.172794,0.0
-4.043705,50,560.208179,0.0
-3.889009,50,560.2436,0.0
-3.751528,50,560.279691,0.0
-4.639031,50,560.315511,0.0
-2.998039,50,560.351266,0.0
-4.184637,50,560.387258,0.0
-4.989557,50,560.423266,0.0
-3.698851,50,560.459389,0.0
-4.113141,50,560.495587,0.0
-4.038045,50,560.531635,0.0
-4.14605,50,560.567161,0.0
-3.992519,50,560.603359,0.0
-3.482647,50,560.639176,0.0
-3.615364,50,560.674767,0.0
-4.335846,50,560.710299,0.0
-4.137399,50,560.745987,0.0
-4.536763,50,560.781405,0.0
-3.655712,50,560.81769,0.0
-4.295912,50,560.853591,0.0
-4.010301,50,560.889086,0.0
-4.285896,50,560.925143,0.0
-4.445354,50,560.961641,0.0
-3.568524,50,560.997601,0.0
-4.784489,50,561.1493,0.0
-4.004511,50,561.1849,0.0
-4.287543,50,561.220255,0.0
-4.149016,50,561.255867,0.0
-4.375922,50,561.291586,0.0
-3.625412,50,561.327556,0.0
-4.730546,50,561.364116,0.0
-4.522651,50,561.40013,0.0
-4.764143,50,561.436107,0.0
-3.95639,50,561.472333,0.0
-4.12291,50,561.507979,0.0
-3.716549,50,561.543481,0.0
-3.711997,50,561.579375,0.0
-3.949702,50,561.615185,0.0
-3.488488,50,561.650767,0.0
-4.484173,50,561.686987,0.0
-4.254695,50,561.722751,0.0
-4.566696,50,561.758535,0.0
-4.523752,50,561.794821,0.0
-3.606096,50,561.830523,0.0
-3.842121,50,561.866269,0.0
-4.528709,50,561.902409,0.0
-3.475881,50,561.937988,0.0
-3.379768,50,561.973897,0.0
-3.508381,50,562.009288,0.0
-4.613024,50,562.044912,0.0
-3.723646,50,562.080845,0.0
-3.609305,50,562.117152,0.0
-4.418339,50,562.153196,0.0
-3.463265,50,562.189256,0.0
-4.487424,50,562.225535,0.0
-4.215214,50,562.26164,0.0
-3.394558,50,562.297388,0.0
-3.963943,50,562.333169,0.0
-4.124493,50,562.368731,0.0
-4.403684,50,562.404575,0.0
-4.139923,50,562.440725,0.0
-4.169949,50,562.476934,0.0
-3.396087,50,562.512909,0.0
-4.115193,50,562.547946,0.0
-4.262615,50,562.583645,0.0
-4.058724,50,562.73641,0.0
-4.331682,50,562.772882,0.0
-3.942231,50,562.809121,0.0
-4.020036,50,562.845147,0.0
-4.41062,50,562.881047,0.0
-4.463876,50,562.916942,0.0
-3.652643,50,562.95302,0.0
-4.247816,50,562.989025,0.0
-4.236525,50,563.024926,0.0
-3.834362,50,563.060772,0.0
-4.553891,50,563.097112,0.0
-4.309408,50,563.132802,0.0
-4.326242,50,563.168364,0.0
-3.831604,50,563.20398,0.0
-3.7189,50,563.240704,0.0
-3.934575,50,563.277431,0.0
-3.74269,50,563.313937,0.0
-3.967157,50,563.350449,0.0
-3.958686,50,563.386546,0.0
-3.83115,50,563.42299,0.0
-4.236292,50,563.459622,0.0
-3.819894,50,563.496136,0.0
-4.087947,50,563.531968,0.0
-4.022442,50,563.568256,0.0
-3.817439,50,563.604832,0.0
-4.008614,50,563.641825,0.0
-4.053847,50,563.678089,0.0
-4.657871,50,563.714591,0.0
-4.140804,50,563.750599,0.0
-3.842256,50,563.786352,0.0
-4.02459,50,563.822076,0.0
-3.617627,50,563.857837,0.0
-3.985498,50,563.893567,0.0
-3.771401,50,563.929827,0.0
-3.95863,50,563.965944,0.0
-3.953078,50,564.002618,0.0
-3.52778,50,564.038022,0.0
-3.788461,50,564.073875,0.0
-3.831968,50,564.110547,0.0
-3.885933,50,564.147185,0.0
-3.858529,50,564.184614,0.0
-3.884379,50,564.340276,0.0
-3.819449,50,564.377108,0.0
-4.113446,50,564.414032,0.0
-3.732675,50,564.450126,0.0
-3.894091,50,564.487467,0.0
-4.514642,50,564.523425,0.0
-3.582078,50,564.559767,0.0
-3.781041,50,564.595865,0.0
-4.07488,50,564.631829,0.0
-3.753823,50,564.667959,0.0
-4.117078,50,564.704128,0.0
-3.681895,50,564.740026,0.0
-4.793254,50,564.776894,0.0
-3.683,50,564.813017,0.0
-3.848605,50,564.849936,0.0
-4.507538,50,564.886648,0.0
-3.790289,50,564.922687,0.0
-4.450345,50,564.958281,0.0
-4.101829,50,564.994426,0.0
-4.544073,50,565.030762,0.0
-3.74445,50,565.068861,0.0
-3.309656,50,565.105506,0.0
-3.77053,50,565.143573,0.0
-4.464728,50,565.18014,0.0
-3.254259,50,565.216751,0.0
-4.093675,50,565.253198,0.0
-3.922395,50,565.290325,0.0
-3.729426,50,565.326391,0.0
-4.011085,50,565.364125,0.0
-3.627473,50,565.401092,0.0
-4.042709,50,565.43658,0.0
-3.729242,50,565.47447,0.0
-3.64832,50,565.51014,0.0
-4.015059,50,565.545839,0.0
-4.846968,50,565.581974,0.0
-3.879387,50,565.618123,0.0
-3.998821,50,565.653993,0.0
-3.607926,50,565.691046,0.0
-3.707832,50,565.727131,0.0
-3.434891,50,565.763445,0.0
-3.565452,50,565.799827,0.0
-4.294117,50,565.953056,0.0
-4.134312,50,565.989768,0.0
-3.192606,50,566.026137,0.0
-4.280669,50,566.061794,0.0
-4.056163,50,566.097441,0.0
-4.064613,50,566.133585,0.0
-4.734183,50,566.169757,0.0
-4.128951,50,566.205545,0.0
-3.9537,50,566.241762,0.0
-3.618819,50,566.278449,0.0
-3.847958,50,566.314978,0.0
-4.066213,50,566.351542,0.0
-4.075024,50,566.388634,0.0
-4.016538,50,566.424517,0.0
-4.412903,50,566.460452,0.0
-4.239511,50,566.49682,0.0
-3.946418,50,566.533405,0.0
-3.998942,50,566.570372,0.0
-3.356134,50,566.606941,0.0
-4.152253,50,566.643843,0.0
-3.567337,50,566.680465,0.0
-3.769809,50,566.716382,0.0
-3.888973,50,566.752282,0.0
-4.27214,50,566.788287,0.0
-3.508174,50,566.824741,0.0
-4.905238,50,566.860819,0.0
-3.312996,50,566.898142,0.0
-3.477704,50,566.93408,0.0
-3.932495,50,566.969468,0.0
-4.097735,50,567.005013,0.0
-4.143059,50,567.041024,0.0
-4.081359,50,567.076282,0.0
-4.142836,50,567.112672,0.0
-4.659518,50,567.149001,0.0
-4.21738,50,567.184631,0.0
-4.126942,50,567.220867,0.0
-3.877989,50,567.256552,0.0
-4.327968,50,567.291833,0.0
-4.236137,50,567.327375,0.0
-3.937409,50,567.363031,0.0
-4.085877,50,567.39933,0.0
-4.272874,50,567.549875,0.0
-3.726958,50,567.585615,0.0
-4.374614,50,567.622111,0.0
-4.649561,50,567.658441,0.0
-4.078102,50,567.694906,0.0
-3.837332,50,567.731803,0.0
-4.088259,50,567.767907,0.0
-3.519019,50,567.803825,0.0
-3.542006,50,567.840318,0.0
-3.465647,50,567.876901,0.0
-4.014432,50,567.913565,0.0
-4.068956,50,567.950391,0.0
-4.491922,50,567.988356,0.0
-3.562688,50,568.027526,0.0
-3.585997,50,568.064419,0.0
-4.700056,50,568.101693,0.0
-3.68023,50,568.139499,0.0
-3.730728,50,568.176327,0.0
-4.118173,50,568.212594,0.0
-3.874096,50,568.249779,0.0
-3.999748,50,568.286528,0.0
-4.433598,50,568.324165,0.0
-4.412012,50,568.360388,0.0
-4.338927,50,568.397167,0.0
-3.876643,50,568.433313,0.0
-3.862742,50,568.469115,0.0
-4.243337,50,568.504639,0.0
-3.903603,50,568.541054,0.0
-4.592978,50,568.577783,0.0
-4.299056,50,568.613717,0.0
-4.431048,50,568.650305,0.0
-4.03522,50,568.686546,0.0
-3.623327,50,568.722688,0.0
-4.001019,50,568.758882,0.0
-4.70834,50,568.794911,0.0
-4.826875,50,568.83123,0.0
-4.262675,50,568.868089,0.0
-3.86643,50,568.908156,0.0
-3.240218,50,568.945311,0.0
-4.445986,50,568.982844,0.0
-4.432109,50,569.02008,0.0
-4.259636,50,569.171852,0.0
-3.835164,50,569.207823,0.0
-4.382912,50,569.243977,0.0
-4.247635,50,569.281702,0.0
-3.760524,50,569.318204,0.0
-3.924244,50,569.354362,0.0
-4.182474,50,569.390053,0.0
-3.875105,50,569.426057,0.0
-4.58953,50,569.461967,0.0
-4.12935,50,569.498053,0.0
-3.767237,50,569.534644,0.0
-3.416684,50,569.570704,0.0
-3.94656,50,569.607478,0.0
-3.749547,50,569.644065,0.0
-4.562591,50,569.679992,0.0
-3.894722,50,569.716044,0.0
-4.068783,50,569.752196,0.0
-3.963962,50,569.788306,0.0
-3.869697,50,569.82568,0.0
-4.006142,50,569.86231,0.0
-4.469241,50,569.899238,0.0
-4.117224,50,569.935138,0.0
-3.87632,50,569.971686,0.0
-3.990559,50,570.007931,0.0
-4.823034,50,570.044368,0.0
-4.764693,50,570.080234,0.0
-4.819673,50,570.116406,0.0
-4.198088,50,570.153429,0.0
-3.86175,50,570.189669,0.0
-4.210677,50,570.226469,0.0
-4.664683,50,570.262042,0.0
-4.385162,50,570.298586,0.0
-3.798655,50,570.335266,0.0
-4.256367,50,570.371821,0.0
-4.075235,50,570.408154,0.0
-3.958758,50,570.445105,0.0
-4.039538,50,570.481748,0.0
-3.680999,50,570.518236,0.0
-4.010669,50,570.554609,0.0
-4.480385,50,570.589883,0.0
-4.396126,50,570.624812,0.0
-4.154738,50,570.777799,0.0
-3.788471,50,570.814096,0.0
-4.519192,50,570.849889,0.0
-3.175316,50,570.885994,0.0
-4.565844,50,570.92241,0.0
-4.338384,50,570.957961,0.0
-4.166625,50,570.993748,0.0
-3.638722,50,571.030051,0.0
-3.924909,50,571.066002,0.0
-4.153532,50,571.101741,0.0
-4.303974,50,571.137661,0.0
-3.97298,50,571.173318,0.0
-4.661237,50,571.209644,0.0
-4.665996,50,571.245399,0.0
-4.210634,50,571.280901,0.0
-3.700401,50,571.317116,0.0
-3.411146,50,571.353123,0.0
-3.816338,50,571.389202,0.0
-3.741509,50,571.425045,0.0
-3.905092,50,571.461088,0.0
-3.699705,50,571.498311,0.0
-4.023829,50,571.534648,0.0
-3.56631,50,571.571069,0.0
-3.857983,50,571.606879,0.0
-3.957705,50,571.642651,0.0
-4.858295,50,571.679256,0.0
-3.911574,50,571.71495,0.0
-3.795467,50,571.751226,0.0
-4.44014,50,571.787567,0.0
-5.081317,50,571.823139,0.0
-3.769522,50,571.858987,0.0
-4.400662,50,571.895001,0.0
-3.605094,50,571.931175,0.0
-4.254676,50,571.967008,0.0
-3.915951,50,572.002561,0.0
-3.815459,50,572.038846,0.0
-3.922488,50,572.075094,0.0
-3.956545,50,572.110812,0.0
-4.484378,50,572.147435,0.0
-4.289449,50,572.183282,0.0
-3.570967,50,572.219231,0.0
-4.053312,50,572.380466,0.0
-4.271431,50,572.416691,0.0
-4.095902,50,572.452767,0.0
-4.128117,50,572.489048,0.0
-3.857376,50,572.525384,0.0
-4.115974,50,572.561486,0.0
-4.476751,50,572.597238,0.0
-3.926354,50,572.63333,0.0
-3.773648,50,572.669128,0.0
-3.774164,50,572.705525,0.0
-3.562616,50,572.74179,0.0
-3.632521,50,572.778017,0.0
-4.35726,50,572.814021,0.0
-3.771093,50,572.850224,0.0
-3.422246,50,572.88653,0.0
-4.173355,50,572.923228,0.0
-3.833085,50,572.959573,0.0
-4.314653,50,572.995898,0.0
-3.951247,50,573.031619,0.0
-3.966267,50,573.068318,0.0
-4.232601,50,573.104174,0.0
-4.200651,50,573.140535,0.0
-4.657806,50,573.176558,0.0
-4.490845,50,573.212701,0.0
-3.746743,50,573.248676,0.0
-4.749123,50,573.284732,0.0
-4.532622,50,573.320468,0.0
-4.034884,50,573.35623,0.0
-3.757335,50,573.392265,0.0
-4.423452,50,573.428208,0.0
-4.628822,50,573.464443,0.0
-3.580889,50,573.499721,0.0
-3.556424,50,573.535379,0.0
-3.987484,50,573.571005,0.0
-3.469723,50,573.607239,0.0
-4.489438,50,573.643277,0.0
-4.344379,50,573.679187,0.0
-4.018995,50,573.715025,0.0
-3.562743,50,573.751119,0.0
-4.333936,50,573.787246,0.0
-3.938205,50,573.823267,0.0
-4.716208,50,573.975231,0.0
-3.261617,50,574.011574,0.0
-3.63713,50,574.047475,0.0
-3.475621,50,574.08442,0.0
-4.306208,50,574.120159,0.0
-3.740979,50,574.156262,0.0
-4.441586,50,574.192369,0.0
-3.657893,50,574.228727,0.0
-3.991026,50,574.265341,0.0
-4.598055,50,574.302184,0.0
-4.156895,50,574.338357,0.0
-4.620899,50,574.374224,0.0
-3.918637,50,574.410153,0.0
-3.365296,50,574.446455,0.0
-3.753806,50,574.482434,0.0
-3.897386,50,574.518688,0.0
-3.697842,50,574.554455,0.0
-4.436126,50,574.589924,0.0
-3.707678,50,574.625698,0.0
-3.932628,50,574.661723,0.0
-3.665633,50,574.697735,0.0
-3.641563,50,574.733904,0.0
-4.161595,50,574.77002,0.0
-4.517457,50,574.806347,0.0
-3.656344,50,574.842207,0.0
-3.748519,50,574.87799,0.0
-4.558308,50,574.913515,0.0
-3.710306,50,574.949317,0.0
-4.024379,50,574.985051,0.0
-3.793008,50,575.020782,0.0
-3.851741,50,575.057172,0.0
-4.30969,50,575.093394,0.0
-3.913112,50,575.130021,0.0
-4.304589,50,575.165926,0.0
-4.093009,50,575.202755,0.0
-3.618379,50,575.23923,0.0
-3.710283,50,575.275188,0.0
-3.931851,50,575.311355,0.0
-3.548819,50,575.348119,0.0
-3.762487,50,575.384293,0.0
-3.535639,50,575.420555,0.0
-3.493619,50,575.574295,0.0
-4.349211,50,575.610914,0.0
-3.407517,50,575.647918,0.0
-3.935635,50,575.684522,0.0
-4.596556,50,575.72058,0.0
-4.53115,50,575.756395,0.0
-4.054202,50,575.792451,0.0
-3.953789,50,575.827929,0.0
-3.748787,50,575.865649,0.0
-3.419778,50,575.902555,0.0
-4.091419,50,575.938293,0.0
-3.94538,50,575.974438,0.0
-4.201131,50,576.010935,0.0
-4.488371,50,576.047017,0.0
-4.313093,50,576.08336,0.0
-3.784227,50,576.119966,0.0
-3.711597,50,576.156146,0.0
-4.243312,50,576.194829,0.0
-3.976221,50,576.233275,0.0
-3.884765,50,576.269029,0.0
-3.655985,50,576.305145,0.0
-3.787759,50,576.341445,0.0
-4.023539,50,576.376995,0.0
-3.842935,50,576.412506,0.0
-3.989759,50,576.448652,0.0
-3.943944,50,576.485532,0.0
-4.493839,50,576.523071,0.0
-4.721183,50,576.559442,0.0
-4.554619,50,576.595586,0.0
-3.978407,50,576.632206,0.0
-3.610827,50,576.668919,0.0
-4.36004,50,576.705242,0.0
-4.051712,50,576.741458,0.0
-4.17099,50,576.778059,0.0
-4.073833,50,576.814314,0.0
-3.65778,50,576.852813,0.0
-3.991222,50,576.889327,0.0
-4.716675,50,576.925257,0.0
-4.62887,50,576.961468,0.0
-4.277585,50,576.998558,0.0
-4.237153,50,577.036372,0.0
-4.24547,50,577.19219,0.0
-3.477229,50,577.228512,0.0
-3.778973,50,577.264382,0.0
-4.538489,50,577.300019,0.0
-4.412832,50,577.336144,0.0
-3.711978,50,577.373217,0.0
-3.856424,50,577.41012,0.0
-4.108941,50,577.446486,0.0
-4.385821,50,577.482474,0.0
-4.433723,50,577.518132,0.0
-3.868077,50,577.555044,0.0
-4.556864,50,577.592464,0.0
-4.160379,50,577.629302,0.0
-3.775841,50,577.665857,0.0
-3.820708,50,577.702969,0.0
-4.303648,50,577.739073,0.0
-3.733915,50,577.775838,0.0
-4.153425,50,577.812789,0.0
-4.093639,50,577.850086,0.0
-3.929642,50,577.886924,0.0
-3.578713,50,577.922952,0.0
-4.140778,50,577.961294,0.0
-4.227896,50,577.997609,0.0
-4.301769,50,578.03344,0.0
-3.680571,50,578.069137,0.0
-3.743444,50,578.10611,0.0
-3.960731,50,578.14516,0.0
-3.441883,50,578.181685,0.0
-4.706931,50,578.218501,0.0
-4.46748,50,578.255825,0.0
-3.817937,50,578.292407,0.0
-4.090843,50,578.328545,0.0
-4.612558,50,578.364975,0.0
-3.843005,50,578.40186,0.0
-3.515712,50,578.440081,0.0
-3.946128,50,578.476679,0.0
-4.243701,50,578.514189,0.0
-4.464533,50,578.55098,0.0
-3.526115,50,578.586714,0.0
-3.991426,50,578.623106,0.0
-3.737975,50,578.659373,0.0
-4.047999,50,578.814326,0.0
-4.483962,50,578.851463,0.0
-4.313862,50,578.888552,0.0
-3.992638,50,578.924708,0.0
-4.603715,50,578.960924,0.0
-3.826458,50,578.997011,0.0
-3.735493,50,579.032966,0.0
-4.070005,50,579.068997,0.0
-4.187952,50,579.105007,0.0
-3.475526,50,579.141644,0.0
-3.919932,50,579.177684,0.0
-3.519515,50,579.21377,0.0
-3.871005,50,579.249986,0.0
-4.060155,50,579.286625,0.0
-5.867135,50,579.322731,0.0
-3.900435,50,579.358783,0.0
-4.367106,50,579.395387,0.0
-3.333219,50,579.431725,0.0
-3.842286,50,579.46757,0.0
-4.024278,50,579.503782,0.0
-3.325935,50,579.54025,0.0
-4.32405,50,579.576263,0.0
-3.678151,50,579.612412,0.0
-3.817719,50,579.648986,0.0
-4.074142,50,579.685943,0.0
-3.845424,50,579.722046,0.0
-3.555967,50,579.758047,0.0
-4.147557,50,579.79357,0.0
-4.15812,50,579.830484,0.0
-3.833545,50,579.866599,0.0
-4.481388,50,579.902594,0.0
-3.372636,50,579.938603,0.0
-3.812634,50,579.975967,0.0
-4.058695,50,580.01316,0.0
-4.208047,50,580.049758,0.0
-4.028395,50,580.08657,0.0
-3.703006,50,580.123775,0.0
-4.24987,50,580.160471,0.0
-3.960536,50,580.197845,0.0
-4.015238,50,580.233551,0.0
-4.292643,50,580.269891,0.0
-4.038825,50,580.422462,0.0
-3.967109,50,580.458494,0.0
-4.197626,50,580.494502,0.0
-4.031758,50,580.530462,0.0
-4.259385,50,580.566193,0.0
-3.837746,50,580.602108,0.0
-3.612175,50,580.63826,0.0
-3.935075,50,580.675054,0.0
-4.458289,50,580.711351,0.0
-3.814579,50,581.104226,0.0
-3.904763,50,581.140538,0.0
-4.287495,50,581.176963,0.0
-4.744393,50,581.213008,0.0
-4.137768,50,581.249155,0.0
-4.294803,50,581.285229,0.0
-3.732426,50,581.321212,0.0
-4.231402,50,581.356926,0.0
-4.284715,50,581.392406,0.0
-4.579157,50,581.428092,0.0
-3.588001,50,581.465025,0.0
-3.70964,50,581.501241,0.0
-3.807046,50,581.536794,0.0
-3.905947,50,581.572671,0.0
-4.260811,50,581.609117,0.0
-3.80299,50,581.645132,0.0
-3.749638,50,581.68094,0.0
-3.946407,50,581.717293,0.0
-3.759504,50,581.753676,0.0
-3.769683,50,581.789568,0.0
-4.740937,50,581.825912,0.0
-3.835043,50,581.861612,0.0
-3.964485,50,581.897367,0.0
-3.792812,50,581.932976,0.0
-3.534298,50,581.96892,0.0
-3.623559,50,582.004826,0.0
-4.126663,50,582.040556,0.0
-3.871584,50,582.075961,0.0
-4.141547,50,582.111249,0.0
-4.516218,50,582.148022,0.0
-4.048372,50,582.183491,0.0
-4.279583,50,582.219397,0.0
-4.06312,50,582.37134,0.0
-3.425619,50,582.407344,0.0
-3.684121,50,582.443449,0.0
-4.301584,50,582.479993,0.0
-4.526808,50,582.516601,0.0
-4.112543,50,582.55311,0.0
-4.39223,50,582.589366,0.0
-3.782871,50,582.626242,0.0
-4.066585,50,582.662131,0.0
-4.878632,50,582.697757,0.0
-3.960279,50,582.73343,0.0
-4.10031,50,582.769496,0.0
-4.297617,50,582.805788,0.0
-4.098663,50,582.842,0.0
-4.39602,50,582.878629,0.0
-4.589518,50,582.914602,0.0
-4.472579,50,582.950766,0.0
-3.711682,50,582.986544,0.0
-3.650546,50,583.022471,0.0
-3.863571,50,583.058552,0.0
-4.165562,50,583.095847,0.0
-4.201247,50,583.132264,0.0
-3.783706,50,583.168425,0.0
-4.017373,50,583.204259,0.0
-4.189766,50,583.240472,0.0
-4.291573,50,583.275651,0.0
-4.048363,50,583.311358,0.0
-4.079534,50,583.347027,0.0
-3.966059,50,583.38293,0.0
-3.691148,50,583.418216,0.0
-4.233235,50,583.453747,0.0
-4.250723,50,583.489081,0.0
-3.370868,50,583.525447,0.0
-4.158315,50,583.560946,0.0
-4.107166,50,583.598069,0.0
-3.963007,50,583.633438,0.0
-3.743696,50,583.670142,0.0
-4.687773,50,583.706524,0.0
-3.58,50,583.742694,0.0
-3.656404,50,583.778267,0.0
-3.641869,50,583.813868,0.0
-4.450995,50,583.965501,0.0
-3.681999,50,584.001459,0.0
-3.369118,50,584.037177,0.0
-5.360006,50,584.074327,0.0
-3.539577,50,584.110049,0.0
-4.333119,50,584.146308,0.0
-3.998311,50,584.182304,0.0
-3.334284,50,584.218327,0.0
-4.152539,50,584.254253,0.0
-4.083644,50,584.29069,0.0
-4.228851,50,584.326621,0.0
-3.28591,50,584.363192,0.0
-5.084007,50,584.399109,0.0
-4.117518,50,584.43496,0.0
-3.967901,50,584.470921,0.0
-4.036578,50,584.5071,0.0
-4.086701,50,584.543265,0.0
-4.325713,50,584.579132,0.0
-3.889682,50,584.615923,0.0
-3.254792,50,584.652674,0.0
-3.725298,50,584.688933,0.0
-3.862256,50,584.72547,0.0
-4.232699,50,584.760958,0.0
-3.826736,50,584.79652,0.0
-3.523201,50,584.831788,0.0
-3.990189,50,584.867756,0.0
-3.689831,50,584.90283,0.0
-3.923362,50,584.938172,0.0
-4.159784,50,584.975053,0.0
-3.607498,50,585.01097,0.0
-3.993289,50,585.047286,0.0
-4.408731,50,585.082691,0.0
-4.333131,50,585.118276,0.0
-4.27456,50,585.154359,0.0
-3.967855,50,585.190312,0.0
-3.821387,50,585.227155,0.0
-3.915838,50,585.26309,0.0
-3.954154,50,585.299332,0.0
-3.4235,50,585.335882,0.0
-3.538682,50,585.372019,0.0
-4.200772,50,585.407645,0.0
-3.621622,50,585.560507,0.0
-4.710957,50,585.59694,0.0
-3.91513,50,585.633169,0.0
-4.546646,50,585.669268,0.0
-3.63764,50,585.705132,0.0
-4.309891,50,585.740954,0.0
-3.585779,50,585.777065,0.0
-4.417846,50,585.812666,0.0
-4.087213,50,585.848952,0.0
-3.472488,50,585.884614,0.0
-3.597683,50,585.920454,0.0
-3.610392,50,585.955775,0.0
-3.679444,50,585.990532,0.0
-4.28825,50,586.025413,0.0
-4.260528,50,586.060401,0.0
-3.959545,50,586.095519,0.0
-4.39634,50,586.130623,0.0
-4.491574,50,586.165909,0.0
-4.720882,50,586.201484,0.0
-3.776157,50,586.237439,0.0
-3.847791,50,586.273023,0.0
-4.316403,50,586.308563,0.0
-3.649821,50,586.344301,0.0
-3.929967,50,586.380035,0.0
-3.842008,50,586.416358,0.0
-3.925619,50,586.452304,0.0
-4.040021,50,586.487481,0.0
-4.059164,50,586.523309,0.0
-4.203691,50,586.558658,0.0
-4.026616,50,586.593906,0.0
-4.442056,50,586.629476,0.0
-3.477612,50,586.66515,0.0
-3.443044,50,586.700508,0.0
-3.255101,50,586.735815,0.0
-4.274303,50,586.771019,0.0
-4.966941,50,586.806948,0.0
-4.238128,50,586.843249,0.0
-3.725757,50,586.879319,0.0
-3.893328,50,586.915326,0.0
-4.797252,50,586.951252,0.0
-4.13056,50,586.987584,0.0
-3.725471,50,587.136925,0.0
-3.484454,50,587.172575,0.0
-4.263267,50,587.208914,0.0
-3.657451,50,587.245298,0.0
-4.140984,50,587.281679,0.0
-4.334454,50,587.31792,0.0
-4.35757,50,587.354358,0.0
-3.890648,50,587.390735,0.0
-3.955943,50,587.426464,0.0
-4.123566,50,587.462435,0.0
-3.654592,50,587.498768,0.0
-3.891976,50,587.535222,0.0
-3.421005,50,587.571434,0.0
-3.94198,50,587.607801,0.0
-4.154891,50,587.644157,0.0
-3.476625,50,587.680688,0.0
-4.090764,50,587.717185,0.0
-4.327272,50,587.752856,0.0
-3.306945,50,587.788994,0.0
-3.634124,50,587.825514,0.0
-3.43899,50,587.861809,0.0
-4.512319,50,587.898159,0.0
-4.328457,50,587.933822,0.0
-3.800465,50,587.969454,0.0
-3.803935,50,588.004984,0.0
-3.978336,50,588.041678,0.0
-3.819386,50,588.07749,0.0
-4.011771,50,588.112815,0.0
-3.99594,50,588.148782,0.0
-3.914505,50,588.185139,0.0
-3.487947,50,588.221397,0.0
-3.43512,50,588.256863,0.0
-3.81588,50,588.293237,0.0
-4.124097,50,588.329301,0.0
-4.509594,50,588.36495,0.0
-4.170387,50,588.400954,0.0
-4.319103,50,588.437483,0.0
-4.04753,50,588.474324,0.0
-4.186227,50,588.510864,0.0
-3.872383,50,588.547504,0.0
-4.089969,50,588.58511,0.0
-3.407138,50,588.736191,0.0
-3.633763,50,588.773216,0.0
-3.420661,50,588.809494,0.0
-4.539938,50,588.844944,0.0
-3.898372,50,588.88061,0.0
-4.112277,50,588.915566,0.0
-3.826817,50,588.951183,0.0
-3.828322,50,588.986688,0.0
-4.406713,50,589.021893,0.0
-3.795297,50,589.05807,0.0
-4.12676,50,589.093518,0.0
-4.02998,50,589.128643,0.0
-3.626683,50,589.164805,0.0
-4.010453,50,589.200923,0.0
-3.232032,50,589.237032,0.0
-4.201997,50,589.273129,0.0
-3.683576,50,589.309415,0.0
-3.419462,50,589.345577,0.0
-4.434331,50,589.381759,0.0
-4.159581,50,589.41805,0.0
-4.409776,50,589.454027,0.0
-3.850906,50,589.489843,0.0
-3.95008,50,589.525285,0.0
-4.205944,50,589.560787,0.0
-4.31474,50,589.595942,0.0
-4.663617,50,589.631199,0.0
-4.1595,50,589.666655,0.0
-4.118264,50,589.701947,0.0
-4.282492,50,589.737134,0.0
-4.528646,50,589.772658,0.0
-3.97351,50,589.807619,0.0
-3.814545,50,589.842996,0.0
-4.858153,50,589.879094,0.0
-4.369957,50,589.914671,0.0
-3.956155,50,589.949839,0.0
-3.525712,50,589.985292,0.0
-3.882672,50,590.020873,0.0
-4.454015,50,590.056326,0.0
-4.11664,50,590.091338,0.0
-4.497356,50,590.126411,0.0
-3.666536,50,590.162775,0.0
-4.241115,50,590.313919,0.0
-4.162914,50,590.349751,0.0
-3.879983,50,590.38542,0.0
-3.814599,50,590.421717,0.0
-4.147184,50,590.458708,0.0
-3.82004,50,590.495372,0.0
-4.0817,50,590.530863,0.0
-3.761617,50,590.567588,0.0
-3.921949,50,590.603504,0.0
-3.959611,50,590.639573,0.0
-4.213571,50,590.675187,0.0
-3.362992,50,590.710833,0.0
-3.865947,50,590.747083,0.0
-3.888086,50,590.782093,0.0
-4.213012,50,590.817919,0.0
-3.64419,50,590.854398,0.0
-4.585579,50,590.890326,0.0
-3.745285,50,590.926147,0.0
-4.334131,50,590.961884,0.0
-3.857472,50,590.997833,0.0
-3.744616,50,591.03423,0.0
-3.764995,50,591.070771,0.0
-3.516595,50,591.106782,0.0
-4.777714,50,591.141973,0.0
-3.615374,50,591.178767,0.0
-4.29544,50,591.217164,0.0
-3.714344,50,591.254357,0.0
-3.566027,50,591.290839,0.0
-4.151771,50,591.327109,0.0
-3.681371,50,591.363568,0.0
-3.696543,50,591.399594,0.0
-3.710785,50,591.435373,0.0
-4.1919,50,591.471288,0.0
-3.481153,50,591.508315,0.0
-4.089129,50,591.544844,0.0
-4.06699,50,591.581457,0.0
-3.766945,50,591.618077,0.0
-4.356691,50,591.654659,0.0
-3.703506,50,591.691036,0.0
-4.198924,50,591.726945,0.0
-4.165452,50,591.762957,0.0
-4.273561,50,591.919748,0.0
-3.913836,50,591.95652,0.0
-4.531518,50,591.99416,0.0
-4.290911,50,592.031024,0.0
-3.724328,50,592.068607,0.0
-4.31017,50,592.105418,0.0
-4.183713,50,592.14286,0.0
-4.090148,50,592.179287,0.0
-4.634876,50,592.215318,0.0
-4.526354,50,592.252125,0.0
-3.747316,50,592.288054,0.0
-4.303579,50,592.323614,0.0
-3.602874,50,592.358791,0.0
-4.02873,50,592.394499,0.0
-5.025337,50,592.430695,0.0
-3.987134,50,592.46695,0.0
-3.765017,50,592.502602,0.0
-4.617032,50,592.538933,0.0
-3.901315,50,592.575996,0.0
-3.916012,50,592.612842,0.0
-3.996872,50,592.6492,0.0
-4.033649,50,592.685444,0.0
-4.054131,50,592.722795,0.0
-3.893103,50,592.759488,0.0
-4.785043,50,592.795096,0.0
-4.633759,50,592.831854,0.0
-4.405945,50,592.868511,0.0
-4.426221,50,592.904668,0.0
-3.987004,50,592.940272,0.0
-4.127212,50,592.976941,0.0
-3.698943,50,593.013082,0.0
-3.91978,50,593.049799,0.0
-3.872716,50,593.086376,0.0
-4.246949,50,593.122233,0.0
-3.6537,50,593.157883,0.0
-3.810138,50,593.194532,0.0
-3.885886,50,593.229822,0.0
-3.651854,50,593.265413,0.0
-3.895671,50,593.299907,0.0
-4.338388,50,593.335105,0.0
-4.254361,50,593.37032,0.0
-3.848537,50,593.519501,0.0
-4.313424,50,593.554776,0.0
-3.592254,50,593.59088,0.0
-4.4109,50,593.626467,0.0
-3.559144,50,593.662836,0.0
-3.942407,50,593.698948,0.0
-4.31053,50,593.73511,0.0
-4.528498,50,593.771381,0.0
-4.364677,50,593.807384,0.0
-4.098032,50,593.843134,0.0
-3.795868,50,593.878682,0.0
-4.074867,50,593.914539,0.0
-4.193086,50,593.950202,0.0
-3.973516,50,593.986203,0.0
-3.928447,50,594.021875,0.0
-3.933702,50,594.058237,0.0
-3.993344,50,594.095305,0.0
-3.986804,50,594.130866,0.0
-4.383404,50,594.166786,0.0
-4.113835,50,594.202785,0.0
-4.148992,50,594.238395,0.0
-3.956104,50,594.274022,0.0
-4.150352,50,594.309351,0.0
-4.048468,50,594.345214,0.0
-4.286098,50,594.381676,0.0
-4.401026,50,594.4177,0.0
-3.665514,50,594.454358,0.0
-3.670047,50,594.490748,0.0
-4.331063,50,594.526252,0.0
-3.372542,50,594.561884,0.0
-4.170367,50,594.597447,0.0
-3.92109,50,594.633911,0.0
-4.265091,50,594.670543,0.0
-3.796114,50,594.706502,0.0
-3.092328,50,594.742028,0.0
-3.274779,50,594.777858,0.0
-3.778634,50,594.814011,0.0
-3.635407,50,594.849964,0.0
-3.695831,50,594.885506,0.0
-3.867665,50,594.921302,0.0
-4.40122,50,594.956956,0.0
-4.431346,50,595.107443,0.0
-4.114087,50,595.143795,0.0
-4.274043,50,595.180356,0.0
-4.312689,50,595.216495,0.0
-3.644793,50,595.253063,0.0
-3.635683,50,595.289324,0.0
-4.592532,50,595.325606,0.0
-3.410209,50,595.361635,0.0
-3.741392,50,595.397994,0.0
-4.009847,50,595.437471,0.0
-4.078301,50,595.475257,0.0
-4.214697,50,595.511394,0.0
-3.700125,50,595.54926,0.0
-3.236358,50,595.585966,0.0
-4.18131,50,595.622618,0.0
-4.556442,50,595.659019,0.0
-4.157925,50,595.698193,0.0
-4.036203,50,595.735176,0.0
-4.140352,50,595.772095,0.0
-3.9107,50,595.8087,0.0
-4.201761,50,595.845017,0.0
-4.125854,50,595.882259,0.0
-3.546695,50,595.918617,0.0
-3.887257,50,595.955338,0.0
-4.189841,50,595.991919,0.0
-3.8845,50,596.029114,0.0
-4.470247,50,596.067645,0.0
-4.034819,50,596.103372,0.0
-3.801014,50,596.139065,0.0
-3.604086,50,596.175074,0.0
-3.818147,50,596.211239,0.0
-3.781064,50,596.246824,0.0
-3.525145,50,596.282283,0.0
-4.049826,50,596.31745,0.0
-4.092139,50,596.353191,0.0
-4.209854,50,596.389157,0.0
-4.175199,50,596.425417,0.0
-4.352021,50,596.460724,0.0
-4.634629,50,596.496331,0.0
-3.273744,50,596.532088,0.0
-3.960802,50,596.683823,0.0
-4.173507,50,596.71986,0.0
-4.414447,50,596.756272,0.0
-4.106057,50,596.792351,0.0
-3.628604,50,596.82841,0.0
-3.674849,50,596.864624,0.0
-3.779207,50,596.902466,0.0
-3.789676,50,596.938504,0.0
-3.705032,50,596.974768,0.0
-4.240286,50,597.010882,0.0
-3.840788,50,597.047467,0.0
-4.158878,50,597.083782,0.0
-3.541641,50,597.120307,0.0
-3.631417,50,597.156731,0.0
-3.712113,50,597.192858,0.0
-4.216964,50,597.228758,0.0
-3.786935,50,597.265212,0.0
-3.528112,50,597.301318,0.0
-3.637401,50,597.337675,0.0
-3.884718,50,597.373562,0.0
-4.539476,50,597.409852,0.0
-4.669506,50,597.446074,0.0
-4.10921,50,597.481777,0.0
-4.48682,50,597.517743,0.0
-4.282443,50,597.553291,0.0
-3.432214,50,597.589567,0.0
-4.307032,50,597.626034,0.0
-4.343039,50,597.662787,0.0
-3.887416,50,597.69926,0.0
-3.851765,50,597.734828,0.0
-4.166513,50,597.770345,0.0
-4.443408,50,597.806388,0.0
-4.426829,50,597.842047,0.0
-3.926822,50,597.877515,0.0
-4.182227,50,597.912937,0.0
-3.696625,50,597.948232,0.0
-4.113307,50,597.98387,0.0
-4.616928,50,598.018957,0.0
-3.692251,50,598.05437,0.0
-4.382437,50,598.089536,0.0
-4.200597,50,598.125023,0.0
-4.217194,50,598.275829,0.0
-3.900845,50,598.311932,0.0
-4.000731,50,598.347186,0.0
-4.187917,50,598.383665,0.0
-4.38083,50,598.419948,0.0
-3.884981,50,598.45605,0.0
-4.028844,50,598.491955,0.0
-3.905955,50,598.527071,0.0
-4.769198,50,598.562936,0.0
-3.55819,50,598.598122,0.0
-4.071214,50,598.633701,0.0
-3.708037,50,598.669754,0.0
-3.704834,50,598.70525,0.0
-4.417985,50,598.740959,0.0
-3.8989,50,598.776638,0.0
-3.695905,50,598.811866,0.0
-3.929487,50,598.847435,0.0
-4.613314,50,598.882453,0.0
-3.530155,50,598.918089,0.0
-4.168266,50,598.953599,0.0
-4.204089,50,598.988713,0.0
-3.749237,50,599.024037,0.0
-4.647025,50,599.059628,0.0
-3.85444,50,599.095032,0.0
-4.42871,50,599.13077,0.0
-4.355401,50,599.166123,0.0
-3.838628,50,599.201925,0.0
-3.920353,50,599.238218,0.0
-4.218228,50,599.273916,0.0
-4.465191,50,599.310154,0.0
-4.294676,50,599.345896,0.0
-4.176717,50,599.381263,0.0
-3.814402,50,599.416932,0.0
-4.053804,50,599.452537,0.0
-3.813599,50,599.48788,0.0
-4.485477,50,599.523185,0.0
-3.545462,50,599.559001,0.0
-3.778275,50,599.594014,0.0
-4.362536,50,599.629551,0.0
-3.977708,50,599.664829,0.0
-4.06249,50,599.700215,0.0
-3.627249,50,599.851408,0.0
-4.569674,50,599.887092,0.0
-3.781428,50,599.922537,0.0
-4.843623,50,599.958341,0.0
-3.552094,50,599.993928,0.0
-4.831954,50,600.029421,0.0
-3.653471,50,600.065249,0.0
-4.132573,50,600.101316,0.0
-4.04037,50,600.136633,0.0
-3.98461,50,600.172296,0.0
-3.86128,50,600.208105,0.0
-4.21465,50,600.244679,0.0
-3.184413,50,600.279783,0.0
-3.757444,50,600.31562,0.0
-4.005723,50,600.351897,0.0
-3.979929,50,600.387127,0.0
-4.097067,50,600.422344,0.0
-4.480724,50,600.457827,0.0
-4.491472,50,600.493376,0.0
-4.062622,50,600.528763,0.0
-3.656062,50,600.564159,0.0
-4.519835,50,600.599403,0.0
-4.32826,50,600.634783,0.0
-4.422892,50,600.670294,0.0
-3.363922,50,600.706014,0.0
-3.89404,50,600.741997,0.0
-4.97688,50,600.778082,0.0
-4.588709,50,600.81325,0.0
-4.157806,50,600.84879,0.0
-3.983122,50,600.884527,0.0
-3.578032,50,600.920373,0.0
-4.349099,50,600.955547,0.0
-4.845234,50,600.991014,0.0
-4.19877,50,601.026393,0.0
-3.683109,50,601.062108,0.0
-4.230652,50,601.09753,0.0
-4.37557,50,601.132949,0.0
-3.879134,50,601.16804,0.0
-4.41959,50,601.203115,0.0
-3.352057,50,601.237832,0.0
-4.019273,50,601.273299,0.0
-3.397058,50,601.422643,0.0
-4.509538,50,601.458938,0.0
-4.839762,50,601.494436,0.0
-3.967451,50,601.53045,0.0
-4.229642,50,601.566495,0.0
-3.238004,50,601.602759,0.0
-3.843784,50,601.638859,0.0
-3.889228,50,601.675404,0.0
-3.942508,50,601.711324,0.0
-4.508199,50,601.746977,0.0
-4.303772,50,601.782791,0.0
-4.35113,50,601.81831,0.0
-4.023347,50,601.853667,0.0
-4.004397,50,601.889204,0.0
-4.515432,50,601.92498,0.0
-4.195999,50,601.960339,0.0
-4.695031,50,601.99587,0.0
-3.726571,50,602.031519,0.0
-3.9867,50,602.067194,0.0
-3.98976,50,602.10235,0.0
-3.491025,50,602.138029,0.0
-4.228902,50,602.17347,0.0
-3.722607,50,602.208913,0.0
-4.154609,50,602.244478,0.0
-3.969491,50,602.280393,0.0
-3.975946,50,602.315739,0.0
-3.725371,50,602.351163,0.0
-3.731991,50,602.386224,0.0
-4.148548,50,602.422215,0.0
-3.333114,50,602.457905,0.0
-4.691122,50,602.493028,0.0
-3.793069,50,602.528864,0.0
-3.669889,50,602.56455,0.0
-3.952571,50,602.600584,0.0
-4.101778,50,602.635917,0.0
-3.792848,50,602.671683,0.0
-3.744329,50,602.707314,0.0
-3.905107,50,602.743448,0.0
-4.037268,50,602.779459,0.0
-4.020009,50,602.815802,0.0
-3.472591,50,602.851284,0.0
-4.178198,50,603.00154,0.0
-4.131862,50,603.036863,0.0
-4.020313,50,603.072548,0.0
-3.886618,50,603.107394,0.0
-3.783801,50,603.142794,0.0
-4.434712,50,603.1793,0.0
-3.508586,50,603.215809,0.0
-3.953766,50,603.252141,0.0
-4.434114,50,603.288376,0.0
-4.139815,50,603.324081,0.0
-3.9462,50,603.359453,0.0
-4.561881,50,603.39471,0.0
-4.01498,50,603.429802,0.0
-4.492613,50,603.465055,0.0
-4.153729,50,603.500293,0.0
-4.13967,50,603.535801,0.0
-3.957291,50,603.571364,0.0
-3.948088,50,603.607255,0.0
-3.908627,50,603.642722,0.0
-4.224887,50,603.678502,0.0
-3.732676,50,603.714276,0.0
-5.110585,50,603.749586,0.0
-4.482326,50,603.784919,0.0
-3.780693,50,603.82053,0.0
-4.188165,50,603.855796,0.0
-3.838458,50,603.891041,0.0
-4.607972,50,603.926749,0.0
-3.447431,50,603.962275,0.0
-4.397679,50,603.997988,0.0
-4.875779,50,604.033489,0.0
-4.179613,50,604.069362,0.0
-3.73451,50,604.105378,0.0
-3.82852,50,604.140949,0.0
-4.02622,50,604.176557,0.0
-4.428902,50,604.212673,0.0
-4.864642,50,604.248949,0.0
-3.646383,50,604.285441,0.0
-4.417709,50,604.320751,0.0
-3.968839,50,604.356147,0.0
-3.8321,50,604.391309,0.0
-4.059451,50,604.426581,0.0
-3.844564,50,604.576029,0.0
-4.463483,50,604.610898,0.0
-3.811526,50,604.645802,0.0
-4.156764,50,604.682218,0.0
-3.897133,50,604.7179,0.0
-3.89019,50,604.753428,0.0
-4.512162,50,604.788627,0.0
-4.370989,50,604.823993,0.0
-4.34837,50,604.859778,0.0
-3.523141,50,604.895379,0.0
-4.202716,50,604.931014,0.0
-4.590272,50,604.966771,0.0
-4.164926,50,605.003201,0.0
-3.397628,50,605.038767,0.0
-4.513641,50,605.074744,0.0
-3.485578,50,605.111289,0.0
-3.884562,50,605.14757,0.0
-4.051696,50,605.183268,0.0
-3.824443,50,605.218879,0.0
-4.064541,50,605.254067,0.0
-3.720234,50,605.289945,0.0
-3.762396,50,605.325805,0.0
-3.71198,50,605.361352,0.0
-3.876065,50,605.398457,0.0
-4.354352,50,605.434647,0.0
-4.312619,50,605.470377,0.0
-3.405965,50,605.506329,0.0
-4.33389,50,605.543526,0.0
-3.389676,50,605.581131,0.0
-3.952492,50,605.618415,0.0
-3.454949,50,605.654738,0.0
-3.547194,50,605.691146,0.0
-3.820391,50,605.727693,0.0
-3.693793,50,605.763636,0.0
-3.836462,50,605.799233,0.0
-4.703744,50,605.835721,0.0
-3.839773,50,605.872207,0.0
-4.293924,50,605.908446,0.0
-4.284584,50,605.944594,0.0
-4.505272,50,605.981109,0.0
-3.594495,50,606.017522,0.0
-3.797309,50,606.168908,0.0
-3.548112,50,606.206088,0.0
-4.583328,50,606.242742,0.0
-4.41175,50,606.278479,0.0
-4.146477,50,606.314569,0.0
-4.192473,50,606.351036,0.0
-3.769277,50,606.388198,0.0
-4.588192,50,606.425196,0.0
-4.19416,50,606.462003,0.0
-3.922271,50,606.498179,0.0
-4.422423,50,606.534334,0.0
-4.695092,50,606.571044,0.0
-4.15047,50,606.607817,0.0
-3.270882,50,606.644066,0.0
-3.16261,50,606.679848,0.0
-4.027434,50,606.716456,0.0
-3.862152,50,606.753003,0.0
-3.140028,50,606.789685,0.0
-3.376653,50,606.825327,0.0
-3.730026,50,606.860703,0.0
-4.265598,50,606.896716,0.0
-4.676811,50,606.932262,0.0
-3.889691,50,606.967898,0.0
-3.663212,50,607.0036,0.0
-3.895513,50,607.039374,0.0
-3.206257,50,607.074938,0.0
-4.178915,50,607.110543,0.0
-4.326555,50,607.146641,0.0
-4.387237,50,607.183486,0.0
-3.875036,50,607.219237,0.0
-4.629069,50,607.254975,0.0
-4.041164,50,607.291249,0.0
-4.058989,50,607.327304,0.0
-4.176932,50,607.363048,0.0
-4.222913,50,607.398542,0.0
-4.162763,50,607.434157,0.0
-3.988366,50,607.469788,0.0
-3.500371,50,607.505613,0.0
-4.236216,50,607.541062,0.0
-4.325353,50,607.576146,0.0
-3.735297,50,607.611311,0.0
-4.064425,50,607.764894,0.0
-3.915586,50,607.800555,0.0
-3.550108,50,607.836027,0.0
-4.61597,50,607.871826,0.0
-4.517746,50,607.90707,0.0
-4.048961,50,607.943251,0.0
-4.413155,50,607.979392,0.0
-4.030425,50,608.015797,0.0
-3.964939,50,608.05185,0.0
-4.487422,50,608.08872,0.0
-3.760981,50,608.125097,0.0
-3.976596,50,608.160872,0.0
-4.052434,50,608.196699,0.0
-4.328585,50,608.232884,0.0
-4.182628,50,608.268698,0.0
-4.473664,50,608.304586,0.0
-4.983484,50,608.341431,0.0
-3.942648,50,608.378099,0.0
-3.927833,50,608.415674,0.0
-4.161301,50,608.452446,0.0
-3.839209,50,608.489007,0.0
-3.95879,50,608.525069,0.0
-3.487875,50,608.561835,0.0
-4.35947,50,608.597991,0.0
-3.658383,50,608.633931,0.0
-3.753815,50,608.669866,0.0
-3.648819,50,608.706235,0.0
-4.225569,50,608.742306,0.0
-4.236346,50,608.778132,0.0
-3.733143,50,608.814439,0.0
-3.95434,50,608.850559,0.0
-3.949529,50,608.887325,0.0
-3.901749,50,608.923469,0.0
-3.757494,50,608.959243,0.0
-3.423388,50,608.995823,0.0
-4.081945,50,609.031545,0.0
-3.880856,50,609.067709,0.0
-3.381977,50,609.104235,0.0
-4.14879,50,609.140602,0.0
-3.960973,50,609.177161,0.0
-4.025549,50,609.213629,0.0
-4.002166,50,609.3645,0.0
-3.935676,50,609.400121,0.0
-5.026776,50,609.435757,0.0
-4.057755,50,609.47138,0.0
-3.695707,50,609.506984,0.0
-3.438987,50,609.542733,0.0
-3.476088,50,609.57836,0.0
-3.463841,50,609.613633,0.0
-4.221411,50,609.649079,0.0
-3.823732,50,609.684283,0.0
-3.938989,50,609.719384,0.0
-4.259527,50,609.754698,0.0
-4.187228,50,609.790253,0.0
-4.131535,50,609.82534,0.0
-3.654235,50,609.861287,0.0
-3.820583,50,609.89736,0.0
-3.74309,50,609.932734,0.0
-3.585521,50,609.968028,0.0
-3.858838,50,610.004262,0.0
-3.640326,50,610.040799,0.0
-4.065816,50,610.077307,0.0
-4.08781,50,610.113343,0.0
-4.03516,50,610.149468,0.0
-4.407605,50,610.185348,0.0
-4.035092,50,610.221357,0.0
-3.521363,50,610.256949,0.0
-3.453936,50,610.292901,0.0
-4.317659,50,610.328897,0.0
-3.367376,50,610.364233,0.0
-3.530311,50,610.400003,0.0
-4.434782,50,610.436284,0.0
-4.476384,50,610.472796,0.0
-4.197979,50,610.508801,0.0
-4.148561,50,610.544937,0.0
-3.906877,50,610.581077,0.0
-3.94519,50,610.61729,0.0
-3.212661,50,610.652903,0.0
-4.228127,50,610.688328,0.0
-3.756522,50,610.725021,0.0
-3.319302,50,610.760449,0.0
-3.854642,50,610.796075,0.0
-4.190791,50,610.945202,0.0
-4.34971,50,610.980822,0.0
-4.232709,50,611.015994,0.0
-3.920664,50,611.051414,0.0
-4.030481,50,611.08697,0.0
-3.900525,50,611.123063,0.0
-4.325836,50,611.15842,0.0
-3.91534,50,611.194599,0.0
-4.07934,50,611.230544,0.0
-3.810111,50,611.266922,0.0
-3.759512,50,611.302981,0.0
-3.884551,50,611.338948,0.0
-3.495015,50,611.374111,0.0
-3.999165,50,611.409428,0.0
-3.990214,50,611.444959,0.0
-4.143601,50,611.480444,0.0
-3.902757,50,611.516403,0.0
-3.730822,50,611.552578,0.0
-3.885497,50,611.588513,0.0
-3.852248,50,611.625168,0.0
-3.943235,50,611.661199,0.0
-3.997729,50,611.697216,0.0
-3.807627,50,611.732429,0.0
-4.324159,50,611.76844,0.0
-4.590293,50,611.804647,0.0
-3.477562,50,611.840735,0.0
-3.714203,50,611.876829,0.0
-3.980174,50,611.913076,0.0
-4.038062,50,611.949259,0.0
-4.452926,50,611.985372,0.0
-4.125237,50,612.021122,0.0
-3.895961,50,612.056564,0.0
-3.796925,50,612.092318,0.0
-4.460469,50,612.127872,0.0
-3.514937,50,612.163529,0.0
-4.586336,50,612.198684,0.0
-4.249681,50,612.233911,0.0
-3.876161,50,612.269131,0.0
-3.675651,50,612.304485,0.0
-3.565933,50,612.339889,0.0
-4.106951,50,612.37491,0.0
-4.050807,50,612.52684,0.0
-3.95335,50,612.562293,0.0
-4.195759,50,612.597949,0.0
-4.196198,50,612.633742,0.0
-3.89701,50,612.669058,0.0
-3.847086,50,612.704516,0.0
-4.189477,50,612.740121,0.0
-3.583987,50,612.775341,0.0
-4.396122,50,612.810427,0.0
-4.389315,50,612.846026,0.0
-4.18391,50,612.881551,0.0
-3.842001,50,612.916601,0.0
-4.002174,50,612.951926,0.0
-3.98619,50,612.987313,0.0
-4.365467,50,613.022619,0.0
-3.51794,50,613.057731,0.0
-4.396201,50,613.093331,0.0
-3.831639,50,613.129034,0.0
-3.646097,50,613.164274,0.0
-3.947669,50,613.199656,0.0
-4.278143,50,613.235297,0.0
-3.843956,50,613.270999,0.0
-4.426687,50,613.305555,0.0
-3.986425,50,613.341825,0.0
-3.649377,50,613.377866,0.0
-3.590093,50,613.413513,0.0
-4.40727,50,613.448782,0.0
-4.086427,50,613.483825,0.0
-3.591838,50,613.519212,0.0
-3.98052,50,613.554307,0.0
-4.208884,50,613.589506,0.0
-4.66189,50,613.625139,0.0
-4.489914,50,613.660796,0.0
-3.699347,50,613.69605,0.0
-4.084614,50,613.73104,0.0
-3.172824,50,613.766182,0.0
-3.042803,50,613.801213,0.0
-3.652085,50,613.836671,0.0
-4.157081,50,613.872256,0.0
-3.601817,50,613.907362,0.0
-4.006906,50,613.942435,0.0
-3.718826,50,614.092251,0.0
-3.896299,50,614.128247,0.0
-3.950757,50,614.163789,0.0
-3.783926,50,614.19962,0.0
-3.732964,50,614.234929,0.0
-3.265721,50,614.270207,0.0
-3.650418,50,614.305696,0.0
-3.737438,50,614.340781,0.0
-4.694237,50,614.375809,0.0
-4.63976,50,614.410869,0.0
-3.803104,50,614.446614,0.0
-4.495243,50,614.481782,0.0
-3.960925,50,614.517253,0.0
-4.704133,50,614.553233,0.0
-3.971673,50,614.588988,0.0
-4.090685,50,614.624388,0.0
-3.458403,50,614.659958,0.0
-4.173585,50,614.695586,0.0
-3.707449,50,614.730462,0.0
-3.71781,50,614.765578,0.0
-3.96172,50,614.800706,0.0
-4.831285,50,614.836525,0.0
-4.120081,50,614.872204,0.0
-4.133165,50,614.907508,0.0
-3.77039,50,614.94289,0.0
-3.826844,50,614.977901,0.0
-4.251461,50,615.012914,0.0
-3.289763,50,615.04815,0.0
-4.146955,50,615.083626,0.0
-3.680329,50,615.119422,0.0
-3.676953,50,615.154921,0.0
-3.752148,50,615.191018,0.0
-4.275776,50,615.22636,0.0
-4.462937,50,615.261974,0.0
-3.466433,50,615.298062,0.0
-4.596449,50,615.333984,0.0
-3.993061,50,615.3702,0.0
-4.113615,50,615.406572,0.0
-4.920299,50,615.44215,0.0
-3.603264,50,615.477724,0.0
-3.963291,50,615.513042,0.0
-3.732954,50,615.663218,0.0
-3.609605,50,615.698508,0.0
-3.387076,50,615.734652,0.0
-3.59605,50,615.770977,0.0
-4.287491,50,615.806747,0.0
-3.925697,50,615.842468,0.0
-4.224021,50,615.877623,0.0
-3.65565,50,615.913217,0.0
-3.908503,50,615.948752,0.0
-4.228513,50,615.984067,0.0
-4.480931,50,616.019524,0.0
-4.70877,50,616.054595,0.0
-4.079903,50,616.090446,0.0
-3.831216,50,616.126131,0.0
-3.935203,50,616.161346,0.0
-4.153017,50,616.197073,0.0
-3.640754,50,616.232162,0.0
-4.302005,50,616.267387,0.0
-4.025834,50,616.303449,0.0
-4.445331,50,616.338464,0.0
-3.94913,50,616.373731,0.0
-3.841808,50,616.409435,0.0
-4.443415,50,616.444803,0.0
-4.288923,50,616.479925,0.0
-4.393882,50,616.51526,0.0
-3.359992,50,616.550458,0.0
-3.627253,50,616.586211,0.0
-2.976302,50,616.621452,0.0
-4.135052,50,616.656587,0.0
-3.824277,50,616.692082,0.0
-3.452237,50,616.727083,0.0
-3.757695,50,616.762326,0.0
-4.736775,50,616.797157,0.0
-4.109663,50,616.83251,0.0
-3.769634,50,616.868123,0.0
-4.171033,50,616.903695,0.0
-4.220537,50,616.939143,0.0
-3.592908,50,616.974172,0.0
-4.159841,50,617.009643,0.0
-4.07878,50,617.045692,0.0
-4.643415,50,617.081474,0.0
-3.956786,50,617.231112,0.0
-4.26995,50,617.267304,0.0
-3.788321,50,617.303593,0.0
-4.131164,50,617.339692,0.0
-3.589187,50,617.375188,0.0
-4.153358,50,617.410476,0.0
-4.027549,50,617.445866,0.0
-3.990664,50,617.480712,0.0
-3.72846,50,617.515492,0.0
-4.268184,50,617.551244,0.0
-4.492129,50,617.586214,0.0
-4.045371,50,617.621536,0.0
-4.211546,50,617.656931,0.0
-4.205931,50,617.692305,0.0
-3.70153,50,617.72776,0.0
-4.441245,50,617.762701,0.0
-3.919176,50,617.798384,0.0
-3.531661,50,617.833543,0.0
-3.589739,50,617.868774,0.0
-3.774113,50,617.904556,0.0
-4.643508,50,617.939774,0.0
-3.728963,50,617.974943,0.0
-4.446914,50,618.010009,0.0
-4.179465,50,618.044873,0.0
-3.779708,50,618.080399,0.0
-3.95737,50,618.115978,0.0
-3.846808,50,618.15116,0.0
-3.480932,50,618.18674,0.0
-3.818436,50,618.222338,0.0
-3.355567,50,618.25769,0.0
-3.734718,50,618.293124,0.0
-4.838567,50,618.328998,0.0
-4.060086,50,618.364352,0.0
-3.977952,50,618.399449,0.0
-3.919354,50,618.43492,0.0
-3.850976,50,618.469768,0.0
-3.613386,50,618.504966,0.0
-3.745716,50,618.540339,0.0
-3.67077,50,618.575363,0.0
-4.028572,50,618.610515,0.0
-3.359414,50,618.646106,0.0
-4.608447,50,618.795918,0.0
-3.765076,50,618.83127,0.0
-4.282515,50,618.866932,0.0
-4.196421,50,618.903147,0.0
-3.960128,50,618.9395,0.0
-3.789475,50,618.974503,0.0
-4.438846,50,619.010089,0.0
-3.839628,50,619.044993,0.0
-3.520296,50,619.080337,0.0
-3.905451,50,619.115879,0.0
-3.766822,50,619.15151,0.0
-3.84653,50,619.187279,0.0
-4.078844,50,619.222572,0.0
-3.938171,50,619.25807,0.0
-4.368783,50,619.294079,0.0
-4.034027,50,619.330047,0.0
-4.42423,50,619.365472,0.0
-3.718483,50,619.401003,0.0
-3.912087,50,619.436456,0.0
-3.660996,50,619.471977,0.0
-3.979921,50,619.507109,0.0
-4.361431,50,619.5425,0.0
-4.612141,50,619.577671,0.0
-3.561356,50,619.613456,0.0
-4.360908,50,619.649674,0.0
-4.144664,50,619.685054,0.0
-3.563409,50,620.082317,0.0
-4.024413,50,620.117977,0.0
-4.360556,50,620.153578,0.0
-4.217261,50,620.189095,0.0
-4.351521,50,620.224442,0.0
-4.092785,50,620.260099,0.0
-3.931015,50,620.295382,0.0
-4.271875,50,620.330673,0.0
-4.168472,50,620.365827,0.0
-4.184742,50,620.402161,0.0
-4.119421,50,620.438511,0.0
-3.797903,50,620.473921,0.0
-4.136074,50,620.509373,0.0
-3.748685,50,620.544833,0.0
-4.096937,50,620.580006,0.0
-3.655394,50,620.730103,0.0
-3.821472,50,620.76543,0.0
-3.635947,50,620.800653,0.0
-3.540364,50,620.835349,0.0
-4.501098,50,620.870425,0.0
-3.454085,50,620.906434,0.0
-4.416294,50,620.941602,0.0
-4.148236,50,620.976662,0.0
-3.873782,50,621.012129,0.0
-4.068852,50,621.047962,0.0
-3.486943,50,621.083052,0.0
-4.16455,50,621.118161,0.0
-4.190315,50,621.153569,0.0
-3.517601,50,621.189434,0.0
-3.829997,50,621.227344,0.0
-3.754832,50,621.263539,0.0
-3.973809,50,621.299866,0.0
-3.803674,50,621.335987,0.0
-4.154814,50,621.372192,0.0
-3.674153,50,621.408253,0.0
-3.806371,50,621.444391,0.0
-3.89649,50,621.479844,0.0
-3.387237,50,621.51547,0.0
-3.803088,50,621.550521,0.0
-3.678693,50,621.585613,0.0
-3.549743,50,621.621623,0.0
-4.016763,50,621.657242,0.0
-3.887694,50,621.692439,0.0
-4.460415,50,621.728181,0.0
-4.348068,50,621.764318,0.0
-3.662657,50,621.799924,0.0
-3.972679,50,621.835559,0.0
-4.059963,50,621.870651,0.0
-3.757706,50,621.906321,0.0
-4.218228,50,621.942176,0.0
-3.499695,50,621.977497,0.0
-3.985174,50,622.012394,0.0
-4.251174,50,622.047799,0.0
-4.328052,50,622.08289,0.0
-3.212035,50,622.118021,0.0
-3.791717,50,622.153626,0.0
-4.099737,50,622.303606,0.0
-5.012675,50,622.339001,0.0
-3.961623,50,622.374365,0.0
-4.188514,50,622.40964,0.0
-4.011787,50,622.445097,0.0
-4.301227,50,622.480715,0.0
-3.791913,50,622.516599,0.0
-4.038669,50,622.551817,0.0
-4.24083,50,622.587193,0.0
-4.028466,50,622.62226,0.0
-3.519089,50,622.657344,0.0
-3.696708,50,622.692847,0.0
-3.326262,50,622.728292,0.0
-3.90692,50,622.763648,0.0
-3.843439,50,622.798828,0.0
-3.754538,50,622.834058,0.0
-3.474679,50,622.869302,0.0
-4.162067,50,622.904191,0.0
-4.130718,50,622.939817,0.0
-5.073692,50,622.975172,0.0
-4.625969,50,623.010347,0.0
-3.510636,50,623.045626,0.0
-3.706264,50,623.081326,0.0
-4.799187,50,623.116727,0.0
-4.474468,50,623.152018,0.0
-3.850326,50,623.188656,0.0
-4.362395,50,623.224529,0.0
-3.744555,50,623.26043,0.0
-3.92547,50,623.296008,0.0
-4.319713,50,623.33139,0.0
-4.147856,50,623.367032,0.0
-4.094839,50,623.402709,0.0
-3.6587,50,623.437859,0.0
-4.76837,50,623.473163,0.0
-3.795735,50,623.50852,0.0
-3.836966,50,623.543766,0.0
-3.802096,50,623.578893,0.0
-3.965858,50,623.614379,0.0
-3.760622,50,623.650192,0.0
-4.595226,50,623.685619,0.0
-4.068522,50,623.721361,0.0
-2.979172,50,623.870067,0.0
-4.341069,50,623.905692,0.0
-3.863406,50,623.940843,0.0
-3.669251,50,623.976612,0.0
-3.993611,50,624.011994,0.0
-4.351242,50,624.048063,0.0
-3.815024,50,624.083578,0.0
-3.986653,50,624.119056,0.0
-4.219223,50,624.154212,0.0
-4.248471,50,624.189401,0.0
-3.414502,50,624.224601,0.0
-4.196529,50,624.259689,0.0
-3.722747,50,624.295151,0.0
-3.815016,50,624.330698,0.0
-3.927052,50,624.365825,0.0
-3.838692,50,624.401584,0.0
-3.661556,50,624.436983,0.0
-3.505471,50,624.472681,0.0
-4.075143,50,624.508312,0.0
-3.66472,50,624.54447,0.0
-4.723123,50,624.579336,0.0
-4.045428,50,624.614778,0.0
-3.876934,50,624.650538,0.0
-3.674189,50,624.685867,0.0
-3.264704,50,624.72077,0.0
-4.344469,50,624.755927,0.0
-3.774578,50,624.791324,0.0
-3.538788,50,624.826325,0.0
-3.654137,50,624.861264,0.0
-4.963989,50,624.897332,0.0
-3.806305,50,624.932767,0.0
-4.099771,50,624.967993,0.0
-4.067611,50,625.003157,0.0
-3.326223,50,625.038892,0.0
-3.399193,50,625.074004,0.0
-4.725818,50,625.109411,0.0
-3.793461,50,625.144243,0.0
-3.440897,50,625.179624,0.0
-3.878195,50,625.215509,0.0
-4.221102,50,625.250598,0.0
-3.453811,50,625.285734,0.0
-4.380815,50,625.433711,0.0
-3.891043,50,625.469588,0.0
-3.920303,50,625.504996,0.0
-3.797742,50,625.540531,0.0
-4.412839,50,625.577103,0.0
-4.039839,50,625.612821,0.0
-3.992918,50,625.648188,0.0
-4.077495,50,625.684103,0.0
-4.121708,50,625.719291,0.0
-3.656548,50,625.754399,0.0
-4.206935,50,625.789549,0.0
-3.824407,50,625.824703,0.0
-3.422391,50,625.860014,0.0
-3.788305,50,625.895768,0.0
-3.805245,50,625.930799,0.0
-3.725172,50,625.966486,0.0
-4.062216,50,626.002583,0.0
-3.993451,50,626.038551,0.0
-3.684896,50,626.07427,0.0
-3.820633,50,626.109497,0.0
-3.84597,50,626.145158,0.0
-3.71863,50,626.1808,0.0
-4.518084,50,626.21603,0.0
-3.436627,50,626.251381,0.0
-4.123975,50,626.286978,0.0
-3.586316,50,626.322523,0.0
-4.274158,50,626.358371,0.0
-3.609031,50,626.393322,0.0
-3.94398,50,626.42835,0.0
-3.539137,50,626.463341,0.0
-3.568242,50,626.498793,0.0
-3.725247,50,626.534191,0.0
-3.46066,50,626.5697,0.0
-3.95005,50,626.60473,0.0
-4.224318,50,626.639903,0.0
-3.902839,50,626.675552,0.0
-3.841499,50,626.711747,0.0
-4.702598,50,626.747306,0.0
-3.737064,50,626.782673,0.0
-4.402993,50,626.817904,0.0
-4.480757,50,626.853496,0.0
-3.962289,50,627.002808,0.0
-4.300149,50,627.03802,0.0
-4.723435,50,627.072985,0.0
-3.596696,50,627.108482,0.0
-3.704835,50,627.14386,0.0
-4.072937,50,627.179259,0.0
-4.148456,50,627.214427,0.0
-3.893474,50,627.250101,0.0
-4.37086,50,627.285578,0.0
-3.151404,50,627.32208,0.0
-3.948059,50,627.357117,0.0
-3.367031,50,627.3919,0.0
-3.702676,50,627.427263,0.0
-3.467067,50,627.462603,0.0
-3.778241,50,627.49775,0.0
-4.124822,50,627.533504,0.0
-3.999209,50,627.569307,0.0
-4.292952,50,627.605007,0.0
-4.062308,50,627.64047,0.0
-4.05326,50,627.675851,0.0
-3.937509,50,627.711006,0.0
-4.623348,50,627.74637,0.0
-4.076946,50,627.78225,0.0
-3.684125,50,627.817779,0.0
-4.416687,50,627.853034,0.0
-4.32633,50,627.888006,0.0
-4.287829,50,627.923575,0.0
-3.76763,50,627.959149,0.0
-4.441461,50,627.994276,0.0
-3.64322,50,628.029642,0.0
-4.031783,50,628.065367,0.0
-4.073036,50,628.100965,0.0
-3.653564,50,628.136237,0.0
-3.805458,50,628.172034,0.0
-3.737104,50,628.206902,0.0
-4.342022,50,628.241981,0.0
-4.42898,50,628.276876,0.0
-3.838141,50,628.312235,0.0
-3.553432,50,628.347536,0.0
-3.598145,50,628.382544,0.0
-3.990866,50,628.41777,0.0
-4.31095,50,628.566501,0.0
-3.510282,50,628.602177,0.0
-3.865532,50,628.638036,0.0
-4.020359,50,628.673986,0.0
-3.559432,50,628.710082,0.0
-4.165251,50,628.746307,0.0
-4.446638,50,628.782103,0.0
-4.317404,50,628.817919,0.0
-4.14471,50,628.853997,0.0
-3.701789,50,628.889454,0.0
-3.427977,50,628.924424,0.0
-3.687463,50,628.959554,0.0
-3.716302,50,628.994894,0.0
-5.000429,50,629.030066,0.0
-4.529148,50,629.065464,0.0
-3.874747,50,629.101086,0.0
-3.906081,50,629.136571,0.0
-3.442658,50,629.171387,0.0
-4.345288,50,629.206533,0.0
-3.606992,50,629.241838,0.0
-3.924498,50,629.276969,0.0
-3.852427,50,629.312281,0.0
-4.082631,50,629.34769,0.0
-4.249913,50,629.383178,0.0
-3.484346,50,629.418766,0.0
-3.846498,50,629.454314,0.0
-3.813794,50,629.489557,0.0
-3.917099,50,629.525082,0.0
-4.130648,50,629.560474,0.0
-4.606063,50,629.595637,0.0
-3.942198,50,629.63053,0.0
-3.58345,50,629.665632,0.0
-4.606999,50,629.701083,0.0
-4.235604,50,629.736346,0.0
-4.268555,50,629.772193,0.0
-4.147735,50,629.808153,0.0
-5.217355,50,629.843545,0.0
-3.953672,50,629.878704,0.0
-4.421347,50,629.914004,0.0
-4.619511,50,629.949193,0.0
-4.122359,50,629.984352,0.0
-3.777926,50,630.134387,0.0
-4.35285,50,630.170089,0.0
-4.154282,50,630.205889,0.0
-3.598583,50,630.241578,0.0
-4.156576,50,630.2767,0.0
-3.746968,50,630.312104,0.0
-4.316223,50,630.347386,0.0
-4.190405,50,630.382486,0.0
-3.88592,50,630.417999,0.0
-3.871944,50,630.453363,0.0
-3.556341,50,630.488929,0.0
-4.191583,50,630.524349,0.0
-3.850296,50,630.559599,0.0
-4.213101,50,630.594719,0.0
-4.314813,50,630.629929,0.0
-3.19519,50,630.665059,0.0
-3.854589,50,630.700505,0.0
-3.767949,50,630.736134,0.0
-3.633718,50,630.771532,0.0
-4.127594,50,630.807229,0.0
-4.385188,50,630.8422,0.0
-4.033055,50,630.877501,0.0
-4.194143,50,630.912646,0.0
-3.354913,50,630.947893,0.0
-3.4536,50,630.982864,0.0
-4.31917,50,631.018137,0.0
-5.173191,50,631.053456,0.0
-4.088635,50,631.088427,0.0
-4.276814,50,631.124015,0.0
-4.243513,50,631.159307,0.0
-4.486343,50,631.194709,0.0
-4.161123,50,631.230741,0.0
-3.769377,50,631.266163,0.0
-3.500805,50,631.301145,0.0
-3.523165,50,631.336909,0.0
-3.815398,50,631.372674,0.0
-3.740594,50,631.408216,0.0
-4.017708,50,631.443819,0.0
-3.612034,50,631.478782,0.0
-4.699626,50,631.514024,0.0
-3.75985,50,631.549955,0.0
-4.120133,50,631.699585,0.0
-4.39345,50,631.73542,0.0
-3.863871,50,631.771705,0.0
-3.747953,50,631.807646,0.0
-3.57266,50,631.843689,0.0
-4.280615,50,631.879382,0.0
-3.805777,50,631.91466,0.0
-3.883132,50,631.949821,0.0
-4.676067,50,631.985148,0.0
-3.593961,50,632.020613,0.0
-4.370409,50,632.056147,0.0
-3.963428,50,632.091455,0.0
-3.705004,50,632.127264,0.0
-4.246273,50,632.162465,0.0
-3.485862,50,632.197712,0.0
-4.24098,50,632.232795,0.0
-3.757308,50,632.267911,0.0
-3.430091,50,632.302841,0.0
-3.85695,50,632.337692,0.0
-4.141541,50,632.373435,0.0
-3.632173,50,632.40868,0.0
-4.704623,50,632.443928,0.0
-4.178203,50,632.478811,0.0
-4.074812,50,632.514,0.0
-3.539794,50,632.549606,0.0
-3.439548,50,632.584474,0.0
-4.147686,50,632.619827,0.0
-3.382099,50,632.655372,0.0
-3.579842,50,632.691572,0.0
-3.82821,50,632.727124,0.0
-3.556065,50,632.763013,0.0
-3.886914,50,632.798885,0.0
-3.880227,50,632.834709,0.0
-3.565263,50,632.870939,0.0
-3.915654,50,632.906702,0.0
-4.09892,50,632.942353,0.0
-3.827135,50,632.978789,0.0
-3.80347,50,633.014679,0.0
-4.08803,50,633.050282,0.0
-3.881303,50,633.085865,0.0
-3.962683,50,633.121447,0.0
-4.057575,50,633.273013,0.0
-4.033299,50,633.308973,0.0
-3.614599,50,633.344685,0.0
-3.982931,50,633.38081,0.0
-3.873845,50,633.416659,0.0
-4.364608,50,633.452212,0.0
-4.180114,50,633.488007,0.0
-4.48318,50,633.523758,0.0
-3.594796,50,633.559412,0.0
-3.714483,50,633.594562,0.0
-3.546933,50,633.630548,0.0
-3.354345,50,633.666358,0.0
-4.285735,50,633.701263,0.0
-3.772698,50,633.737255,0.0
-4.046817,50,633.772614,0.0
-3.345112,50,633.80897,0.0
-3.894702,50,633.84487,0.0
-4.248316,50,633.880673,0.0
-4.255001,50,633.916349,0.0
-4.334055,50,633.95215,0.0
-3.710423,50,633.988078,0.0
-4.293403,50,634.023524,0.0
-4.467573,50,634.059135,0.0
-4.223722,50,634.094278,0.0
-4.277259,50,634.130148,0.0
-3.675859,50,634.165805,0.0
-3.946279,50,634.20152,0.0
-3.560668,50,634.237564,0.0
-4.375074,50,634.272954,0.0
-4.190096,50,634.308944,0.0
-4.048978,50,634.345085,0.0
-3.861786,50,634.381225,0.0
-4.437211,50,634.417103,0.0
-3.640367,50,634.453549,0.0
-3.543825,50,634.489403,0.0
-3.693993,50,634.525511,0.0
-3.845779,50,634.560764,0.0
-3.689453,50,634.596515,0.0
-3.814625,50,634.632758,0.0
-4.334961,50,634.668647,0.0
-3.969658,50,634.704132,0.0
-4.134083,50,634.856611,0.0
-4.357928,50,634.892202,0.0
-3.74169,50,634.928086,0.0
-3.808168,50,634.963545,0.0
-3.782848,50,634.99969,0.0
-3.634503,50,635.035308,0.0
-3.583682,50,635.071194,0.0
-3.731484,50,635.106647,0.0
-4.022745,50,635.142596,0.0
-4.042166,50,635.178654,0.0
-4.18071,50,635.214552,0.0
-3.561316,50,635.250435,0.0
-4.258146,50,635.286253,0.0
-5.222808,50,635.322404,0.0
-3.531831,50,635.357912,0.0
-3.819825,50,635.393458,0.0
-3.581904,50,635.428947,0.0
-3.759356,50,635.464425,0.0
-3.353327,50,635.500387,0.0
-3.842147,50,635.536536,0.0
-4.326931,50,635.572173,0.0
-3.873507,50,635.607771,0.0
-3.483077,50,635.643863,0.0
-4.05231,50,635.679728,0.0
-3.520539,50,635.715271,0.0
-3.517644,50,635.751043,0.0
-4.145477,50,635.787227,0.0
-3.763386,50,635.822825,0.0
-4.329546,50,635.85855,0.0
-3.811576,50,635.894255,0.0
-4.350891,50,635.930341,0.0
-3.727546,50,635.966319,0.0
-3.740111,50,636.001995,0.0
-4.197462,50,636.037525,0.0
-4.084939,50,636.073842,0.0
-3.498469,50,636.109721,0.0
-4.029635,50,636.145592,0.0
-4.096277,50,636.181172,0.0
-3.750247,50,636.216552,0.0
-3.930396,50,636.252142,0.0
-3.612651,50,636.402925,0.0
-4.139976,50,636.438999,0.0
-3.672724,50,636.474765,0.0
-4.171051,50,636.51014,0.0
-4.309472,50,636.546503,0.0
-4.084834,50,636.581927,0.0
-3.723987,50,636.617689,0.0
-3.697377,50,636.652717,0.0
-4.253674,50,636.687979,0.0
-3.789991,50,636.723478,0.0
-4.21567,50,636.75871,0.0
-3.845474,50,636.794524,0.0
-3.740068,50,636.830147,0.0
-4.5745,50,636.866314,0.0
-4.383931,50,636.901813,0.0
-3.964685,50,636.937244,0.0
-4.440746,50,636.972792,0.0
-3.4774,50,637.008705,0.0
-4.45038,50,637.044668,0.0
-3.846824,50,637.080621,0.0
-3.407809,50,637.116956,0.0
-4.082255,50,637.152566,0.0
-3.738181,50,637.188281,0.0
-4.212153,50,637.223047,0.0
-3.360507,50,637.258735,0.0
-4.390783,50,637.293647,0.0
-4.579946,50,637.328866,0.0
-4.205646,50,637.363914,0.0
-3.78771,50,637.399349,0.0
-3.24774,50,637.434384,0.0
-3.600732,50,637.469254,0.0
-4.228719,50,637.504616,0.0
-3.746475,50,637.539674,0.0
-3.844115,50,637.574758,0.0
-3.79899,50,637.610261,0.0
-4.407094,50,637.645503,0.0
-4.036192,50,637.6807,0.0
-3.748467,50,637.716321,0.0
-3.834069,50,637.751931,0.0
-4.410226,50,637.787452,0.0
-3.970459,50,637.822847,0.0
-3.944556,50,637.974149,0.0
-4.188655,50,638.010394,0.0
-4.203219,50,638.046493,0.0
-4.248899,50,638.082243,0.0
-4.129839,50,638.118298,0.0
-4.061706,50,638.15409,0.0
-4.342638,50,638.189458,0.0
-3.465725,50,638.225567,0.0
-4.356241,50,638.261765,0.0
-3.564058,50,638.297739,0.0
-4.763996,50,638.33359,0.0
-3.656325,50,638.369216,0.0
-4.034854,50,638.4051,0.0
-4.039384,50,638.440435,0.0
-3.711547,50,638.475564,0.0
-4.408634,50,638.511331,0.0
-4.054781,50,638.546641,0.0
-3.713561,50,638.582453,0.0
-3.851542,50,638.617964,0.0
-4.606348,50,638.654028,0.0
-4.723262,50,638.690033,0.0
-3.762671,50,638.725374,0.0
-3.85206,50,638.761436,0.0
-3.693497,50,638.797683,0.0
-3.754106,50,638.83333,0.0
-4.120284,50,638.86865,0.0
-3.899758,50,638.904646,0.0
-4.411463,50,638.940672,0.0
-4.227688,50,638.976262,0.0
-3.712681,50,639.012278,0.0
-4.466691,50,639.047921,0.0
-3.939652,50,639.084135,0.0
-4.449004,50,639.120246,0.0
-3.351105,50,639.155919,0.0
-4.550815,50,639.19197,0.0
-4.152088,50,639.228076,0.0
-3.771474,50,639.26377,0.0
-3.762708,50,639.300136,0.0
-3.847849,50,639.33634,0.0
-4.126754,50,639.372049,0.0
-3.714397,50,639.407864,0.0
-3.040763,50,639.559968,0.0
-4.133594,50,639.595861,0.0
-3.565996,50,639.631721,0.0
-4.020551,50,639.667404,0.0
-3.096296,50,639.703399,0.0
-3.847466,50,639.73896,0.0
-3.699836,50,639.774887,0.0
-3.98538,50,639.810914,0.0
-3.713336,50,639.846801,0.0
-4.362934,50,639.882644,0.0
-3.971915,50,639.917946,0.0
-3.586294,50,639.954348,0.0
-3.281089,50,639.990287,0.0
-4.170685,50,640.025473,0.0
-4.613905,50,640.061796,0.0
-4.102553,50,640.098084,0.0
-3.554557,50,640.133722,0.0
-4.079414,50,640.169752,0.0
-3.827286,50,640.205266,0.0
-3.869386,50,640.240653,0.0
-4.77619,50,640.276876,0.0
-3.753576,50,640.312853,0.0
-3.869831,50,640.348335,0.0
-3.847641,50,640.384123,0.0
-3.38394,50,640.420283,0.0
-3.719853,50,640.456623,0.0
-3.807113,50,640.492569,0.0
-4.30231,50,640.528477,0.0
-4.164169,50,640.564484,0.0
-4.164455,50,640.602369,0.0
-3.615326,50,640.638797,0.0
-4.122743,50,640.674927,0.0
-4.281396,50,640.71121,0.0
-4.029199,50,640.746978,0.0
-4.194394,50,640.782855,0.0
-3.526923,50,640.818729,0.0
-4.449337,50,640.855685,0.0
-4.048367,50,640.89213,0.0
-4.307753,50,640.927889,0.0
-3.90268,50,640.965521,0.0
-4.974885,50,641.001362,0.0
-4.143921,50,641.153202,0.0
-3.893668,50,641.189266,0.0
-3.952772,50,641.226068,0.0
-3.839255,50,641.26251,0.0
-4.022727,50,641.29831,0.0
-3.985092,50,641.334192,0.0
-3.617614,50,641.370264,0.0
-4.650383,50,641.405924,0.0
-3.631182,50,641.441701,0.0
-3.868687,50,641.47769,0.0
-3.583182,50,641.513304,0.0
-3.997543,50,641.548725,0.0
-4.296667,50,641.584934,0.0
-4.11669,50,641.62083,0.0
-3.930065,50,641.656466,0.0
-4.20497,50,641.692234,0.0
-4.049409,50,641.728297,0.0
-4.162863,50,641.764668,0.0
-4.422627,50,641.799955,0.0
-4.152509,50,641.836206,0.0
-3.732724,50,641.871916,0.0
-4.085464,50,641.907553,0.0
-3.127272,50,641.943346,0.0
-3.859796,50,641.979302,0.0
-3.528009,50,642.015177,0.0
-4.254948,50,642.050619,0.0
-3.673233,50,642.086117,0.0
-3.928813,50,642.121548,0.0
-4.662369,50,642.157651,0.0
-3.632959,50,642.193976,0.0
-3.941853,50,642.230214,0.0
-4.260546,50,642.266063,0.0
-3.132601,50,642.301841,0.0
-3.754761,50,642.337458,0.0
-3.676863,50,642.372939,0.0
-4.324626,50,642.408794,0.0
-3.624856,50,642.445449,0.0
-3.70256,50,642.481113,0.0
-3.94111,50,642.516394,0.0
-3.97171,50,642.552039,0.0
-4.502885,50,642.588241,0.0
-3.841892,50,642.741126,0.0
-3.973354,50,642.777018,0.0
-4.17173,50,642.812539,0.0
-3.858224,50,642.848443,0.0
-4.034246,50,642.883837,0.0
-3.778815,50,642.919485,0.0
-4.439265,50,642.954893,0.0
-4.070637,50,642.990451,0.0
-3.348942,50,643.026061,0.0
-3.914689,50,643.061847,0.0
-4.39841,50,643.097792,0.0
-4.429085,50,643.133045,0.0
-4.314596,50,643.168918,0.0
-3.664328,50,643.204291,0.0
-3.937777,50,643.240348,0.0
-3.555357,50,643.276483,0.0
-3.327835,50,643.311898,0.0
-3.789142,50,643.34705,0.0
-4.083186,50,643.383593,0.0
-3.936026,50,643.419494,0.0
-3.723554,50,643.455309,0.0
-4.219794,50,643.490918,0.0
-3.938811,50,643.526471,0.0
-4.404906,50,643.561886,0.0
-3.910024,50,643.597149,0.0
-4.010767,50,643.632872,0.0
-4.130765,50,643.668553,0.0
-3.473114,50,643.704414,0.0
-4.705268,50,643.740613,0.0
-4.019621,50,643.776398,0.0
-3.934108,50,643.812282,0.0
-5.077125,50,643.849567,0.0
-3.747327,50,643.884956,0.0
-3.720518,50,643.921139,0.0
-3.972025,50,643.959146,0.0
-4.077137,50,643.995872,0.0
-4.492492,50,644.032521,0.0
-3.349494,50,644.069023,0.0
-3.853122,50,644.105294,0.0
-3.972066,50,644.144014,0.0
-4.181776,50,644.181587,0.0
-4.264375,50,644.335825,0.0
-3.604582,50,644.372259,0.0
-4.715617,50,644.407829,0.0
-3.736291,50,644.444685,0.0
-3.509679,50,644.481469,0.0
-3.544501,50,644.517921,0.0
-3.435512,50,644.554066,0.0
-4.536157,50,644.590319,0.0
-3.873197,50,644.626272,0.0
-3.737294,50,644.662136,0.0
-4.14027,50,644.697866,0.0
-3.49916,50,644.733698,0.0
-3.841866,50,644.769225,0.0
-4.200037,50,644.805198,0.0
-3.693802,50,644.841459,0.0
-4.336606,50,644.877497,0.0
-4.242943,50,644.913207,0.0
-3.976729,50,644.948518,0.0
-3.770038,50,644.983912,0.0
-3.708328,50,645.019219,0.0
-3.689431,50,645.054766,0.0
-3.672143,50,645.090843,0.0
-3.989909,50,645.126848,0.0
-3.737629,50,645.161952,0.0
-3.499835,50,645.197789,0.0
-4.588792,50,645.234374,0.0
-4.273847,50,645.26947,0.0
-4.045938,50,645.304956,0.0
-4.157932,50,645.340477,0.0
-4.114678,50,645.375886,0.0
-4.296081,50,645.411142,0.0
-4.165509,50,645.447542,0.0
-4.252678,50,645.483732,0.0
-3.593854,50,645.519482,0.0
-3.569492,50,645.554688,0.0
-3.831624,50,645.590015,0.0
-3.638249,50,645.625137,0.0
-3.32874,50,645.660899,0.0
-4.152874,50,645.696965,0.0
-3.89156,50,645.732866,0.0
-4.24033,50,645.768533,0.0
-4.356418,50,645.919077,0.0
-3.516727,50,645.954855,0.0
-4.182307,50,645.990491,0.0
-3.716688,50,646.025935,0.0
-3.984189,50,646.061976,0.0
-4.25554,50,646.098964,0.0
-3.406216,50,646.134896,0.0
-4.142857,50,646.170792,0.0
-4.112227,50,646.206482,0.0
-3.7012,50,646.241613,0.0
-4.356153,50,646.277144,0.0
-4.179077,50,646.312988,0.0
-3.598937,50,646.348595,0.0
-3.582736,50,646.383989,0.0
-3.989918,50,646.419592,0.0
-4.166131,50,646.455079,0.0
-4.159588,50,646.490648,0.0
-3.72378,50,646.525757,0.0
-4.158143,50,646.561151,0.0
-4.371946,50,646.59614,0.0
-4.095578,50,646.631899,0.0
-4.311308,50,646.666651,0.0
-3.33408,50,646.701603,0.0
-4.147045,50,646.737233,0.0
-4.015443,50,646.772995,0.0
-3.832578,50,646.80871,0.0
-4.226098,50,646.844098,0.0
-3.365158,50,646.879524,0.0
-4.32648,50,646.915507,0.0
-3.855183,50,646.952179,0.0
-4.597918,50,646.987176,0.0
-4.226418,50,647.022539,0.0
-3.916851,50,647.05767,0.0
-4.017196,50,647.093977,0.0
-3.882118,50,647.129625,0.0
-3.834086,50,647.165609,0.0
-3.580761,50,647.200992,0.0
-4.360901,50,647.236707,0.0
-4.246463,50,647.272605,0.0
-3.961181,50,647.307755,0.0
-4.228614,50,647.344087,0.0
-4.070582,50,647.496245,0.0
-4.254597,50,647.532006,0.0
-4.110432,50,647.567597,0.0
-4.029276,50,647.602898,0.0
-3.882549,50,647.638636,0.0
-3.348616,50,647.674132,0.0
-3.896012,50,647.710015,0.0
-4.001218,50,647.746264,0.0
-3.850256,50,647.782025,0.0
-4.157651,50,647.817569,0.0
-4.089465,50,647.853234,0.0
-3.931756,50,647.889556,0.0
-4.057447,50,647.925181,0.0
-3.737974,50,647.960782,0.0
-4.434707,50,647.996831,0.0
-3.871005,50,648.032766,0.0
-3.972444,50,648.068374,0.0
-4.224459,50,648.104181,0.0
-4.007284,50,648.140155,0.0
-3.790438,50,648.176078,0.0
-3.79807,50,648.211589,0.0
-3.795141,50,648.24714,0.0
-3.854963,50,648.282784,0.0
-3.913615,50,648.318777,0.0
-3.820158,50,648.354552,0.0
-3.416817,50,648.39041,0.0
-4.71954,50,648.425938,0.0
-4.426831,50,648.461916,0.0
-3.794116,50,648.497456,0.0
-3.847438,50,648.533235,0.0
-4.087625,50,648.568888,0.0
-4.189396,50,648.60445,0.0
-3.693204,50,648.640309,0.0
-4.324245,50,648.676379,0.0
-5.068342,50,648.713177,0.0
-4.023737,50,648.749196,0.0
-3.666994,50,648.785339,0.0
-4.119622,50,648.82139,0.0
-4.312739,50,648.857328,0.0
-4.293899,50,648.893453,0.0
-3.659371,50,648.929824,0.0
-3.592876,50,649.080294,0.0
-3.841886,50,649.116042,0.0
-3.9393,50,649.15214,0.0
-4.163488,50,649.188318,0.0
-4.339108,50,649.224495,0.0
-3.533944,50,649.259912,0.0
-3.8633,50,649.295664,0.0
-4.224754,50,649.332538,0.0
-4.82635,50,649.368348,0.0
-3.893198,50,649.405181,0.0
-3.790355,50,649.440953,0.0
-4.284674,50,649.47673,0.0
-3.817431,50,649.512762,0.0
-3.519969,50,649.548531,0.0
-4.061407,50,649.58381,0.0
-4.091146,50,649.619297,0.0
-3.905189,50,649.655573,0.0
-4.179168,50,649.691812,0.0
-4.344865,50,649.727822,0.0
-4.188514,50,649.763164,0.0
-4.621559,50,649.799378,0.0
-3.669442,50,649.835412,0.0
-3.819039,50,649.871207,0.0
-3.69321,50,649.906795,0.0
-4.116159,50,649.943424,0.0
-4.170674,50,649.979169,0.0
-4.128053,50,650.014566,0.0
-4.844346,50,650.050118,0.0
-3.831991,50,650.086215,0.0
-4.263698,50,650.122661,0.0
-4.133666,50,650.158886,0.0
-3.612841,50,650.195369,0.0
-3.857303,50,650.230323,0.0
-4.182352,50,650.265353,0.0
-3.851662,50,650.300676,0.0
-3.55902,50,650.336414,0.0
-3.617695,50,650.372159,0.0
-4.212334,50,650.408244,0.0
-4.534646,50,650.444416,0.0
-4.310124,50,650.479985,0.0
-4.094035,50,650.515449,0.0
-4.464822,50,650.666572,0.0
-3.865471,50,650.70212,0.0
-3.883355,50,650.737745,0.0
-3.915249,50,650.773718,0.0
-4.117652,50,650.810089,0.0
-3.465038,50,650.846537,0.0
-3.581048,50,650.883016,0.0
-3.915707,50,650.919376,0.0
-4.195183,50,650.955607,0.0
-4.489134,50,650.992074,0.0
-4.006719,50,651.028747,0.0
-3.903011,50,651.065034,0.0
-3.909909,50,651.101254,0.0
-3.53518,50,651.136943,0.0
-3.328341,50,651.17302,0.0
-4.417719,50,651.208485,0.0
-3.885939,50,651.243766,0.0
-4.188469,50,651.279915,0.0
-3.512855,50,651.316269,0.0
-3.79118,50,651.352056,0.0
-4.321478,50,651.387616,0.0
-4.649431,50,651.423805,0.0
-3.811028,50,651.459719,0.0
-3.810689,50,651.495724,0.0
-4.329592,50,651.531832,0.0
-3.40396,50,651.568572,0.0
-3.723976,50,651.606547,0.0
-3.67023,50,651.644305,0.0
-4.248912,50,651.680863,0.0
-3.870634,50,651.718165,0.0
-4.292747,50,651.754573,0.0
-4.146264,50,651.791178,0.0
-3.89663,50,651.828353,0.0
-3.643566,50,651.86542,0.0
-3.830098,50,651.90217,0.0
-3.870364,50,651.93828,0.0
-4.092406,50,651.974356,0.0
-4.205017,50,652.010173,0.0
-4.454282,50,652.045853,0.0
-4.144403,50,652.081266,0.0
-4.601351,50,652.117784,0.0
-3.606298,50,652.274714,0.0
-3.885163,50,652.311519,0.0
-4.1968,50,652.348659,0.0
-3.955505,50,652.384978,0.0
-3.712364,50,652.421163,0.0
-4.159363,50,652.456612,0.0
-4.140188,50,652.49307,0.0
-3.650617,50,652.529357,0.0
-3.804639,50,652.566078,0.0
-4.216176,50,652.602601,0.0
-3.55434,50,652.638704,0.0
-3.962311,50,652.674265,0.0
-4.080779,50,652.710021,0.0
-3.997508,50,652.746382,0.0
-4.153316,50,652.782168,0.0
-4.709501,50,652.817715,0.0
-4.009796,50,652.85413,0.0
-4.840802,50,652.890723,0.0
-4.455145,50,652.926209,0.0
-4.099029,50,652.962051,0.0
-4.260619,50,652.998831,0.0
-3.437761,50,653.035404,0.0
-3.944611,50,653.071157,0.0
-3.990448,50,653.106786,0.0
-4.178776,50,653.144047,0.0
-3.905735,50,653.179455,0.0
-4.341202,50,653.215323,0.0
-3.582804,50,653.25087,0.0
-3.938223,50,653.286528,0.0
-4.392602,50,653.322012,0.0
-4.341709,50,653.358312,0.0
-4.175246,50,653.394725,0.0
-3.976742,50,653.430732,0.0
-3.582382,50,653.466204,0.0
-3.091777,50,653.502738,0.0
-4.129317,50,653.539134,0.0
-4.298514,50,653.576024,0.0
-3.629143,50,653.613363,0.0
-3.669061,50,653.650518,0.0
-5.323419,50,653.686326,0.0
-4.118328,50,653.722649,0.0
-3.925119,50,653.876266,0.0
-3.818644,50,653.911858,0.0
-4.341795,50,653.947605,0.0
-3.676692,50,653.983908,0.0
-3.419941,50,654.020609,0.0
-3.872735,50,654.05682,0.0
-3.646437,50,654.092088,0.0
-4.378891,50,654.128107,0.0
-4.121399,50,654.163607,0.0
-3.955776,50,654.19961,0.0
-3.833673,50,654.235549,0.0
-4.431448,50,654.271466,0.0
-4.045562,50,654.307426,0.0
-4.504863,50,654.343359,0.0
-4.082621,50,654.378764,0.0
-4.271464,50,654.414686,0.0
-3.868313,50,654.450384,0.0
-4.303161,50,654.485981,0.0
-3.898448,50,654.522067,0.0
-4.055612,50,654.557912,0.0
-3.809872,50,654.594169,0.0
-4.244672,50,654.629683,0.0
-3.555128,50,654.666172,0.0
-4.526812,50,654.703523,0.0
-4.005707,50,654.739054,0.0
-4.003922,50,654.775531,0.0
-4.068981,50,654.812212,0.0
-3.949938,50,654.848357,0.0
-4.105134,50,654.883911,0.0
-4.203349,50,654.919837,0.0
-3.852261,50,654.955865,0.0
-3.425193,50,654.99102,0.0
-4.066326,50,655.026971,0.0
-3.591836,50,655.062815,0.0
-4.13082,50,655.099121,0.0
-3.71865,50,655.135241,0.0
-4.146885,50,655.17104,0.0
-3.352471,50,655.207506,0.0
-3.823194,50,655.242903,0.0
-3.887924,50,655.279229,0.0
-4.469265,50,655.315847,0.0
-3.54276,50,655.470737,0.0
-4.026035,50,655.506841,0.0
-3.953558,50,655.543865,0.0
-3.650454,50,655.580083,0.0
-3.580558,50,655.615699,0.0
-3.947549,50,655.651504,0.0
-4.173762,50,655.687256,0.0
-4.025411,50,655.723006,0.0
-4.218164,50,655.758786,0.0
-4.591008,50,655.794439,0.0
-4.363247,50,655.83219,0.0
-4.251203,50,655.869072,0.0
-4.165062,50,655.905281,0.0
-3.771481,50,655.941623,0.0
-3.728771,50,655.977685,0.0
-3.496457,50,656.013883,0.0
-4.710621,50,656.049665,0.0
-3.8245,50,656.086054,0.0
-4.352765,50,656.121434,0.0
-4.058208,50,656.158366,0.0
-4.08135,50,656.194596,0.0
-4.567093,50,656.231344,0.0
-4.1976,50,656.26829,0.0
-3.675673,50,656.304269,0.0
-4.061736,50,656.340519,0.0
-4.490764,50,656.376307,0.0
-4.314965,50,656.412434,0.0
-4.338133,50,656.44938,0.0
-3.612456,50,656.48517,0.0
-3.868648,50,656.521221,0.0
-3.740769,50,656.55715,0.0
-3.941806,50,656.593182,0.0
-3.4001,50,656.629327,0.0
-3.78611,50,656.665409,0.0
-4.340752,50,656.701442,0.0
-4.044808,50,656.737382,0.0
-4.001119,50,656.773545,0.0
-3.494141,50,656.809197,0.0
-4.276327,50,656.844973,0.0
-3.523303,50,656.881368,0.0
-3.764711,50,656.917368,0.0
-3.896867,50,657.069521,0.0
-4.224462,50,657.105553,0.0
-3.665533,50,657.141662,0.0
-4.040554,50,657.178723,0.0
-4.191167,50,657.215031,0.0
-3.597825,50,657.250982,0.0
-3.516683,50,657.28694,0.0
-4.365306,50,657.323069,0.0
-3.93583,50,657.359485,0.0
-4.185964,50,657.39544,0.0
-4.257756,50,657.430876,0.0
-4.084247,50,657.46738,0.0
-3.424417,50,657.50334,0.0
-3.838293,50,657.538571,0.0
-4.500261,50,657.574948,0.0
-3.803702,50,657.61048,0.0
-3.580389,50,657.645873,0.0
-4.0364,50,657.682038,0.0
-4.07349,50,657.718498,0.0
-3.6652,50,657.754166,0.0
-4.068131,50,657.789703,0.0
-3.860135,50,657.825491,0.0
-3.414556,50,657.861828,0.0
-4.375169,50,657.897045,0.0
-4.363425,50,657.93292,0.0
-4.169333,50,657.968706,0.0
-3.867338,50,658.004809,0.0
-3.552379,50,658.040817,0.0
-4.024155,50,658.07683,0.0
-3.721707,50,658.112657,0.0
-3.596428,50,658.14867,0.0
-4.435548,50,658.184167,0.0
-4.337229,50,658.21927,0.0
-3.938429,50,658.255564,0.0
-4.134742,50,658.291852,0.0
-4.079759,50,658.327926,0.0
-2.892027,50,658.363583,0.0
-3.903428,50,658.399264,0.0
-4.36027,50,658.435336,0.0
-4.239112,50,658.471427,0.0
-3.761032,50,658.506871,0.0
-3.653339,50,658.659102,0.0
-4.334335,50,658.695107,0.0
-3.817962,50,659.08624,0.0
-4.001559,50,659.12212,0.0
-3.302852,50,659.157792,0.0
-3.858297,50,659.193349,0.0
-3.553568,50,659.228926,0.0
-4.348911,50,659.264509,0.0
-3.68578,50,659.300778,0.0
-3.603938,50,659.336302,0.0
-3.876856,50,659.372413,0.0
-4.242957,50,659.407717,0.0
-4.428136,50,659.442904,0.0
-4.552587,50,659.478821,0.0
-3.789535,50,659.5142,0.0
-3.648181,50,659.550493,0.0
-3.979297,50,659.586817,0.0
-3.859603,50,659.622643,0.0
-3.468484,50,659.658082,0.0
-3.747184,50,659.693938,0.0
-3.510928,50,659.729349,0.0
-4.07049,50,659.764977,0.0
-4.14666,50,659.800373,0.0
-3.812376,50,659.836279,0.0
-3.982574,50,659.872208,0.0
-3.542184,50,659.908404,0.0
-3.863867,50,659.943967,0.0
-4.385148,50,659.980203,0.0
-3.65612,50,660.016373,0.0
-3.529862,50,660.052269,0.0
-4.04322,50,660.087836,0.0
-4.321228,50,660.123774,0.0
-4.065742,50,660.15985,0.0
-3.440627,50,660.19579,0.0
-3.77183,50,660.232231,0.0
-5.05797,50,660.268199,0.0
-4.211025,50,660.304526,0.0
-3.323236,50,660.340582,0.0
-4.406321,50,660.377142,0.0
-3.594817,50,660.412994,0.0
-4.218072,50,660.449304,0.0
-3.594459,50,660.602332,0.0
-4.496939,50,660.638378,0.0
-3.46533,50,660.673925,0.0
-3.968972,50,660.710288,0.0
-3.701111,50,660.746828,0.0
-4.170902,50,660.782663,0.0
-4.262317,50,660.818361,0.0
-4.009062,50,660.853959,0.0
-3.592817,50,660.889926,0.0
-3.955737,50,660.92509,0.0
-4.987268,50,660.960541,0.0
-4.073746,50,660.996096,0.0
-3.082954,50,661.031485,0.0
-3.863243,50,661.066836,0.0
-4.273461,50,661.102024,0.0
-3.826593,50,661.137217,0.0
-4.020353,50,661.17427,0.0
-3.970989,50,661.210407,0.0
-4.147987,50,661.245729,0.0
-4.214008,50,661.282997,0.0
-4.622252,50,661.319166,0.0
-3.470573,50,661.355117,0.0
-4.55037,50,661.390777,0.0
-4.346583,50,661.427051,0.0
-4.263991,50,661.463816,0.0
-4.184636,50,661.499808,0.0
-4.120562,50,661.535999,0.0
-3.649538,50,661.571996,0.0
-3.726355,50,661.607555,0.0
-3.796745,50,661.643229,0.0
-4.343709,50,661.678905,0.0
-3.7557,50,661.71406,0.0
-3.153077,50,661.749737,0.0
-3.88784,50,661.785367,0.0
-3.995792,50,661.820397,0.0
-3.799295,50,661.855846,0.0
-3.798471,50,661.892313,0.0
-3.702036,50,661.928426,0.0
-3.316223,50,661.964032,0.0
-3.906269,50,661.999772,0.0
-4.835238,50,662.035384,0.0
-3.633038,50,662.185587,0.0
-3.509314,50,662.221076,0.0
-3.997359,50,662.256595,0.0
-3.931823,50,662.291734,0.0
-3.861092,50,662.327446,0.0
-3.973975,50,662.362839,0.0
-4.217821,50,662.398449,0.0
-3.910115,50,662.434092,0.0
-3.654246,50,662.470218,0.0
-3.648622,50,662.505676,0.0
-4.529545,50,662.541646,0.0
-4.018519,50,662.577577,0.0
-4.13522,50,662.61375,0.0
-3.826428,50,662.649594,0.0
-4.343473,50,662.68531,0.0
-4.217889,50,662.721197,0.0
-4.070677,50,662.757065,0.0
-4.324502,50,662.793091,0.0
-4.186253,50,662.828957,0.0
-4.178788,50,662.864949,0.0
-4.375231,50,662.900844,0.0
-3.471321,50,662.937099,0.0
-3.360347,50,662.972324,0.0
-4.141022,50,663.007922,0.0
-4.016286,50,663.043697,0.0
-3.87011,50,663.079449,0.0
-3.627447,50,663.114841,0.0
-3.740955,50,663.150974,0.0
-3.869136,50,663.186907,0.0
-3.832097,50,663.222675,0.0
-3.681013,50,663.258176,0.0
-3.932903,50,663.293783,0.0
-3.509618,50,663.328971,0.0
-4.896783,50,663.364109,0.0
-4.42683,50,663.399929,0.0
-3.630837,50,663.43623,0.0
-3.279159,50,663.472546,0.0
-4.003842,50,663.50849,0.0
-4.093072,50,663.544501,0.0
-4.795455,50,663.580645,0.0
-3.918789,50,663.616979,0.0
-3.879131,50,663.766789,0.0
-3.944683,50,663.803302,0.0
-3.732881,50,663.838615,0.0
-4.013844,50,663.873996,0.0
-3.726645,50,663.909621,0.0
-4.652636,50,663.9457,0.0
-3.673068,50,663.981801,0.0
-3.9029,50,664.017785,0.0
-3.626452,50,664.053152,0.0
-3.831504,50,664.088486,0.0
-3.384066,50,664.124147,0.0
-4.554352,50,664.160372,0.0
-4.132745,50,664.195881,0.0
-3.59078,50,664.23185,0.0
-4.258775,50,664.267461,0.0
-3.35754,50,664.302635,0.0
-3.481084,50,664.338341,0.0
-3.5948,50,664.374282,0.0
-4.549053,50,664.409484,0.0
-4.263105,50,664.444974,0.0
-3.767557,50,664.4812,0.0
-4.165456,50,664.517379,0.0
-3.866825,50,664.552482,0.0
-3.94102,50,664.587525,0.0
-4.705868,50,664.623211,0.0
-3.719283,50,664.658854,0.0
-3.192471,50,664.693963,0.0
-3.788954,50,664.729231,0.0
-3.62601,50,664.764475,0.0
-3.596642,50,664.799515,0.0
-3.661253,50,664.83547,0.0
-4.602391,50,664.871212,0.0
-4.265788,50,664.907098,0.0
-3.258088,50,664.942478,0.0
-3.55083,50,664.977725,0.0
-3.541642,50,665.013339,0.0
-3.671721,50,665.048393,0.0
-3.698225,50,665.083747,0.0
-4.263984,50,665.118686,0.0
-3.94026,50,665.153702,0.0
-4.074138,50,665.189113,0.0
-3.626351,50,665.339738,0.0
-4.037176,50,665.375776,0.0
-4.046566,50,665.411156,0.0
-3.106329,50,665.447244,0.0
-4.363321,50,665.483379,0.0
-3.85372,50,665.519801,0.0
-4.582031,50,665.555783,0.0
-3.794848,50,665.591855,0.0
-3.76342,50,665.628042,0.0
-4.511992,50,665.663904,0.0
-3.629724,50,665.699987,0.0
-4.80127,50,665.735699,0.0
-4.100047,50,665.770845,0.0
-3.876121,50,665.805769,0.0
-4.877558,50,665.841324,0.0
-3.733562,50,665.876466,0.0
-3.872348,50,665.911902,0.0
-3.830789,50,665.947027,0.0
-3.590603,50,665.98266,0.0
-3.473806,50,666.018186,0.0
-3.936117,50,666.053183,0.0
-3.596661,50,666.088549,0.0
-3.5561,50,666.123963,0.0
-3.374398,50,666.159241,0.0
-3.452148,50,666.194072,0.0
-3.687976,50,666.229197,0.0
-3.880247,50,666.264388,0.0
-3.942899,50,666.299607,0.0
-3.358769,50,666.33471,0.0
-3.618996,50,666.370198,0.0
-4.044086,50,666.405646,0.0
-3.863154,50,666.441122,0.0
-3.82375,50,666.476281,0.0
-4.190151,50,666.511504,0.0
-3.981532,50,666.547371,0.0
-3.953756,50,666.583555,0.0
-4.566994,50,666.619296,0.0
-3.596478,50,666.654709,0.0
-4.040217,50,666.6897,0.0
-3.657763,50,666.725853,0.0
-3.702776,50,666.761503,0.0
-3.992785,50,666.912768,0.0
-4.583854,50,666.948434,0.0
-3.785847,50,666.98419,0.0
-3.949876,50,667.019677,0.0
-4.090036,50,667.055103,0.0
-3.217379,50,667.090302,0.0
-3.711947,50,667.126141,0.0
-4.230166,50,667.161596,0.0
-3.721493,50,667.197101,0.0
-4.102611,50,667.233079,0.0
-3.810744,50,667.268843,0.0
-4.478232,50,667.305196,0.0
-4.122373,50,667.340766,0.0
-3.718119,50,667.376494,0.0
-3.933568,50,667.412059,0.0
-4.067084,50,667.448082,0.0
-4.062701,50,667.48387,0.0
-4.511757,50,667.519319,0.0
-3.344805,50,667.555594,0.0
-3.905803,50,667.592039,0.0
-3.810761,50,667.628448,0.0
-3.611015,50,667.664033,0.0
-4.421594,50,667.700014,0.0
-3.649509,50,667.736017,0.0
-3.752586,50,667.771818,0.0
-3.474976,50,667.807196,0.0
-5.065366,50,667.842954,0.0
-4.349249,50,667.878542,0.0
-3.915127,50,667.914167,0.0
-4.119055,50,667.950065,0.0
-3.667195,50,667.985487,0.0
-4.417127,50,668.020937,0.0
-4.044738,50,668.056325,0.0
-4.536888,50,668.092221,0.0
-3.956665,50,668.127494,0.0
-3.638827,50,668.163047,0.0
-3.962318,50,668.198599,0.0
-4.546625,50,668.234777,0.0
-4.321009,50,668.270839,0.0
-4.084076,50,668.306522,0.0
-4.352516,50,668.342074,0.0
-3.598304,50,668.493704,0.0
-4.587688,50,668.529414,0.0
-3.97341,50,668.565614,0.0
-3.71198,50,668.601313,0.0
-3.810933,50,668.637565,0.0
-3.872808,50,668.673446,0.0
-4.346714,50,668.709253,0.0
-3.872757,50,668.744992,0.0
-4.733595,50,668.780479,0.0
-4.042642,50,668.816412,0.0
-3.795321,50,668.851932,0.0
-4.140093,50,668.887387,0.0
-3.682834,50,668.92298,0.0
-3.759382,50,668.958617,0.0
-3.766526,50,668.9945,0.0
-3.40118,50,669.030898,0.0
-3.898723,50,669.066786,0.0
-4.501888,50,669.102713,0.0
-4.314968,50,669.13875,0.0
-3.966254,50,669.173909,0.0
-3.5744,50,669.209615,0.0
-3.956898,50,669.245107,0.0
-4.131543,50,669.280497,0.0
-4.697482,50,669.31629,0.0
-4.336399,50,669.351757,0.0
-4.020124,50,669.388082,0.0
-3.836428,50,669.424882,0.0
-3.84619,50,669.460687,0.0
-3.529408,50,669.496673,0.0
-4.447086,50,669.532304,0.0
-4.151519,50,669.567762,0.0
-4.368241,50,669.603249,0.0
-4.155431,50,669.638198,0.0
-3.511619,50,669.673934,0.0
-4.379402,50,669.709632,0.0
-3.942077,50,669.745263,0.0
-3.672197,50,669.780792,0.0
-3.331669,50,669.816051,0.0
-4.175314,50,669.851342,0.0
-3.863052,50,669.886953,0.0
-3.861138,50,669.922711,0.0
-3.985896,50,670.0775,0.0
-3.555227,50,670.113371,0.0
-4.039999,50,670.149547,0.0
-3.664447,50,670.185712,0.0
-3.945719,50,670.221416,0.0
-3.722915,50,670.257008,0.0
-4.726673,50,670.292918,0.0
-3.95928,50,670.328953,0.0
-4.351219,50,670.364653,0.0
-3.827848,50,670.400483,0.0
-4.417639,50,670.436027,0.0
-4.376236,50,670.47144,0.0
-3.508309,50,670.508039,0.0
-4.10879,50,670.544047,0.0
-4.340894,50,670.579968,0.0
-4.017323,50,670.615425,0.0
-3.489831,50,670.650849,0.0
-4.437267,50,670.686705,0.0
-3.62536,50,670.722332,0.0
-3.308596,50,670.757955,0.0
-3.941351,50,670.794829,0.0
-3.913346,50,670.830506,0.0
-3.456929,50,670.866416,0.0
-3.579815,50,670.901801,0.0
-3.360258,50,670.937798,0.0
-4.114842,50,670.973343,0.0
-4.253779,50,671.009084,0.0
-3.92787,50,671.044864,0.0
-3.873885,50,671.080509,0.0
-4.402862,50,671.116117,0.0
-4.353536,50,671.152047,0.0
-4.03823,50,671.187664,0.0
-3.461463,50,671.223019,0.0
-3.206994,50,671.258812,0.0
-3.898149,50,671.294491,0.0
-3.506256,50,671.329676,0.0
-3.797141,50,671.365787,0.0
-4.238727,50,671.402075,0.0
-4.454501,50,671.43765,0.0
-3.601635,50,671.47328,0.0
-3.910605,50,671.509564,0.0
-4.064029,50,671.661297,0.0
-3.733116,50,671.697391,0.0
-4.198157,50,671.733132,0.0
-3.77138,50,671.768687,0.0
-4.555034,50,671.803967,0.0
-3.889627,50,671.839023,0.0
-3.312798,50,671.874494,0.0
-4.355821,50,671.910302,0.0
-4.327706,50,671.945805,0.0
-4.817835,50,671.981253,0.0
-4.260226,50,672.016961,0.0
-3.85368,50,672.052494,0.0
-3.754981,50,672.087861,0.0
-3.973383,50,672.123427,0.0
-3.755421,50,672.159132,0.0
-3.552638,50,672.19533,0.0
-3.709237,50,672.230436,0.0
-4.263037,50,672.266336,0.0
-4.038476,50,672.302844,0.0
-4.494767,50,672.33892,0.0
-4.18452,50,672.374514,0.0
-4.030887,50,672.410781,0.0
-3.885984,50,672.446478,0.0
-4.340134,50,672.482566,0.0
-4.691039,50,672.518532,0.0
-4.705532,50,672.553994,0.0
-4.710402,50,672.589904,0.0
-3.815812,50,672.625534,0.0
-3.518479,50,672.661816,0.0
-3.986048,50,672.697764,0.0
-4.440526,50,672.734104,0.0
-4.3665,50,672.77,0.0
-3.999028,50,672.805623,0.0
-4.09614,50,672.841324,0.0
-3.696633,50,672.876909,0.0
-4.425028,50,672.912617,0.0
-3.916352,50,672.948091,0.0
-4.32587,50,672.984232,0.0
-3.425589,50,673.019953,0.0
-4.382682,50,673.056027,0.0
-4.260926,50,673.092321,0.0
-3.533052,50,673.245667,0.0
-3.722545,50,673.281632,0.0
-3.847355,50,673.317135,0.0
-3.940097,50,673.353209,0.0
-4.148007,50,673.388788,0.0
-2.934961,50,673.424821,0.0
-3.583971,50,673.460168,0.0
-4.147861,50,673.495748,0.0
-3.709986,50,673.531715,0.0
-3.98603,50,673.56773,0.0
-4.185616,50,673.603829,0.0
-3.707781,50,673.639622,0.0
-4.12222,50,673.675348,0.0
-3.446831,50,673.711142,0.0
-3.564398,50,673.746872,0.0
-4.299052,50,673.7829,0.0
-3.625085,50,673.818163,0.0
-3.991359,50,673.853956,0.0
-3.671646,50,673.889469,0.0
-3.760184,50,673.925388,0.0
-3.957893,50,673.96134,0.0
-3.660244,50,673.997156,0.0
-4.546006,50,674.032862,0.0
-3.477411,50,674.068648,0.0
-3.89365,50,674.104316,0.0
-4.329304,50,674.140349,0.0
-3.693843,50,674.176328,0.0
-3.468458,50,674.212353,0.0
-4.293979,50,674.247939,0.0
-3.716499,50,674.283229,0.0
-3.8899,50,674.319031,0.0
-3.641926,50,674.355401,0.0
-3.838216,50,674.391314,0.0
-3.697378,50,674.427052,0.0
-3.549779,50,674.462467,0.0
-4.20245,50,674.498051,0.0
-4.70535,50,674.534012,0.0
-3.780211,50,674.569565,0.0
-4.731763,50,674.605133,0.0
-3.864864,50,674.640752,0.0
-3.462988,50,674.676356,0.0
-3.534638,50,674.828506,0.0
-3.963016,50,674.864016,0.0
-3.702828,50,674.900812,0.0
-4.281786,50,674.936667,0.0
-4.137521,50,674.972771,0.0
-3.416868,50,675.007745,0.0
-4.07424,50,675.043908,0.0
-3.776471,50,675.079244,0.0
-3.569437,50,675.11521,0.0
-3.944937,50,675.150476,0.0
-3.860601,50,675.185922,0.0
-3.933965,50,675.221858,0.0
-4.223181,50,675.258224,0.0
-4.077071,50,675.294716,0.0
-3.356307,50,675.331084,0.0
-4.309873,50,675.36768,0.0
-4.003943,50,675.403561,0.0
-4.243752,50,675.439646,0.0
-3.928733,50,675.47539,0.0
-3.91263,50,675.511321,0.0
-4.341902,50,675.546984,0.0
-4.159401,50,675.582623,0.0
-3.56984,50,675.61843,0.0
-3.987635,50,675.65453,0.0
-4.464757,50,675.690595,0.0
-4.001264,50,675.726991,0.0
-3.177821,50,675.762253,0.0
-3.717626,50,675.797718,0.0
-3.818702,50,675.833424,0.0
-3.961123,50,675.869342,0.0
-3.746534,50,675.904516,0.0
-4.618985,50,675.940497,0.0
-3.974722,50,675.976163,0.0
-4.208429,50,676.011395,0.0
-3.871736,50,676.047627,0.0
-3.927458,50,676.08369,0.0
-3.547994,50,676.119514,0.0
-3.757889,50,676.155198,0.0
-3.76907,50,676.191475,0.0
-4.134387,50,676.227697,0.0
-3.527059,50,676.380059,0.0
-4.015561,50,676.416051,0.0
-3.265988,50,676.452123,0.0
-4.023864,50,676.488071,0.0
-4.180249,50,676.523966,0.0
-4.242406,50,676.559343,0.0
-3.154748,50,676.594812,0.0
-3.739411,50,676.63033,0.0
-3.886641,50,676.66647,0.0
-4.038124,50,676.702174,0.0
-3.909732,50,676.738472,0.0
-4.355604,50,676.774089,0.0
-3.659516,50,676.809588,0.0
-3.538089,50,676.845678,0.0
-4.451223,50,676.881668,0.0
-3.602743,50,676.917313,0.0
-3.843854,50,676.953733,0.0
-4.376851,50,676.989977,0.0
-3.573869,50,677.025598,0.0
-3.653075,50,677.062125,0.0
-3.607396,50,677.098287,0.0
-3.789388,50,677.134126,0.0
-4.204968,50,677.170239,0.0
-4.258162,50,677.206875,0.0
-3.67297,50,677.242869,0.0
-4.07827,50,677.278484,0.0
-3.528998,50,677.314314,0.0
-4.02556,50,677.350311,0.0
-3.710411,50,677.386957,0.0
-2.93455,50,677.423178,0.0
-4.289509,50,677.459413,0.0
-3.917571,50,677.495074,0.0
-3.849104,50,677.530887,0.0
-3.874732,50,677.566513,0.0
-3.716089,50,677.602154,0.0
-4.249821,50,677.637571,0.0
-3.639322,50,677.672938,0.0
-3.740437,50,677.708414,0.0
-3.821284,50,677.743821,0.0
-3.78154,50,677.780132,0.0
-3.68462,50,677.816356,0.0
-4.380932,50,677.967441,0.0
-4.009079,50,678.003959,0.0
-4.111873,50,678.039262,0.0
-3.802447,50,678.075348,0.0
-3.773722,50,678.11105,0.0
-4.077867,50,678.14694,0.0
-3.578955,50,678.182191,0.0
-3.820709,50,678.218143,0.0
-3.728572,50,678.254051,0.0
-4.011764,50,678.28969,0.0
-4.182374,50,678.325226,0.0
-4.545674,50,678.360926,0.0
-4.099,50,678.397031,0.0
-3.859718,50,678.433073,0.0
-4.428494,50,678.469023,0.0
-3.584711,50,678.504632,0.0
-2.867307,50,678.540719,0.0
-3.825738,50,678.576308,0.0
-3.587282,50,678.612031,0.0
-4.016944,50,678.647012,0.0
-4.236463,50,678.68215,0.0
-3.931932,50,678.717358,0.0
-4.411104,50,678.752995,0.0
-3.764097,50,678.78843,0.0
-3.88635,50,678.823555,0.0
-3.651604,50,678.858845,0.0
-3.424682,50,678.894162,0.0
-4.586274,50,678.929386,0.0
-3.769604,50,678.965113,0.0
-3.295455,50,678.999938,0.0
-4.005323,50,679.035614,0.0
-4.219351,50,679.070897,0.0
-3.954387,50,679.106059,0.0
-3.736679,50,679.141474,0.0
-4.154963,50,679.176776,0.0
-3.541225,50,679.211689,0.0
-4.311387,50,679.247336,0.0
-3.50745,50,679.283054,0.0
-4.001807,50,679.318686,0.0
-4.53754,50,679.353911,0.0
-3.896059,50,679.388765,0.0
-3.509405,50,679.539233,0.0
-3.771685,50,679.575264,0.0
-4.658276,50,679.611059,0.0
-4.532806,50,679.646815,0.0
-3.997001,50,679.68183,0.0
-3.154342,50,679.716714,0.0
-3.535682,50,679.752965,0.0
-3.963928,50,679.788789,0.0
-3.721957,50,679.824403,0.0
-4.329348,50,679.860584,0.0
-4.434695,50,679.896043,0.0
-3.556352,50,679.931552,0.0
-3.715286,50,679.967238,0.0
-3.973764,50,680.003224,0.0
-3.900041,50,680.038612,0.0
-3.508708,50,680.074091,0.0
-4.117888,50,680.11013,0.0
-4.335625,50,680.145401,0.0
-3.548268,50,680.181205,0.0
-3.801171,50,680.216483,0.0
-3.864774,50,680.252281,0.0
-4.006168,50,680.287577,0.0
-4.453133,50,680.322662,0.0
-3.443472,50,680.35814,0.0
-3.682004,50,680.393921,0.0
-5.158546,50,680.42932,0.0
-3.987256,50,680.465159,0.0
-4.102331,50,680.500544,0.0
-4.32984,50,680.536166,0.0
-3.495525,50,680.571716,0.0
-4.259968,50,680.606942,0.0
-4.310534,50,680.642501,0.0
-3.975619,50,680.678103,0.0
-3.849228,50,680.713669,0.0
-3.730873,50,680.749262,0.0
-4.891767,50,680.784868,0.0
-3.793143,50,680.820005,0.0
-4.18194,50,680.855541,0.0
-4.265992,50,680.890919,0.0
-3.537082,50,680.926675,0.0
-4.130208,50,680.962462,0.0
-4.764471,50,681.113488,0.0
-4.231467,50,681.149824,0.0
-3.189021,50,681.185413,0.0
-3.417589,50,681.222418,0.0
-3.849454,50,681.258043,0.0
-3.961561,50,681.293943,0.0
-3.591954,50,681.329636,0.0
-3.104721,50,681.365272,0.0
-3.71817,50,681.400858,0.0
-3.775492,50,681.436735,0.0
-4.293968,50,681.472649,0.0
-3.925285,50,681.50815,0.0
-3.671909,50,681.54363,0.0
-3.913288,50,681.579437,0.0
-3.889436,50,681.615016,0.0
-3.750326,50,681.650433,0.0
-3.414244,50,681.686075,0.0
-3.53534,50,681.721817,0.0
-4.183669,50,681.757771,0.0
-3.33898,50,681.793217,0.0
-3.720755,50,681.828096,0.0
-3.666994,50,681.863481,0.0
-3.323986,50,681.899184,0.0
-3.63532,50,681.93474,0.0
-4.178562,50,681.970555,0.0
-4.468796,50,682.006474,0.0
-4.104596,50,682.041637,0.0
-4.005485,50,682.077027,0.0
-3.541652,50,682.112618,0.0
-4.231198,50,682.148089,0.0
-4.689771,50,682.183723,0.0
-3.90449,50,682.219803,0.0
-3.580782,50,682.255544,0.0
-3.894346,50,682.291796,0.0
-3.481662,50,682.327047,0.0
-4.69673,50,682.362501,0.0
-3.745022,50,682.398697,0.0
-4.059244,50,682.434508,0.0
-3.591821,50,682.470009,0.0
-3.411125,50,682.505378,0.0
-3.780626,50,682.540709,0.0
-3.282013,50,682.692939,0.0
-3.608956,50,682.728696,0.0
-3.459011,50,682.764981,0.0
-3.731609,50,682.801277,0.0
-4.072905,50,682.836937,0.0
-3.743817,50,682.872165,0.0
-3.745402,50,682.907143,0.0
-4.061098,50,682.942179,0.0
-3.913613,50,682.977613,0.0
-3.635639,50,683.012243,0.0
-4.104948,50,683.047746,0.0
-4.234177,50,683.083355,0.0
-3.620132,50,683.119035,0.0
-3.448486,50,683.154612,0.0
-3.942075,50,683.18975,0.0
-3.562825,50,683.224797,0.0
-4.127166,50,683.260357,0.0
-3.531432,50,683.295574,0.0
-3.530086,50,683.331081,0.0
-3.942354,50,683.366112,0.0
-3.861196,50,683.40132,0.0
-4.290475,50,683.43664,0.0
-3.54291,50,683.472064,0.0
-3.656063,50,683.50719,0.0
-3.74756,50,683.542251,0.0
-3.64823,50,683.577341,0.0
-3.751047,50,683.612589,0.0
-3.923292,50,683.647736,0.0
-3.940024,50,683.683156,0.0
-3.820266,50,683.717981,0.0
-4.407058,50,683.753277,0.0
-3.890763,50,683.788287,0.0
-3.952552,50,683.82355,0.0
-3.803568,50,683.85855,0.0
-3.562984,50,683.893912,0.0
-3.533794,50,683.929297,0.0
-4.014752,50,683.964038,0.0
-3.678843,50,683.999123,0.0
-4.171751,50,684.034573,0.0
-3.758463,50,684.069663,0.0
-3.747087,50,684.105491,0.0
-4.230761,50,684.256306,0.0
-3.855224,50,684.292141,0.0
-3.595161,50,684.328496,0.0
-3.843283,50,684.364453,0.0
-4.06246,50,684.399762,0.0
-3.507701,50,684.435279,0.0
-3.545941,50,684.471306,0.0
-4.611086,50,684.50689,0.0
-4.714473,50,684.542957,0.0
-4.698831,50,684.578276,0.0
-3.690739,50,684.614044,0.0
-3.545829,50,684.650266,0.0
-3.365154,50,684.685314,0.0
-3.891954,50,684.720945,0.0
-4.137364,50,684.756375,0.0
-4.340063,50,684.791765,0.0
-4.243722,50,684.827125,0.0
-4.073872,50,684.862214,0.0
-3.904674,50,684.897478,0.0
-4.253462,50,684.932776,0.0
-4.365537,50,684.96817,0.0
-4.189689,50,685.003699,0.0
-4.18956,50,685.039185,0.0
-4.266645,50,685.075181,0.0
-3.868484,50,685.111089,0.0
-3.695988,50,685.14618,0.0
-3.739272,50,685.181762,0.0
-4.1896,50,685.217348,0.0
-3.274711,50,685.252397,0.0
-3.55612,50,685.287481,0.0
-3.909179,50,685.322822,0.0
-3.541538,50,685.35863,0.0
-3.724149,50,685.394489,0.0
-4.323741,50,685.429463,0.0
-4.291248,50,685.464035,0.0
-3.776008,50,685.498777,0.0
-3.916803,50,685.533552,0.0
-3.392675,50,685.569546,0.0
-3.777538,50,685.605699,0.0
-4.249137,50,685.641235,0.0
-4.299373,50,685.676841,0.0
-3.168461,50,685.826152,0.0
-3.852005,50,685.861463,0.0
-4.651661,50,685.897387,0.0
-3.309042,50,685.933598,0.0
-3.818788,50,685.969792,0.0
-3.917499,50,686.006116,0.0
-3.90449,50,686.042084,0.0
-3.796955,50,686.078022,0.0
-5.196065,50,686.113836,0.0
-4.806403,50,686.149948,0.0
-3.549201,50,686.185953,0.0
-3.244356,50,686.221908,0.0
-3.539248,50,686.257704,0.0
-3.706834,50,686.293513,0.0
-3.976612,50,686.329141,0.0
-3.955771,50,686.364445,0.0
-3.866422,50,686.399967,0.0
-4.417805,50,686.436057,0.0
-3.755646,50,686.471881,0.0
-3.526718,50,686.506722,0.0
-4.011672,50,686.54178,0.0
-3.812545,50,686.577304,0.0
-4.537341,50,686.613781,0.0
-4.009677,50,686.649891,0.0
-4.275875,50,686.686002,0.0
-4.156902,50,686.721693,0.0
-3.588207,50,686.757607,0.0
-4.06408,50,686.793511,0.0
-4.208794,50,686.829441,0.0
-4.204887,50,686.865463,0.0
-4.12767,50,686.901717,0.0
-4.614414,50,686.937292,0.0
-4.018266,50,686.972433,0.0
-4.283837,50,687.007579,0.0
-3.815481,50,687.042409,0.0
-3.542619,50,687.077631,0.0
-3.556762,50,687.112959,0.0
-3.349137,50,687.148257,0.0
-3.400806,50,687.183929,0.0
-3.304215,50,687.219982,0.0
-4.641314,50,687.256144,0.0
-3.922832,50,687.406376,0.0
-3.839153,50,687.441954,0.0
-4.009135,50,687.477984,0.0
-3.834973,50,687.51324,0.0
-4.151214,50,687.54825,0.0
-3.911184,50,687.583947,0.0
-4.373405,50,687.620246,0.0
-3.30803,50,687.656463,0.0
-4.056104,50,687.692963,0.0
-3.966184,50,687.729051,0.0
-4.336779,50,687.76468,0.0
-4.076321,50,687.800781,0.0
-3.989098,50,687.836261,0.0
-3.865579,50,687.871426,0.0
-4.38423,50,687.907075,0.0
-3.523334,50,687.942691,0.0
-3.609993,50,687.978658,0.0
-4.724523,50,688.01448,0.0
-3.829087,50,688.049981,0.0
-3.66027,50,688.084963,0.0
-3.635041,50,688.11977,0.0
-3.732426,50,688.155221,0.0
-3.873187,50,688.190532,0.0
-4.546232,50,688.225646,0.0
-3.711586,50,688.260995,0.0
-3.568004,50,688.296785,0.0
-4.107927,50,688.332608,0.0
-3.442464,50,688.36805,0.0
-3.860824,50,688.402985,0.0
-3.540522,50,688.438845,0.0
-4.217283,50,688.475238,0.0
-4.120699,50,688.510414,0.0
-3.981085,50,688.545732,0.0
-4.021006,50,688.580977,0.0
-4.146822,50,688.61617,0.0
-4.068809,50,688.651765,0.0
-4.009191,50,688.686893,0.0
-3.428573,50,688.722129,0.0
-3.802327,50,688.757398,0.0
-3.58052,50,688.793163,0.0
-3.872774,50,688.828398,0.0
-4.206036,50,688.979199,0.0
-3.750854,50,689.01513,0.0
-3.92314,50,689.050488,0.0
-3.926996,50,689.085877,0.0
-3.941346,50,689.121883,0.0
-3.729141,50,689.157217,0.0
-3.769112,50,689.192277,0.0
-3.554159,50,689.22783,0.0
-4.086536,50,689.262714,0.0
-3.806046,50,689.297643,0.0
-3.761156,50,689.33263,0.0
-3.991879,50,689.367474,0.0
-4.050251,50,689.402459,0.0
-3.840774,50,689.437558,0.0
-4.262722,50,689.472401,0.0
-3.608232,50,689.507526,0.0
-4.27422,50,689.542734,0.0
-4.315391,50,689.577638,0.0
-3.888178,50,689.613225,0.0
-3.893111,50,689.648314,0.0
-3.7566,50,689.683684,0.0
-4.025173,50,689.718997,0.0
-3.862529,50,689.754497,0.0
-4.132129,50,689.789037,0.0
-4.097864,50,689.823956,0.0
-3.34875,50,689.859004,0.0
-4.158757,50,689.894383,0.0
-4.352544,50,689.929996,0.0
-4.275758,50,689.965328,0.0
-3.900736,50,690.000696,0.0
-3.886893,50,690.035541,0.0
-3.275716,50,690.070288,0.0
-3.842071,50,690.105532,0.0
-3.393838,50,690.141042,0.0
-3.852744,50,690.175806,0.0
-3.756677,50,690.211139,0.0
-4.162842,50,690.24702,0.0
-3.766222,50,690.282857,0.0
-3.405899,50,690.31855,0.0
-3.973284,50,690.353835,0.0
-3.94132,50,690.389524,0.0
-3.879622,50,690.540046,0.0
-4.089486,50,690.575706,0.0
-3.786921,50,690.611484,0.0
-4.066105,50,690.647296,0.0
-3.420814,50,690.683406,0.0
-3.839151,50,690.719105,0.0
-3.91607,50,690.755727,0.0
-3.546113,50,690.791116,0.0
-4.461444,50,690.827065,0.0
-3.684457,50,690.862912,0.0
-4.25397,50,690.898092,0.0
-4.44317,50,690.933464,0.0
-4.400406,50,690.969202,0.0
-4.085051,50,691.005749,0.0
-4.021237,50,691.041413,0.0
-4.236133,50,691.077363,0.0
-3.926385,50,691.113019,0.0
-3.682473,50,691.149409,0.0
-4.027574,50,691.185648,0.0
-4.209523,50,691.221721,0.0
-3.703714,50,691.257067,0.0
-3.57307,50,691.292643,0.0
-4.523306,50,691.328418,0.0
-3.634494,50,691.364059,0.0
-3.223507,50,691.399656,0.0
-3.294647,50,691.435708,0.0
-3.68714,50,691.471288,0.0
-4.197911,50,691.50656,0.0
-3.367433,50,691.542117,0.0
-4.270079,50,691.57765,0.0
-3.756,50,691.613682,0.0
-4.188346,50,691.649377,0.0
-4.016208,50,691.685293,0.0
-3.150989,50,691.721121,0.0
-3.630696,50,691.756642,0.0
-3.990699,50,691.79213,0.0
-3.391642,50,691.828084,0.0
-4.230647,50,691.863554,0.0
-4.213332,50,691.898493,0.0
-4.358609,50,691.934306,0.0
-3.680968,50,691.970427,0.0
-4.334232,50,692.121173,0.0
-3.358208,50,692.156794,0.0
-4.306461,50,692.192614,0.0
-3.66077,50,692.228896,0.0
-3.535017,50,692.265077,0.0
-3.479995,50,692.300999,0.0
-4.091042,50,692.336264,0.0
-4.166376,50,692.371737,0.0
-4.110565,50,692.407695,0.0
-3.85556,50,692.443944,0.0
-4.62639,50,692.480594,0.0
-4.832278,50,692.516363,0.0
-4.668222,50,692.552134,0.0
-4.073377,50,692.587642,0.0
-4.108521,50,692.623427,0.0
-4.484838,50,692.659439,0.0
-3.727012,50,692.694927,0.0
-3.764309,50,692.731188,0.0
-4.418044,50,692.767024,0.0
-3.2384,50,692.802644,0.0
-4.294335,50,692.838042,0.0
-4.10303,50,692.873228,0.0
-4.085604,50,692.909124,0.0
-3.843934,50,692.944428,0.0
-4.253319,50,692.979487,0.0
-4.216202,50,693.015056,0.0
-3.579428,50,693.051088,0.0
-4.043632,50,693.087097,0.0
-3.799677,50,693.122173,0.0
-3.503066,50,693.158178,0.0
-3.47369,50,693.193441,0.0
-3.869317,50,693.229068,0.0
-3.879265,50,693.264288,0.0
-3.549215,50,693.299832,0.0
-4.218433,50,693.335145,0.0
-4.157981,50,693.369891,0.0
-3.673166,50,693.405334,0.0
-3.783192,50,693.441356,0.0
-3.949676,50,693.476919,0.0
-4.296572,50,693.511997,0.0
-3.964887,50,693.547243,0.0
-4.093384,50,693.697768,0.0
-4.595131,50,693.733403,0.0
-3.560315,50,693.769595,0.0
-3.793307,50,693.805764,0.0
-4.168804,50,693.841237,0.0
-3.824641,50,693.87655,0.0
-4.045381,50,693.911641,0.0
-3.926796,50,693.94683,0.0
-3.684573,50,693.981949,0.0
-4.369575,50,694.018266,0.0
-3.976222,50,694.053816,0.0
-3.901578,50,694.088763,0.0
-3.616352,50,694.124123,0.0
-4.525544,50,694.160097,0.0
-4.612937,50,694.195583,0.0
-3.715085,50,694.230638,0.0
-4.570469,50,694.265768,0.0
-4.520387,50,694.301036,0.0
-4.617473,50,694.336145,0.0
-3.911492,50,694.371904,0.0
-3.828714,50,694.406902,0.0
-3.770553,50,694.442265,0.0
-3.983223,50,694.477232,0.0
-4.251729,50,694.512724,0.0
-3.770875,50,694.547838,0.0
-3.540805,50,694.583042,0.0
-4.011937,50,694.617746,0.0
-3.545227,50,694.653153,0.0
-4.48002,50,694.689036,0.0
-3.337983,50,694.724729,0.0
-4.091516,50,694.760189,0.0
-3.995945,50,694.795588,0.0
-4.3528,50,694.830795,0.0
-3.861468,50,694.865963,0.0
-3.838196,50,694.900921,0.0
-3.439708,50,694.935714,0.0
-3.739725,50,694.970879,0.0
-3.889332,50,695.006049,0.0
-3.579962,50,695.041366,0.0
-3.614393,50,695.076394,0.0
-3.915215,50,695.11142,0.0
-4.227105,50,695.261102,0.0
-3.689801,50,695.297183,0.0
-3.846514,50,695.333574,0.0
-4.182372,50,695.368651,0.0
-4.218538,50,695.403744,0.0
-4.081937,50,695.439315,0.0
-4.49145,50,695.474609,0.0
-2.801883,50,695.509931,0.0
-3.65201,50,695.544921,0.0
-3.633958,50,695.58046,0.0
-3.912466,50,695.616475,0.0
-4.593537,50,695.65172,0.0
-3.734572,50,695.686378,0.0
-4.496152,50,695.721388,0.0
-3.834918,50,695.756453,0.0
-3.701877,50,695.79147,0.0
-4.005509,50,695.826468,0.0
-3.698967,50,695.861503,0.0
-4.099849,50,695.896712,0.0
-3.53699,50,695.93186,0.0
-3.461593,50,695.967108,0.0
-3.650691,50,696.002394,0.0
-3.603989,50,696.037757,0.0
-4.011235,50,696.0726,0.0
-3.391154,50,696.108071,0.0
-3.799659,50,696.143057,0.0
-4.571066,50,696.178125,0.0
-3.983052,50,696.213228,0.0
-3.700524,50,696.247919,0.0
-3.718201,50,696.283454,0.0
-3.951187,50,696.319033,0.0
-3.936753,50,696.35428,0.0
-3.717747,50,696.389326,0.0
-3.626896,50,696.424637,0.0
-3.605513,50,696.461174,0.0
-3.986713,50,696.497316,0.0
-3.580507,50,696.532379,0.0
-3.795381,50,696.567656,0.0
-3.730891,50,696.603362,0.0
-3.471634,50,696.638146,0.0
-3.523787,50,696.673308,0.0
-3.739973,50,696.822505,0.0
-4.062703,50,696.857946,0.0
-4.161537,50,696.894493,0.0
-4.451772,50,696.930127,0.0
-3.641218,50,696.965204,0.0
-3.398189,50,697.000193,0.0
-3.308746,50,697.035556,0.0
-3.865886,50,697.071498,0.0
-3.653886,50,697.106742,0.0
-4.51329,50,697.141687,0.0
-3.59847,50,697.176603,0.0
-3.176512,50,697.211764,0.0
-4.192894,50,697.246708,0.0
-3.632318,50,697.281841,0.0
-3.46902,50,697.317507,0.0
-4.217171,50,697.353094,0.0
-3.56663,50,697.38896,0.0
-4.0683,50,697.424016,0.0
-3.471835,50,697.459101,0.0
-3.202961,50,697.846742,0.0
-3.742378,50,697.882735,0.0
-3.781791,50,697.918251,0.0
-3.925021,50,697.954138,0.0
-4.071907,50,697.989611,0.0
-3.48717,50,698.025558,0.0
-4.123458,50,698.061308,0.0
-3.731476,50,698.096534,0.0
-4.39731,50,698.132192,0.0
-3.550269,50,698.167947,0.0
-3.510936,50,698.204176,0.0
-3.880763,50,698.239898,0.0
-4.379952,50,698.275508,0.0
-4.672047,50,698.311268,0.0
-4.067387,50,698.347073,0.0
-4.013591,50,698.382333,0.0
-3.547861,50,698.418127,0.0
-4.08683,50,698.453663,0.0
-4.310307,50,698.489407,0.0
-3.664016,50,698.525241,0.0
-3.602231,50,698.560968,0.0
-4.173811,50,698.596246,0.0
-4.384148,50,698.749492,0.0
-3.955976,50,698.784964,0.0
-4.11393,50,698.820839,0.0
-3.5865,50,698.856797,0.0
-3.988916,50,698.892858,0.0
-3.716074,50,698.928614,0.0
-3.502571,50,698.964892,0.0
-3.960197,50,699.00114,0.0
-4.367594,50,699.036878,0.0
-3.907528,50,699.072614,0.0
-3.26958,50,699.107143,0.0
-3.907006,50,699.143869,0.0
-4.157309,50,699.180558,0.0
-3.507669,50,699.217338,0.0
-4.248116,50,699.253517,0.0
-4.142158,50,699.289848,0.0
-3.940517,50,699.326041,0.0
-3.937928,50,699.362886,0.0
-3.626599,50,699.399129,0.0
-3.747685,50,699.435056,0.0
-4.318083,50,699.47075,0.0
-3.889381,50,699.506445,0.0
-4.35032,50,699.542282,0.0
-3.942761,50,699.57857,0.0
-4.308173,50,699.614149,0.0
-3.669676,50,699.649711,0.0
-4.248022,50,699.685742,0.0
-3.747645,50,699.721655,0.0
-4.059438,50,699.756922,0.0
-3.638889,50,699.792904,0.0
-3.230733,50,699.828666,0.0
-3.831369,50,699.864464,0.0
-4.828398,50,699.899688,0.0
-3.559912,50,699.935503,0.0
-4.326057,50,699.971283,0.0
-3.379146,50,700.00674,0.0
-4.092377,50,700.042484,0.0
-3.317889,50,700.078253,0.0
-4.018952,50,700.114151,0.0
-3.742258,50,700.149648,0.0
-3.811522,50,700.185362,0.0
-3.872828,50,700.338237,0.0
-3.703723,50,700.373863,0.0
-3.655199,50,700.409597,0.0
-3.945204,50,700.445838,0.0
-3.701508,50,700.481798,0.0
-4.00896,50,700.517439,0.0
-4.172212,50,700.552652,0.0
-3.581052,50,700.588304,0.0
-3.796983,50,700.624097,0.0
-3.838036,50,700.65971,0.0
-3.261329,50,700.695152,0.0
-3.779487,50,700.730702,0.0
-3.422114,50,700.766376,0.0
-4.261028,50,700.802166,0.0
-3.734721,50,700.837836,0.0
-3.496994,50,700.873384,0.0
-4.03755,50,700.909153,0.0
-3.893444,50,700.94508,0.0
-3.651986,50,700.98114,0.0
-4.360771,50,701.017006,0.0
-3.861805,50,701.052734,0.0
-3.680555,50,701.08811,0.0
-4.813676,50,701.123888,0.0
-4.369257,50,701.159122,0.0
-3.620572,50,701.194074,0.0
-4.08921,50,701.229506,0.0
-3.916344,50,701.265192,0.0
-3.69794,50,701.301042,0.0
-4.012601,50,701.337301,0.0
-3.254147,50,701.373504,0.0
-3.521069,50,701.409466,0.0
-3.900377,50,701.444872,0.0
-3.925188,50,701.480373,0.0
-3.467756,50,701.51636,0.0
-3.885367,50,701.551902,0.0
-3.668541,50,701.588315,0.0
-3.459401,50,701.624194,0.0
-4.101997,50,701.660661,0.0
-3.970095,50,701.696161,0.0
-3.76166,50,701.731965,0.0
-4.027317,50,701.767489,0.0
-4.309528,50,701.918928,0.0
-3.469421,50,701.955012,0.0
-3.77804,50,701.990855,0.0
-4.048236,50,702.026907,0.0
-4.341396,50,702.062939,0.0
-4.526407,50,702.098538,0.0
-3.926015,50,702.134025,0.0
-3.764596,50,702.169413,0.0
-3.86708,50,702.204915,0.0
-3.56586,50,702.240624,0.0
-4.31499,50,702.276103,0.0
-3.360844,50,702.31188,0.0
-4.210475,50,702.34759,0.0
-3.883741,50,702.383697,0.0
-4.174522,50,702.41943,0.0
-4.296457,50,702.454781,0.0
-4.195201,50,702.490689,0.0
-3.126339,50,702.526,0.0
-3.77131,50,702.561427,0.0
-3.945632,50,702.597465,0.0
-4.380999,50,702.633914,0.0
-3.790733,50,702.669808,0.0
-3.517898,50,702.705522,0.0
-4.797468,50,702.741887,0.0
-4.400038,50,702.778236,0.0
-3.895987,50,702.813325,0.0
-3.833713,50,702.848419,0.0
-4.062217,50,702.884271,0.0
-3.766132,50,702.919776,0.0
-3.786646,50,702.955547,0.0
-4.367165,50,702.991481,0.0
-4.034018,50,703.027189,0.0
-4.072699,50,703.062435,0.0
-4.239245,50,703.097698,0.0
-3.946186,50,703.133297,0.0
-3.888084,50,703.168506,0.0
-4.001968,50,703.204326,0.0
-3.57614,50,703.239754,0.0
-3.590524,50,703.275461,0.0
-4.072747,50,703.310835,0.0
-4.106593,50,703.346348,0.0
-3.829724,50,703.49714,0.0
-3.693979,50,703.533078,0.0
-4.18375,50,703.56887,0.0
-3.790103,50,703.60467,0.0
-3.439278,50,703.640512,0.0
-4.590932,50,703.676049,0.0
-3.433212,50,703.711792,0.0
-4.215546,50,703.747818,0.0
-4.326097,50,703.78353,0.0
-3.398247,50,703.81956,0.0
-4.408063,50,703.855319,0.0
-3.753205,50,703.891149,0.0
-3.774783,50,703.927217,0.0
-4.422365,50,703.96277,0.0
-4.06524,50,703.998895,0.0
-4.103196,50,704.034841,0.0
-3.967146,50,704.071153,0.0
-4.343564,50,704.107301,0.0
-3.759443,50,704.142655,0.0
-3.730253,50,704.17815,0.0
-3.438027,50,704.213962,0.0
-3.724351,50,704.249872,0.0
-3.854445,50,704.286224,0.0
-3.592425,50,704.322242,0.0
-4.181555,50,704.357659,0.0
-3.719507,50,704.393644,0.0
-4.108455,50,704.429592,0.0
-3.993864,50,704.465527,0.0
-3.70929,50,704.50115,0.0
-3.471179,50,704.537659,0.0
-4.340278,50,704.573241,0.0
-3.845965,50,704.609414,0.0
-4.118512,50,704.645787,0.0
-4.367202,50,704.681753,0.0
-4.432609,50,704.717829,0.0
-3.561263,50,704.753543,0.0
-3.746918,50,704.790023,0.0
-4.392855,50,704.825825,0.0
-4.281055,50,704.861891,0.0
-3.775549,50,704.897716,0.0
-4.258417,50,704.93336,0.0
-3.603596,50,705.085136,0.0
-3.557467,50,705.120972,0.0
-4.084671,50,705.156806,0.0
-3.930928,50,705.191989,0.0
-4.069192,50,705.227795,0.0
-4.000913,50,705.263959,0.0
-3.709752,50,705.29968,0.0
-3.926358,50,705.335919,0.0
-4.122815,50,705.372356,0.0
-3.351868,50,705.40824,0.0
-3.80123,50,705.44444,0.0
-3.969968,50,705.479231,0.0
-3.955165,50,705.515149,0.0
-3.988395,50,705.550859,0.0
-3.953162,50,705.586332,0.0
-4.01671,50,705.621423,0.0
-3.820034,50,705.657337,0.0
-4.306213,50,705.692908,0.0
-3.502176,50,705.729337,0.0
-4.29312,50,705.764766,0.0
-3.717669,50,705.800247,0.0
-3.324139,50,705.835717,0.0
-3.736088,50,705.871319,0.0
-4.771447,50,705.907968,0.0
-3.913286,50,705.944176,0.0
-3.458346,50,705.979565,0.0
-4.209198,50,706.015316,0.0
-4.141015,50,706.050493,0.0
-4.071181,50,706.085473,0.0
-4.372738,50,706.12045,0.0
-4.12685,50,706.156339,0.0
-3.387961,50,706.191961,0.0
-4.0953,50,706.228115,0.0
-3.9094,50,706.263848,0.0
-3.691692,50,706.300044,0.0
-4.120157,50,706.335905,0.0
-4.006928,50,706.372353,0.0
-3.949364,50,706.408273,0.0
-3.452368,50,706.444386,0.0
-3.262192,50,706.47995,0.0
-3.824823,50,706.515876,0.0
-3.441671,50,706.669644,0.0
-4.343937,50,706.705926,0.0
-4.092712,50,706.741568,0.0
-4.199517,50,706.777055,0.0
-3.538183,50,706.812729,0.0
-4.100647,50,706.848833,0.0
-4.000137,50,706.884894,0.0
-3.905098,50,706.920615,0.0
-4.237274,50,706.955548,0.0
-3.784234,50,706.990976,0.0
-3.704893,50,707.026516,0.0
-4.324554,50,707.061746,0.0
-3.45054,50,707.097156,0.0
-3.997135,50,707.132505,0.0
-3.631883,50,707.16821,0.0
-4.412249,50,707.204171,0.0
-3.251072,50,707.239493,0.0
-3.785018,50,707.274988,0.0
-4.206457,50,707.310921,0.0
-3.959505,50,707.347171,0.0
-3.707985,50,707.382912,0.0
-3.787993,50,707.418506,0.0
-3.668457,50,707.454179,0.0
-3.626282,50,707.489663,0.0
-3.916336,50,707.525611,0.0
-3.739513,50,707.560917,0.0
-4.005727,50,707.597588,0.0
-3.700099,50,707.634573,0.0
-4.519729,50,707.670205,0.0
-4.585296,50,707.706009,0.0
-3.930068,50,707.741703,0.0
-4.169139,50,707.777313,0.0
-3.916707,50,707.813152,0.0
-3.97037,50,707.848887,0.0
-3.861061,50,707.884554,0.0
-3.932285,50,707.9206,0.0
-3.766073,50,707.956275,0.0
-3.917051,50,707.991759,0.0
-4.25109,50,708.027531,0.0
-3.299033,50,708.063026,0.0
-3.991476,50,708.0989,0.0
-3.402754,50,708.25006,0.0
-3.511387,50,708.285883,0.0
-4.092459,50,708.321189,0.0
-4.019641,50,708.356608,0.0
-3.955687,50,708.392083,0.0
-4.426475,50,708.427716,0.0
-4.409476,50,708.463417,0.0
-3.818177,50,708.49922,0.0
-4.638559,50,708.535247,0.0
-4.071639,50,708.570862,0.0
-4.359268,50,708.606248,0.0
-3.78383,50,708.642589,0.0
-4.383921,50,708.6787,0.0
-3.924751,50,708.714323,0.0
-4.21101,50,708.749951,0.0
-3.792498,50,708.785574,0.0
-3.528565,50,708.821194,0.0
-3.642281,50,708.85681,0.0
-3.987498,50,708.892118,0.0
-4.32014,50,708.927637,0.0
-3.671677,50,708.963408,0.0
-4.049164,50,708.999126,0.0
-4.26957,50,709.035066,0.0
-3.517535,50,709.070622,0.0
-3.572466,50,709.106824,0.0
-3.949697,50,709.142016,0.0
-3.863502,50,709.177525,0.0
-3.661659,50,709.213074,0.0
-3.970724,50,709.249248,0.0
-3.524576,50,709.285168,0.0
-4.29766,50,709.320928,0.0
-4.081228,50,709.356763,0.0
-3.775073,50,709.392451,0.0
-4.509084,50,709.428118,0.0
-4.539273,50,709.463894,0.0
-4.110851,50,709.500194,0.0
-3.704934,50,709.535826,0.0
-3.874237,50,709.571263,0.0
-3.505927,50,709.606784,0.0
-3.565187,50,709.642041,0.0
-3.575466,50,709.677344,0.0
-3.860457,50,709.828165,0.0
-4.046096,50,709.864333,0.0
-4.017394,50,709.900787,0.0
-3.840268,50,709.937011,0.0
-4.374115,50,709.972277,0.0
-3.814187,50,710.007747,0.0
-3.899089,50,710.043962,0.0
-4.304516,50,710.079481,0.0
-3.7588,50,710.115233,0.0
-3.441629,50,710.151068,0.0
-4.540969,50,710.186922,0.0
-4.654875,50,710.222699,0.0
-3.137715,50,710.258319,0.0
-4.37678,50,710.293696,0.0
-4.168696,50,710.329014,0.0
-4.439026,50,710.364391,0.0
-4.057004,50,710.400015,0.0
-3.75768,50,710.435991,0.0
-4.091813,50,710.472203,0.0
-4.094368,50,710.508153,0.0
-3.494708,50,710.543855,0.0
-3.615154,50,710.58028,0.0
-3.824837,50,710.616486,0.0
-3.684218,50,710.652205,0.0
-4.024521,50,710.688429,0.0
-3.939282,50,710.724787,0.0
-4.181818,50,710.761541,0.0
-3.538327,50,710.799594,0.0
-3.803968,50,710.836265,0.0
-3.640935,50,710.872766,0.0
-4.222274,50,710.909107,0.0
-3.706227,50,710.945123,0.0
-3.379087,50,710.981726,0.0
-3.75962,50,711.017572,0.0
-4.793472,50,711.052951,0.0
-4.063469,50,711.088613,0.0
-3.574119,50,711.123917,0.0
-3.352121,50,711.159427,0.0
-3.721954,50,711.195634,0.0
-4.700164,50,711.23221,0.0
-4.815938,50,711.268283,0.0
-3.577803,50,711.420898,0.0
-4.012375,50,711.457121,0.0
-3.770814,50,711.493129,0.0
-3.815895,50,711.528627,0.0
-3.50873,50,711.564277,0.0
-3.231099,50,711.599567,0.0
-4.548726,50,711.635298,0.0
-4.263693,50,711.67169,0.0
-3.396988,50,711.707545,0.0
-3.218961,50,711.742469,0.0
-4.19947,50,711.778127,0.0
-3.766993,50,711.812726,0.0
-3.470726,50,711.848942,0.0
-3.488576,50,711.884721,0.0
-4.070589,50,711.921161,0.0
-3.498231,50,711.956839,0.0
-3.852708,50,711.992391,0.0
-3.943369,50,712.027744,0.0
-4.416779,50,712.063597,0.0
-3.766927,50,712.100399,0.0
-3.466064,50,712.137341,0.0
-4.105838,50,712.173239,0.0
-4.276237,50,712.209012,0.0
-3.426578,50,712.245645,0.0
-3.818546,50,712.281784,0.0
-3.837959,50,712.317279,0.0
-3.908519,50,712.352729,0.0
-4.035104,50,712.388483,0.0
-4.220143,50,712.425518,0.0
-3.725202,50,712.461667,0.0
-4.556789,50,712.497081,0.0
-4.192445,50,712.532224,0.0
-3.656135,50,712.567673,0.0
-4.150447,50,712.603869,0.0
-3.880537,50,712.639657,0.0
-4.569687,50,712.675332,0.0
-3.649182,50,712.711061,0.0
-3.788,50,712.746848,0.0
-4.15982,50,712.782193,0.0
-3.524703,50,712.817608,0.0
-4.203179,50,712.853237,0.0
-3.540736,50,713.004843,0.0
-4.573032,50,713.040676,0.0
-4.021124,50,713.076912,0.0
-3.896015,50,713.112972,0.0
-4.187276,50,713.148666,0.0
-3.589439,50,713.184454,0.0
-3.81776,50,713.220681,0.0
-4.59076,50,713.255527,0.0
-4.574129,50,713.289653,0.0
-3.446866,50,713.325047,0.0
-3.492655,50,713.359827,0.0
-3.486211,50,713.394831,0.0
-4.1537,50,713.430264,0.0
-3.956224,50,713.465466,0.0
-3.79635,50,713.500982,0.0
-4.232303,50,713.536288,0.0
-4.043977,50,713.571665,0.0
-3.664278,50,713.607106,0.0
-3.912092,50,713.642555,0.0
-3.981401,50,713.678144,0.0
-3.454499,50,713.713935,0.0
-4.442283,50,713.749116,0.0
-4.019258,50,713.784645,0.0
-3.821048,50,713.820856,0.0
-3.539928,50,713.856666,0.0
-4.938438,50,713.892351,0.0
-3.770886,50,713.928596,0.0
-3.781389,50,713.964214,0.0
-3.481864,50,714.000113,0.0
-4.079168,50,714.036218,0.0
-3.904781,50,714.072196,0.0
-3.611419,50,714.108046,0.0
-3.461693,50,714.143932,0.0
-3.981462,50,714.179692,0.0
-4.669868,50,714.214958,0.0
-3.620896,50,714.250343,0.0
-3.71614,50,714.286123,0.0
-4.179352,50,714.321255,0.0
-4.331998,50,714.356528,0.0
-4.298767,50,714.391776,0.0
-3.748868,50,714.427585,0.0
-3.824617,50,714.57648,0.0
-3.847481,50,714.612369,0.0
-4.021001,50,714.649104,0.0
-3.861585,50,714.684957,0.0
-3.736106,50,714.720682,0.0
-4.036541,50,714.75576,0.0
-4.180113,50,714.791044,0.0
-3.545112,50,714.82625,0.0
-4.206916,50,714.861359,0.0
-3.839077,50,714.896534,0.0
-5.079551,50,714.931216,0.0
-3.813285,50,714.966354,0.0
-4.095018,50,715.00116,0.0
-3.702221,50,715.036133,0.0
-3.701526,50,715.071426,0.0
-3.481387,50,715.106396,0.0
-3.845176,50,715.1416,0.0
-3.425878,50,715.176735,0.0
-3.790829,50,715.212128,0.0
-3.606346,50,715.247339,0.0
-4.521508,50,715.282249,0.0
-3.506159,50,715.317297,0.0
-3.801135,50,715.352521,0.0
-4.326325,50,715.387738,0.0
-3.6132,50,715.422823,0.0
-3.685264,50,715.457392,0.0
-3.970523,50,715.491854,0.0
-4.145971,50,715.526942,0.0
-3.754415,50,715.562016,0.0
-3.242883,50,715.597293,0.0
-4.922651,50,715.632514,0.0
-3.793356,50,715.668154,0.0
-4.324473,50,715.703001,0.0
-4.189624,50,715.738872,0.0
-4.304628,50,715.774449,0.0
-3.742501,50,715.809257,0.0
-3.772671,50,715.844508,0.0
-3.896105,50,715.87948,0.0
-3.564882,50,715.91501,0.0
-3.472345,50,715.950742,0.0
-4.321351,50,716.100778,0.0
-4.22312,50,716.13618,0.0
-3.647238,50,716.171264,0.0
-4.018916,50,716.206542,0.0
-3.673639,50,716.24161,0.0
-3.487144,50,716.276574,0.0
-3.680952,50,716.311671,0.0
-3.403635,50,716.346787,0.0
-4.479525,50,716.382164,0.0
-3.652548,50,716.417594,0.0
-4.436402,50,716.453114,0.0
-3.466075,50,716.488459,0.0
-4.065808,50,716.523668,0.0
-3.887429,50,716.559219,0.0
-3.733769,50,716.594697,0.0
-3.651203,50,716.629829,0.0
-3.811202,50,716.665169,0.0
-4.373926,50,716.700413,0.0
-4.310444,50,716.735312,0.0
-3.812335,50,716.770535,0.0
-3.306914,50,716.806332,0.0
-4.016502,50,716.841559,0.0
-3.962585,50,716.876691,0.0
-3.342485,50,716.911769,0.0
-3.754135,50,716.947199,0.0
-3.813578,50,716.982679,0.0
-3.52162,50,717.017804,0.0
-3.703356,50,717.05272,0.0
-4.088405,50,717.088038,0.0
-4.041849,50,717.122945,0.0
-3.770611,50,717.158055,0.0
-3.523807,50,717.193182,0.0
-3.41828,50,717.228278,0.0
-3.810574,50,717.263341,0.0
-3.941872,50,717.29878,0.0
-3.610316,50,717.333448,0.0
-3.826513,50,717.368719,0.0
-4.364149,50,717.403841,0.0
-3.887559,50,717.438924,0.0
-4.775197,50,717.474885,0.0
-3.591952,50,717.510978,0.0
-4.541416,50,717.661701,0.0
-4.089273,50,717.697367,0.0
-3.743875,50,717.733463,0.0
-3.4453,50,717.769116,0.0
-3.653135,50,717.804516,0.0
-4.295896,50,717.840522,0.0
-4.385438,50,717.876353,0.0
-3.518585,50,717.912236,0.0
-3.807461,50,717.947255,0.0
-4.364493,50,717.982437,0.0
-3.984446,50,718.018012,0.0
-3.601623,50,718.053063,0.0
-3.730127,50,718.08873,0.0
-4.049228,50,718.123914,0.0
-3.833549,50,718.158893,0.0
-4.051484,50,718.195119,0.0
-3.781553,50,718.231115,0.0
-2.956524,50,718.266953,0.0
-3.762521,50,718.302644,0.0
-3.515734,50,718.338364,0.0
-3.981612,50,718.373461,0.0
-4.223864,50,718.408618,0.0
-3.492985,50,718.444066,0.0
-3.934369,50,718.479313,0.0
-3.388122,50,718.514713,0.0
-3.924752,50,718.550082,0.0
-4.280999,50,718.58552,0.0
-3.753282,50,718.621216,0.0
-3.497218,50,718.656084,0.0
-3.719644,50,718.691808,0.0
-3.955882,50,718.727196,0.0
-4.367975,50,718.762213,0.0
-4.150835,50,718.797658,0.0
-3.975509,50,718.833916,0.0
-3.514013,50,718.869385,0.0
-3.742609,50,718.904789,0.0
-3.836401,50,718.939971,0.0
-3.654418,50,718.975097,0.0
-3.866454,50,719.010127,0.0
-3.878607,50,719.045852,0.0
-4.652567,50,719.080778,0.0
-3.617638,50,719.229998,0.0
-4.192752,50,719.265649,0.0
-3.912485,50,719.301289,0.0
-4.038449,50,719.336276,0.0
-3.82421,50,719.37142,0.0
-3.709169,50,719.406499,0.0
-3.594175,50,719.441721,0.0
-4.434447,50,719.47746,0.0
-3.478246,50,719.513498,0.0
-3.808516,50,719.549926,0.0
-4.119259,50,719.584745,0.0
-3.601473,50,719.620033,0.0
-3.534949,50,719.655407,0.0
-3.784012,50,719.690998,0.0
-4.051922,50,719.726436,0.0
-3.807593,50,719.762028,0.0
-4.048073,50,719.797488,0.0
-4.045896,50,719.833014,0.0
-3.949289,50,719.868272,0.0
-3.988609,50,719.903752,0.0
-4.260591,50,719.939113,0.0
-3.701846,50,719.974302,0.0
-3.802552,50,720.009803,0.0
-3.554118,50,720.044926,0.0
-4.395497,50,720.080131,0.0
-3.478868,50,720.115852,0.0
-3.809158,50,720.151821,0.0
-4.03478,50,720.186822,0.0
-3.716711,50,720.222098,0.0
-3.898432,50,720.258447,0.0
-3.361534,50,720.294294,0.0
-4.009107,50,720.330593,0.0
-4.09387,50,720.366623,0.0
-4.282256,50,720.402444,0.0
-4.035589,50,720.437677,0.0
-4.106026,50,720.473504,0.0
-3.892252,50,720.508662,0.0
-4.769405,50,720.543931,0.0
-3.633998,50,720.579093,0.0
-4.141424,50,720.614682,0.0
-4.46809,50,720.650102,0.0
-3.677714,50,720.800292,0.0
-3.74591,50,720.835494,0.0
-3.750914,50,720.871199,0.0
-3.398987,50,720.908023,0.0
-4.13493,50,720.944145,0.0
-4.161616,50,720.979553,0.0
-4.323145,50,721.0148,0.0
-4.158493,50,721.0508,0.0
-3.718125,50,721.086118,0.0
-4.463708,50,721.121957,0.0
-4.194433,50,721.157888,0.0
-3.820079,50,721.193473,0.0
-3.664331,50,721.228822,0.0
-4.567822,50,721.26462,0.0
-2.988976,50,721.30088,0.0
-4.038243,50,721.336007,0.0
-3.596123,50,721.371312,0.0
-3.625946,50,721.407194,0.0
-4.026062,50,721.443599,0.0
-3.847196,50,721.479654,0.0
-3.780319,50,721.51496,0.0
-4.276027,50,721.550116,0.0
-3.920814,50,721.585372,0.0
-4.096969,50,721.62047,0.0
-3.785081,50,721.655754,0.0
-4.18988,50,721.69195,0.0
-4.017597,50,721.72809,0.0
-3.83154,50,721.763213,0.0
-4.31199,50,721.798134,0.0
-3.71527,50,721.833289,0.0
-3.854072,50,721.868421,0.0
-3.676872,50,721.903796,0.0
-3.970486,50,721.939482,0.0
-2.905487,50,721.974509,0.0
-3.957253,50,722.010591,0.0
-4.142777,50,722.045642,0.0
-3.380433,50,722.080627,0.0
-3.013117,50,722.11574,0.0
-4.357197,50,722.15049,0.0
-3.792049,50,722.18549,0.0
-3.867189,50,722.220264,0.0
-3.306734,50,722.369465,0.0
-4.347797,50,722.405161,0.0
-4.466095,50,722.440993,0.0
-4.12958,50,722.476913,0.0
-3.982596,50,722.511906,0.0
-3.895102,50,722.547277,0.0
-3.836874,50,722.583105,0.0
-3.32199,50,722.618456,0.0
-3.615558,50,722.653834,0.0
-3.805804,50,722.688921,0.0
-4.342345,50,722.724236,0.0
-3.720457,50,722.759335,0.0
-4.553483,50,722.794487,0.0
-3.474589,50,722.82956,0.0
-3.861064,50,722.864536,0.0
-3.642962,50,722.899291,0.0
-3.890085,50,722.934088,0.0
-3.868252,50,722.969333,0.0
-3.843038,50,723.004282,0.0
-3.831039,50,723.039245,0.0
-3.509003,50,723.074481,0.0
-3.897528,50,723.109723,0.0
-3.863759,50,723.144903,0.0
-3.958907,50,723.180642,0.0
-3.840493,50,723.215937,0.0
-4.086475,50,723.250735,0.0
-4.157567,50,723.285612,0.0
-3.984672,50,723.321352,0.0
-4.840051,50,723.357181,0.0
-3.934882,50,723.393236,0.0
-4.097337,50,723.428557,0.0
-4.180937,50,723.463526,0.0
-4.651859,50,723.499436,0.0
-3.668177,50,723.535225,0.0
-3.957204,50,723.571178,0.0
-3.523987,50,723.606988,0.0
-3.651128,50,723.642671,0.0
-3.583467,50,723.677625,0.0
-4.79806,50,723.713674,0.0
-3.693616,50,723.749216,0.0
-3.461916,50,723.784664,0.0
-3.074847,50,723.933834,0.0
-3.774918,50,723.969322,0.0
-4.358197,50,724.005098,0.0
-3.987455,50,724.041366,0.0
-3.887425,50,724.077584,0.0
-3.850449,50,724.113184,0.0
-3.53754,50,724.1482,0.0
-3.773452,50,724.18301,0.0
-4.525372,50,724.218424,0.0
-4.017494,50,724.254215,0.0
-3.568745,50,724.28991,0.0
-3.492513,50,724.32517,0.0
-3.525511,50,724.360823,0.0
-4.420303,50,724.39713,0.0
-3.643982,50,724.432524,0.0
-4.43836,50,724.467455,0.0
-3.663744,50,724.502329,0.0
-3.734417,50,724.537471,0.0
-3.580523,50,724.572725,0.0
-3.6049,50,724.607892,0.0
-4.370657,50,724.642936,0.0
-4.156594,50,724.678203,0.0
-3.626717,50,724.713596,0.0
-3.945883,50,724.748656,0.0
-3.964899,50,724.784305,0.0
-3.658162,50,724.819966,0.0
-3.875067,50,724.854948,0.0
-3.617457,50,724.890483,0.0
-4.802894,50,724.925524,0.0
-3.375376,50,724.960324,0.0
-4.722026,50,724.995609,0.0
-4.107388,50,725.030781,0.0
-4.122603,50,725.066116,0.0
-4.097808,50,725.101164,0.0
-3.491295,50,725.136297,0.0
-3.541832,50,725.171314,0.0
-3.671182,50,725.20628,0.0
-3.560645,50,725.242148,0.0
-3.479592,50,725.278164,0.0
-3.770483,50,725.313953,0.0
-3.51381,50,725.349076,0.0
-4.46381,50,725.498492,0.0
-3.715833,50,725.533654,0.0
-3.980998,50,725.568862,0.0
-4.244717,50,725.604053,0.0
-3.782585,50,725.639676,0.0
-4.396786,50,725.67463,0.0
-4.336639,50,725.7097,0.0
-4.077144,50,725.744775,0.0
-3.995057,50,725.779783,0.0
-4.02799,50,725.815832,0.0
-3.267722,50,725.851655,0.0
-3.406263,50,725.887038,0.0
-3.826048,50,725.921839,0.0
-3.822165,50,725.957541,0.0
-4.325436,50,725.993397,0.0
-3.94683,50,726.028345,0.0
-3.666729,50,726.063676,0.0
-3.90961,50,726.098295,0.0
-3.659423,50,726.133815,0.0
-3.666783,50,726.169699,0.0
-3.783569,50,726.204936,0.0
-3.788564,50,726.239896,0.0
-3.599383,50,726.275029,0.0
-4.235131,50,726.310373,0.0
-3.891808,50,726.345914,0.0
-4.411337,50,726.38156,0.0
-3.807812,50,726.417322,0.0
-3.955719,50,726.452834,0.0
-3.077195,50,726.487929,0.0
-4.005885,50,726.522702,0.0
-3.435059,50,726.558114,0.0
-3.84674,50,726.592504,0.0
-3.351789,50,726.62827,0.0
-4.208202,50,726.663304,0.0
-3.906457,50,726.698607,0.0
-3.874032,50,726.733678,0.0
-3.648077,50,726.768603,0.0
-3.834417,50,726.803338,0.0
-3.485578,50,726.838242,0.0
-3.669434,50,726.872986,0.0
-3.503129,50,726.908047,0.0
-3.934879,50,727.057644,0.0
-3.821946,50,727.09322,0.0
-4.033604,50,727.128586,0.0
-4.113997,50,727.16365,0.0
-3.321925,50,727.199287,0.0
-3.663032,50,727.234666,0.0
-4.000329,50,727.270231,0.0
-4.286905,50,727.305181,0.0
-3.543284,50,727.339765,0.0
-3.592576,50,727.374734,0.0
-4.246275,50,727.410509,0.0
-4.174395,50,727.446178,0.0
-3.561743,50,727.481104,0.0
-3.712626,50,727.516397,0.0
-3.651614,50,727.551325,0.0
-3.705015,50,727.587433,0.0
-3.905639,50,727.622789,0.0
-4.199132,50,727.658217,0.0
-3.768645,50,727.694372,0.0
-4.506873,50,727.72985,0.0
-3.755188,50,727.766081,0.0
-4.088097,50,727.802106,0.0
-3.431004,50,727.837132,0.0
-3.529235,50,727.872418,0.0
-3.947379,50,727.907674,0.0
-4.184066,50,727.943308,0.0
-3.767763,50,727.979083,0.0
-4.104561,50,728.014176,0.0
-3.823646,50,728.05006,0.0
-3.676871,50,728.08535,0.0
-3.969764,50,728.120796,0.0
-4.265049,50,728.156651,0.0
-3.859542,50,728.191558,0.0
-4.170725,50,728.226659,0.0
-3.55966,50,728.261516,0.0
-3.741164,50,728.296768,0.0
-3.521127,50,728.332449,0.0
-4.151432,50,728.367597,0.0
-3.804195,50,728.403133,0.0
-4.22187,50,728.438299,0.0
-4.292725,50,728.473511,0.0
-3.763718,50,728.623605,0.0
-3.869655,50,728.659221,0.0
-4.591532,50,728.695018,0.0
-3.779444,50,728.729949,0.0
-3.514562,50,728.765022,0.0
-3.726445,50,728.800149,0.0
-4.295755,50,728.835095,0.0
-3.996582,50,728.870636,0.0
-3.898626,50,728.906576,0.0
-3.43232,50,728.941952,0.0
-3.694417,50,728.977727,0.0
-4.22293,50,729.01391,0.0
-3.785557,50,729.049263,0.0
-3.626012,50,729.08378,0.0
-3.957732,50,729.11943,0.0
-3.94361,50,729.153558,0.0
-3.605004,50,729.189272,0.0
-3.897136,50,729.224687,0.0
-3.896291,50,729.259853,0.0
-3.382194,50,729.295055,0.0
-4.506183,50,729.330223,0.0
-3.888376,50,729.36499,0.0
-3.856545,50,729.400008,0.0
-3.70178,50,729.435419,0.0
-3.989723,50,729.470696,0.0
-3.768567,50,729.505785,0.0
-3.459918,50,729.540886,0.0
-4.027135,50,729.575961,0.0
-3.570144,50,729.611459,0.0
-4.041963,50,729.646673,0.0
-3.69014,50,729.682142,0.0
-3.598451,50,729.717346,0.0
-4.019112,50,729.752828,0.0
-3.354811,50,729.788385,0.0
-3.416176,50,729.82392,0.0
-3.353312,50,729.858855,0.0
-3.776194,50,729.894326,0.0
-4.124574,50,729.929153,0.0
-3.996486,50,729.963861,0.0
-4.16183,50,729.998742,0.0
-4.168723,50,730.033744,0.0
-3.671832,50,730.184853,0.0
-4.348563,50,730.220578,0.0
-3.9506,50,730.256422,0.0
-3.924135,50,730.291603,0.0
-4.438562,50,730.326996,0.0
-3.785221,50,730.362245,0.0
-3.888088,50,730.397315,0.0
-3.886572,50,730.432462,0.0
-3.786865,50,730.46759,0.0
-3.449508,50,730.503012,0.0
-3.641784,50,730.538157,0.0
-3.730154,50,730.573171,0.0
-4.006004,50,730.608619,0.0
-4.129945,50,730.643868,0.0
-3.747558,50,730.679257,0.0
-4.370628,50,730.714606,0.0
-3.266138,50,730.749627,0.0
-3.353961,50,730.78525,0.0
-3.712961,50,730.820587,0.0
-3.622221,50,730.855652,0.0
-3.750124,50,730.890678,0.0
-4.34932,50,730.925477,0.0
-4.308639,50,730.960745,0.0
-3.594615,50,730.995948,0.0
-3.943342,50,731.03126,0.0
-4.294572,50,731.066746,0.0
-3.90708,50,731.101534,0.0
-3.580852,50,731.136578,0.0
-3.487465,50,731.171847,0.0
-3.930991,50,731.20728,0.0
-4.130895,50,731.242542,0.0
-3.99331,50,731.277695,0.0
-3.622596,50,731.312527,0.0
-3.809504,50,731.347952,0.0
-3.434738,50,731.383291,0.0
-3.804499,50,731.418697,0.0
-3.686292,50,731.454537,0.0
-4.336364,50,731.489504,0.0
-4.32806,50,731.524694,0.0
-4.071812,50,731.560002,0.0
-4.105167,50,731.59527,0.0
-3.66369,50,731.746035,0.0
-4.26004,50,731.781622,0.0
-3.944123,50,731.817072,0.0
-4.114691,50,731.853192,0.0
-4.222622,50,731.889324,0.0
-3.537255,50,731.925253,0.0
-3.657306,50,731.960769,0.0
-4.19392,50,731.995819,0.0
-3.577217,50,732.030986,0.0
-3.297608,50,732.066002,0.0
-3.868282,50,732.100878,0.0
-3.986775,50,732.136331,0.0
-3.724632,50,732.171609,0.0
-3.276852,50,732.206876,0.0
-3.953996,50,732.242312,0.0
-3.93751,50,732.277808,0.0
-3.835186,50,732.313184,0.0
-3.512905,50,732.348262,0.0
-3.614791,50,732.383194,0.0
-4.354891,50,732.418526,0.0
-3.342057,50,732.453849,0.0
-4.076968,50,732.488993,0.0
-3.466176,50,732.523851,0.0
-3.931186,50,732.559316,0.0
-4.19873,50,732.594331,0.0
-4.06526,50,732.629628,0.0
-3.19591,50,732.66507,0.0
-3.812329,50,732.700443,0.0
-4.324531,50,732.735158,0.0
-4.314803,50,732.770812,0.0
-3.352552,50,732.806499,0.0
-3.680519,50,732.84168,0.0
-4.023087,50,732.876681,0.0
-4.201135,50,732.911907,0.0
-3.691317,50,732.947029,0.0
-3.873103,50,732.982014,0.0
-4.139949,50,733.017172,0.0
-4.03182,50,733.052349,0.0
-3.62058,50,733.087075,0.0
-4.153532,50,733.122497,0.0
-3.797517,50,733.157674,0.0
-4.735099,50,733.30651,0.0
-4.045685,50,733.342134,0.0
-3.954399,50,733.377758,0.0
-4.222422,50,733.413168,0.0
-4.173408,50,733.448445,0.0
-4.206542,50,733.483734,0.0
-4.562226,50,733.519053,0.0
-4.63786,50,733.554163,0.0
-3.805485,50,733.589209,0.0
-3.689201,50,733.624642,0.0
-4.129436,50,733.659839,0.0
-4.005976,50,733.696031,0.0
-3.719366,50,733.73188,0.0
-3.787121,50,733.767707,0.0
-3.614408,50,733.803427,0.0
-4.388965,50,733.839425,0.0
-4.087492,50,733.875162,0.0
-4.017206,50,733.910262,0.0
-4.075808,50,733.945592,0.0
-3.53617,50,733.980383,0.0
-4.038699,50,734.015826,0.0
-3.9359,50,734.050951,0.0
-4.253236,50,734.08619,0.0
-3.812274,50,734.121911,0.0
-3.930982,50,734.157021,0.0
-4.078231,50,734.192038,0.0
-3.559497,50,734.227317,0.0
-4.905226,50,734.262186,0.0
-3.674021,50,734.297084,0.0
-3.655785,50,734.332178,0.0
-4.145471,50,734.367075,0.0
-3.806974,50,734.402224,0.0
-4.51772,50,734.437545,0.0
-3.79118,50,734.472664,0.0
-4.272285,50,734.508031,0.0
-4.498825,50,734.543121,0.0
-4.181209,50,734.578446,0.0
-3.681682,50,734.613309,0.0
-4.011562,50,734.648344,0.0
-3.654978,50,734.68343,0.0
-3.859881,50,734.719102,0.0
-3.36126,50,734.868688,0.0
-3.824074,50,734.904448,0.0
-3.805023,50,734.939816,0.0
-4.144637,50,734.97496,0.0
-4.277607,50,735.01024,0.0
-3.913647,50,735.045242,0.0
-3.982173,50,735.080414,0.0
-3.362309,50,735.115016,0.0
-3.489281,50,735.149594,0.0
-3.412477,50,735.185031,0.0
-3.719163,50,735.220862,0.0
-4.318826,50,735.256114,0.0
-3.715917,50,735.291039,0.0
-3.994607,50,735.326199,0.0
-3.507306,50,735.361589,0.0
-4.360256,50,735.396677,0.0
-4.266735,50,735.432059,0.0
-3.589267,50,735.467952,0.0
-3.519294,50,735.503912,0.0
-3.630648,50,735.539818,0.0
-4.218584,50,735.575496,0.0
-4.141709,50,735.610396,0.0
-3.566465,50,735.645594,0.0
-3.635721,50,735.681363,0.0
-4.337144,50,735.716014,0.0
-4.450014,50,735.751392,0.0
-3.863957,50,735.78634,0.0
-3.027857,50,735.821541,0.0
-3.146659,50,735.857371,0.0
-4.055994,50,735.892659,0.0
-4.398406,50,735.927357,0.0
-3.760646,50,735.962295,0.0
-4.014964,50,735.997642,0.0
-3.758936,50,736.032828,0.0
-4.061196,50,736.067873,0.0
-3.962057,50,736.103358,0.0
-4.477085,50,736.48849,0.0
-4.705986,50,736.523948,0.0
-4.079809,50,736.559168,0.0
-3.701091,50,736.594413,0.0
-4.264204,50,736.629855,0.0
-4.144185,50,736.779412,0.0
-3.248685,50,736.814601,0.0
-3.721673,50,736.849706,0.0
-3.268503,50,736.885559,0.0
-3.871897,50,736.920958,0.0
-3.366932,50,736.956696,0.0
-3.284583,50,736.991896,0.0
-3.74581,50,737.027229,0.0
-4.600714,50,737.062454,0.0
-3.451951,50,737.097301,0.0
-4.024764,50,737.132386,0.0
-3.313781,50,737.167285,0.0
-4.084328,50,737.202543,0.0
-3.774987,50,737.237389,0.0
-3.607759,50,737.273108,0.0
-3.416732,50,737.308593,0.0
-3.776878,50,737.343418,0.0
-3.589685,50,737.378786,0.0
-3.945306,50,737.413701,0.0
-3.857353,50,737.449039,0.0
-3.811582,50,737.484712,0.0
-3.473069,50,737.519958,0.0
-3.662333,50,737.555019,0.0
-3.92622,50,737.590568,0.0
-3.824796,50,737.627342,0.0
-3.757527,50,737.66307,0.0
-3.813452,50,737.698774,0.0
-3.699385,50,737.734203,0.0
-3.81928,50,737.769417,0.0
-3.561728,50,737.804801,0.0
-3.843998,50,737.840237,0.0
-3.998883,50,737.874759,0.0
-3.641736,50,737.910509,0.0
-4.035703,50,737.945782,0.0
-3.782005,50,737.982086,0.0
-3.734289,50,738.017447,0.0
-4.056891,50,738.053523,0.0
-3.520271,50,738.089078,0.0
-4.340758,50,738.12434,0.0
-4.291297,50,738.159282,0.0
-4.063793,50,738.194733,0.0
-4.22291,50,738.345973,0.0
-4.029908,50,738.381459,0.0
-3.543156,50,738.416722,0.0
-3.152096,50,738.45203,0.0
-4.089025,50,738.487489,0.0
-4.048193,50,738.522753,0.0
-3.574965,50,738.557872,0.0
-4.319269,50,738.592834,0.0
-3.944338,50,738.628166,0.0
-4.067246,50,738.663591,0.0
-3.743882,50,738.699394,0.0
-3.669987,50,738.734768,0.0
-3.640307,50,738.769649,0.0
-3.817593,50,738.80471,0.0
-3.816587,50,738.839522,0.0
-3.877378,50,738.874592,0.0
-3.89522,50,738.909903,0.0
-4.154183,50,738.94504,0.0
-3.587573,50,738.979951,0.0
-4.014192,50,739.014966,0.0
-3.48181,50,739.050108,0.0
-3.995296,50,739.085089,0.0
-4.063942,50,739.120125,0.0
-3.850351,50,739.154965,0.0
-4.689516,50,739.190489,0.0
-4.311674,50,739.225752,0.0
-3.818596,50,739.260564,0.0
-4.387151,50,739.29578,0.0
-3.591898,50,739.330751,0.0
-3.327105,50,739.365498,0.0
-4.134507,50,739.400843,0.0
-3.899922,50,739.436341,0.0
-3.819707,50,739.471404,0.0
-4.122449,50,739.506398,0.0
-3.268489,50,739.541151,0.0
-3.803181,50,739.5775,0.0
-3.882463,50,739.613403,0.0
-3.776411,50,739.648648,0.0
-3.809933,50,739.684151,0.0
-3.930356,50,739.71917,0.0
-3.893141,50,739.754096,0.0
-4.305062,50,739.905608,0.0
-4.241526,50,739.940739,0.0
-4.085351,50,739.976322,0.0
-4.307034,50,740.011282,0.0
-3.685725,50,740.046736,0.0
-3.688765,50,740.082194,0.0
-3.770825,50,740.117374,0.0
-4.090713,50,740.152779,0.0
-3.873683,50,740.188188,0.0
-3.653837,50,740.223154,0.0
-4.175981,50,740.25824,0.0
-3.637217,50,740.293688,0.0
-3.908785,50,740.328899,0.0
-3.663629,50,740.364429,0.0
-4.074523,50,740.399545,0.0
-4.516491,50,740.434376,0.0
-3.555404,50,740.469446,0.0
-4.217282,50,740.504346,0.0
-3.75852,50,740.538864,0.0
-3.839268,50,740.573106,0.0
-3.793948,50,740.607299,0.0
-3.708294,50,740.642848,0.0
-3.489292,50,740.678641,0.0
-3.677092,50,740.713597,0.0
-4.188035,50,740.748578,0.0
-3.816751,50,740.784096,0.0
-4.248296,50,740.818895,0.0
-4.286244,50,740.854469,0.0
-3.560526,50,740.889483,0.0
-3.85529,50,740.924462,0.0
-4.166063,50,740.959696,0.0
-3.576182,50,740.994958,0.0
-3.69022,50,741.030182,0.0
-3.563304,50,741.065055,0.0
-3.800722,50,741.100222,0.0
-3.859358,50,741.135952,0.0
-3.828176,50,741.171142,0.0
-4.073277,50,741.206498,0.0
-3.602196,50,741.241664,0.0
-3.866653,50,741.276646,0.0
-3.990425,50,741.31193,0.0
-4.282428,50,741.461864,0.0
-3.58502,50,741.497233,0.0
-4.012329,50,741.532434,0.0
-4.202167,50,741.566975,0.0
-3.617184,50,741.602278,0.0
-4.104446,50,741.63764,0.0
-3.729964,50,741.67346,0.0
-3.643862,50,741.708759,0.0
-3.463264,50,741.743226,0.0
-3.163252,50,741.77822,0.0
-3.436065,50,741.813368,0.0
-3.834165,50,741.84874,0.0
-4.058246,50,741.884263,0.0
-4.134354,50,741.920345,0.0
-3.593585,50,741.955705,0.0
-3.839409,50,741.990841,0.0
-3.815194,50,742.025973,0.0
-3.696521,50,742.061206,0.0
-3.22755,50,742.096754,0.0
-4.094434,50,742.131782,0.0
-4.064027,50,742.16688,0.0
-4.059248,50,742.202203,0.0
-3.868699,50,742.23721,0.0
-3.640022,50,742.272452,0.0
-4.105345,50,742.307087,0.0
-3.799296,50,742.341968,0.0
-4.397936,50,742.377027,0.0
-4.416025,50,742.412315,0.0
-3.628734,50,742.447221,0.0
-4.412342,50,742.482039,0.0
-3.55877,50,742.517621,0.0
-2.97301,50,742.552749,0.0
-3.738923,50,742.587825,0.0
-3.883509,50,742.623022,0.0
-3.480636,50,742.658259,0.0
-3.497986,50,742.693235,0.0
-3.567746,50,742.728429,0.0
-3.696618,50,742.763343,0.0
-3.508368,50,742.79818,0.0
-4.066466,50,742.834079,0.0
-4.014181,50,742.869824,0.0
-4.265302,50,743.01872,0.0
-3.76611,50,743.054099,0.0
-3.959429,50,743.08981,0.0
-3.796615,50,743.125485,0.0
-3.476754,50,743.160701,0.0
-3.732088,50,743.195834,0.0
-3.7736,50,743.230915,0.0
-3.570408,50,743.2664,0.0
-3.153876,50,743.301373,0.0
-3.578234,50,743.33643,0.0
-3.483113,50,743.371599,0.0
-3.667307,50,743.407204,0.0
-4.242362,50,743.442378,0.0
-3.478292,50,743.477418,0.0
-3.215288,50,743.512438,0.0
-3.892562,50,743.547205,0.0
-4.58545,50,743.582424,0.0
-4.347155,50,743.617784,0.0
-3.73527,50,743.652754,0.0
-3.577418,50,743.688543,0.0
-4.05626,50,743.724118,0.0
-3.497545,50,743.759499,0.0
-3.755807,50,743.794663,0.0
-3.908169,50,743.829913,0.0
-3.342592,50,743.864973,0.0
-3.823464,50,743.900365,0.0
-3.661407,50,743.935471,0.0
-3.744118,50,743.970404,0.0
-4.305114,50,744.005637,0.0
-3.485865,50,744.040826,0.0
-3.242194,50,744.075577,0.0
-3.407806,50,744.110527,0.0
-3.425134,50,744.145596,0.0
-3.467875,50,744.18076,0.0
-3.871606,50,744.215825,0.0
-4.693121,50,744.250724,0.0
-3.068873,50,744.286,0.0
-3.307631,50,744.320977,0.0
-3.390845,50,744.355923,0.0
-3.81193,50,744.391641,0.0
-4.324391,50,744.426781,0.0
-3.468179,50,744.575915,0.0
-3.851208,50,744.611343,0.0
-3.81221,50,744.647106,0.0
-3.815387,50,744.683079,0.0
-3.558344,50,744.718941,0.0
-3.799947,50,744.75465,0.0
-4.008787,50,744.789732,0.0
-4.492287,50,744.824677,0.0
-3.204608,50,744.859951,0.0
-3.556624,50,744.894723,0.0
-4.122276,50,744.930025,0.0
-4.366901,50,744.965427,0.0
-4.074364,50,745.000599,0.0
-3.465196,50,745.035814,0.0
-3.846643,50,745.071027,0.0
-3.82372,50,745.106414,0.0
-3.758333,50,745.141738,0.0
-3.6724,50,745.176839,0.0
-3.466319,50,745.212016,0.0
-3.812081,50,745.246991,0.0
-3.89916,50,745.282345,0.0
-3.545604,50,745.317263,0.0
-4.459378,50,745.35252,0.0
-3.773131,50,745.38729,0.0
-4.194662,50,745.421955,0.0
-4.179677,50,745.456383,0.0
-4.335915,50,745.490726,0.0
-3.347987,50,745.525487,0.0
-3.862731,50,745.560885,0.0
-3.736726,50,745.596229,0.0
-4.093575,50,745.631773,0.0
-4.058215,50,745.667077,0.0
-3.660739,50,745.702074,0.0
-4.421912,50,745.737509,0.0
-4.028315,50,745.772656,0.0
-3.757974,50,745.807767,0.0
-4.007576,50,745.842951,0.0
-3.605471,50,745.878226,0.0
-4.474415,50,745.913113,0.0
-4.637926,50,745.948012,0.0
-3.839948,50,745.984015,0.0
-4.727352,50,746.133513,0.0
-3.493952,50,746.168793,0.0
-3.716902,50,746.204164,0.0
-3.958731,50,746.238986,0.0
-4.331018,50,746.274068,0.0
-4.006588,50,746.309639,0.0
-4.378461,50,746.344435,0.0
-3.716403,50,746.379813,0.0
-3.623301,50,746.415301,0.0
-3.613163,50,746.449778,0.0
-4.022463,50,746.484798,0.0
-3.920634,50,746.519877,0.0
-4.059433,50,746.554847,0.0
-3.716574,50,746.590489,0.0
-4.21402,50,746.62655,0.0
-3.482115,50,746.661849,0.0
-3.970992,50,746.697907,0.0
-3.471492,50,746.733278,0.0
-3.934638,50,746.76855,0.0
-3.231104,50,746.803749,0.0
-3.750513,50,746.83905,0.0
-3.871851,50,746.874396,0.0
-3.319399,50,746.909926,0.0
-4.108238,50,746.944772,0.0
-3.716376,50,746.979974,0.0
-3.880182,50,747.014838,0.0
-3.65632,50,747.049791,0.0
-3.782194,50,747.084639,0.0
-4.255695,50,747.119691,0.0
-3.543248,50,747.154725,0.0
-3.435792,50,747.18955,0.0
-3.559827,50,747.224507,0.0
-4.457505,50,747.259239,0.0
-3.848663,50,747.294121,0.0
-3.469109,50,747.328781,0.0
-4.444978,50,747.363809,0.0
-3.90218,50,747.399899,0.0
-3.954759,50,747.435356,0.0
-4.608276,50,747.470945,0.0
-4.407921,50,747.506379,0.0
-4.076694,50,747.541843,0.0
-4.994531,50,747.692404,0.0
-4.133822,50,747.728337,0.0
-3.499573,50,747.763745,0.0
-3.41812,50,747.799054,0.0
-4.452949,50,747.834595,0.0
-3.870185,50,747.869701,0.0
-3.893692,50,747.904731,0.0
-4.174088,50,747.940722,0.0
-4.342,50,747.975808,0.0
-4.115181,50,748.010975,0.0
-3.88358,50,748.046225,0.0
-3.573537,50,748.081824,0.0
-3.825127,50,748.117432,0.0
-3.643394,50,748.15318,0.0
-4.719355,50,748.188465,0.0
-3.306832,50,748.223586,0.0
-3.53627,50,748.258596,0.0
-3.235027,50,748.29333,0.0
-3.605332,50,748.328388,0.0
-4.242392,50,748.363496,0.0
-3.631368,50,748.398596,0.0
-3.874438,50,748.43359,0.0
-4.538432,50,748.46851,0.0
-3.558984,50,748.503175,0.0
-4.166745,50,748.53897,0.0
-3.962746,50,748.574133,0.0
-4.003387,50,748.609088,0.0
-3.67218,50,748.644346,0.0
-4.779486,50,748.67924,0.0
-4.112778,50,748.715246,0.0
-3.966437,50,748.750947,0.0
-4.280186,50,748.785581,0.0
-3.56186,50,748.820943,0.0
-3.583781,50,748.856133,0.0
-3.983315,50,748.891069,0.0
-3.836588,50,748.926411,0.0
-3.604094,50,748.961502,0.0
-3.725301,50,748.99617,0.0
-3.651041,50,749.03118,0.0
-2.837032,50,749.065798,0.0
-4.043875,50,749.100509,0.0
-3.464256,50,749.25106,0.0
-3.605247,50,749.286316,0.0
-3.462673,50,749.321372,0.0
-3.799999,50,749.356398,0.0
-3.8376,50,749.391532,0.0
-3.437087,50,749.426965,0.0
-3.904933,50,749.462074,0.0
-3.6296,50,749.497155,0.0
-4.317085,50,749.532311,0.0
-4.407045,50,749.567724,0.0
-3.880313,50,749.602453,0.0
-4.286617,50,749.637267,0.0
-3.649737,50,749.672635,0.0
-3.67474,50,749.707911,0.0
-4.29536,50,749.743536,0.0
-3.372213,50,749.779071,0.0
-3.711271,50,749.814064,0.0
-3.737471,50,749.849443,0.0
-4.588511,50,749.884339,0.0
-4.018201,50,749.919151,0.0
-4.171801,50,749.954597,0.0
-3.871085,50,749.989925,0.0
-4.304048,50,750.025263,0.0
-4.181385,50,750.060699,0.0
-4.595961,50,750.09598,0.0
-3.816105,50,750.130928,0.0
-3.505514,50,750.165737,0.0
-4.218099,50,750.200967,0.0
-3.66128,50,750.23582,0.0
-3.601272,50,750.271944,0.0
-4.064038,50,750.307514,0.0
-4.127633,50,750.342406,0.0
-3.778078,50,750.377148,0.0
-4.625749,50,750.412022,0.0
-3.751616,50,750.447003,0.0
-2.909421,50,750.481846,0.0
-3.374086,50,750.517008,0.0
-3.361351,50,750.55215,0.0
-4.089974,50,750.587674,0.0
-4.372957,50,750.622899,0.0
-3.439167,50,750.658057,0.0
-3.596125,50,750.807776,0.0
-3.91205,50,750.84316,0.0
-3.907727,50,750.878703,0.0
-4.285194,50,750.914774,0.0
-3.970637,50,750.949859,0.0
-4.352404,50,750.985057,0.0
-3.858601,50,751.02022,0.0
-3.630376,50,751.055435,0.0
-3.636232,50,751.090424,0.0
-3.708623,50,751.125578,0.0
-4.23235,50,751.160625,0.0
-3.716859,50,751.195801,0.0
-4.37664,50,751.230852,0.0
-4.496488,50,751.266125,0.0
-4.137437,50,751.301214,0.0
-3.079655,50,751.336242,0.0
-4.01418,50,751.370823,0.0
-4.490673,50,751.406106,0.0
-4.602965,50,751.442032,0.0
-4.185575,50,751.476966,0.0
-3.378484,50,751.51263,0.0
-3.283456,50,751.54749,0.0
-3.792295,50,751.582601,0.0
-3.825102,50,751.617729,0.0
-4.071383,50,751.652499,0.0
-4.444343,50,751.68741,0.0
-3.925522,50,751.722454,0.0
-4.225464,50,751.757622,0.0
-4.040005,50,751.792689,0.0
-3.728261,50,751.827759,0.0
-3.559765,50,751.862893,0.0
-3.071083,50,751.898154,0.0
-3.971262,50,751.933639,0.0
-3.561146,50,751.969238,0.0
-4.215985,50,752.004611,0.0
-3.794191,50,752.039568,0.0
-4.0579,50,752.07519,0.0
-3.60352,50,752.110079,0.0
-4.147901,50,752.144626,0.0
-4.433356,50,752.180305,0.0
-3.007582,50,752.21516,0.0
-4.853955,50,752.3645,0.0
-3.205036,50,752.399663,0.0
-3.660822,50,752.435268,0.0
-4.045635,50,752.470073,0.0
-3.58606,50,752.505992,0.0
-3.625418,50,752.541522,0.0
-3.431955,50,752.575992,0.0
-4.015594,50,752.6114,0.0
-3.939903,50,752.646203,0.0
-3.504472,50,752.68121,0.0
-3.71303,50,752.71645,0.0
-3.458877,50,752.75144,0.0
-4.50637,50,752.786605,0.0
-3.907544,50,752.821765,0.0
-3.757874,50,752.856682,0.0
-4.146623,50,752.89179,0.0
-3.746293,50,752.926935,0.0
-3.611984,50,752.961351,0.0
-3.468014,50,752.996656,0.0
-3.6903,50,753.031996,0.0
-3.811714,50,753.066629,0.0
-4.018075,50,753.101566,0.0
-3.975047,50,753.136679,0.0
-4.476283,50,753.171357,0.0
-4.156103,50,753.206748,0.0
-4.368017,50,753.242345,0.0
-4.163886,50,753.277581,0.0
-4.164952,50,753.312548,0.0
-4.185538,50,753.347199,0.0
-4.175402,50,753.382876,0.0
-3.524913,50,753.417886,0.0
-3.565738,50,753.452835,0.0
-4.059446,50,753.488199,0.0
-3.491607,50,753.523329,0.0
-3.993114,50,753.558539,0.0
-3.648924,50,753.593661,0.0
-3.770186,50,753.628949,0.0
-3.686891,50,753.66411,0.0
-3.726601,50,753.699204,0.0
-3.912962,50,753.734388,0.0
-4.107822,50,753.76946,0.0
-4.286701,50,753.919922,0.0
-4.55045,50,753.955713,0.0
-4.322332,50,753.991062,0.0
-3.45124,50,754.026052,0.0
-3.568762,50,754.061317,0.0
-3.743081,50,754.096935,0.0
-4.028633,50,754.132727,0.0
-4.430043,50,754.168352,0.0
-4.568456,50,754.203987,0.0
-3.769149,50,754.238866,0.0
-4.228267,50,754.273493,0.0
-3.774391,50,754.308372,0.0
-3.845959,50,754.343514,0.0
-4.144753,50,754.378542,0.0
-3.991756,50,754.412945,0.0
-4.032784,50,754.448091,0.0
-3.683862,50,754.482975,0.0
-3.576925,50,754.51806,0.0
-4.168216,50,754.553418,0.0
-3.672175,50,754.588274,0.0
-3.443537,50,754.623443,0.0
-3.888313,50,754.658251,0.0
-3.539269,50,754.693014,0.0
-3.776696,50,754.728518,0.0
-4.09898,50,754.763747,0.0
-3.528867,50,754.798623,0.0
-3.502064,50,754.833544,0.0
-3.931948,50,754.868155,0.0
-3.74765,50,754.903559,0.0
-3.131327,50,754.939158,0.0
-4.415795,50,754.974303,0.0
-3.869716,50,755.009174,0.0
-4.528331,50,755.04425,0.0
-3.489726,50,755.079056,0.0
-3.363583,50,755.114111,0.0
-4.434277,50,755.148656,0.0
-3.78927,50,755.183804,0.0
-4.052863,50,755.219209,0.0
-3.625102,50,755.253975,0.0
-4.281266,50,755.288992,0.0
-4.03627,50,755.438259,0.0
-3.485209,50,755.474101,0.0
-3.763606,50,755.508982,0.0
-5.259417,50,755.544103,0.0
-5.04236,50,755.579204,0.0
-4.442115,50,755.614477,0.0
-3.623818,50,755.650003,0.0
-3.231754,50,755.685069,0.0
-3.809788,50,755.720306,0.0
-4.315335,50,755.755915,0.0
-4.078052,50,755.791409,0.0
-4.156253,50,755.826671,0.0
-4.029371,50,755.862069,0.0
-3.779832,50,755.897033,0.0
-4.336149,50,755.932113,0.0
-4.098065,50,755.967192,0.0
-3.780252,50,756.002134,0.0
-4.014188,50,756.037361,0.0
-3.570987,50,756.072707,0.0
-3.604476,50,756.107604,0.0
-3.323101,50,756.142797,0.0
-3.471775,50,756.178028,0.0
-4.310755,50,756.214014,0.0
-4.751075,50,756.249949,0.0
-4.168839,50,756.285552,0.0
-3.803285,50,756.320447,0.0
-3.991479,50,756.355372,0.0
-3.668636,50,756.390706,0.0
-4.136384,50,756.426039,0.0
-3.868732,50,756.461627,0.0
-3.941564,50,756.496458,0.0
-4.24772,50,756.531769,0.0
-3.732336,50,756.567025,0.0
-4.209252,50,756.602601,0.0
-4.341749,50,756.638685,0.0
-3.806424,50,756.675462,0.0
-3.419695,50,756.711451,0.0
-3.994477,50,756.746643,0.0
-3.732703,50,756.781459,0.0
-4.08519,50,756.815968,0.0
-3.934548,50,756.850968,0.0
-3.734352,50,757.000048,0.0
-4.035837,50,757.035503,0.0
-4.005327,50,757.071354,0.0
-4.048466,50,757.106499,0.0
-4.681358,50,757.141359,0.0
-4.406665,50,757.17639,0.0
-4.718966,50,757.211314,0.0
-3.511761,50,757.246109,0.0
-4.244604,50,757.281024,0.0
-3.737176,50,757.315732,0.0
-3.586189,50,757.351595,0.0
-3.691986,50,757.387073,0.0
-4.263465,50,757.422332,0.0
-3.26702,50,757.457451,0.0
-3.498046,50,757.491955,0.0
-3.543528,50,757.527063,0.0
-3.532376,50,757.562343,0.0
-3.654303,50,757.597707,0.0
-3.556586,50,757.633519,0.0
-3.757643,50,757.668748,0.0
-3.541358,50,757.70429,0.0
-4.299274,50,757.739613,0.0
-3.952163,50,757.774546,0.0
-3.718588,50,757.809972,0.0
-3.839049,50,757.845253,0.0
-4.494079,50,757.880395,0.0
-4.114774,50,757.916595,0.0
-4.201839,50,757.952023,0.0
-4.107961,50,757.986817,0.0
-4.001596,50,758.022459,0.0
-3.591649,50,758.057501,0.0
-4.565046,50,758.092262,0.0
-4.113065,50,758.127117,0.0
-4.496653,50,758.16217,0.0
-3.571908,50,758.197121,0.0
-3.384605,50,758.23205,0.0
-3.779648,50,758.267135,0.0
-3.527033,50,758.302124,0.0
-3.657759,50,758.337576,0.0
-4.047411,50,758.373167,0.0
-3.596905,50,758.408323,0.0
-4.245834,50,758.557927,0.0
-4.38173,50,758.593303,0.0
-3.64446,50,758.628749,0.0
-3.891524,50,758.663973,0.0
-4.66045,50,758.69893,0.0
-3.874511,50,758.734218,0.0
-4.152282,50,758.769654,0.0
-3.482822,50,758.805352,0.0
-4.103321,50,758.840136,0.0
-3.780969,50,758.875632,0.0
-3.643067,50,758.910715,0.0
-3.430679,50,758.946291,0.0
-3.778016,50,758.982143,0.0
-4.659922,50,759.017611,0.0
-4.278665,50,759.052549,0.0
-4.390921,50,759.087911,0.0
-4.194518,50,759.123012,0.0
-4.098736,50,759.158316,0.0
-3.454937,50,759.193451,0.0
-4.229766,50,759.228505,0.0
-3.965622,50,759.263557,0.0
-4.751122,50,759.298604,0.0
-3.490068,50,759.334007,0.0
-3.810113,50,759.370144,0.0
-3.019849,50,759.40584,0.0
-4.334604,50,759.440822,0.0
-3.684315,50,759.477156,0.0
-3.781712,50,759.512555,0.0
-3.203363,50,759.547562,0.0
-4.106293,50,759.582681,0.0
-4.077339,50,759.617684,0.0
-4.060451,50,759.653686,0.0
-3.724131,50,759.689734,0.0
-4.010886,50,759.725593,0.0
-4.559085,50,759.760865,0.0
-3.372464,50,759.796423,0.0
-3.72027,50,759.831259,0.0
-3.611078,50,759.866192,0.0
-4.240637,50,759.901355,0.0
-3.301508,50,759.936526,0.0
-3.468256,50,759.972086,0.0
-4.057676,50,760.123169,0.0
-4.000033,50,760.158704,0.0
-4.044282,50,760.193728,0.0
-3.868638,50,760.229053,0.0
-3.40761,50,760.263986,0.0
-3.828587,50,760.299425,0.0
-3.601723,50,760.334651,0.0
-3.912548,50,760.370492,0.0
-3.706283,50,760.406512,0.0
-3.701996,50,760.441809,0.0
-3.849814,50,760.477146,0.0
-3.433764,50,760.512199,0.0
-3.932045,50,760.547285,0.0
-3.38215,50,760.582801,0.0
-3.908876,50,760.617979,0.0
-3.761665,50,760.652988,0.0
-3.91462,50,760.68843,0.0
-4.506376,50,760.723747,0.0
-3.209535,50,760.75927,0.0
-3.480236,50,760.794238,0.0
-3.08837,50,760.829081,0.0
-4.490971,50,760.864922,0.0
-4.44287,50,760.899993,0.0
-4.229919,50,760.934778,0.0
-3.628555,50,760.96998,0.0
-4.170713,50,761.005313,0.0
-3.507221,50,761.041354,0.0
-4.428917,50,761.076922,0.0
-3.390497,50,761.112203,0.0
-3.493288,50,761.147685,0.0
-3.910227,50,761.183265,0.0
-3.792315,50,761.218581,0.0
-3.407701,50,761.2536,0.0
-3.548077,50,761.288487,0.0
-3.554583,50,761.323322,0.0
-3.879598,50,761.358861,0.0
-3.77664,50,761.394532,0.0
-3.838793,50,761.429664,0.0
-3.967549,50,761.464604,0.0
-3.992229,50,761.499444,0.0
-4.061764,50,761.534697,0.0
-3.726607,50,761.68484,0.0
-4.13072,50,761.720433,0.0
-3.804681,50,761.755371,0.0
-3.149318,50,761.790682,0.0
-3.639587,50,761.826504,0.0
-3.612636,50,761.861746,0.0
-3.668285,50,761.896813,0.0
-4.472367,50,761.932903,0.0
-3.990765,50,761.968593,0.0
-3.647611,50,762.003732,0.0
-3.776973,50,762.038959,0.0
-3.233648,50,762.07425,0.0
-4.436421,50,762.109661,0.0
-4.279896,50,762.14463,0.0
-3.432792,50,762.180072,0.0
-4.061354,50,762.215433,0.0
-3.803078,50,762.250686,0.0
-4.112585,50,762.285843,0.0
-3.471655,50,762.321492,0.0
-4.215329,50,762.356402,0.0
-3.659919,50,762.391735,0.0
-3.878641,50,762.426501,0.0
-4.079636,50,762.461614,0.0
-4.392216,50,762.496311,0.0
-4.048837,50,762.531504,0.0
-4.096229,50,762.56643,0.0
-3.493685,50,762.601406,0.0
-4.015901,50,762.636986,0.0
-3.977875,50,762.672215,0.0
-4.135723,50,762.707161,0.0
-3.712141,50,762.742756,0.0
-3.607097,50,762.778166,0.0
-3.763909,50,762.813278,0.0
-3.311708,50,762.848943,0.0
-3.55532,50,762.88393,0.0
-3.392183,50,762.918891,0.0
-3.769108,50,762.95405,0.0
-3.464366,50,762.989293,0.0
-4.417139,50,763.02444,0.0
-3.576549,50,763.059184,0.0
-3.514938,50,763.094016,0.0
-3.393287,50,763.242457,0.0
-3.971882,50,763.277591,0.0
-3.96392,50,763.313273,0.0
-3.730444,50,763.348709,0.0
-3.535185,50,763.384492,0.0
-4.420331,50,763.419778,0.0
-3.837646,50,763.454994,0.0
-4.281642,50,763.490743,0.0
-4.074598,50,763.525919,0.0
-3.717255,50,763.561295,0.0
-3.370133,50,763.596694,0.0
-3.675232,50,763.631602,0.0
-3.702731,50,763.666951,0.0
-4.023584,50,763.702327,0.0
-3.629406,50,763.737239,0.0
-4.025367,50,763.77261,0.0
-4.164632,50,763.807541,0.0
-4.23247,50,763.84231,0.0
-3.912673,50,763.877046,0.0
-4.214296,50,763.912125,0.0
-3.441586,50,763.947265,0.0
-4.35712,50,763.982567,0.0
-3.360794,50,764.017996,0.0
-4.102947,50,764.053248,0.0
-4.145022,50,764.088062,0.0
-3.780543,50,764.122902,0.0
-3.745,50,764.15887,0.0
-4.159417,50,764.194355,0.0
-4.052616,50,764.229482,0.0
-3.409885,50,764.264926,0.0
-3.907468,50,764.300045,0.0
-4.248431,50,764.33515,0.0
-4.259465,50,764.37083,0.0
-4.327135,50,764.407021,0.0
-4.071518,50,764.442425,0.0
-3.496669,50,764.477268,0.0
-3.631584,50,764.512416,0.0
-3.904899,50,764.548112,0.0
-3.636588,50,764.583014,0.0
-4.318903,50,764.61856,0.0
-3.472136,50,764.65394,0.0
-3.307795,50,764.803731,0.0
-3.864377,50,764.839247,0.0
-3.550183,50,764.87452,0.0
-3.774594,50,764.909767,0.0
-3.412958,50,764.944805,0.0
-4.014733,50,764.979957,0.0
-3.961726,50,765.014941,0.0
-4.004772,50,765.049989,0.0
-3.438374,50,765.084849,0.0
-4.28022,50,765.119619,0.0
-3.945181,50,765.15424,0.0
-3.995476,50,765.188965,0.0
-4.026013,50,765.224331,0.0
-3.653595,50,765.259579,0.0
-3.880905,50,765.294803,0.0
-3.532998,50,765.32935,0.0
-4.347604,50,765.364196,0.0
-4.251465,50,765.39933,0.0
-3.39103,50,765.434618,0.0
-3.206275,50,765.469722,0.0
-3.844028,50,765.50489,0.0
-3.607086,50,765.539579,0.0
-3.990817,50,765.574597,0.0
-3.804616,50,765.609312,0.0
-3.595133,50,765.644444,0.0
-3.809023,50,765.67962,0.0
-3.547174,50,765.71567,0.0
-3.825704,50,765.751185,0.0
-3.703772,50,765.786677,0.0
-4.607586,50,765.82285,0.0
-4.174382,50,765.858156,0.0
-3.902576,50,765.89447,0.0
-3.705639,50,765.931132,0.0
-4.346246,50,765.966334,0.0
-3.688088,50,766.001602,0.0
-3.825304,50,766.037363,0.0
-4.34038,50,766.073124,0.0
-4.075324,50,766.108301,0.0
-3.957322,50,766.144007,0.0
-3.73343,50,766.178416,0.0
-3.356783,50,766.213504,0.0
-3.753642,50,766.363298,0.0
-4.055937,50,766.39928,0.0
-3.890579,50,766.434511,0.0
-4.414623,50,766.469757,0.0
-3.213817,50,766.505644,0.0
-4.229622,50,766.541066,0.0
-3.941111,50,766.576243,0.0
-3.782376,50,766.613301,0.0
-4.303227,50,766.648892,0.0
-3.483248,50,766.684273,0.0
-4.071437,50,766.719765,0.0
-3.658814,50,766.754983,0.0
-3.658798,50,766.790233,0.0
-4.075849,50,766.825752,0.0
-3.833003,50,766.860694,0.0
-3.596696,50,766.896531,0.0
-4.339066,50,766.931838,0.0
-4.199507,50,766.967006,0.0
-3.632715,50,767.003451,0.0
-4.264648,50,767.039051,0.0
-4.108172,50,767.073944,0.0
-4.192882,50,767.108696,0.0
-4.186787,50,767.143455,0.0
-3.302541,50,767.178737,0.0
-4.113664,50,767.214021,0.0
-3.822788,50,767.248757,0.0
-3.720688,50,767.28405,0.0
-4.314342,50,767.319113,0.0
-4.407824,50,767.354133,0.0
-3.34984,50,767.389229,0.0
-4.188509,50,767.424639,0.0
-4.086255,50,767.459593,0.0
-3.896732,50,767.494954,0.0
-3.59618,50,767.530214,0.0
-4.281976,50,767.565134,0.0
-3.679581,50,767.600308,0.0
-3.472621,50,767.635366,0.0
-3.787413,50,767.670588,0.0
-4.460626,50,767.706046,0.0
-3.419061,50,767.741444,0.0
-3.687752,50,767.776816,0.0
-3.857891,50,767.929342,0.0
-4.129523,50,767.964653,0.0
-3.889862,50,768.000573,0.0
-3.919093,50,768.036457,0.0
-3.759019,50,768.071789,0.0
-3.651475,50,768.107566,0.0
-3.93218,50,768.14309,0.0
-4.319613,50,768.178585,0.0
-3.766729,50,768.213382,0.0
-3.590567,50,768.248537,0.0
-4.339763,50,768.283609,0.0
-3.378237,50,768.318848,0.0
-3.350153,50,768.354007,0.0
-3.778537,50,768.389084,0.0
-3.470578,50,768.424512,0.0
-4.06753,50,768.459547,0.0
-4.019084,50,768.494522,0.0
-3.79407,50,768.52964,0.0
-3.050071,50,768.564278,0.0
-3.891855,50,768.599228,0.0
-3.322723,50,768.634482,0.0
-3.647933,50,768.669164,0.0
-3.578282,50,768.704035,0.0
-4.512369,50,768.739163,0.0
-3.899183,50,768.77466,0.0
-3.824621,50,768.809727,0.0
-3.464629,50,768.844652,0.0
-3.973677,50,768.879666,0.0
-3.507919,50,768.914615,0.0
-4.016986,50,768.949351,0.0
-4.446322,50,768.984685,0.0
-3.411584,50,769.019254,0.0
-3.458008,50,769.054811,0.0
-4.375756,50,769.089748,0.0
-4.181871,50,769.124591,0.0
-4.193634,50,769.159538,0.0
-3.943754,50,769.194674,0.0
-4.529784,50,769.229418,0.0
-3.695338,50,769.264447,0.0
-4.291123,50,769.299258,0.0
-4.067054,50,769.334357,0.0
-3.334496,50,769.484204,0.0
-3.392013,50,769.519418,0.0
-4.480073,50,769.554021,0.0
-4.482411,50,769.589633,0.0
-3.864491,50,769.624969,0.0
-3.798515,50,769.660059,0.0
-3.723878,50,769.695609,0.0
-4.278511,50,769.730858,0.0
-3.526286,50,769.765835,0.0
-3.830273,50,769.80126,0.0
-3.478947,50,769.836462,0.0
-3.931125,50,769.87165,0.0
-3.877993,50,769.906854,0.0
-3.628537,50,769.942131,0.0
-3.691698,50,769.977105,0.0
-3.108591,50,770.012583,0.0
-3.598546,50,770.047687,0.0
-3.999297,50,770.082717,0.0
-4.166494,50,770.117761,0.0
-5.009666,50,770.15264,0.0
-4.413968,50,770.18796,0.0
-4.102116,50,770.222908,0.0
-3.551732,50,770.25812,0.0
-3.691376,50,770.293773,0.0
-3.847329,50,770.328405,0.0
-4.143359,50,770.363034,0.0
-3.892798,50,770.397623,0.0
-3.331669,50,770.432159,0.0
-3.764123,50,770.467329,0.0
-3.461117,50,770.502311,0.0
-3.557327,50,770.53788,0.0
-3.597523,50,770.573336,0.0
-3.721906,50,770.608401,0.0
-4.093093,50,770.644043,0.0
-3.680988,50,770.678835,0.0
-3.784662,50,770.713854,0.0
-3.413326,50,770.749427,0.0
-4.361717,50,770.785006,0.0
-3.769246,50,770.820509,0.0
-4.349804,50,770.855687,0.0
-3.726731,50,770.890852,0.0
-3.752853,50,771.041378,0.0
-4.342358,50,771.076326,0.0
-3.293212,50,771.111326,0.0
-3.503652,50,771.146422,0.0
-3.885283,50,771.181577,0.0
-3.588403,50,771.217203,0.0
-3.827199,50,771.252497,0.0
-3.783564,50,771.287959,0.0
-4.58148,50,771.323413,0.0
-3.945538,50,771.359077,0.0
-4.119351,50,771.394047,0.0
-3.95106,50,771.429355,0.0
-4.370867,50,771.465148,0.0
-4.036029,50,771.500765,0.0
-3.537243,50,771.536481,0.0
-3.157523,50,771.571937,0.0
-4.190334,50,771.608021,0.0
-3.946905,50,771.643702,0.0
-3.73293,50,771.679711,0.0
-3.880628,50,771.715532,0.0
-4.299297,50,771.750841,0.0
-4.045896,50,771.785852,0.0
-3.543004,50,771.82077,0.0
-3.279721,50,771.856018,0.0
-3.884379,50,771.892077,0.0
-4.100894,50,771.927151,0.0
-4.374971,50,771.961845,0.0
-3.713891,50,771.997125,0.0
-4.094384,50,772.031974,0.0
-3.968745,50,772.067195,0.0
-4.328991,50,772.102133,0.0
-4.678474,50,772.137555,0.0
-3.577122,50,772.172878,0.0
-3.634677,50,772.208175,0.0
-3.762644,50,772.243448,0.0
-3.274746,50,772.278598,0.0
-4.12044,50,772.313735,0.0
-4.504985,50,772.349154,0.0
-3.464986,50,772.38391,0.0
-4.218867,50,772.419101,0.0
-3.982682,50,772.455299,0.0
-3.568139,50,772.604728,0.0
-3.983414,50,772.639714,0.0
-3.398058,50,772.674293,0.0
-3.965133,50,772.70973,0.0
-3.667701,50,772.744986,0.0
-3.911787,50,772.779927,0.0
-4.03697,50,772.814959,0.0
-3.799117,50,772.850099,0.0
-3.726704,50,772.884955,0.0
-4.128433,50,772.919964,0.0
-3.928639,50,772.954973,0.0
-3.521893,50,772.989854,0.0
-3.456529,50,773.025162,0.0
-4.074284,50,773.060534,0.0
-3.431801,50,773.095886,0.0
-4.177107,50,773.131271,0.0
-3.762685,50,773.166461,0.0
-3.725264,50,773.201426,0.0
-4.087588,50,773.236466,0.0
-4.031069,50,773.270635,0.0
-3.919718,50,773.304744,0.0
-3.523688,50,773.339606,0.0
-3.407506,50,773.374308,0.0
-4.116922,50,773.409351,0.0
-3.61073,50,773.444628,0.0
-3.569889,50,773.479572,0.0
-3.951755,50,773.514874,0.0
-3.715766,50,773.549899,0.0
-3.804452,50,773.584762,0.0
-3.641699,50,773.620249,0.0
-4.006338,50,773.655256,0.0
-4.029736,50,773.69049,0.0
-3.562914,50,773.725527,0.0
-3.740386,50,773.760949,0.0
-3.850588,50,773.79617,0.0
-3.318228,50,773.831634,0.0
-3.767799,50,773.866451,0.0
-3.585274,50,773.901222,0.0
-3.54864,50,773.936356,0.0
-4.081375,50,773.9713,0.0
-3.544835,50,774.006644,0.0
-4.263624,50,774.15774,0.0
-4.12632,50,774.192689,0.0
-3.801939,50,774.228418,0.0
-3.448892,50,774.263942,0.0
-3.148321,50,774.299598,0.0
-4.273776,50,774.334706,0.0
-3.980387,50,774.369445,0.0
-4.202108,50,774.404703,0.0
-3.988444,50,774.440121,0.0
-3.220611,50,774.474716,0.0
-3.534746,50,774.510625,0.0
-3.591998,50,774.54568,0.0
-3.707707,50,774.93238,0.0
-3.84599,50,774.968098,0.0
-4.012964,50,775.003652,0.0
-4.485881,50,775.039079,0.0
-3.850528,50,775.074715,0.0
-4.005462,50,775.109941,0.0
-3.727234,50,775.145227,0.0
-3.860404,50,775.180351,0.0
-3.731737,50,775.215766,0.0
-4.134025,50,775.25096,0.0
-4.451438,50,775.286246,0.0
-4.063817,50,775.321486,0.0
-4.096172,50,775.356653,0.0
-3.383257,50,775.392083,0.0
-5.066729,50,775.42683,0.0
-4.260989,50,775.461223,0.0
-3.698756,50,775.495966,0.0
-3.62698,50,775.530618,0.0
-3.907858,50,775.565546,0.0
-3.51164,50,775.600757,0.0
-3.970403,50,775.635595,0.0
-3.767696,50,775.67082,0.0
-4.685613,50,775.705903,0.0
-3.814786,50,775.740487,0.0
-3.470297,50,775.775432,0.0
-4.393524,50,775.810396,0.0
-4.240673,50,775.84547,0.0
-3.540298,50,775.880205,0.0
-4.324361,50,775.915562,0.0
