#{"t_start": 1789220522.800371, "env_id": "HandReachDense-v3"}
r,l,t,is_success
-5.450552,50,0.043198,0.0
-5.701672,50,0.077928,0.0
-5.896308,50,0.112907,0.0
-5.715482,50,0.147962,0.0
-5.519181,50,0.183726,0.0
-5.865183,50,0.21939,0.0
-6.132092,50,0.254436,0.0
-5.553846,50,0.289695,0.0
-5.916578,50,0.324547,0.0
-6.295063,50,0.359739,0.0
-6.421766,50,0.395214,0.0
-6.122598,50,0.430404,0.0
-6.338017,50,0.465539,0.0
-5.906079,50,0.500732,0.0
-6.789836,50,0.53597,0.0
-5.908097,50,0.571625,0.0
-5.952665,50,0.607081,0.0
-5.742386,50,0.641935,0.0
-5.998481,50,0.677167,0.0
-6.02357,50,0.712081,0.0
-5.926473,50,0.747239,0.0
-5.998414,50,0.782442,0.0
-6.315146,50,0.817443,0.0
-5.60163,50,0.852918,0.0
-6.38174,50,0.888122,0.0
-6.258099,50,0.923004,0.0
-5.952154,50,0.958377,0.0
-6.177647,50,0.993865,0.0
-6.142065,50,1.029026,0.0
-5.973609,50,1.064134,0.0
-6.358943,50,1.09994,0.0
-5.842289,50,1.13518,0.0
-5.509275,50,1.17009,0.0
-6.298737,50,1.205122,0.0
-6.995994,50,1.239875,0.0
-6.486963,50,1.275029,0.0
-7.018212,50,1.309821,0.0
-5.91658,50,1.345378,0.0
-5.907904,50,1.38028,0.0
-6.614619,50,1.415402,0.0
-6.069555,50,1.566578,0.0
-6.425674,50,1.602352,0.0
-6.581121,50,1.637877,0.0
-5.59474,50,1.673027,0.0
-6.510831,50,1.708896,0.0
-6.497772,50,1.74466,0.0
-5.70506,50,1.780681,0.0
-5.651781,50,1.816835,0.0
-5.858486,50,1.852465,0.0
-6.505226,50,1.887596,0.0
-6.58302,50,1.922558,0.0
-5.888109,50,1.958538,0.0
-5.789246,50,1.993787,0.0
-5.574548,50,2.02873,0.0
-5.78763,50,2.063551,0.0
-6.552759,50,2.098777,0.0
-6.451123,50,2.133861,0.0
-5.187846,50,2.169104,0.0
-6.353574,50,2.204077,0.0
-6.097827,50,2.239782,0.0
-5.485099,50,2.275101,0.0
-5.456446,50,2.309874,0.0
-5.37789,50,2.344576,0.0
-6.132413,50,2.379423,0.0
-6.827988,50,2.414085,0.0
-5.124017,50,2.44912,0.0
-6.040518,50,2.483929,0.0
-6.067031,50,2.519134,0.0
-6.282636,50,2.554379,0.0
-6.395229,50,2.589378,0.0
-5.926123,50,2.624515,0.0
-5.601311,50,2.659881,0.0
-6.301028,50,2.694926,0.0
-6.606568,50,2.730126,0.0
-5.661224,50,2.765362,0.0
-6.064588,50,2.800375,0.0
-5.972762,50,2.835547,0.0
-5.195417,50,2.87054,0.0
-6.173735,50,2.905615,0.0
-6.545262,50,2.940512,0.0
-6.585053,50,2.975357,0.0
-5.97547,50,3.126581,0.0
-5.989179,50,3.162271,0.0
-5.382567,50,3.197607,0.0
-5.873183,50,3.233337,0.0
-5.655424,50,3.268502,0.0
-5.748173,50,3.30399,0.0
-6.111939,50,3.338926,0.0
-5.986846,50,3.374242,0.0
-4.937725,50,3.409383,0.0
-5.793635,50,3.44415,0.0
-6.081709,50,3.479184,0.0
-5.572002,50,3.514314,0.0
-5.599816,50,3.549399,0.0
-7.056643,50,3.584912,0.0
-6.654911,50,3.620016,0.0
-6.1111,50,3.654942,0.0
-5.583917,50,3.689662,0.0
-5.069937,50,3.724672,0.0
-6.195405,50,3.759769,0.0
-6.24373,50,3.794678,0.0
-6.948804,50,3.829475,0.0
-5.749637,50,3.864386,0.0
-6.042377,50,3.899174,0.0
-5.812161,50,3.934082,0.0
-5.7242,50,3.968769,0.0
-6.361424,50,4.003597,0.0
-6.261104,50,4.038282,0.0
-5.610113,50,4.072837,0.0
-6.659762,50,4.108697,0.0
-5.834882,50,4.144055,0.0
-5.904368,50,4.17903,0.0
-5.859299,50,4.214214,0.0
-5.911745,50,4.250007,0.0
-5.843789,50,4.285325,0.0
-5.936507,50,4.320505,0.0
-5.892287,50,4.355543,0.0
-6.209542,50,4.390557,0.0
-6.485326,50,4.425672,0.0
-6.002751,50,4.461066,0.0
-6.226186,50,4.495996,0.0
-5.458997,50,4.531317,0.0
-6.203777,50,4.679896,0.0
-6.15294,50,4.715361,0.0
-6.377874,50,4.750555,0.0
-5.865355,50,4.785654,0.0
-5.499275,50,4.820635,0.0
-5.344151,50,4.855933,0.0
-5.001035,50,4.891064,0.0
-5.83347,50,4.926162,0.0
-5.795529,50,4.961182,0.0
-6.083034,50,4.996384,0.0
-6.069376,50,5.031123,0.0
-6.142922,50,5.066728,0.0
-6.249551,50,5.102257,0.0
-6.140806,50,5.137147,0.0
-5.674034,50,5.172255,0.0
-5.403012,50,5.207418,0.0
-5.549383,50,5.243633,0.0
-5.514916,50,5.279209,0.0
-5.89878,50,5.314795,0.0
-6.255373,50,5.350009,0.0
-6.310555,50,5.384967,0.0
-5.71758,50,5.420074,0.0
-6.047509,50,5.455115,0.0
-6.213477,50,5.490341,0.0
-5.944465,50,5.52564,0.0
-7.008265,50,5.561234,0.0
-6.60107,50,5.596744,0.0
-6.263884,50,5.631837,0.0
-5.746443,50,5.66728,0.0
-5.823867,50,5.702447,0.0
-5.889467,50,5.738235,0.0
-5.824092,50,5.774085,0.0
-5.711208,50,5.809609,0.0
-5.522364,50,5.845024,0.0
-5.541192,50,5.880257,0.0
-5.97822,50,5.915281,0.0
-4.846998,50,5.950601,0.0
-5.603277,50,5.986296,0.0
-6.288778,50,6.021481,0.0
-6.146405,50,6.056466,0.0
-6.549201,50,6.09187,0.0
-5.919683,50,6.24115,0.0
-5.788349,50,6.276194,0.0
-6.159564,50,6.311647,0.0
-5.108397,50,6.347018,0.0
-5.780565,50,6.382123,0.0
-5.994141,50,6.417075,0.0
-5.944696,50,6.452338,0.0
-5.952967,50,6.48728,0.0
-5.892999,50,6.522564,0.0
-5.423355,50,6.557828,0.0
-6.315563,50,6.593304,0.0
-6.084281,50,6.628545,0.0
-5.932282,50,6.664003,0.0
-6.109874,50,6.699154,0.0
-6.062996,50,6.734472,0.0
-6.380961,50,6.769772,0.0
-5.966922,50,6.804755,0.0
-5.368373,50,6.840167,0.0
-6.231305,50,6.875094,0.0
-5.980254,50,6.910302,0.0
-5.824097,50,6.945617,0.0
-6.026583,50,6.981038,0.0
-5.773729,50,7.015921,0.0
-6.580786,50,7.051374,0.0
-5.78578,50,7.086519,0.0
-6.014063,50,7.121895,0.0
-5.682461,50,7.157046,0.0
-6.789873,50,7.19211,0.0
-5.751121,50,7.227184,0.0
-6.394569,50,7.262596,0.0
-5.861863,50,7.297343,0.0
-5.785237,50,7.33245,0.0
-5.601621,50,7.367534,0.0
-5.571228,50,7.402963,0.0
-5.840054,50,7.438183,0.0
-6.286455,50,7.473136,0.0
-5.679739,50,7.508315,0.0
-5.480429,50,7.543437,0.0
-5.608589,50,7.578383,0.0
-6.538981,50,7.613417,0.0
-5.978566,50,7.648483,0.0
-6.073883,50,7.798364,0.0
-5.748018,50,7.833928,0.0
-6.140555,50,7.869531,0.0
-4.886446,50,7.904906,0.0
-6.512241,50,7.939821,0.0
-6.188537,50,7.975092,0.0
-5.984843,50,8.01043,0.0
-5.624096,50,8.045414,0.0
-5.807535,50,8.080491,0.0
-5.941474,50,8.115638,0.0
-5.627846,50,8.150597,0.0
-6.172821,50,8.185811,0.0
-5.034163,50,8.221272,0.0
-5.751281,50,8.256707,0.0
-5.739533,50,8.291632,0.0
-5.833006,50,8.32656,0.0
-6.566148,50,8.361272,0.0
-6.591374,50,8.395936,0.0
-5.57639,50,8.431013,0.0
-6.094996,50,8.466041,0.0
-5.739083,50,8.500796,0.0
-6.523331,50,8.53566,0.0
-6.168617,50,8.570309,0.0
-5.97678,50,8.605076,0.0
-5.819104,50,8.640018,0.0
-5.575728,50,8.675171,0.0
-5.549807,50,8.709881,0.0
-6.550706,50,8.745206,0.0
-6.347754,50,8.780072,0.0
-6.294915,50,8.814864,0.0
-5.576848,50,8.850032,0.0
-5.76777,50,8.884948,0.0
-6.114868,50,8.919947,0.0
-6.051015,50,8.954844,0.0
-6.168899,50,8.989484,0.0
-6.162947,50,9.023711,0.0
-5.813828,50,9.058359,0.0
-5.561796,50,9.093503,0.0
-6.258664,50,9.128215,0.0
-6.213505,50,9.163198,0.0
-5.658087,50,9.198241,0.0
-5.820107,50,9.347412,0.0
-5.9092,50,9.382787,0.0
-5.125147,50,9.417822,0.0
-5.752276,50,9.453049,0.0
-6.866814,50,9.488314,0.0
-5.492953,50,9.523935,0.0
-4.899418,50,9.559568,0.0
-5.704158,50,9.594934,0.0
-6.233735,50,9.630152,0.0
-5.761031,50,9.665187,0.0
-5.884449,50,9.701015,0.0
-5.660977,50,9.737132,0.0
-5.888976,50,9.7737,0.0
-6.260653,50,9.809381,0.0
-5.638647,50,9.844395,0.0
-4.769839,50,9.880146,0.0
-5.628659,50,9.915589,0.0
-5.644527,50,9.95077,0.0
-5.232285,50,9.986201,0.0
-5.620929,50,10.021425,0.0
-6.059269,50,10.0568,0.0
-6.154872,50,10.092115,0.0
-5.998463,50,10.1273,0.0
-5.834431,50,10.162887,0.0
-6.195393,50,10.198201,0.0
-6.427045,50,10.233057,0.0
-6.330442,50,10.268258,0.0
-5.62159,50,10.303239,0.0
-5.746976,50,10.338083,0.0
-5.088256,50,10.373084,0.0
-5.111491,50,10.407963,0.0
-5.339942,50,10.443302,0.0
-5.057739,50,10.478419,0.0
-6.265894,50,10.51364,0.0
-5.470117,50,10.5491,0.0
-5.290241,50,10.584466,0.0
-6.229932,50,10.619418,0.0
-5.544703,50,10.654864,0.0
-6.447613,50,10.69035,0.0
-5.744927,50,10.725365,0.0
-6.41541,50,10.760768,0.0
-5.41218,50,10.909361,0.0
-6.047317,50,10.944527,0.0
-5.977267,50,10.979668,0.0
-5.511859,50,11.014846,0.0
-5.672653,50,11.049945,0.0
-5.795159,50,11.084882,0.0
-5.320546,50,11.11967,0.0
-6.148756,50,11.154375,0.0
-5.369874,50,11.189571,0.0
-5.286172,50,11.224863,0.0
-5.1728,50,11.259921,0.0
-6.286036,50,11.2955,0.0
-5.556211,50,11.330837,0.0
-6.201213,50,11.36603,0.0
-5.916952,50,11.400923,0.0
-5.31997,50,11.435855,0.0
-6.445491,50,11.47091,0.0
-5.434036,50,11.505969,0.0
-6.029171,50,11.540547,0.0
-5.634788,50,11.575168,0.0
-6.130696,50,11.60931,0.0
-6.099155,50,11.643844,0.0
-6.099682,50,11.678745,0.0
-4.946053,50,11.713645,0.0
-5.712193,50,11.748923,0.0
-6.547583,50,11.783707,0.0
-5.009591,50,11.818631,0.0
-5.72192,50,11.853838,0.0
-5.760951,50,11.889098,0.0
-6.343898,50,11.924053,0.0
-6.053037,50,11.959159,0.0
-5.70401,50,11.994213,0.0
-6.12376,50,12.029241,0.0
-5.772872,50,12.064018,0.0
-6.206,50,12.098932,0.0
-6.01396,50,12.133925,0.0
-6.284082,50,12.168708,0.0
-5.096743,50,12.204436,0.0
-6.103004,50,12.239585,0.0
-5.247975,50,12.274942,0.0
-5.283832,50,12.309675,0.0
-5.068038,50,12.457439,0.0
-5.152164,50,12.493065,0.0
-6.165004,50,12.528108,0.0
-5.817478,50,12.563427,0.0
-6.368126,50,12.598894,0.0
-6.199543,50,12.634205,0.0
-6.116734,50,12.668976,0.0
-5.388854,50,12.70392,0.0
-5.644475,50,12.738654,0.0
-5.83035,50,12.773912,0.0
-5.420583,50,12.808492,0.0
-6.092245,50,12.843323,0.0
-6.073766,50,12.87819,0.0
-5.435832,50,12.913362,0.0
-5.317386,50,12.948251,0.0
-4.764253,50,12.983446,0.0
-5.220746,50,13.018465,0.0
-5.90771,50,13.053837,0.0
-6.080207,50,13.089165,0.0
-5.750541,50,13.124257,0.0
-5.971238,50,13.159294,0.0
-5.491768,50,13.193691,0.0
-5.425353,50,13.228795,0.0
-5.378224,50,13.263784,0.0
-5.367108,50,13.298602,0.0
-5.841485,50,13.333495,0.0
-5.432558,50,13.36834,0.0
-6.138439,50,13.403355,0.0
-6.005911,50,13.438238,0.0
-6.057471,50,13.473201,0.0
-5.969508,50,13.508331,0.0
-5.892492,50,13.543246,0.0
-6.262279,50,13.578224,0.0
-5.730602,50,13.614164,0.0
-6.195875,50,13.650023,0.0
-5.892263,50,13.685613,0.0
-6.004383,50,13.721008,0.0
-6.032329,50,13.756097,0.0
-5.849901,50,13.791576,0.0
-5.752762,50,13.826814,0.0
-6.535326,50,13.86189,0.0
-5.55267,50,14.010944,0.0
-6.638287,50,14.046169,0.0
-5.328417,50,14.081305,0.0
-4.998452,50,14.116658,0.0
-5.89871,50,14.151647,0.0
-6.931247,50,14.186557,0.0
-5.807639,50,14.22132,0.0
-5.944285,50,14.256449,0.0
-5.661617,50,14.291531,0.0
-5.444067,50,14.326582,0.0
-5.727562,50,14.361781,0.0
-5.713301,50,14.396673,0.0
-6.174481,50,14.431571,0.0
-5.545946,50,14.466584,0.0
-5.682283,50,14.501092,0.0
-5.967007,50,14.536473,0.0
-5.520164,50,14.571563,0.0
-6.025966,50,14.606575,0.0
-5.121172,50,14.641521,0.0
-5.52337,50,14.676212,0.0
-6.024007,50,14.711055,0.0
-6.329401,50,14.745974,0.0
-5.733391,50,14.78088,0.0
-5.667563,50,14.815653,0.0
-5.329454,50,14.850796,0.0
-5.399212,50,14.885641,0.0
-6.136411,50,14.920452,0.0
-6.236293,50,14.955178,0.0
-5.850903,50,14.990404,0.0
-5.976901,50,15.025499,0.0
-5.957179,50,15.060041,0.0
-6.44032,50,15.09519,0.0
-6.640789,50,15.130129,0.0
-6.057745,50,15.164951,0.0
-6.149237,50,15.200014,0.0
-5.834773,50,15.234843,0.0
-5.611772,50,15.269692,0.0
-5.619978,50,15.305098,0.0
-5.790504,50,15.339588,0.0
-5.414365,50,15.37442,0.0
-5.587394,50,15.409036,0.0
-6.137024,50,15.557134,0.0
-6.142554,50,15.592316,0.0
-5.146437,50,15.627535,0.0
-5.496313,50,15.66274,0.0
-6.005008,50,15.698467,0.0
-5.184624,50,15.734037,0.0
-5.554996,50,15.769364,0.0
-5.682297,50,15.804896,0.0
-6.609582,50,15.840195,0.0
-6.452909,50,15.875184,0.0
-5.76666,50,15.910064,0.0
-5.27261,50,15.945246,0.0
-6.13084,50,15.980425,0.0
-5.406564,50,16.015573,0.0
-5.615802,50,16.050854,0.0
-4.812209,50,16.085836,0.0
-6.070012,50,16.121666,0.0
-6.032845,50,16.157005,0.0
-5.115353,50,16.192512,0.0
-5.585706,50,16.228065,0.0
-5.221814,50,16.263192,0.0
-6.367166,50,16.298844,0.0
-6.03969,50,16.334308,0.0
-5.708567,50,16.369477,0.0
-6.220949,50,16.404583,0.0
-6.32525,50,16.439809,0.0
-5.526456,50,16.475053,0.0
-5.41447,50,16.510627,0.0
-5.627014,50,16.545665,0.0
-6.48488,50,16.580417,0.0
-6.751464,50,16.615244,0.0
-5.681359,50,16.650662,0.0
-5.897147,50,16.685973,0.0
-5.52963,50,16.721475,0.0
-6.002162,50,16.756755,0.0
-5.343355,50,16.792125,0.0
-5.702269,50,16.827419,0.0
-5.513169,50,16.862469,0.0
-4.86014,50,16.897662,0.0
-5.040688,50,16.9328,0.0
-5.728132,50,16.967899,0.0
-5.654547,50,17.118153,0.0
-5.4059,50,17.153432,0.0
-6.104245,50,17.189018,0.0
-5.89181,50,17.224204,0.0
-5.321709,50,17.259643,0.0
-5.420879,50,17.295476,0.0
-6.050141,50,17.330414,0.0
-5.790406,50,17.365519,0.0
-5.673452,50,17.40082,0.0
-6.17918,50,17.435948,0.0
-5.019282,50,17.470877,0.0
-5.748746,50,17.5061,0.0
-5.996067,50,17.541374,0.0
-4.914826,50,17.576464,0.0
-5.315733,50,17.611611,0.0
-5.547081,50,17.646796,0.0
-5.507721,50,17.682677,0.0
-5.973101,50,17.718549,0.0
-5.878273,50,17.753885,0.0
-5.940414,50,17.7889,0.0
-5.775334,50,17.824463,0.0
-5.610949,50,17.859653,0.0
-5.400603,50,17.895014,0.0
-5.608939,50,17.930077,0.0
-5.887396,50,17.965667,0.0
-4.927471,50,18.000932,0.0
-5.955253,50,18.035832,0.0
-6.290638,50,18.071248,0.0
-5.864173,50,18.106514,0.0
-5.433954,50,18.141591,0.0
-5.635323,50,18.176901,0.0
-6.488666,50,18.212237,0.0
-6.001231,50,18.247165,0.0
-5.611986,50,18.282633,0.0
-4.872493,50,18.317817,0.0
-5.902384,50,18.353132,0.0
-5.601796,50,18.38835,0.0
-4.976154,50,18.42329,0.0
-5.645054,50,18.458502,0.0
-5.566557,50,18.493971,0.0
-5.214508,50,18.52922,0.0
-6.351953,50,18.678171,0.0
-5.436358,50,18.713685,0.0
-6.20899,50,18.749043,0.0
-5.651444,50,18.784349,0.0
-6.099736,50,18.819474,0.0
-5.463782,50,18.854815,0.0
-5.575738,50,18.889991,0.0
-6.312118,50,18.924665,0.0
-5.041115,50,18.959711,0.0
-5.9715,50,18.994692,0.0
-6.298824,50,19.029899,0.0
-6.386676,50,19.065035,0.0
-5.979442,50,19.100314,0.0
-5.377262,50,19.135504,0.0
-5.257737,50,19.169848,0.0
-5.657503,50,19.205267,0.0
-5.380048,50,19.24069,0.0
-4.65357,50,19.276036,0.0
-5.043583,50,19.311744,0.0
-6.032391,50,19.346682,0.0
-6.575463,50,19.381822,0.0
-4.444928,50,19.417161,0.0
-4.468839,50,19.452405,0.0
-4.372949,50,19.487305,0.0
-4.647508,50,19.52243,0.0
-6.194953,50,19.557163,0.0
-5.722338,50,19.59255,0.0
-5.683408,50,19.627434,0.0
-5.83231,50,19.662292,0.0
-5.320364,50,19.69728,0.0
-5.702511,50,19.732295,0.0
-5.724829,50,19.767194,0.0
-5.518912,50,19.802239,0.0
-5.925109,50,19.837319,0.0
-5.874386,50,19.872337,0.0
-6.12333,50,19.907028,0.0
-5.604025,50,19.942709,0.0
-5.855963,50,19.977963,0.0
-5.896655,50,20.012889,0.0
-5.654964,50,20.047987,0.0
-5.0357,50,20.083852,0.0
-5.507246,50,20.234518,0.0
-5.466201,50,20.270436,0.0
-6.091914,50,20.305667,0.0
-5.500231,50,20.341158,0.0
-4.814831,50,20.376498,0.0
-6.06996,50,20.411628,0.0
-4.921491,50,20.446646,0.0
-4.941819,50,20.482006,0.0
-5.359028,50,20.516907,0.0
-5.772341,50,20.552011,0.0
-5.610846,50,20.586632,0.0
-5.931834,50,20.621845,0.0
-5.457175,50,20.657054,0.0
-5.500566,50,20.691806,0.0
-5.541944,50,20.727371,0.0
-5.079848,50,20.762883,0.0
-4.964249,50,20.797958,0.0
-5.971698,50,20.832988,0.0
-5.574196,50,20.86834,0.0
-5.45432,50,20.903532,0.0
-5.60841,50,20.939169,0.0
-5.318108,50,20.974599,0.0
-4.809503,50,21.009814,0.0
-5.640681,50,21.045053,0.0
-5.52263,50,21.080467,0.0
-5.783809,50,21.115382,0.0
-6.245601,50,21.150618,0.0
-4.685535,50,21.185637,0.0
-5.646121,50,21.220702,0.0
-6.192632,50,21.256111,0.0
-4.991144,50,21.291618,0.0
-5.824649,50,21.326857,0.0
-5.834427,50,21.362135,0.0
-6.188066,50,21.397294,0.0
-4.997551,50,21.432418,0.0
-5.635609,50,21.467805,0.0
-6.112657,50,21.502748,0.0
-5.126045,50,21.538597,0.0
-5.571263,50,21.574057,0.0
-6.119732,50,21.609123,0.0
-5.516314,50,21.644299,0.0
-5.74789,50,21.794368,0.0
-5.661824,50,21.829688,0.0
-5.26892,50,21.86476,0.0
-5.325656,50,21.899872,0.0
-6.031292,50,21.935318,0.0
-4.961626,50,21.970615,0.0
-5.262226,50,22.005939,0.0
-5.586513,50,22.040849,0.0
-5.483977,50,22.075813,0.0
-5.527499,50,22.111182,0.0
-5.621816,50,22.146301,0.0
-5.17722,50,22.181263,0.0
-5.755674,50,22.216861,0.0
-5.099885,50,22.252199,0.0
-5.499511,50,22.287856,0.0
-5.446587,50,22.323269,0.0
-5.554288,50,22.35848,0.0
-5.754598,50,22.393744,0.0
-5.701147,50,22.428765,0.0
-5.976529,50,22.463745,0.0
-6.523882,50,22.499111,0.0
-5.363926,50,22.534832,0.0
-5.362997,50,22.570029,0.0
-5.609381,50,22.605694,0.0
-4.688289,50,22.640617,0.0
-6.194211,50,22.675644,0.0
-5.964188,50,22.711111,0.0
-5.276445,50,22.747422,0.0
-5.399555,50,22.783094,0.0
-5.29076,50,22.818844,0.0
-5.567026,50,22.853962,0.0
-6.239356,50,22.889277,0.0
-6.166249,50,22.924743,0.0
-5.110945,50,22.959879,0.0
-5.801827,50,22.99538,0.0
-5.879944,50,23.030906,0.0
-5.882826,50,23.066096,0.0
-4.978777,50,23.101542,0.0
-5.647303,50,23.137044,0.0
-5.325543,50,23.172033,0.0
-4.903367,50,23.20784,0.0
-5.138046,50,23.356777,0.0
-5.94544,50,23.392377,0.0
-5.603132,50,23.427857,0.0
-5.551688,50,23.462985,0.0
-5.709491,50,23.498139,0.0
-5.743524,50,23.533314,0.0
-5.632898,50,23.568136,0.0
-5.430891,50,23.603139,0.0
-6.188561,50,23.638096,0.0
-5.00372,50,23.67291,0.0
-5.852975,50,23.708102,0.0
-5.263996,50,23.744741,0.0
-5.367221,50,23.780097,0.0
-5.456353,50,23.815314,0.0
-6.37661,50,23.85023,0.0
-5.753968,50,23.885566,0.0
-5.014156,50,23.920765,0.0
-6.078241,50,23.955815,0.0
-5.622949,50,23.990904,0.0
-6.415322,50,24.025888,0.0
-5.85989,50,24.061316,0.0
-5.857956,50,24.096084,0.0
-5.64941,50,24.131067,0.0
-5.407756,50,24.166118,0.0
-6.215339,50,24.201135,0.0
-5.493931,50,24.236018,0.0
-5.307843,50,24.270968,0.0
-5.765069,50,24.306107,0.0
-5.86677,50,24.341305,0.0
-5.201194,50,24.376311,0.0
-5.37587,50,24.411121,0.0
-5.367047,50,24.446118,0.0
-6.257672,50,24.481419,0.0
-4.347823,50,24.5168,0.0
-5.494752,50,24.552453,0.0
-5.513587,50,24.588014,0.0
-4.896237,50,24.62477,0.0
-5.699519,50,24.66058,0.0
-6.049133,50,24.69564,0.0
-4.653147,50,24.730999,0.0
-6.034993,50,24.766594,0.0
-5.345911,50,24.915344,0.0
-5.06401,50,24.950982,0.0
-5.573198,50,24.98616,0.0
-5.888743,50,25.02177,0.0
-6.166958,50,25.057762,0.0
-5.761661,50,25.093301,0.0
-5.196964,50,25.128838,0.0
-6.340397,50,25.164532,0.0
-5.723677,50,25.199679,0.0
-5.726157,50,25.23465,0.0
-5.648478,50,25.270465,0.0
-5.03592,50,25.305788,0.0
-5.413985,50,25.341228,0.0
-5.376253,50,25.376577,0.0
-5.60668,50,25.411813,0.0
-6.072392,50,25.447276,0.0
-5.960683,50,25.482091,0.0
-5.761893,50,25.517011,0.0
-5.926267,50,25.55331,0.0
-5.695005,50,25.589205,0.0
-6.278936,50,25.624784,0.0
-5.407488,50,25.660083,0.0
-4.998033,50,25.695665,0.0
-5.578707,50,25.730946,0.0
-5.186733,50,25.766917,0.0
-5.521493,50,25.802672,0.0
-5.993072,50,25.838191,0.0
-5.541779,50,25.873805,0.0
-5.721769,50,25.909122,0.0
-5.057425,50,25.944635,0.0
-5.461641,50,25.97989,0.0
-6.340042,50,26.015023,0.0
-5.600373,50,26.050205,0.0
-5.910856,50,26.085336,0.0
-5.540157,50,26.120461,0.0
-5.551107,50,26.155285,0.0
-5.202925,50,26.191052,0.0
-5.729128,50,26.226577,0.0
-5.738776,50,26.262261,0.0
-5.976168,50,26.297606,0.0
-5.324336,50,26.333272,0.0
-5.967636,50,26.481757,0.0
-4.339935,50,26.517119,0.0
-5.128776,50,26.552531,0.0
-5.359675,50,26.587926,0.0
-5.339704,50,26.623097,0.0
-5.546896,50,26.658482,0.0
-5.7372,50,26.693365,0.0
-5.354302,50,26.728768,0.0
-5.442117,50,26.763852,0.0
-5.850365,50,26.798817,0.0
-5.858724,50,26.834252,0.0
-5.669997,50,26.869851,0.0
-5.285127,50,26.904746,0.0
-6.561921,50,26.93997,0.0
-5.36791,50,26.975266,0.0
-6.149405,50,27.010181,0.0
-4.646436,50,27.045352,0.0
-5.067477,50,27.080496,0.0
-5.463396,50,27.115791,0.0
-4.888133,50,27.151703,0.0
-5.499001,50,27.187032,0.0
-5.501644,50,27.22258,0.0
-4.239141,50,27.257945,0.0
-6.163677,50,27.292839,0.0
-5.832694,50,27.328966,0.0
-6.247433,50,27.36463,0.0
-4.770935,50,27.399987,0.0
-4.962294,50,27.435388,0.0
-5.156693,50,27.470476,0.0
-6.031664,50,27.50561,0.0
-4.86136,50,27.541155,0.0
-5.75453,50,27.576593,0.0
-5.165968,50,27.611898,0.0
-5.985282,50,27.647223,0.0
-6.1283,50,27.682219,0.0
-5.607696,50,27.717191,0.0
-5.795206,50,27.752962,0.0
-5.416647,50,27.788544,0.0
-5.824188,50,27.823726,0.0
-5.418022,50,27.859105,0.0
-5.937286,50,27.894185,0.0
-5.888375,50,28.042215,0.0
-4.442361,50,28.077589,0.0
-6.292222,50,28.11305,0.0
-6.466403,50,28.147607,0.0
-5.765499,50,28.183198,0.0
-5.764161,50,28.218813,0.0
-4.596108,50,28.254254,0.0
-6.1194,50,28.289654,0.0
-5.959823,50,28.324736,0.0
-5.308308,50,28.359946,0.0
-5.018871,50,28.395318,0.0
-5.522402,50,28.431183,0.0
-6.274123,50,28.466284,0.0
-5.298559,50,28.501704,0.0
-5.516874,50,28.537048,0.0
-5.499957,50,28.572894,0.0
-5.473766,50,28.609048,0.0
-5.648552,50,28.64472,0.0
-5.580122,50,28.679842,0.0
-4.470604,50,28.715403,0.0
-5.002804,50,28.750464,0.0
-4.746327,50,28.785667,0.0
-5.399929,50,28.821247,0.0
-5.371538,50,28.856892,0.0
-5.781419,50,28.891956,0.0
-5.12371,50,28.927335,0.0
-4.87891,50,28.962791,0.0
-5.972381,50,28.998,0.0
-5.076411,50,29.033176,0.0
-5.540772,50,29.068341,0.0
-4.256838,50,29.103651,0.0
-5.614509,50,29.139581,0.0
-5.62567,50,29.174835,0.0
-5.910126,50,29.210476,0.0
-5.329275,50,29.245599,0.0
-6.40537,50,29.280661,0.0
-5.309332,50,29.315672,0.0
-5.49112,50,29.351207,0.0
-6.035206,50,29.386191,0.0
-5.347175,50,29.42127,0.0
-5.492319,50,29.456575,0.0
-5.844027,50,29.607462,0.0
-5.482703,50,29.643516,0.0
-5.737893,50,29.679165,0.0
-5.375504,50,29.714785,0.0
-5.226869,50,29.750203,0.0
-4.883652,50,29.78574,0.0
-4.628216,50,29.820914,0.0
-5.797247,50,29.857075,0.0
-5.351255,50,29.892535,0.0
-5.366703,50,29.928112,0.0
-5.948392,50,29.963285,0.0
-5.511052,50,29.998822,0.0
-5.167158,50,30.034078,0.0
-5.525104,50,30.069783,0.0
-5.332254,50,30.105831,0.0
-4.833534,50,30.141388,0.0
-6.591675,50,30.176642,0.0
-5.487286,50,30.212352,0.0
-4.157972,50,30.248255,0.0
-5.033641,50,30.283551,0.0
-4.461948,50,30.318898,0.0
-4.999532,50,30.354221,0.0
-5.619953,50,30.389751,0.0
-5.806483,50,30.424827,0.0
-5.31919,50,30.459827,0.0
-4.974564,50,30.494883,0.0
-5.755001,50,30.530126,0.0
-5.277343,50,30.565428,0.0
-5.843543,50,30.600397,0.0
-5.784407,50,30.635658,0.0
-5.458643,50,30.672248,0.0
-5.549299,50,30.710039,0.0
-4.608822,50,30.746944,0.0
-4.997282,50,30.78316,0.0
-5.376805,50,30.819386,0.0
-5.75649,50,30.855134,0.0
-5.427082,50,30.890907,0.0
-5.194774,50,30.926823,0.0
-5.945391,50,30.962441,0.0
-5.641371,50,30.997992,0.0
-5.254102,50,31.033774,0.0
-6.102899,50,31.183664,0.0
-5.713113,50,31.219232,0.0
-5.292682,50,31.254293,0.0
-4.981062,50,31.289504,0.0
-5.100354,50,31.324507,0.0
-5.183769,50,31.359453,0.0
-5.49133,50,31.394551,0.0
-5.096222,50,31.429636,0.0
-6.146438,50,31.4642,0.0
-5.130767,50,31.499269,0.0
-5.058262,50,31.534281,0.0
-5.609789,50,31.569351,0.0
-5.108733,50,31.604562,0.0
-5.459914,50,31.639567,0.0
-5.76858,50,31.674603,0.0
-5.558437,50,31.709608,0.0
-5.713845,50,31.745592,0.0
-5.087737,50,31.781143,0.0
-5.530126,50,31.816487,0.0
-5.677918,50,31.851361,0.0
-5.642361,50,31.886583,0.0
-5.000293,50,31.923422,0.0
-5.786639,50,31.958412,0.0
-5.153294,50,31.993725,0.0
-5.322396,50,32.02903,0.0
-5.824589,50,32.064392,0.0
-4.009873,50,32.099661,0.0
-5.874425,50,32.135094,0.0
-5.849722,50,32.170434,0.0
-5.649401,50,32.205983,0.0
-5.338722,50,32.241157,0.0
-5.479109,50,32.276407,0.0
-5.148844,50,32.311476,0.0
-4.902205,50,32.346921,0.0
-5.482848,50,32.382195,0.0
-5.636243,50,32.417685,0.0
-5.397958,50,32.452996,0.0
-5.569152,50,32.488455,0.0
-5.330661,50,32.524434,0.0
-5.661896,50,32.560155,0.0
-5.785759,50,32.595333,0.0
-5.600034,50,32.745823,0.0
-3.857844,50,32.781523,0.0
-5.838122,50,32.816498,0.0
-5.431262,50,32.851979,0.0
-3.507811,50,32.887283,0.0
-5.893939,50,32.922324,0.0
-5.733423,50,32.957674,0.0
-5.525335,50,32.993138,0.0
-4.523056,50,33.028048,0.0
-5.359828,50,33.06315,0.0
-6.162874,50,33.098217,0.0
-5.345969,50,33.133281,0.0
-4.904716,50,33.168195,0.0
-5.255448,50,33.203383,0.0
-5.358842,50,33.238434,0.0
-4.864714,50,33.273657,0.0
-5.645946,50,33.308937,0.0
-5.196793,50,33.344753,0.0
-4.999401,50,33.380254,0.0
-5.334415,50,33.415365,0.0
-5.739557,50,33.450819,0.0
-5.053305,50,33.486056,0.0
-5.739017,50,33.521502,0.0
-5.461787,50,33.556879,0.0
-5.070716,50,33.592575,0.0
-5.104675,50,33.627759,0.0
-5.540439,50,33.663306,0.0
-4.906356,50,33.698564,0.0
-5.591079,50,33.733792,0.0
-5.461432,50,33.769299,0.0
-5.945615,50,33.804372,0.0
-5.832335,50,33.839783,0.0
-5.427144,50,33.874947,0.0
-4.857055,50,33.910141,0.0
-5.623432,50,33.946124,0.0
-5.220901,50,33.981602,0.0
-5.559171,50,34.0168,0.0
-5.231486,50,34.052148,0.0
-5.796047,50,34.087469,0.0
-4.481246,50,34.122367,0.0
-5.279647,50,34.157451,0.0
-5.807768,50,34.307185,0.0
-5.176637,50,34.342592,0.0
-5.741505,50,34.378462,0.0
-5.649141,50,34.413852,0.0
-5.46896,50,34.44948,0.0
-5.609657,50,34.484596,0.0
-5.89832,50,34.520324,0.0
-4.773516,50,34.556101,0.0
-5.475028,50,34.591369,0.0
-4.422285,50,34.626463,0.0
-5.87208,50,34.662234,0.0
-5.570672,50,34.697581,0.0
-5.549177,50,34.73283,0.0
-5.069382,50,34.76871,0.0
-5.455664,50,34.804098,0.0
-5.336553,50,34.839346,0.0
-5.589237,50,34.874848,0.0
-4.742189,50,34.910166,0.0
-5.819856,50,34.945121,0.0
-4.849131,50,34.981713,0.0
-4.749937,50,35.017339,0.0
-5.179246,50,35.052947,0.0
-4.800006,50,35.0884,0.0
-5.797724,50,35.123615,0.0
-6.028831,50,35.159045,0.0
-5.345408,50,35.1943,0.0
-4.381587,50,35.229612,0.0
-5.149031,50,35.264826,0.0
-6.167373,50,35.29992,0.0
-5.579988,50,35.335236,0.0
-5.48634,50,35.370652,0.0
-4.370312,50,35.405947,0.0
-5.057758,50,35.440871,0.0
-5.19778,50,35.476209,0.0
-4.783141,50,35.511544,0.0
-4.271836,50,35.546726,0.0
-4.484817,50,35.581719,0.0
-4.978836,50,35.617107,0.0
-5.532277,50,35.652475,0.0
-5.331581,50,35.687875,0.0
-5.934101,50,35.723624,0.0
-4.732135,50,35.873057,0.0
-5.772079,50,35.908752,0.0
-5.462799,50,35.944598,0.0
-5.459965,50,35.980015,0.0
-5.122679,50,36.015215,0.0
-5.332826,50,36.050715,0.0
-5.818166,50,36.086283,0.0
-5.701808,50,36.121727,0.0
-5.669608,50,36.158231,0.0
-5.329865,50,36.193868,0.0
-4.703344,50,36.229053,0.0
-4.834597,50,36.264518,0.0
-5.402193,50,36.29976,0.0
-5.775421,50,36.334748,0.0
-5.080483,50,36.370856,0.0
-6.121283,50,36.406245,0.0
-5.601817,50,36.441476,0.0
-5.400757,50,36.476859,0.0
-5.268772,50,36.512121,0.0
-5.380495,50,36.54751,0.0
-5.104951,50,36.582831,0.0
-4.862678,50,36.617963,0.0
-5.705951,50,36.653317,0.0
-4.755175,50,36.688192,0.0
-4.819547,50,36.723431,0.0
-4.51787,50,36.759314,0.0
-5.410031,50,36.79466,0.0
-6.095974,50,36.829684,0.0
-5.552036,50,36.865452,0.0
-5.532927,50,36.901572,0.0
-5.308877,50,36.936827,0.0
-5.13772,50,36.971893,0.0
-6.064588,50,37.007132,0.0
-5.322111,50,37.042961,0.0
-5.257318,50,37.078455,0.0
-5.626376,50,37.113673,0.0
-5.480076,50,37.149416,0.0
-5.582697,50,37.184822,0.0
-4.600044,50,37.220328,0.0
-4.882669,50,37.255492,0.0
-5.109301,50,37.290956,0.0
-4.736267,50,37.439986,0.0
-5.126356,50,37.475242,0.0
-4.639032,50,37.510282,0.0
-4.975454,50,37.545653,0.0
-5.562622,50,37.580704,0.0
-5.553306,50,37.615818,0.0
-5.501699,50,37.651347,0.0
-5.879005,50,37.686734,0.0
-4.939419,50,37.721775,0.0
-5.010792,50,37.757528,0.0
-4.411415,50,37.793624,0.0
-4.310168,50,37.828988,0.0
-5.375277,50,37.864525,0.0
-3.975456,50,37.899807,0.0
-4.910073,50,37.935744,0.0
-5.159489,50,37.971102,0.0
-5.807497,50,38.006369,0.0
-5.500163,50,38.382163,0.0
-5.730575,50,38.417069,0.0
-4.404189,50,38.452763,0.0
-5.299989,50,38.488752,0.0
-5.286154,50,38.524857,0.0
-4.980462,50,38.560793,0.0
-5.031069,50,38.597086,0.0
-5.08229,50,38.632687,0.0
-5.157508,50,38.668011,0.0
-5.80912,50,38.703138,0.0
-5.304052,50,38.738572,0.0
-5.130291,50,38.774668,0.0
-5.606562,50,38.810768,0.0
-4.671026,50,38.846371,0.0
-5.317122,50,38.880988,0.0
-5.095609,50,38.916224,0.0
-5.366239,50,38.951499,0.0
-4.996181,50,38.986961,0.0
-5.258956,50,39.022412,0.0
-5.273519,50,39.057338,0.0
-5.206702,50,39.092838,0.0
-5.806913,50,39.127961,0.0
-4.016202,50,39.162825,0.0
-5.070074,50,39.198234,0.0
-5.756349,50,39.347539,0.0
-5.438521,50,39.383863,0.0
-5.076849,50,39.419317,0.0
-5.626616,50,39.455818,0.0
-4.853733,50,39.492527,0.0
-4.765773,50,39.528042,0.0
-5.873645,50,39.563571,0.0
-6.046308,50,39.599466,0.0
-5.133216,50,39.635137,0.0
-4.959095,50,39.670601,0.0
-4.986613,50,39.706895,0.0
-5.747968,50,39.742822,0.0
-5.458859,50,39.778047,0.0
-4.522993,50,39.81358,0.0
-4.984404,50,39.849511,0.0
-4.794342,50,39.885475,0.0
-5.329151,50,39.921412,0.0
-5.329887,50,39.957037,0.0
-5.336632,50,39.992171,0.0
-4.403036,50,40.027635,0.0
-4.739686,50,40.063415,0.0
-5.281126,50,40.099207,0.0
-4.939941,50,40.134417,0.0
-4.211646,50,40.169371,0.0
-5.164917,50,40.204938,0.0
-5.365105,50,40.240144,0.0
-4.692147,50,40.275408,0.0
-5.334459,50,40.310564,0.0
-5.3916,50,40.34598,0.0
-5.677808,50,40.381426,0.0
-5.073434,50,40.41691,0.0
-5.137607,50,40.452365,0.0
-5.221269,50,40.487458,0.0
-4.645115,50,40.52298,0.0
-4.555912,50,40.558332,0.0
-5.749487,50,40.593409,0.0
-5.993139,50,40.628725,0.0
-3.697121,50,40.663897,0.0
-5.277714,50,40.698889,0.0
-4.964745,50,40.734548,0.0
-4.59196,50,40.884242,0.0
-5.765031,50,40.919944,0.0
-5.455217,50,40.95524,0.0
-6.09844,50,40.990688,0.0
-4.845338,50,41.025927,0.0
-5.383719,50,41.061339,0.0
-5.616943,50,41.096685,0.0
-5.242407,50,41.13196,0.0
-5.377244,50,41.167352,0.0
-5.669402,50,41.202784,0.0
-5.095444,50,41.238159,0.0
-5.53346,50,41.27339,0.0
-5.152763,50,41.308869,0.0
-5.43872,50,41.344271,0.0
-5.223455,50,41.379448,0.0
-5.373058,50,41.414752,0.0
-5.065431,50,41.44995,0.0
-5.308919,50,41.485305,0.0
-5.496226,50,41.520328,0.0
-4.44821,50,41.555113,0.0
-4.96585,50,41.589869,0.0
-4.774922,50,41.624548,0.0
-5.546957,50,41.65961,0.0
-5.370016,50,41.694445,0.0
-4.667093,50,41.729839,0.0
-5.723745,50,41.765887,0.0
-4.536594,50,41.801644,0.0
-5.701919,50,41.837034,0.0
-4.720053,50,41.872958,0.0
-5.998047,50,41.90877,0.0
-5.922847,50,41.944199,0.0
-5.954498,50,41.979549,0.0
-4.852655,50,42.014843,0.0
-4.950037,50,42.050154,0.0
-5.006201,50,42.085241,0.0
-5.928884,50,42.120439,0.0
-4.276747,50,42.155615,0.0
-5.794991,50,42.190709,0.0
-4.948408,50,42.226091,0.0
-5.110788,50,42.261182,0.0
-5.62649,50,42.296549,0.0
-5.50334,50,42.445672,0.0
-3.882152,50,42.48143,0.0
-4.756475,50,42.51714,0.0
-5.9461,50,42.552825,0.0
-5.202051,50,42.588297,0.0
-5.584382,50,42.62337,0.0
-5.575157,50,42.658819,0.0
-5.041504,50,42.693894,0.0
-5.223129,50,42.728939,0.0
-4.709171,50,42.764473,0.0
-4.582281,50,42.799499,0.0
-4.679016,50,42.834907,0.0
-5.835525,50,42.870305,0.0
-5.092367,50,42.905572,0.0
-4.562067,50,42.940821,0.0
-4.71808,50,42.975679,0.0
-5.317773,50,43.011038,0.0
-5.462472,50,43.046009,0.0
-4.172179,50,43.081126,0.0
-4.861829,50,43.116159,0.0
-5.300169,50,43.151136,0.0
-4.748607,50,43.186016,0.0
-4.572668,50,43.221053,0.0
-5.03748,50,43.256265,0.0
-4.956156,50,43.291184,0.0
-5.692993,50,43.326157,0.0
-4.974067,50,43.361546,0.0
-3.877222,50,43.397103,0.0
-5.06677,50,43.432645,0.0
-3.94607,50,43.467832,0.0
-5.201067,50,43.503083,0.0
-5.431955,50,43.538526,0.0
-5.983724,50,43.573659,0.0
-4.675661,50,43.608987,0.0
-4.167777,50,43.644269,0.0
-5.713895,50,43.679353,0.0
-4.251034,50,43.714815,0.0
-4.234881,50,43.750711,0.0
-5.622836,50,43.786527,0.0
-5.19293,50,43.821969,0.0
-5.353856,50,43.85745,0.0
-5.859318,50,44.008639,0.0
-5.176345,50,44.044003,0.0
-4.775605,50,44.079459,0.0
-5.83987,50,44.115007,0.0
-5.029778,50,44.150729,0.0
-4.827748,50,44.185844,0.0
-4.936145,50,44.221331,0.0
-5.102796,50,44.256631,0.0
-5.65067,50,44.292055,0.0
-4.862394,50,44.327489,0.0
-5.096635,50,44.362657,0.0
-4.895271,50,44.398012,0.0
-6.094068,50,44.433324,0.0
-5.279964,50,44.468316,0.0
-4.421113,50,44.503623,0.0
-5.714473,50,44.53871,0.0
-4.952552,50,44.573925,0.0
-5.453976,50,44.609186,0.0
-4.075616,50,44.64468,0.0
-5.494171,50,44.679714,0.0
-4.859875,50,44.71498,0.0
-5.007301,50,44.75052,0.0
-3.854213,50,44.786059,0.0
-4.160621,50,44.822568,0.0
-5.809304,50,44.858331,0.0
-5.093169,50,44.893828,0.0
-5.230005,50,44.929253,0.0
-4.703778,50,44.965173,0.0
-5.441334,50,45.000709,0.0
-5.049572,50,45.036306,0.0
-4.99325,50,45.071957,0.0
-5.583294,50,45.107505,0.0
-4.768322,50,45.143286,0.0
-5.339378,50,45.17962,0.0
-4.704338,50,45.215977,0.0
-5.001672,50,45.25213,0.0
-5.125256,50,45.288965,0.0
-5.325535,50,45.324844,0.0
-4.797993,50,45.360337,0.0
-5.214227,50,45.395919,0.0
-4.093331,50,45.431318,0.0
-5.349599,50,45.583074,0.0
-6.057053,50,45.618603,0.0
-4.926329,50,45.653765,0.0
-5.345713,50,45.689308,0.0
-5.271019,50,45.725162,0.0
-3.911157,50,45.76103,0.0
-5.119666,50,45.79684,0.0
-4.215972,50,45.832526,0.0
-5.473461,50,45.868461,0.0
-5.348362,50,45.903967,0.0
-4.691953,50,45.940104,0.0
-4.710873,50,45.976243,0.0
-4.979008,50,46.012242,0.0
-4.735882,50,46.048195,0.0
-5.714489,50,46.083791,0.0
-5.039622,50,46.119785,0.0
-5.097021,50,46.155483,0.0
-5.875776,50,46.19084,0.0
-5.988911,50,46.22647,0.0
-5.630453,50,46.262073,0.0
-5.723935,50,46.296938,0.0
-5.125458,50,46.332595,0.0
-5.214916,50,46.36785,0.0
-4.179765,50,46.403405,0.0
-5.268852,50,46.439045,0.0
-5.539013,50,46.474435,0.0
-5.714497,50,46.509889,0.0
-4.764779,50,46.545396,0.0
-5.287926,50,46.580971,0.0
-5.354563,50,46.616435,0.0
-5.374384,50,46.651702,0.0
-5.445065,50,46.686785,0.0
-5.345203,50,46.722143,0.0
-5.480524,50,46.757842,0.0
-5.636329,50,46.79316,0.0
-5.282979,50,46.828211,0.0
-5.602255,50,46.863585,0.0
-5.43726,50,46.899118,0.0
-5.883398,50,46.93431,0.0
-5.617283,50,46.96959,0.0
-5.30227,50,47.00492,0.0
-5.180436,50,47.153328,0.0
-5.59776,50,47.188925,0.0
-5.462124,50,47.224248,0.0
-5.239421,50,47.259645,0.0
-5.169977,50,47.295263,0.0
-5.062595,50,47.330366,0.0
-5.623859,50,47.365032,0.0
-5.431833,50,47.40032,0.0
-5.757287,50,47.436096,0.0
-5.741822,50,47.471531,0.0
-5.361011,50,47.50705,0.0
-4.930277,50,47.542707,0.0
-5.393213,50,47.577976,0.0
-4.748901,50,47.613326,0.0
-5.869386,50,47.648647,0.0
-5.392711,50,47.684023,0.0
-4.726403,50,47.719348,0.0
-4.985413,50,47.754519,0.0
-5.757928,50,47.790229,0.0
-3.573103,50,47.825739,0.0
-5.050304,50,47.860919,0.0
-4.8015,50,47.896504,0.0
-5.421501,50,47.931899,0.0
-4.629603,50,47.967086,0.0
-5.20661,50,48.002493,0.0
-5.35074,50,48.037949,0.0
-5.016427,50,48.073312,0.0
-5.780185,50,48.108877,0.0
-5.132781,50,48.144007,0.0
-5.277513,50,48.179291,0.0
-5.246457,50,48.214755,0.0
-5.092612,50,48.250209,0.0
-5.515405,50,48.285373,0.0
-5.397068,50,48.321004,0.0
-6.016971,50,48.356276,0.0
-5.67074,50,48.39145,0.0
-5.768953,50,48.427175,0.0
-5.438113,50,48.463142,0.0
-4.73758,50,48.498663,0.0
-4.736676,50,48.534007,0.0
-5.477087,50,48.569533,0.0
-5.831551,50,48.719413,0.0
-3.322555,50,48.755157,0.0
-5.268938,50,48.791089,0.0
-5.56836,50,48.826084,0.0
-5.628634,50,48.861424,0.0
-5.636834,50,48.89694,0.0
-5.264185,50,48.932336,0.0
-3.885583,50,48.967557,0.0
-5.287443,50,49.003114,0.0
-5.488746,50,49.038294,0.0
-5.233329,50,49.073344,0.0
-4.643722,50,49.108652,0.0
-4.609381,50,49.142885,0.0
-5.829673,50,49.178242,0.0
-5.801173,50,49.213458,0.0
-5.38378,50,49.248722,0.0
-5.610696,50,49.284173,0.0
-5.967986,50,49.319893,0.0
-5.773288,50,49.355313,0.0
-4.074682,50,49.390561,0.0
-5.247021,50,49.425888,0.0
-5.466108,50,49.461413,0.0
-5.311345,50,49.496831,0.0
-4.769295,50,49.531893,0.0
-4.594689,50,49.56748,0.0
-5.463803,50,49.603645,0.0
-4.692775,50,49.63944,0.0
-5.496454,50,49.67497,0.0
-4.466272,50,49.710555,0.0
-5.251684,50,49.746576,0.0
-4.813924,50,49.782642,0.0
-4.059409,50,49.818382,0.0
-5.205922,50,49.853823,0.0
-4.39935,50,49.888968,0.0
-3.511329,50,49.924894,0.0
-4.628367,50,49.960106,0.0
-6.01121,50,49.995477,0.0
-3.85614,50,50.030851,0.0
-5.231458,50,50.066036,0.0
-5.233,50,50.101254,0.0
-4.702701,50,50.13748,0.0
-5.467465,50,50.287257,0.0
-4.567796,50,50.322711,0.0
-4.893391,50,50.35774,0.0
-4.192796,50,50.393256,0.0
-5.441266,50,50.428667,0.0
-5.812596,50,50.463811,0.0
-5.657141,50,50.499263,0.0
-5.53878,50,50.534785,0.0
-5.92588,50,50.569904,0.0
-5.060065,50,50.605041,0.0
-5.38578,50,50.640333,0.0
-5.497946,50,50.675399,0.0
-3.556066,50,50.71077,0.0
-5.175225,50,50.746062,0.0
-5.410244,50,50.78179,0.0
-4.926188,50,50.817541,0.0
-4.516394,50,50.853354,0.0
-4.973453,50,50.889238,0.0
-5.358069,50,50.925486,0.0
-3.869556,50,50.961257,0.0
-3.502558,50,50.996966,0.0
-5.116226,50,51.032636,0.0
-4.69029,50,51.068288,0.0
-4.743942,50,51.10382,0.0
-5.198046,50,51.139658,0.0
-5.202058,50,51.175157,0.0
-5.66899,50,51.210351,0.0
-5.37694,50,51.245829,0.0
-3.556302,50,51.281667,0.0
-4.209711,50,51.317441,0.0
-5.116384,50,51.353704,0.0
-4.83264,50,51.389647,0.0
-4.609851,50,51.42513,0.0
-5.350872,50,51.461238,0.0
-5.34473,50,51.49664,0.0
-5.49699,50,51.531941,0.0
-4.061299,50,51.567341,0.0
-5.208943,50,51.602783,0.0
-4.551751,50,51.63833,0.0
-5.258512,50,51.673531,0.0
-5.364719,50,51.708795,0.0
-4.002449,50,51.857736,0.0
-4.772648,50,51.893019,0.0
-5.455004,50,51.92831,0.0
-4.036729,50,51.963498,0.0
-4.654768,50,51.998977,0.0
-5.243108,50,52.03444,0.0
-5.013425,50,52.069898,0.0
-5.725783,50,52.105885,0.0
-4.938672,50,52.141596,0.0
-4.486762,50,52.176986,0.0
-5.380088,50,52.212191,0.0
-5.055674,50,52.247805,0.0
-4.920392,50,52.282923,0.0
-5.284524,50,52.318008,0.0
-5.708711,50,52.353759,0.0
-4.976911,50,52.389609,0.0
-5.096738,50,52.426989,0.0
-5.34283,50,52.463484,0.0
-5.050033,50,52.498917,0.0
-4.879182,50,52.534079,0.0
-4.180755,50,52.569982,0.0
-5.711539,50,52.605704,0.0
-5.574602,50,52.641313,0.0
-4.747672,50,52.676996,0.0
-5.796916,50,52.712704,0.0
-5.530595,50,52.748499,0.0
-5.213357,50,52.784349,0.0
-4.924896,50,52.819883,0.0
-4.95811,50,52.855269,0.0
-5.284678,50,52.890699,0.0
-5.204183,50,52.926176,0.0
-4.835883,50,52.96138,0.0
-5.025286,50,52.997095,0.0
-4.680513,50,53.032303,0.0
-5.361726,50,53.068199,0.0
-5.161105,50,53.103973,0.0
-5.56137,50,53.139676,0.0
-4.833898,50,53.174857,0.0
-5.11005,50,53.210907,0.0
-4.422525,50,53.246613,0.0
-5.180589,50,53.28203,0.0
-4.570962,50,53.432904,0.0
-5.276504,50,53.468694,0.0
-4.984457,50,53.504261,0.0
-4.638073,50,53.54015,0.0
-5.021319,50,53.576421,0.0
-4.858926,50,53.613364,0.0
-5.085094,50,53.649306,0.0
-5.20912,50,53.685917,0.0
-5.326364,50,53.72244,0.0
-5.116547,50,53.759139,0.0
-5.546123,50,53.795981,0.0
-5.435453,50,53.832608,0.0
-5.579937,50,53.868706,0.0
-6.028161,50,53.904507,0.0
-4.930703,50,53.940105,0.0
-5.48237,50,53.976083,0.0
-5.049697,50,54.012074,0.0
-5.812516,50,54.047902,0.0
-4.522619,50,54.08432,0.0
-5.938974,50,54.120648,0.0
-5.619183,50,54.156435,0.0
-5.336167,50,54.191863,0.0
-5.345793,50,54.2278,0.0
-4.621917,50,54.263689,0.0
-3.413633,50,54.299437,0.0
-4.640386,50,54.334313,0.0
-5.672627,50,54.369193,0.0
-4.611295,50,54.404469,0.0
-5.02969,50,54.440039,0.0
-5.150349,50,54.476549,0.0
-5.373046,50,54.512159,0.0
-5.771616,50,54.547868,0.0
-5.591614,50,54.583123,0.0
-3.885204,50,54.619566,0.0
-5.122115,50,54.656168,0.0
-5.506529,50,54.692426,0.0
-4.43464,50,54.728437,0.0
-5.116806,50,54.764094,0.0
-5.938216,50,54.800295,0.0
-5.166608,50,54.835956,0.0
-5.757206,50,54.871976,0.0
-4.727525,50,55.025001,0.0
-5.388672,50,55.061086,0.0
-5.052619,50,55.097371,0.0
-5.420584,50,55.13296,0.0
-5.552421,50,55.168567,0.0
-5.292884,50,55.204104,0.0
-5.481098,50,55.239193,0.0
-4.939088,50,55.274645,0.0
-4.86701,50,55.309888,0.0
-5.013279,50,55.345369,0.0
-5.741029,50,55.380704,0.0
-5.157334,50,55.416004,0.0
-5.147048,50,55.451294,0.0
-5.393071,50,55.48656,0.0
-5.706342,50,55.521385,0.0
-5.367744,50,55.556584,0.0
-5.947055,50,55.591884,0.0
-5.168197,50,55.627117,0.0
-4.785664,50,55.662291,0.0
-5.707431,50,55.697329,0.0
-4.975925,50,55.732544,0.0
-4.906398,50,55.767595,0.0
-4.846826,50,55.802649,0.0
-4.738081,50,55.837515,0.0
-4.910666,50,55.872859,0.0
-5.094067,50,55.908014,0.0
-4.666989,50,55.944611,0.0
-5.662262,50,55.980319,0.0
-5.549153,50,56.016558,0.0
-5.698213,50,56.05276,0.0
-5.744172,50,56.087782,0.0
-4.810416,50,56.123409,0.0
-4.751363,50,56.159158,0.0
-4.796539,50,56.194785,0.0
-4.482579,50,56.229718,0.0
-5.064307,50,56.26566,0.0
-4.727329,50,56.301796,0.0
-3.56907,50,56.337813,0.0
-4.49236,50,56.37357,0.0
-3.678865,50,56.409271,0.0
-4.38175,50,56.444487,0.0
-4.804908,50,56.594453,0.0
-5.108927,50,56.629864,0.0
-5.182521,50,56.666137,0.0
-4.713372,50,56.702348,0.0
-5.433843,50,56.73855,0.0
-4.712034,50,56.774605,0.0
-4.974453,50,56.8107,0.0
-2.937469,50,56.846784,0.0
-5.320294,50,56.882602,0.0
-5.190459,50,56.918839,0.0
-4.831455,50,56.954826,0.0
-4.868408,50,56.99075,0.0
-4.843077,50,57.027019,0.0
-4.90931,50,57.062898,0.0
-4.83391,50,57.098635,0.0
-5.149132,50,57.134694,0.0
-4.933491,50,57.170322,0.0
-5.053402,50,57.206266,0.0
-4.47753,50,57.241562,0.0
-5.09144,50,57.277047,0.0
-5.010107,50,57.312414,0.0
-4.48981,50,57.347723,0.0
-4.695084,50,57.38299,0.0
-4.754175,50,57.41837,0.0
-3.682312,50,57.454234,0.0
-5.169321,50,57.489856,0.0
-5.498918,50,57.524977,0.0
-5.209198,50,57.561049,0.0
-3.541999,50,57.596431,0.0
-5.206933,50,57.632438,0.0
-5.507478,50,57.668066,0.0
-4.473787,50,57.703613,0.0
-4.974266,50,57.738971,0.0
-4.908825,50,57.774555,0.0
-4.739258,50,57.810356,0.0
-4.773119,50,57.846404,0.0
-5.886876,50,57.882011,0.0
-5.573223,50,57.917617,0.0
-5.231227,50,57.952572,0.0
-5.329248,50,57.987903,0.0
-4.918092,50,58.023157,0.0
-5.636288,50,58.173034,0.0
-5.124821,50,58.208756,0.0
-5.278637,50,58.244317,0.0
-5.094979,50,58.279846,0.0
-5.39503,50,58.315225,0.0
-4.774754,50,58.350448,0.0
-4.724189,50,58.385799,0.0
-5.07368,50,58.421171,0.0
-5.751306,50,58.456167,0.0
-4.676228,50,58.491364,0.0
-4.404444,50,58.526614,0.0
-4.855754,50,58.562233,0.0
-4.883866,50,58.598158,0.0
-4.656275,50,58.633716,0.0
-5.365912,50,58.669547,0.0
-5.392188,50,58.705209,0.0
-5.578826,50,58.740496,0.0
-3.833017,50,58.776062,0.0
-4.327072,50,58.811562,0.0
-4.547572,50,58.846642,0.0
-5.265374,50,58.882217,0.0
-5.700767,50,58.917583,0.0
-4.088214,50,58.952845,0.0
-5.123716,50,58.988281,0.0
-4.536296,50,59.023768,0.0
-5.377986,50,59.058653,0.0
-5.309497,50,59.093763,0.0
-4.721533,50,59.128834,0.0
-4.864578,50,59.163742,0.0
-4.853068,50,59.199339,0.0
-5.053096,50,59.234412,0.0
-4.47658,50,59.269646,0.0
-4.903491,50,59.304656,0.0
-4.548737,50,59.339461,0.0
-5.006895,50,59.375008,0.0
-5.354701,50,59.410321,0.0
-4.816892,50,59.44616,0.0
-4.743526,50,59.481733,0.0
-5.514097,50,59.51691,0.0
-5.193412,50,59.552285,0.0
-5.351796,50,59.587553,0.0
-5.141401,50,59.7375,0.0
-4.794416,50,59.773744,0.0
-4.731653,50,59.809112,0.0
-5.604526,50,59.844358,0.0
-5.895318,50,59.880048,0.0
-5.112452,50,59.915583,0.0
-5.510661,50,59.950788,0.0
-4.377614,50,59.986419,0.0
-4.915815,50,60.021769,0.0
-3.595403,50,60.057468,0.0
-5.683161,50,60.093137,0.0
-5.518865,50,60.128813,0.0
-4.902822,50,60.164268,0.0
-5.09727,50,60.20014,0.0
-5.121934,50,60.23563,0.0
-5.266531,50,60.271162,0.0
-3.496989,50,60.306932,0.0
-5.003954,50,60.342506,0.0
-5.185581,50,60.377858,0.0
-3.575012,50,60.413468,0.0
-4.740439,50,60.448548,0.0
-5.580505,50,60.483943,0.0
-5.48399,50,60.519587,0.0
-6.056652,50,60.555945,0.0
-5.183556,50,60.591784,0.0
-5.494849,50,60.627089,0.0
-5.037087,50,60.662894,0.0
-4.958302,50,60.698599,0.0
-5.063127,50,60.733879,0.0
-4.960145,50,60.769361,0.0
-3.40986,50,60.804562,0.0
-4.745223,50,60.840491,0.0
-5.429614,50,60.875859,0.0
-4.664863,50,60.91115,0.0
-5.391823,50,60.946703,0.0
-5.243625,50,60.981927,0.0
-5.3466,50,61.017453,0.0
-5.671476,50,61.05323,0.0
-5.304728,50,61.088721,0.0
-5.337073,50,61.124334,0.0
-5.006005,50,61.160203,0.0
-5.300769,50,61.311597,0.0
-5.730992,50,61.34723,0.0
-5.177322,50,61.38257,0.0
-4.879118,50,61.418132,0.0
-5.919703,50,61.453587,0.0
-5.044406,50,61.488981,0.0
-5.179636,50,61.524236,0.0
-5.725527,50,61.559998,0.0
-3.509761,50,61.595325,0.0
-5.649513,50,61.630915,0.0
-5.094142,50,61.666485,0.0
-5.501924,50,61.701589,0.0
-4.80952,50,61.737676,0.0
-4.574435,50,61.773469,0.0
-4.943504,50,61.809045,0.0
-5.379679,50,61.844687,0.0
-5.206934,50,61.880125,0.0
-3.837197,50,61.915321,0.0
-4.374353,50,61.951391,0.0
-5.358486,50,61.986741,0.0
-4.641113,50,62.0222,0.0
-5.762192,50,62.057792,0.0
-5.502558,50,62.093277,0.0
-5.382439,50,62.12999,0.0
-4.938177,50,62.165985,0.0
-5.508237,50,62.201668,0.0
-4.660639,50,62.237422,0.0
-4.893727,50,62.273389,0.0
-5.29796,50,62.309174,0.0
-5.570561,50,62.344687,0.0
-5.155664,50,62.38048,0.0
-5.06116,50,62.416119,0.0
-5.446708,50,62.451657,0.0
-3.299285,50,62.487099,0.0
-5.406222,50,62.522277,0.0
-5.668823,50,62.557921,0.0
-4.745664,50,62.593226,0.0
-5.346782,50,62.629008,0.0
-4.653763,50,62.664738,0.0
-4.336286,50,62.700494,0.0
-3.766321,50,62.736005,0.0
-4.836778,50,62.885858,0.0
-5.910835,50,62.921561,0.0
-5.719413,50,62.957113,0.0
-5.603171,50,62.992776,0.0
-5.120885,50,63.028271,0.0
-5.004967,50,63.063645,0.0
-3.240307,50,63.098692,0.0
-4.657167,50,63.134222,0.0
-5.013703,50,63.169788,0.0
-5.476539,50,63.20509,0.0
-3.7931,50,63.240179,0.0
-5.379795,50,63.275319,0.0
-5.637447,50,63.310914,0.0
-5.15448,50,63.346099,0.0
-4.545337,50,63.381227,0.0
-5.350595,50,63.41629,0.0
-5.401334,50,63.450999,0.0
-4.748952,50,63.486214,0.0
-5.475888,50,63.52125,0.0
-4.937213,50,63.55624,0.0
-4.719819,50,63.591561,0.0
-4.834988,50,63.62735,0.0
-4.916777,50,63.662674,0.0
-4.179578,50,63.698241,0.0
-5.09913,50,63.733771,0.0
-5.054296,50,63.769033,0.0
-5.295492,50,63.805465,0.0
-3.829001,50,63.841686,0.0
-4.811755,50,63.877238,0.0
-4.900785,50,63.912633,0.0
-5.375572,50,63.947596,0.0
-5.358795,50,63.983445,0.0
-5.577637,50,64.018937,0.0
-3.670469,50,64.054604,0.0
-5.059992,50,64.090233,0.0
-4.976118,50,64.125915,0.0
-4.989774,50,64.161134,0.0
-4.515284,50,64.196426,0.0
-4.496849,50,64.231954,0.0
-4.522521,50,64.267736,0.0
-5.369139,50,64.303072,0.0
-5.160949,50,64.458596,0.0
-4.99691,50,64.493964,0.0
-4.828055,50,64.529884,0.0
-5.23194,50,64.565999,0.0
-5.662661,50,64.601167,0.0
-5.691019,50,64.636278,0.0
-5.047973,50,64.671959,0.0
-4.770665,50,64.707641,0.0
-4.994247,50,64.743082,0.0
-4.328547,50,64.780139,0.0
-4.988447,50,64.815911,0.0
-5.371226,50,64.85113,0.0
-5.419678,50,64.886903,0.0
-4.855665,50,64.922808,0.0
-4.394361,50,64.958651,0.0
-4.067221,50,64.994119,0.0
-4.789691,50,65.029545,0.0
-4.959374,50,65.065184,0.0
-3.562253,50,65.100185,0.0
-5.194409,50,65.136009,0.0
-5.377812,50,65.171475,0.0
-4.709393,50,65.207185,0.0
-4.595896,50,65.242863,0.0
-4.467792,50,65.278345,0.0
-5.247136,50,65.313594,0.0
-5.247307,50,65.349383,0.0
-5.229262,50,65.384943,0.0
-5.274812,50,65.420288,0.0
-4.934011,50,65.455792,0.0
-4.947466,50,65.491869,0.0
-5.2716,50,65.527277,0.0
-5.435394,50,65.562577,0.0
-4.56854,50,65.598605,0.0
-4.728676,50,65.634306,0.0
-3.298713,50,65.670448,0.0
-4.875701,50,65.705735,0.0
-5.034093,50,65.741298,0.0
-5.098375,50,65.77681,0.0
-5.810804,50,65.812306,0.0
-4.373693,50,65.848518,0.0
-3.464086,50,65.884588,0.0
-4.708026,50,66.034569,0.0
-4.81183,50,66.070405,0.0
-5.071274,50,66.106592,0.0
-5.498698,50,66.142784,0.0
-4.583317,50,66.178462,0.0
-5.253947,50,66.213842,0.0
-5.035384,50,66.249378,0.0
-5.001869,50,66.2849,0.0
-4.405876,50,66.320398,0.0
-5.468581,50,66.356426,0.0
-4.665565,50,66.392433,0.0
-5.018153,50,66.428379,0.0
-5.027278,50,66.4639,0.0
-4.926432,50,66.499363,0.0
-5.22348,50,66.534823,0.0
-4.958726,50,66.570371,0.0
-5.123078,50,66.606495,0.0
-4.488643,50,66.64217,0.0
-4.797944,50,66.677703,0.0
-5.39869,50,66.713227,0.0
-3.554957,50,66.748977,0.0
-5.09325,50,66.784203,0.0
-5.501797,50,66.819688,0.0
-4.964296,50,66.855369,0.0
-4.83745,50,66.890568,0.0
-3.676939,50,66.926024,0.0
-5.451619,50,66.961664,0.0
-4.847735,50,66.997168,0.0
-4.706512,50,67.032728,0.0
-4.652818,50,67.068067,0.0
-5.552313,50,67.103214,0.0
-5.575795,50,67.138837,0.0
-5.882394,50,67.174014,0.0
-5.484574,50,67.209477,0.0
-5.104562,50,67.244592,0.0
-5.04256,50,67.279711,0.0
-4.80392,50,67.31526,0.0
-5.261386,50,67.350565,0.0
-4.74761,50,67.385757,0.0
-4.379861,50,67.421017,0.0
-4.49908,50,67.456451,0.0
-5.106686,50,67.6045,0.0
-4.755538,50,67.63987,0.0
-5.030769,50,67.675083,0.0
-4.726665,50,67.710286,0.0
-3.606776,50,67.745392,0.0
-5.171661,50,67.780765,0.0
-3.251935,50,67.815778,0.0
-3.66865,50,67.850889,0.0
-5.148745,50,67.885994,0.0
-3.440115,50,67.921175,0.0
-4.458195,50,67.956168,0.0
-5.615242,50,67.991933,0.0
-4.699044,50,68.027349,0.0
-4.922518,50,68.0626,0.0
-4.983091,50,68.098033,0.0
-5.034205,50,68.133617,0.0
-5.149436,50,68.168974,0.0
-4.994884,50,68.204419,0.0
-5.095135,50,68.240254,0.0
-4.365029,50,68.27566,0.0
-5.347061,50,68.310892,0.0
-5.357351,50,68.346644,0.0
-4.430929,50,68.382358,0.0
-4.610773,50,68.417912,0.0
-5.295636,50,68.452718,0.0
-4.854347,50,68.487698,0.0
-5.294491,50,68.523192,0.0
-4.489566,50,68.558727,0.0
-5.25837,50,68.594347,0.0
-4.787912,50,68.629754,0.0
-3.156889,50,68.664949,0.0
-5.138512,50,68.70035,0.0
-4.32268,50,68.735552,0.0
-5.633265,50,68.771113,0.0
-4.883291,50,68.806733,0.0
-4.683276,50,68.841957,0.0
-4.72993,50,68.877936,0.0
-4.921818,50,68.913587,0.0
-4.671395,50,68.94904,0.0
-4.758634,50,68.984525,0.0
-5.535766,50,69.02014,0.0
-5.198163,50,69.169891,0.0
-4.921518,50,69.2057,0.0
-3.702612,50,69.240985,0.0
-5.348916,50,69.276409,0.0
-5.912931,50,69.311923,0.0
-4.883164,50,69.347282,0.0
-6.046614,50,69.382875,0.0
-5.442065,50,69.418674,0.0
-5.283885,50,69.454036,0.0
-5.556997,50,69.488827,0.0
-4.615201,50,69.523777,0.0
-4.967482,50,69.559126,0.0
-4.942546,50,69.595715,0.0
-3.382924,50,69.632016,0.0
-5.079342,50,69.66775,0.0
-5.082656,50,69.703191,0.0
-4.824454,50,69.73881,0.0
-5.198806,50,69.774625,0.0
-4.534196,50,69.810832,0.0
-5.343432,50,69.846335,0.0
-4.977185,50,69.88212,0.0
-4.106837,50,69.917798,0.0
-4.57948,50,69.953656,0.0
-4.927371,50,69.988979,0.0
-5.055492,50,70.024585,0.0
-5.274451,50,70.059963,0.0
-4.610608,50,70.095239,0.0
-4.450903,50,70.130761,0.0
-4.823537,50,70.165996,0.0
-5.02445,50,70.201101,0.0
-5.096973,50,70.236399,0.0
-5.607904,50,70.271197,0.0
-4.917054,50,70.306626,0.0
-4.86141,50,70.342376,0.0
-5.230971,50,70.377567,0.0
-4.55226,50,70.412887,0.0
-4.570664,50,70.448219,0.0
-4.554741,50,70.483793,0.0
-5.037653,50,70.51929,0.0
-4.621145,50,70.555061,0.0
-5.359464,50,70.590335,0.0
-4.859727,50,70.739766,0.0
-4.452113,50,70.775355,0.0
-5.435566,50,70.811028,0.0
-4.827943,50,70.8465,0.0
-4.92258,50,70.881462,0.0
-5.216895,50,70.916968,0.0
-4.064239,50,70.952275,0.0
-5.522646,50,70.987426,0.0
-5.275366,50,71.022878,0.0
-5.117928,50,71.058224,0.0
-5.338641,50,71.093406,0.0
-5.122924,50,71.128632,0.0
-4.500153,50,71.16361,0.0
-5.192049,50,71.19883,0.0
-4.668884,50,71.234294,0.0
-4.557961,50,71.269448,0.0
-5.124785,50,71.304859,0.0
-4.635268,50,71.34093,0.0
-5.206293,50,71.376314,0.0
-5.693922,50,71.412002,0.0
-5.373555,50,71.447418,0.0
-4.989425,50,71.482611,0.0
-5.46294,50,71.517855,0.0
-5.553382,50,71.553161,0.0
-5.622407,50,71.588024,0.0
-4.682976,50,71.622593,0.0
-5.30085,50,71.65759,0.0
-4.597187,50,71.693058,0.0
-5.615419,50,71.728655,0.0
-5.569467,50,71.763752,0.0
-4.476296,50,71.799043,0.0
-5.390075,50,71.835006,0.0
-3.135771,50,71.870883,0.0
-5.737683,50,71.906311,0.0
-4.60606,50,71.941501,0.0
-4.944718,50,71.976599,0.0
-3.559629,50,72.011863,0.0
-5.095111,50,72.046866,0.0
-4.964749,50,72.082184,0.0
-5.645102,50,72.117479,0.0
-5.375651,50,72.15281,0.0
-2.736567,50,72.303743,0.0
-5.408897,50,72.339787,0.0
-4.848378,50,72.375219,0.0
-5.520089,50,72.411029,0.0
-5.29755,50,72.446522,0.0
-4.727963,50,72.481855,0.0
-5.254486,50,72.517581,0.0
-5.162214,50,72.552968,0.0
-5.365074,50,72.588301,0.0
-4.977143,50,72.623511,0.0
-3.676811,50,72.658683,0.0
-5.039826,50,72.69389,0.0
-4.945297,50,72.729369,0.0
-4.868793,50,72.764685,0.0
-3.580655,50,72.800423,0.0
-3.715785,50,72.835956,0.0
-5.275769,50,72.871084,0.0
-5.212161,50,72.906422,0.0
-5.995416,50,72.941808,0.0
-5.289927,50,72.976708,0.0
-3.629489,50,73.011904,0.0
-3.027544,50,73.046948,0.0
-4.652429,50,73.081948,0.0
-4.452,50,73.117316,0.0
-4.55882,50,73.152657,0.0
-5.088554,50,73.187811,0.0
-5.047681,50,73.223408,0.0
-4.761849,50,73.259507,0.0
-5.08151,50,73.295923,0.0
-4.700854,50,73.331463,0.0
-5.06122,50,73.36706,0.0
-5.034096,50,73.40275,0.0
-3.491416,50,73.438892,0.0
-4.793753,50,73.474372,0.0
-4.691477,50,73.509513,0.0
-5.173046,50,73.545313,0.0
-5.233322,50,73.581368,0.0
-4.797386,50,73.617046,0.0
-4.966657,50,73.653151,0.0
-4.937773,50,73.688553,0.0
-4.538576,50,73.724209,0.0
-5.310698,50,73.876476,0.0
-4.617624,50,73.912179,0.0
-4.939522,50,73.947333,0.0
-5.08456,50,73.982884,0.0
-4.547325,50,74.017877,0.0
-3.452378,50,74.052941,0.0
-4.853655,50,74.087968,0.0
-5.141404,50,74.123287,0.0
-5.605951,50,74.159031,0.0
-5.213692,50,74.19421,0.0
-4.859451,50,74.229745,0.0
-5.536458,50,74.265215,0.0
-4.68253,50,74.300527,0.0
-5.043243,50,74.336338,0.0
-5.018845,50,74.371865,0.0
-4.953472,50,74.407262,0.0
-5.052533,50,74.442521,0.0
-4.649086,50,74.478226,0.0
-5.062939,50,74.514462,0.0
-5.122937,50,74.550761,0.0
-4.975287,50,74.586323,0.0
-5.392082,50,74.621821,0.0
-4.489592,50,74.656961,0.0
-4.973595,50,74.692161,0.0
-5.279776,50,74.727401,0.0
-5.15928,50,74.762543,0.0
-5.463934,50,74.798678,0.0
-5.739258,50,74.83427,0.0
-3.516267,50,74.869685,0.0
-5.536812,50,74.905096,0.0
-4.921739,50,74.940497,0.0
-5.499975,50,74.975806,0.0
-4.480914,50,75.01122,0.0
-4.223214,50,75.046538,0.0
-5.491375,50,75.082003,0.0
-4.660665,50,75.117244,0.0
-5.59168,50,75.152497,0.0
-5.269212,50,75.18789,0.0
-5.080004,50,75.223323,0.0
-3.203934,50,75.258507,0.0
-5.466761,50,75.29335,0.0
-4.746211,50,75.442395,0.0
-4.550816,50,75.477934,0.0
-5.333609,50,75.513339,0.0
-4.930277,50,75.549259,0.0
-4.461032,50,75.585197,0.0
-5.263095,50,75.620875,0.0
-5.805176,50,75.65586,0.0
-3.218447,50,75.691179,0.0
-5.38745,50,75.726363,0.0
-5.009139,50,75.762141,0.0
-4.391918,50,75.79746,0.0
-4.845583,50,75.832809,0.0
-4.617065,50,75.86815,0.0
-5.214647,50,75.902993,0.0
-5.831364,50,75.937642,0.0
-5.071422,50,75.973283,0.0
-5.081456,50,76.009521,0.0
-5.316104,50,76.045486,0.0
-3.048754,50,76.081197,0.0
-5.887818,50,76.116653,0.0
-4.424871,50,76.152175,0.0
-4.501538,50,76.187657,0.0
-5.353833,50,76.223048,0.0
-5.136616,50,76.258286,0.0
-4.633345,50,76.293824,0.0
-5.896673,50,76.329442,0.0
-5.190335,50,76.364871,0.0
-5.02735,50,76.400849,0.0
-4.494097,50,76.43684,0.0
-4.830082,50,76.472384,0.0
-4.936368,50,76.508022,0.0
-4.739355,50,76.543925,0.0
-4.384532,50,76.579851,0.0
-5.094031,50,76.615507,0.0
-5.231434,50,76.992692,0.0
-4.534713,50,77.028712,0.0
-5.053983,50,77.064324,0.0
-5.016902,50,77.099962,0.0
-4.495142,50,77.135378,0.0
-4.553101,50,77.170967,0.0
-5.43938,50,77.206896,0.0
-4.282674,50,77.359044,0.0
-5.065868,50,77.394361,0.0
-4.486984,50,77.430021,0.0
-4.482798,50,77.465445,0.0
-5.388375,50,77.500499,0.0
-5.069904,50,77.536331,0.0
-4.761697,50,77.572048,0.0
-2.874538,50,77.607372,0.0
-4.944063,50,77.642678,0.0
-5.345998,50,77.678968,0.0
-4.883912,50,77.714481,0.0
-4.791597,50,77.749746,0.0
-5.299725,50,77.785796,0.0
-4.930872,50,77.820922,0.0
-5.804797,50,77.856683,0.0
-4.542669,50,77.892094,0.0
-5.256143,50,77.927495,0.0
-4.956496,50,77.963016,0.0
-4.686534,50,77.998582,0.0
-5.39577,50,78.033902,0.0
-5.304214,50,78.069336,0.0
-5.532032,50,78.104624,0.0
-5.488258,50,78.140069,0.0
-4.999178,50,78.175281,0.0
-4.517651,50,78.209825,0.0
-4.636469,50,78.244217,0.0
-5.453644,50,78.279166,0.0
-4.827309,50,78.314357,0.0
-4.524217,50,78.349583,0.0
-4.352839,50,78.384485,0.0
-5.174078,50,78.419453,0.0
-5.072437,50,78.454287,0.0
-3.184184,50,78.489654,0.0
-4.927106,50,78.525862,0.0
-4.627114,50,78.561954,0.0
-5.283249,50,78.597221,0.0
-4.999906,50,78.632394,0.0
-4.936782,50,78.668279,0.0
-4.215716,50,78.703851,0.0
-4.688384,50,78.738916,0.0
-4.350588,50,78.774392,0.0
-4.859975,50,78.924821,0.0
-5.516082,50,78.959803,0.0
-5.77291,50,78.99505,0.0
-5.277757,50,79.030427,0.0
-4.908986,50,79.065646,0.0
-4.918491,50,79.100933,0.0
-4.591288,50,79.137089,0.0
-5.235383,50,79.172991,0.0
-5.270385,50,79.208629,0.0
-5.162004,50,79.243916,0.0
-5.809738,50,79.279886,0.0
-3.114893,50,79.315357,0.0
-4.838471,50,79.351279,0.0
-5.175734,50,79.387546,0.0
-5.51867,50,79.422887,0.0
-4.862027,50,79.458678,0.0
-4.700722,50,79.495106,0.0
-4.873572,50,79.530914,0.0
-4.782139,50,79.566541,0.0
-4.741934,50,79.602341,0.0
-3.530357,50,79.637725,0.0
-5.061004,50,79.67334,0.0
-4.539333,50,79.709389,0.0
-5.139786,50,79.745133,0.0
-5.098408,50,79.781246,0.0
-4.509296,50,79.816974,0.0
-4.971223,50,79.852228,0.0
-5.388926,50,79.88783,0.0
-4.747146,50,79.923358,0.0
-5.29342,50,79.958878,0.0
-5.787215,50,79.994293,0.0
-5.061327,50,80.029672,0.0
-5.27312,50,80.06558,0.0
-5.06594,50,80.101013,0.0
-2.998741,50,80.136612,0.0
-4.300828,50,80.172539,0.0
-5.204333,50,80.208288,0.0
-4.73905,50,80.244134,0.0
-5.462543,50,80.279495,0.0
-5.388873,50,80.314997,0.0
-4.252811,50,80.465224,0.0
-3.228955,50,80.500678,0.0
-4.770927,50,80.536129,0.0
-5.049213,50,80.571669,0.0
-4.47996,50,80.607105,0.0
-5.161467,50,80.642623,0.0
-5.259164,50,80.678484,0.0
-4.316115,50,80.714027,0.0
-5.421582,50,80.749659,0.0
-2.954637,50,80.785522,0.0
-5.340249,50,80.821317,0.0
-4.7088,50,80.856642,0.0
-4.795706,50,80.892103,0.0
-5.587644,50,80.927133,0.0
-5.769932,50,80.96254,0.0
-5.483222,50,80.997914,0.0
-4.412707,50,81.033009,0.0
-4.893387,50,81.068419,0.0
-5.120619,50,81.103887,0.0
-4.545263,50,81.139071,0.0
-5.05451,50,81.174407,0.0
-5.06093,50,81.209381,0.0
-4.86802,50,81.244638,0.0
-4.381667,50,81.27997,0.0
-4.726281,50,81.315381,0.0
-4.477887,50,81.350574,0.0
-5.247045,50,81.385249,0.0
-4.902765,50,81.420399,0.0
-4.754608,50,81.455707,0.0
-3.183809,50,81.49095,0.0
-3.480094,50,81.526448,0.0
-4.939703,50,81.562421,0.0
-5.450995,50,81.597802,0.0
-4.836218,50,81.6333,0.0
-5.306947,50,81.668949,0.0
-4.589062,50,81.70425,0.0
-4.957923,50,81.739577,0.0
-4.668374,50,81.774882,0.0
-4.674171,50,81.80998,0.0
-5.004695,50,81.845149,0.0
-5.11513,50,81.880567,0.0
-5.149102,50,82.029457,0.0
-5.001886,50,82.065049,0.0
-5.395288,50,82.100318,0.0
-4.328302,50,82.135802,0.0
-5.103384,50,82.171736,0.0
-5.45172,50,82.20711,0.0
-3.295211,50,82.243075,0.0
-4.331198,50,82.27817,0.0
-5.955179,50,82.313114,0.0
-4.774634,50,82.348465,0.0
-4.598819,50,82.383756,0.0
-3.373194,50,82.418849,0.0
-3.041015,50,82.453894,0.0
-5.333295,50,82.489116,0.0
-4.770013,50,82.524665,0.0
-5.317307,50,82.560088,0.0
-5.273524,50,82.595394,0.0
-5.438073,50,82.630634,0.0
-5.447789,50,82.665959,0.0
-5.705445,50,82.701044,0.0
-5.071163,50,82.736424,0.0
-5.212602,50,82.772319,0.0
-5.589737,50,82.807489,0.0
-5.24875,50,82.842999,0.0
-4.939694,50,82.878403,0.0
-4.685109,50,82.913572,0.0
-4.899895,50,82.949143,0.0
-2.752715,50,82.984386,0.0
-4.669921,50,83.019237,0.0
-4.776093,50,83.054768,0.0
-5.689686,50,83.090122,0.0
-4.856733,50,83.125696,0.0
-5.37239,50,83.160808,0.0
-4.504283,50,83.196013,0.0
-5.529848,50,83.231346,0.0
-4.605614,50,83.266708,0.0
-5.111459,50,83.301645,0.0
-5.044882,50,83.337194,0.0
-4.683989,50,83.372772,0.0
-5.389983,50,83.40778,0.0
-5.6187,50,83.442733,0.0
-5.215397,50,83.591057,0.0
-5.421648,50,83.626325,0.0
-5.212902,50,83.661567,0.0
-4.882861,50,83.696668,0.0
-4.828377,50,83.732029,0.0
-5.148305,50,83.76783,0.0
-4.405608,50,83.803376,0.0
-5.675462,50,83.838931,0.0
-4.592169,50,83.874161,0.0
-2.987836,50,83.90961,0.0
-4.507823,50,83.944726,0.0
-4.305333,50,83.979856,0.0
-5.813721,50,84.015008,0.0
-5.336807,50,84.050389,0.0
-4.751689,50,84.085723,0.0
-5.246744,50,84.121208,0.0
-3.071147,50,84.15632,0.0
-4.864066,50,84.191558,0.0
-3.023566,50,84.227491,0.0
-5.114007,50,84.263327,0.0
-5.106021,50,84.299518,0.0
-4.404167,50,84.335253,0.0
-5.171431,50,84.370404,0.0
-4.594962,50,84.405715,0.0
-4.718531,50,84.440936,0.0
-4.087613,50,84.476294,0.0
-5.300525,50,84.511713,0.0
-4.956647,50,84.547182,0.0
-4.599493,50,84.58226,0.0
-4.474003,50,84.617368,0.0
-4.948698,50,84.652474,0.0
-4.588427,50,84.687507,0.0
-5.129458,50,84.723504,0.0
-5.195862,50,84.759317,0.0
-4.637219,50,84.794312,0.0
-4.842569,50,84.829409,0.0
-5.334764,50,84.864457,0.0
-5.19573,50,84.899656,0.0
-5.130132,50,84.93524,0.0
-5.048051,50,84.970748,0.0
-4.339331,50,85.006006,0.0
-4.766873,50,85.155694,0.0
-5.150481,50,85.191242,0.0
-5.138073,50,85.226657,0.0
-5.772792,50,85.261954,0.0
-4.85538,50,85.29734,0.0
-3.332577,50,85.332528,0.0
-4.479329,50,85.367992,0.0
-5.160771,50,85.403049,0.0
-4.400519,50,85.438249,0.0
-4.794726,50,85.47354,0.0
-5.199061,50,85.508708,0.0
-5.344678,50,85.543876,0.0
-5.409013,50,85.579643,0.0
-2.873186,50,85.615369,0.0
-4.65635,50,85.650609,0.0
-3.100833,50,85.685985,0.0
-5.389578,50,85.72134,0.0
-3.22884,50,85.757154,0.0
-4.677351,50,85.792877,0.0
-5.221576,50,85.828501,0.0
-4.8234,50,85.864197,0.0
-2.850408,50,85.899491,0.0
-5.24619,50,85.934862,0.0
-5.098883,50,85.970492,0.0
-5.23636,50,86.00596,0.0
-4.644684,50,86.041129,0.0
-5.541834,50,86.076402,0.0
-5.054291,50,86.112368,0.0
-5.474247,50,86.147883,0.0
-3.17876,50,86.183238,0.0
-5.178726,50,86.218785,0.0
-4.917982,50,86.254412,0.0
-4.896395,50,86.290125,0.0
-4.245803,50,86.325753,0.0
-5.260643,50,86.360976,0.0
-4.651833,50,86.396087,0.0
-5.369591,50,86.431494,0.0
-5.198032,50,86.467108,0.0
-5.370542,50,86.502436,0.0
-5.243784,50,86.538009,0.0
-4.572335,50,86.573704,0.0
-5.006614,50,86.722792,0.0
-5.020644,50,86.758648,0.0
-4.48865,50,86.794306,0.0
-5.765504,50,86.829968,0.0
-5.743543,50,86.865259,0.0
-4.923988,50,86.900748,0.0
-4.747196,50,86.936377,0.0
-5.294032,50,86.971697,0.0
-5.093566,50,87.007024,0.0
-4.856851,50,87.042411,0.0
-4.723639,50,87.077889,0.0
-4.474015,50,87.113392,0.0
-5.434779,50,87.148862,0.0
-3.192845,50,87.184785,0.0
-4.739331,50,87.220567,0.0
-5.102167,50,87.256282,0.0
-4.724172,50,87.291722,0.0
-3.144973,50,87.327282,0.0
-4.769665,50,87.363081,0.0
-4.760211,50,87.398568,0.0
-3.068354,50,87.434019,0.0
-5.470239,50,87.469497,0.0
-4.375999,50,87.505,0.0
-4.579782,50,87.54017,0.0
-4.316586,50,87.575408,0.0
-2.808307,50,87.610534,0.0
-4.400311,50,87.646305,0.0
-5.367332,50,87.681213,0.0
-4.783525,50,87.716455,0.0
-4.9949,50,87.752023,0.0
-5.273237,50,87.787462,0.0
-4.631344,50,87.82274,0.0
-4.627238,50,87.857913,0.0
-4.373732,50,87.893273,0.0
-4.321283,50,87.928422,0.0
-5.551688,50,87.963511,0.0
-5.244924,50,87.9987,0.0
-4.528194,50,88.03399,0.0
-5.24142,50,88.069454,0.0
-5.379692,50,88.104412,0.0
-3.360321,50,88.139752,0.0
-5.167941,50,88.288191,0.0
-5.167465,50,88.324039,0.0
-4.78008,50,88.360723,0.0
-5.314399,50,88.396826,0.0
-4.652087,50,88.43281,0.0
-4.983719,50,88.46849,0.0
-5.518949,50,88.505669,0.0
-4.588476,50,88.542873,0.0
-4.51488,50,88.579537,0.0
-5.404509,50,88.616156,0.0
-5.53481,50,88.651774,0.0
-4.549019,50,88.687151,0.0
-5.872243,50,88.722612,0.0
-4.937934,50,88.758047,0.0
-4.92573,50,88.793567,0.0
-4.720335,50,88.829347,0.0
-5.275344,50,88.864938,0.0
-5.196846,50,88.900932,0.0
-5.00929,50,88.936229,0.0
-5.285942,50,88.971692,0.0
-4.481756,50,89.00725,0.0
-4.760162,50,89.042541,0.0
-4.700079,50,89.077866,0.0
-4.402715,50,89.11272,0.0
-5.10739,50,89.147936,0.0
-5.320621,50,89.183361,0.0
-4.310921,50,89.218598,0.0
-5.198736,50,89.254091,0.0
-4.204922,50,89.289226,0.0
-5.303086,50,89.324592,0.0
-5.087307,50,89.359794,0.0
-5.126937,50,89.394673,0.0
-5.159799,50,89.430005,0.0
-4.233741,50,89.46496,0.0
-5.083625,50,89.500246,0.0
-4.667837,50,89.535481,0.0
-4.933254,50,89.57098,0.0
-5.044563,50,89.606667,0.0
-4.41187,50,89.642222,0.0
-4.947644,50,89.677835,0.0
-4.955656,50,89.713408,0.0
-5.193265,50,89.862242,0.0
-4.911262,50,89.897846,0.0
-4.676353,50,89.933027,0.0
-5.308733,50,89.968425,0.0
-5.554965,50,90.003481,0.0
-4.779656,50,90.038215,0.0
-5.736225,50,90.073774,0.0
-5.27408,50,90.109293,0.0
-4.938183,50,90.145179,0.0
-5.009066,50,90.180967,0.0
-5.333407,50,90.216206,0.0
-5.281417,50,90.251489,0.0
-5.652246,50,90.286938,0.0
-4.998982,50,90.322696,0.0
-5.449107,50,90.357984,0.0
-4.942037,50,90.39355,0.0
-4.878434,50,90.428805,0.0
-5.447226,50,90.464082,0.0
-5.107643,50,90.499407,0.0
-4.470434,50,90.534966,0.0
-5.5623,50,90.570777,0.0
-4.950721,50,90.606471,0.0
-4.378453,50,90.641918,0.0
-4.794093,50,90.677708,0.0
-5.001165,50,90.713595,0.0
-5.2002,50,90.749122,0.0
-4.489324,50,90.783986,0.0
-5.019958,50,90.81922,0.0
-4.980378,50,90.854358,0.0
-2.785865,50,90.889455,0.0
-5.398171,50,90.925095,0.0
-5.067972,50,90.95998,0.0
-4.813883,50,90.995081,0.0
-5.13236,50,91.030575,0.0
-5.764698,50,91.065467,0.0
-4.842284,50,91.100842,0.0
-2.891059,50,91.136188,0.0
-4.475626,50,91.171107,0.0
-5.13477,50,91.206224,0.0
-5.659257,50,91.241222,0.0
-4.975385,50,91.276564,0.0
-4.436378,50,91.425471,0.0
-5.356218,50,91.460937,0.0
-4.702127,50,91.496618,0.0
-5.053119,50,91.531874,0.0
-3.318484,50,91.567076,0.0
-5.716882,50,91.602374,0.0
-3.408944,50,91.637615,0.0
-4.362638,50,91.672896,0.0
-2.915555,50,91.708061,0.0
-4.947537,50,91.743205,0.0
-4.842468,50,91.77854,0.0
-5.274641,50,91.813693,0.0
-5.642857,50,91.849048,0.0
-5.075919,50,91.884159,0.0
-5.495078,50,91.919152,0.0
-4.932561,50,91.954475,0.0
-4.846215,50,91.989316,0.0
-4.952449,50,92.024414,0.0
-4.670949,50,92.059464,0.0
-5.246113,50,92.09458,0.0
-4.815512,50,92.129795,0.0
-4.604659,50,92.165037,0.0
-5.254121,50,92.199891,0.0
-5.148205,50,92.234786,0.0
-4.533273,50,92.269735,0.0
-4.767721,50,92.304756,0.0
-4.650414,50,92.340026,0.0
-5.096609,50,92.374914,0.0
-4.946567,50,92.409733,0.0
-4.886175,50,92.444862,0.0
-4.266746,50,92.479635,0.0
-4.447079,50,92.514961,0.0
-4.981717,50,92.54965,0.0
-4.549356,50,92.584588,0.0
-5.629429,50,92.620549,0.0
-5.567124,50,92.655973,0.0
-5.375058,50,92.691133,0.0
-4.958278,50,92.726274,0.0
-4.703486,50,92.761305,0.0
-4.911263,50,92.796497,0.0
-5.265438,50,92.831392,0.0
-4.554853,50,92.980396,0.0
-4.44761,50,93.015802,0.0
-4.873994,50,93.052117,0.0
-5.041405,50,93.088309,0.0
-4.379853,50,93.124153,0.0
-5.37475,50,93.159865,0.0
-4.866248,50,93.195268,0.0
-4.984145,50,93.230599,0.0
-4.348391,50,93.266027,0.0
-5.683259,50,93.301946,0.0
-5.355447,50,93.337748,0.0
-4.753877,50,93.373104,0.0
-5.687401,50,93.408591,0.0
-5.05449,50,93.444168,0.0
-4.941468,50,93.479286,0.0
-5.213716,50,93.514308,0.0
-4.811767,50,93.549841,0.0
-4.63422,50,93.585921,0.0
-5.051047,50,93.621608,0.0
-5.162933,50,93.656991,0.0
-3.033125,50,93.692526,0.0
-5.377498,50,93.72823,0.0
-5.268118,50,93.763905,0.0
-4.794325,50,93.799455,0.0
-5.229936,50,93.834911,0.0
-4.81034,50,93.870349,0.0
-5.821218,50,93.905906,0.0
-5.038051,50,93.942445,0.0
-4.258246,50,93.977981,0.0
-5.227959,50,94.013248,0.0
-5.554557,50,94.04811,0.0
-3.454062,50,94.083123,0.0
-5.202132,50,94.118441,0.0
-4.486346,50,94.153796,0.0
-4.652926,50,94.189199,0.0
-6.140509,50,94.224589,0.0
-4.570149,50,94.259441,0.0
-4.463789,50,94.294564,0.0
-4.793393,50,94.329879,0.0
-3.082287,50,94.365309,0.0
-4.707442,50,94.400315,0.0
-2.901654,50,94.551095,0.0
-5.177704,50,94.586801,0.0
-5.567882,50,94.622567,0.0
-3.049103,50,94.658166,0.0
-5.499033,50,94.693912,0.0
-2.919553,50,94.729511,0.0
-3.544476,50,94.765586,0.0
-5.143607,50,94.801141,0.0
-5.205318,50,94.836647,0.0
-5.354934,50,94.872212,0.0
-5.436429,50,94.907566,0.0
-4.882418,50,94.943037,0.0
-4.895092,50,94.977991,0.0
-4.482707,50,95.013059,0.0
-5.497195,50,95.048763,0.0
-4.792024,50,95.086193,0.0
-4.816421,50,95.123253,0.0
-4.785349,50,95.158862,0.0
-4.682543,50,95.195926,0.0
-2.719392,50,95.232424,0.0
-4.960964,50,95.268378,0.0
-4.927373,50,95.304022,0.0
-5.032361,50,95.339563,0.0
-4.760095,50,95.377177,0.0
-5.002813,50,95.413173,0.0
-5.098788,50,95.448862,0.0
-4.963349,50,95.484715,0.0
-4.807542,50,95.520673,0.0
-5.038217,50,95.556041,0.0
-5.386149,50,95.591426,0.0
-5.010725,50,95.626649,0.0
-4.414469,50,95.66314,0.0
-4.958568,50,95.699429,0.0
-4.599034,50,95.735636,0.0
-4.698209,50,95.771566,0.0
-5.17084,50,95.8073,0.0
-4.999452,50,95.843767,0.0
-4.311046,50,95.879463,0.0
-5.205063,50,95.915384,0.0
-4.705288,50,95.95121,0.0
-5.802863,50,95.987806,0.0
-5.035619,50,96.139868,0.0
-2.7094,50,96.175331,0.0
-5.221849,50,96.210703,0.0
-5.500143,50,96.246345,0.0
-3.41483,50,96.282031,0.0
-5.04837,50,96.317775,0.0
-4.477908,50,96.353298,0.0
-4.727031,50,96.388611,0.0
-5.397405,50,96.423923,0.0
-4.845692,50,96.459399,0.0
-3.094824,50,96.495062,0.0
-5.560011,50,96.530314,0.0
-5.191166,50,96.565792,0.0
-4.733994,50,96.60094,0.0
-2.946793,50,96.636153,0.0
-2.789086,50,96.671522,0.0
-5.040338,50,96.706822,0.0
-4.489246,50,96.742182,0.0
-5.059225,50,96.777475,0.0
-4.679132,50,96.812577,0.0
-5.3195,50,96.847469,0.0
-4.213795,50,96.882353,0.0
-4.861221,50,96.917847,0.0
-4.563516,50,96.953683,0.0
-5.30295,50,96.98932,0.0
-5.196723,50,97.024681,0.0
-4.783773,50,97.060309,0.0
-5.268367,50,97.095553,0.0
-4.655746,50,97.131055,0.0
-5.073888,50,97.166212,0.0
-4.626345,50,97.201799,0.0
-5.413042,50,97.236902,0.0
-5.191856,50,97.272065,0.0
-5.243614,50,97.30751,0.0
-4.498813,50,97.343255,0.0
-4.645748,50,97.379184,0.0
-4.715306,50,97.414318,0.0
-4.758558,50,97.449808,0.0
-4.74429,50,97.485251,0.0
-5.059714,50,97.521643,0.0
-4.509839,50,97.559632,0.0
-4.691759,50,97.713158,0.0
-5.019754,50,97.749482,0.0
-5.079913,50,97.785464,0.0
-4.739091,50,97.821018,0.0
-4.607109,50,97.856275,0.0
-5.116111,50,97.891584,0.0
-5.372675,50,97.927059,0.0
-5.055253,50,97.962914,0.0
-5.025051,50,97.998743,0.0
-5.077884,50,98.034538,0.0
-5.229649,50,98.069604,0.0
-5.03333,50,98.104874,0.0
-4.887013,50,98.1404,0.0
-4.868853,50,98.175433,0.0
-5.265796,50,98.210829,0.0
-4.32348,50,98.24579,0.0
-4.842814,50,98.280134,0.0
-4.999532,50,98.315577,0.0
-5.148655,50,98.350693,0.0
-4.612333,50,98.386001,0.0
-5.084067,50,98.421468,0.0
-3.339529,50,98.456894,0.0
-5.013535,50,98.492812,0.0
-2.973588,50,98.528248,0.0
-3.052515,50,98.563875,0.0
-4.740329,50,98.599235,0.0
-5.103569,50,98.634748,0.0
-4.718185,50,98.670005,0.0
-4.188882,50,98.705152,0.0
-4.817774,50,98.740713,0.0
-5.603533,50,98.776476,0.0
-4.796402,50,98.812151,0.0
-5.373812,50,98.847626,0.0
-3.023529,50,98.882461,0.0
-5.08961,50,98.917917,0.0
-5.380671,50,98.953336,0.0
-5.304822,50,98.988744,0.0
-5.45399,50,99.024022,0.0
-4.646336,50,99.059477,0.0
-5.312998,50,99.094675,0.0
-4.600843,50,99.130007,0.0
-4.910332,50,99.279799,0.0
-5.339842,50,99.315419,0.0
-4.994037,50,99.35069,0.0
-5.785564,50,99.386494,0.0
-4.9069,50,99.421896,0.0
-5.402605,50,99.457154,0.0
-4.69656,50,99.492455,0.0
-5.082663,50,99.527745,0.0
-4.814527,50,99.562951,0.0
-5.131476,50,99.598349,0.0
-4.744713,50,99.634038,0.0
-5.265795,50,99.669283,0.0
-4.981331,50,99.705237,0.0
-4.957332,50,99.74064,0.0
-5.911014,50,99.775937,0.0
-3.138764,50,99.811486,0.0
-4.852622,50,99.846349,0.0
-4.867959,50,99.881929,0.0
-5.22965,50,99.9182,0.0
-5.330408,50,99.954675,0.0
-5.330183,50,99.990144,0.0
-4.506537,50,100.025777,0.0
-5.376632,50,100.061192,0.0
-4.48931,50,100.096598,0.0
-5.18781,50,100.132527,0.0
-5.514179,50,100.168205,0.0
-4.27649,50,100.203645,0.0
-4.640314,50,100.238905,0.0
-4.567502,50,100.274282,0.0
-5.412944,50,100.309418,0.0
-4.387544,50,100.345019,0.0
-4.499586,50,100.3805,0.0
-4.509603,50,100.415652,0.0
-5.073781,50,100.451328,0.0
-5.426983,50,100.486643,0.0
-4.851827,50,100.522033,0.0
-4.945802,50,100.55764,0.0
-5.671736,50,100.592768,0.0
-4.817939,50,100.628355,0.0
-5.215527,50,100.663917,0.0
-5.130965,50,100.69931,0.0
-4.542082,50,100.849054,0.0
-4.896555,50,100.884551,0.0
-2.992744,50,100.919743,0.0
-4.66654,50,100.954986,0.0
-3.28487,50,100.990294,0.0
-4.518905,50,101.025518,0.0
-5.178253,50,101.060852,0.0
-5.041312,50,101.096405,0.0
-4.710986,50,101.131887,0.0
-5.425479,50,101.16697,0.0
-4.903753,50,101.202514,0.0
-3.335077,50,101.238011,0.0
-5.192152,50,101.273391,0.0
-3.181001,50,101.308731,0.0
-5.043009,50,101.344215,0.0
-5.187795,50,101.379664,0.0
-4.582256,50,101.414594,0.0
-5.911691,50,101.449771,0.0
-4.697956,50,101.484727,0.0
-4.903468,50,101.519887,0.0
-4.508664,50,101.554616,0.0
-2.981796,50,101.589066,0.0
-4.867097,50,101.623768,0.0
-5.554326,50,101.658375,0.0
-5.119408,50,101.693719,0.0
-4.885269,50,101.72909,0.0
-4.925082,50,101.764491,0.0
-4.791786,50,101.79986,0.0
-4.751474,50,101.835353,0.0
-5.341027,50,101.870385,0.0
-4.754595,50,101.905884,0.0
-4.901771,50,101.940887,0.0
-5.274162,50,101.975983,0.0
-4.934327,50,102.011538,0.0
-5.148215,50,102.046582,0.0
-4.568627,50,102.081616,0.0
-5.574697,50,102.117114,0.0
-4.729459,50,102.152458,0.0
-3.05919,50,102.187589,0.0
-5.046108,50,102.2235,0.0
-5.141117,50,102.259137,0.0
-4.566932,50,102.408335,0.0
-4.758883,50,102.443902,0.0
-5.161839,50,102.479216,0.0
-3.147168,50,102.514656,0.0
-5.260001,50,102.549801,0.0
-4.79538,50,102.584995,0.0
-4.766711,50,102.620418,0.0
-2.988429,50,102.655335,0.0
-4.898285,50,102.690596,0.0
-4.680973,50,102.725899,0.0
-5.310884,50,102.761438,0.0
-5.404903,50,102.796812,0.0
-4.687258,50,102.832477,0.0
-4.98909,50,102.867841,0.0
-5.756633,50,102.903441,0.0
-4.691062,50,102.938726,0.0
-4.937638,50,102.974388,0.0
-5.141636,50,103.009876,0.0
-4.88839,50,103.045212,0.0
-5.017565,50,103.080562,0.0
-4.98318,50,103.115971,0.0
-5.39765,50,103.151211,0.0
-4.763309,50,103.186451,0.0
-4.421721,50,103.221801,0.0
-4.830176,50,103.25717,0.0
-5.66372,50,103.292263,0.0
-4.306994,50,103.327552,0.0
-5.211471,50,103.362858,0.0
-5.390941,50,103.398202,0.0
-5.128789,50,103.433274,0.0
-4.601628,50,103.468402,0.0
-4.59336,50,103.503734,0.0
-5.129151,50,103.538827,0.0
-5.086974,50,103.574058,0.0
-2.834633,50,103.609495,0.0
-4.579973,50,103.644454,0.0
-4.735863,50,103.679916,0.0
-5.10532,50,103.715441,0.0
-5.195923,50,103.750894,0.0
-4.667864,50,103.786276,0.0
-4.904421,50,103.821523,0.0
-4.69809,50,103.97193,0.0
-4.463016,50,104.007598,0.0
-3.139285,50,104.043398,0.0
-5.365536,50,104.079019,0.0
-5.041338,50,104.11472,0.0
-4.780348,50,104.150129,0.0
-3.508777,50,104.185715,0.0
-5.359002,50,104.221019,0.0
-4.649735,50,104.256317,0.0
-5.043958,50,104.291814,0.0
-5.688508,50,104.326746,0.0
-4.705954,50,104.362261,0.0
-5.171176,50,104.397653,0.0
-4.832994,50,104.432848,0.0
-4.934119,50,104.468288,0.0
-3.004261,50,104.504412,0.0
-4.52406,50,104.540766,0.0
-5.029294,50,104.576112,0.0
-5.115163,50,104.611608,0.0
-4.68425,50,104.646679,0.0
-4.686484,50,104.682088,0.0
-4.525788,50,104.717357,0.0
-4.248781,50,104.752875,0.0
-3.084457,50,104.788865,0.0
-5.586894,50,104.824512,0.0
-2.751302,50,104.859807,0.0
-5.029077,50,104.895112,0.0
-4.830596,50,104.930466,0.0
-4.905903,50,104.965788,0.0
-4.368529,50,105.001173,0.0
-4.833171,50,105.036516,0.0
-4.451508,50,105.072069,0.0
-5.046367,50,105.107806,0.0
-4.736819,50,105.142963,0.0
-5.415297,50,105.17846,0.0
-3.324809,50,105.213872,0.0
-4.905017,50,105.249135,0.0
-4.841228,50,105.284492,0.0
-4.666858,50,105.319862,0.0
-4.992235,50,105.355305,0.0
-5.344704,50,105.390499,0.0
-5.295431,50,105.539209,0.0
-4.935589,50,105.574675,0.0
-4.97227,50,105.610053,0.0
-4.688817,50,105.645158,0.0
-5.157017,50,105.680407,0.0
-4.290342,50,105.715501,0.0
-5.222215,50,105.750291,0.0
-4.701967,50,105.786047,0.0
-5.0549,50,105.821355,0.0
-5.456008,50,105.856448,0.0
-5.09445,50,105.891582,0.0
-5.525157,50,105.926676,0.0
-4.991537,50,105.96156,0.0
-5.011004,50,105.996526,0.0
-4.659132,50,106.031709,0.0
-5.24684,50,106.067431,0.0
-4.831285,50,106.102897,0.0
-4.707009,50,106.138201,0.0
-5.071298,50,106.173288,0.0
-5.01399,50,106.208535,0.0
-5.365504,50,106.24337,0.0
-5.165072,50,106.278756,0.0
-4.231383,50,106.313734,0.0
-4.870634,50,106.348785,0.0
-4.610084,50,106.38401,0.0
-3.217534,50,106.418875,0.0
-5.443168,50,106.45408,0.0
-5.225369,50,106.488955,0.0
-5.285689,50,106.523849,0.0
-4.784409,50,106.559556,0.0
-4.790684,50,106.595027,0.0
-4.832157,50,106.630432,0.0
-5.34402,50,106.665945,0.0
-5.514754,50,106.701155,0.0
-4.576037,50,106.736597,0.0
-4.527268,50,106.771901,0.0
-5.063183,50,106.807026,0.0
-2.66363,50,106.842226,0.0
-4.835712,50,106.877653,0.0
-4.925454,50,106.912846,0.0
-5.688451,50,106.947679,0.0
-4.325183,50,107.095963,0.0
-4.660535,50,107.131191,0.0
-4.255497,50,107.166691,0.0
-4.650416,50,107.201981,0.0
-5.334174,50,107.237475,0.0
-4.927519,50,107.272518,0.0
-4.795775,50,107.307793,0.0
-2.920973,50,107.343226,0.0
-3.518453,50,107.378413,0.0
-5.050472,50,107.413913,0.0
-5.293367,50,107.449792,0.0
-4.477427,50,107.485225,0.0
-4.480624,50,107.520523,0.0
-5.293856,50,107.555646,0.0
-4.465699,50,107.591206,0.0
-4.55447,50,107.626757,0.0
-5.108069,50,107.662377,0.0
-4.698108,50,107.697941,0.0
-4.814764,50,107.733556,0.0
-5.535025,50,107.769147,0.0
-3.428813,50,107.804548,0.0
-5.048931,50,107.840056,0.0
-4.842335,50,107.874825,0.0
-4.950729,50,107.910114,0.0
-4.946796,50,107.94571,0.0
-2.814898,50,107.98106,0.0
-4.738997,50,108.016542,0.0
-4.439239,50,108.051878,0.0
-5.078254,50,108.087448,0.0
-5.191835,50,108.123337,0.0
-5.133966,50,108.15906,0.0
-5.24161,50,108.194395,0.0
-5.370781,50,108.230024,0.0
-5.131638,50,108.265593,0.0
-5.077822,50,108.300964,0.0
-4.69996,50,108.336405,0.0
-4.705514,50,108.371755,0.0
-5.055312,50,108.407369,0.0
-4.863774,50,108.442609,0.0
-4.334643,50,108.478121,0.0
-5.222163,50,108.513193,0.0
-5.327464,50,108.663415,0.0
-5.503993,50,108.699899,0.0
-4.738204,50,108.735522,0.0
-4.913611,50,108.770884,0.0
-5.140358,50,108.8066,0.0
-4.700617,50,108.842079,0.0
-4.711437,50,108.877395,0.0
-4.655172,50,108.912422,0.0
-3.219506,50,108.947659,0.0
-4.418852,50,108.982659,0.0
-5.511805,50,109.017806,0.0
-3.053358,50,109.053325,0.0
-5.15684,50,109.088421,0.0
-5.423415,50,109.123596,0.0
-5.545992,50,109.159101,0.0
-4.623482,50,109.19435,0.0
-4.465026,50,109.229623,0.0
-5.442844,50,109.264958,0.0
-5.419694,50,109.299951,0.0
-4.673904,50,109.335777,0.0
-4.554467,50,109.370942,0.0
-4.230441,50,109.406182,0.0
-5.254025,50,109.441519,0.0
-4.80455,50,109.476684,0.0
-4.443659,50,109.511367,0.0
-5.1183,50,109.546644,0.0
-5.217416,50,109.581722,0.0
-5.045679,50,109.617055,0.0
-5.06894,50,109.652215,0.0
-4.984819,50,109.687715,0.0
-2.74837,50,109.723441,0.0
-5.076958,50,109.758905,0.0
-4.626232,50,109.794369,0.0
-5.229063,50,109.829896,0.0
-4.885727,50,109.865141,0.0
-5.189128,50,109.900427,0.0
-5.058966,50,109.935715,0.0
-5.086758,50,109.970845,0.0
-4.454673,50,110.005992,0.0
-5.590527,50,110.041119,0.0
-3.117733,50,110.076337,0.0
-4.938939,50,110.225685,0.0
-4.697259,50,110.261089,0.0
-4.913905,50,110.296476,0.0
-4.411791,50,110.331701,0.0
-5.697552,50,110.366877,0.0
-4.701491,50,110.40236,0.0
-4.691532,50,110.437808,0.0
-5.620066,50,110.472896,0.0
-4.657209,50,110.508424,0.0
-4.694293,50,110.5439,0.0
-4.971638,50,110.579321,0.0
-4.912763,50,110.614595,0.0
-4.710625,50,110.649716,0.0
-4.418717,50,110.685039,0.0
-5.371163,50,110.72064,0.0
-5.405153,50,110.755994,0.0
-4.744306,50,110.791022,0.0
-4.27813,50,110.826311,0.0
-3.024781,50,110.861212,0.0
-4.310028,50,110.896659,0.0
-4.805264,50,110.931914,0.0
-4.87164,50,110.967252,0.0
-5.534905,50,111.002269,0.0
-5.173656,50,111.037678,0.0
-4.977793,50,111.072696,0.0
-4.359709,50,111.107864,0.0
-5.070002,50,111.142887,0.0
-4.672962,50,111.178276,0.0
-4.210608,50,111.213454,0.0
-5.257864,50,111.24866,0.0
-5.095899,50,111.28371,0.0
-4.686889,50,111.318783,0.0
-4.242525,50,111.353508,0.0
-4.855611,50,111.388594,0.0
-4.997981,50,111.423737,0.0
-5.017955,50,111.458889,0.0
-4.604987,50,111.494304,0.0
-4.395559,50,111.529216,0.0
-4.407494,50,111.564736,0.0
-3.151507,50,111.600214,0.0
-4.678437,50,111.635344,0.0
-5.07224,50,111.784757,0.0
-4.968144,50,111.820258,0.0
-2.944685,50,111.855781,0.0
-5.07428,50,111.891011,0.0
-3.075706,50,111.926077,0.0
-4.623643,50,111.961393,0.0
-4.628641,50,111.996644,0.0
-4.725553,50,112.031556,0.0
-2.629531,50,112.066728,0.0
-4.931967,50,112.102233,0.0
-5.828053,50,112.137674,0.0
-5.178398,50,112.173174,0.0
-2.879344,50,112.208172,0.0
-5.258582,50,112.243627,0.0
-5.464733,50,112.278702,0.0
-3.564959,50,112.31384,0.0
-4.35592,50,112.349091,0.0
-5.439794,50,112.384331,0.0
-5.049899,50,112.419788,0.0
-4.851223,50,112.454924,0.0
-5.229082,50,112.490375,0.0
-4.690531,50,112.525556,0.0
-5.058128,50,112.561295,0.0
-5.555624,50,112.596596,0.0
-4.725194,50,112.631934,0.0
-4.64722,50,112.6672,0.0
-4.341528,50,112.702725,0.0
-4.315752,50,112.737598,0.0
-5.013773,50,112.772915,0.0
-4.952103,50,112.808095,0.0
-4.776587,50,112.84355,0.0
-3.142782,50,112.878747,0.0
-4.811823,50,112.913754,0.0
-5.10779,50,112.949259,0.0
-2.780424,50,112.984401,0.0
-5.117303,50,113.019544,0.0
-5.209701,50,113.054684,0.0
-5.332436,50,113.089296,0.0
-5.058963,50,113.12441,0.0
-4.63191,50,113.159881,0.0
-5.102994,50,113.195004,0.0
-5.651938,50,113.343255,0.0
-4.881463,50,113.378637,0.0
-5.1833,50,113.413885,0.0
-4.955797,50,113.448993,0.0
-4.921133,50,113.484344,0.0
-4.428059,50,113.51986,0.0
-4.379339,50,113.554813,0.0
-5.111592,50,113.590495,0.0
-4.886957,50,113.625862,0.0
-5.099076,50,113.660928,0.0
-4.337917,50,113.696573,0.0
-5.22973,50,113.73205,0.0
-4.793744,50,113.767128,0.0
-5.192017,50,113.802858,0.0
-5.130181,50,113.838045,0.0
-4.330902,50,113.873231,0.0
-4.992018,50,113.908827,0.0
-4.323582,50,113.943885,0.0
-4.459189,50,113.978891,0.0
-4.419218,50,114.014163,0.0
-4.488371,50,114.049631,0.0
-4.647204,50,114.084853,0.0
-5.581549,50,114.120457,0.0
-5.154888,50,114.156196,0.0
-2.933803,50,114.191855,0.0
-5.33766,50,114.227171,0.0
-3.261668,50,114.262232,0.0
-4.427656,50,114.297601,0.0
-5.174532,50,114.333057,0.0
-4.920726,50,114.368056,0.0
-5.61138,50,114.403326,0.0
-5.000379,50,114.438509,0.0
-4.462475,50,114.473392,0.0
-2.813328,50,114.508648,0.0
-4.78676,50,114.543901,0.0
-5.537058,50,114.57888,0.0
-4.310664,50,114.614132,0.0
-4.282956,50,114.649071,0.0
-4.996733,50,114.68426,0.0
-4.887424,50,114.719368,0.0
-3.051412,50,114.754557,0.0
-5.13131,50,114.902591,0.0
-4.669465,50,114.938837,0.0
-4.708287,50,114.975233,0.0
-5.575033,50,115.010559,0.0
-2.972498,50,115.0453,0.0
-3.221656,50,115.080355,0.0
-5.06784,50,115.115953,0.0
-4.765022,50,115.151611,0.0
-4.198915,50,115.187463,0.0
-4.766081,50,115.22286,0.0
-4.680899,50,115.593103,0.0
-5.363488,50,115.628605,0.0
-5.217262,50,115.664044,0.0
-5.450555,50,115.69995,0.0
-4.838089,50,115.735122,0.0
-3.080564,50,115.770356,0.0
-5.28374,50,115.805674,0.0
-4.508404,50,115.840988,0.0
-5.254484,50,115.876151,0.0
-5.665441,50,115.911203,0.0
-5.235691,50,115.946661,0.0
-4.889667,50,115.982077,0.0
-4.925684,50,116.01765,0.0
-4.501766,50,116.053095,0.0
-4.833285,50,116.088559,0.0
-5.116211,50,116.124293,0.0
-4.978781,50,116.159439,0.0
-5.355939,50,116.195078,0.0
-4.938725,50,116.230606,0.0
-5.329713,50,116.265887,0.0
-4.561054,50,116.301266,0.0
-4.861131,50,116.336943,0.0
-4.834772,50,116.37268,0.0
-4.535957,50,116.407656,0.0
-4.695021,50,116.442945,0.0
-4.318362,50,116.47818,0.0
-5.105831,50,116.513537,0.0
-4.146728,50,116.549023,0.0
-5.542963,50,116.584294,0.0
-5.019079,50,116.619655,0.0
-4.679573,50,116.655377,0.0
-5.060989,50,116.805286,0.0
-4.737572,50,116.841181,0.0
-5.397024,50,116.87646,0.0
-5.133899,50,116.911735,0.0
-4.585514,50,116.947431,0.0
-5.133077,50,116.982557,0.0
-4.623944,50,117.018171,0.0
-4.788257,50,117.053569,0.0
-5.087904,50,117.088708,0.0
-4.045915,50,117.124015,0.0
-4.882924,50,117.159504,0.0
-4.674858,50,117.195147,0.0
-4.805041,50,117.230647,0.0
-4.889243,50,117.266308,0.0
-5.197121,50,117.301466,0.0
-4.997718,50,117.336593,0.0
-4.572099,50,117.371716,0.0
-4.953375,50,117.406643,0.0
-4.874888,50,117.441807,0.0
-4.947275,50,117.47697,0.0
-5.167692,50,117.512353,0.0
-5.361828,50,117.547935,0.0
-2.851495,50,117.583193,0.0
-4.499038,50,117.618394,0.0
-5.281016,50,117.653445,0.0
-3.263332,50,117.688617,0.0
-2.604356,50,117.723938,0.0
-5.191517,50,117.759117,0.0
-5.140705,50,117.794245,0.0
-4.414723,50,117.829371,0.0
-5.027255,50,117.864482,0.0
-5.181735,50,117.89934,0.0
-5.085819,50,117.934807,0.0
-4.504748,50,117.969699,0.0
-4.659104,50,118.005045,0.0
-4.595024,50,118.040027,0.0
-4.898981,50,118.075154,0.0
-5.36527,50,118.110484,0.0
-5.54244,50,118.145672,0.0
-4.869517,50,118.182775,0.0
-5.201733,50,118.218368,0.0
-5.218774,50,118.368314,0.0
-4.276234,50,118.404021,0.0
-4.911485,50,118.439579,0.0
-4.779843,50,118.475447,0.0
-5.092751,50,118.51119,0.0
-5.042484,50,118.546586,0.0
-5.732209,50,118.581471,0.0
-3.246225,50,118.616739,0.0
-5.429811,50,118.651966,0.0
-5.234248,50,118.687161,0.0
-5.209129,50,118.722812,0.0
-4.792101,50,118.758219,0.0
-3.132124,50,118.793517,0.0
-4.531387,50,118.829015,0.0
-4.768981,50,118.864168,0.0
-4.51127,50,118.899416,0.0
-5.673001,50,118.934581,0.0
-4.437119,50,118.969288,0.0
-4.701613,50,119.004499,0.0
-5.207709,50,119.03963,0.0
-2.85575,50,119.07451,0.0
-4.670884,50,119.109831,0.0
-4.988088,50,119.145251,0.0
-5.215516,50,119.180305,0.0
-5.039128,50,119.215762,0.0
-5.333985,50,119.251242,0.0
-4.91127,50,119.287326,0.0
-5.016607,50,119.322726,0.0
-4.84833,50,119.357823,0.0
-4.70597,50,119.393263,0.0
-4.895053,50,119.428448,0.0
-4.795825,50,119.463495,0.0
-2.731302,50,119.498913,0.0
-4.517876,50,119.533873,0.0
-5.095552,50,119.568925,0.0
-5.204361,50,119.60421,0.0
-4.524786,50,119.639087,0.0
-4.777408,50,119.674199,0.0
-3.196181,50,119.710222,0.0
-4.851865,50,119.745533,0.0
-2.886262,50,119.894501,0.0
-5.19041,50,119.929747,0.0
-5.087896,50,119.965779,0.0
-3.33689,50,120.001256,0.0
-5.283038,50,120.036591,0.0
-5.099145,50,120.072327,0.0
-4.98238,50,120.107839,0.0
-5.234125,50,120.143241,0.0
-5.38013,50,120.178924,0.0
-4.718818,50,120.214541,0.0
-2.680271,50,120.249922,0.0
-5.007116,50,120.285334,0.0
-5.304614,50,120.320669,0.0
-5.206054,50,120.355873,0.0
-4.479878,50,120.391292,0.0
-5.05298,50,120.426646,0.0
-4.877242,50,120.462132,0.0
-4.999665,50,120.497688,0.0
-2.945352,50,120.532758,0.0
-4.961548,50,120.568101,0.0
-4.749344,50,120.603989,0.0
-4.891709,50,120.639395,0.0
-4.382641,50,120.674982,0.0
-4.84001,50,120.711997,0.0
-5.304989,50,120.747815,0.0
-4.772435,50,120.783156,0.0
-4.985256,50,120.818416,0.0
-4.98923,50,120.85325,0.0
-5.339703,50,120.888524,0.0
-4.474243,50,120.923816,0.0
-4.330519,50,120.95905,0.0
-4.526394,50,120.994417,0.0
-4.942953,50,121.029991,0.0
-4.947856,50,121.065403,0.0
-4.866574,50,121.100691,0.0
-4.830365,50,121.135946,0.0
-4.877741,50,121.171145,0.0
-5.180344,50,121.206763,0.0
-4.463943,50,121.241843,0.0
-4.328374,50,121.277145,0.0
-5.27407,50,121.312265,0.0
-5.623781,50,121.460898,0.0
-4.736684,50,121.496572,0.0
-4.734825,50,121.532196,0.0
-4.425605,50,121.567652,0.0
-5.671876,50,121.603073,0.0
-4.993117,50,121.638098,0.0
-5.132308,50,121.673466,0.0
-3.189894,50,121.709122,0.0
-4.699605,50,121.744462,0.0
-5.214248,50,121.779953,0.0
-5.30916,50,121.815233,0.0
-2.686132,50,121.85037,0.0
-4.729217,50,121.886242,0.0
-4.20891,50,121.921578,0.0
-4.468752,50,121.956445,0.0
-2.850133,50,121.991684,0.0
-4.436388,50,122.026496,0.0
-4.560083,50,122.061453,0.0
-5.501313,50,122.097019,0.0
-4.84945,50,122.132039,0.0
-4.46551,50,122.167471,0.0
-4.893765,50,122.202765,0.0
-5.083454,50,122.238058,0.0
-4.918779,50,122.273291,0.0
-3.446003,50,122.308365,0.0
-4.64823,50,122.343519,0.0
-3.052816,50,122.378664,0.0
-4.639926,50,122.413991,0.0
-4.479223,50,122.448939,0.0
-4.997439,50,122.484009,0.0
-4.853682,50,122.519035,0.0
-5.026609,50,122.554109,0.0
-4.549587,50,122.589091,0.0
-4.451944,50,122.624155,0.0
-4.582307,50,122.659756,0.0
-4.517872,50,122.695042,0.0
-4.496261,50,122.730695,0.0
-4.465412,50,122.766357,0.0
-2.831049,50,122.802404,0.0
-3.641859,50,122.837989,0.0
-4.170971,50,122.873556,0.0
-4.095256,50,123.023273,0.0
-5.221472,50,123.059031,0.0
-5.287324,50,123.094511,0.0
-4.791143,50,123.129876,0.0
-4.431681,50,123.165066,0.0
-4.550453,50,123.200152,0.0
-4.749944,50,123.235587,0.0
-4.162671,50,123.270828,0.0
-4.974406,50,123.305891,0.0
-2.984957,50,123.341078,0.0
-4.726448,50,123.376785,0.0
-5.038347,50,123.412119,0.0
-5.061066,50,123.447993,0.0
-4.65055,50,123.483481,0.0
-4.639872,50,123.518541,0.0
-4.87933,50,123.5542,0.0
-4.60121,50,123.589509,0.0
-4.792662,50,123.62454,0.0
-4.785797,50,123.660295,0.0
-5.026813,50,123.695962,0.0
-4.824041,50,123.731664,0.0
-4.757526,50,123.767401,0.0
-5.22124,50,123.803022,0.0
-5.210409,50,123.838132,0.0
-4.618923,50,123.873704,0.0
-4.520492,50,123.909254,0.0
-4.664982,50,123.944599,0.0
-4.670607,50,123.980526,0.0
-4.885282,50,124.016046,0.0
-4.348427,50,124.051083,0.0
-4.910095,50,124.086349,0.0
-5.214169,50,124.12173,0.0
-4.571213,50,124.156697,0.0
-4.756852,50,124.191839,0.0
-4.274914,50,124.227242,0.0
-4.589684,50,124.262578,0.0
-4.964477,50,124.298019,0.0
-4.853161,50,124.332963,0.0
-2.886626,50,124.368265,0.0
-4.793468,50,124.403593,0.0
-2.769967,50,124.438811,0.0
-2.648692,50,124.587586,0.0
-4.621101,50,124.623344,0.0
-4.607303,50,124.659394,0.0
-3.043764,50,124.694778,0.0
-4.756372,50,124.73097,0.0
-5.277202,50,124.766431,0.0
-2.968026,50,124.801671,0.0
-4.777468,50,124.837479,0.0
-4.910112,50,124.872791,0.0
-4.498149,50,124.907881,0.0
-5.801709,50,124.94292,0.0
-5.15863,50,124.978297,0.0
-2.969396,50,125.013149,0.0
-4.937194,50,125.048351,0.0
-4.728799,50,125.083629,0.0
-5.346629,50,125.118871,0.0
-5.142118,50,125.154697,0.0
-5.556603,50,125.190267,0.0
-4.899125,50,125.225726,0.0
-4.3032,50,125.261376,0.0
-4.612764,50,125.296822,0.0
-4.861753,50,125.332115,0.0
-5.114656,50,125.367153,0.0
-5.179446,50,125.402229,0.0
-4.482265,50,125.437531,0.0
-5.041768,50,125.472745,0.0
-5.286116,50,125.50817,0.0
-2.968679,50,125.543496,0.0
-4.478369,50,125.578546,0.0
-4.799304,50,125.613993,0.0
-5.391085,50,125.649313,0.0
-4.661118,50,125.684443,0.0
-4.868528,50,125.72002,0.0
-2.753729,50,125.7557,0.0
-4.732273,50,125.791182,0.0
-4.651733,50,125.826431,0.0
-4.901392,50,125.861961,0.0
-2.999026,50,125.89737,0.0
-4.842578,50,125.932642,0.0
-4.669141,50,125.967858,0.0
-5.010228,50,126.003108,0.0
-4.753352,50,126.152104,0.0
-4.723946,50,126.187809,0.0
-4.525091,50,126.223261,0.0
-4.672515,50,126.258499,0.0
-3.256486,50,126.293928,0.0
-5.095567,50,126.329111,0.0
-5.372442,50,126.36418,0.0
-5.423757,50,126.399531,0.0
-5.16382,50,126.435253,0.0
-4.606664,50,126.471402,0.0
-5.321416,50,126.506938,0.0
-4.707588,50,126.542602,0.0
-4.720896,50,126.578629,0.0
-4.681593,50,126.613895,0.0
-4.054783,50,126.649386,0.0
-4.482762,50,126.68482,0.0
-4.552566,50,126.720167,0.0
-4.476354,50,126.755535,0.0
-5.678442,50,126.791357,0.0
-4.949713,50,126.827108,0.0
-5.083229,50,126.862607,0.0
-5.578022,50,126.897818,0.0
-5.150062,50,126.933016,0.0
-4.986034,50,126.968457,0.0
-5.282155,50,127.00356,0.0
-3.230491,50,127.038586,0.0
-4.497586,50,127.073954,0.0
-5.584244,50,127.108984,0.0
-5.470181,50,127.14438,0.0
-4.878724,50,127.179521,0.0
-5.11119,50,127.214747,0.0
-5.118005,50,127.250421,0.0
-4.834089,50,127.286024,0.0
-2.591406,50,127.321164,0.0
-4.988721,50,127.356288,0.0
-4.862295,50,127.391386,0.0
-4.279307,50,127.426288,0.0
-4.496647,50,127.461481,0.0
-5.110629,50,127.496676,0.0
-4.758657,50,127.531906,0.0
-4.969552,50,127.567214,0.0
-4.519274,50,127.717877,0.0
-4.449882,50,127.754386,0.0
-2.985035,50,127.789874,0.0
-5.012046,50,127.825821,0.0
-4.97705,50,127.861312,0.0
-4.610975,50,127.896944,0.0
-4.435729,50,127.932233,0.0
-4.833581,50,127.967163,0.0
-5.105083,50,128.002196,0.0
-4.731713,50,128.037687,0.0
-2.888395,50,128.07405,0.0
-5.104337,50,128.110204,0.0
-4.841634,50,128.145842,0.0
-4.216464,50,128.181802,0.0
-4.647315,50,128.217123,0.0
-4.712001,50,128.253822,0.0
-4.246302,50,128.29006,0.0
-4.537674,50,128.326049,0.0
-4.942866,50,128.363609,0.0
-5.002874,50,128.399355,0.0
-4.547326,50,128.435897,0.0
-4.526339,50,128.471887,0.0
-4.474007,50,128.507574,0.0
-5.678349,50,128.543307,0.0
-5.241469,50,128.579662,0.0
-4.970128,50,128.615518,0.0
-4.635974,50,128.652311,0.0
-5.095527,50,128.688551,0.0
-5.212278,50,128.724466,0.0
-4.13293,50,128.75997,0.0
-4.731916,50,128.795993,0.0
-4.460345,50,128.832195,0.0
-4.785371,50,128.867925,0.0
-4.524615,50,128.903754,0.0
-4.069632,50,128.939533,0.0
-4.44572,50,128.975125,0.0
-5.035872,50,129.010776,0.0
-4.944881,50,129.045911,0.0
-5.62762,50,129.080832,0.0
-4.724659,50,129.115732,0.0
-5.071854,50,129.151056,0.0
-4.761994,50,129.302426,0.0
-4.962637,50,129.338371,0.0
-4.657418,50,129.373699,0.0
-4.826097,50,129.409079,0.0
-4.717157,50,129.444226,0.0
-4.785861,50,129.479166,0.0
-4.891002,50,129.513606,0.0
-4.584969,50,129.548552,0.0
-4.660894,50,129.584144,0.0
-5.119159,50,129.619249,0.0
-4.709331,50,129.654305,0.0
-4.896844,50,129.689711,0.0
-4.702119,50,129.725154,0.0
-4.927068,50,129.760436,0.0
-4.995969,50,129.796132,0.0
-4.856959,50,129.831827,0.0
-4.531168,50,129.86711,0.0
-5.011673,50,129.902226,0.0
-4.334349,50,129.938539,0.0
-2.860027,50,129.974283,0.0
-5.136393,50,130.010015,0.0
-4.410758,50,130.045271,0.0
-5.097705,50,130.080556,0.0
-5.060411,50,130.116333,0.0
-4.966809,50,130.151537,0.0
-5.217208,50,130.186989,0.0
-5.061603,50,130.222524,0.0
-4.549863,50,130.25755,0.0
-4.793462,50,130.292831,0.0
-5.207113,50,130.328282,0.0
-5.4272,50,130.363489,0.0
-4.598198,50,130.398432,0.0
-5.251827,50,130.433255,0.0
-4.654869,50,130.468264,0.0
-5.244417,50,130.50346,0.0
-5.158579,50,130.538355,0.0
-5.530504,50,130.5733,0.0
-4.817913,50,130.608463,0.0
-4.810347,50,130.643344,0.0
-4.801291,50,130.678505,0.0
-2.95992,50,130.713804,0.0
-5.237612,50,130.863006,0.0
-5.457577,50,130.898546,0.0
-4.56544,50,130.933877,0.0
-4.710332,50,130.969329,0.0
-2.427023,50,131.004616,0.0
-4.642472,50,131.039387,0.0
-4.726625,50,131.074635,0.0
-5.004499,50,131.109481,0.0
-5.277586,50,131.144508,0.0
-2.870809,50,131.18,0.0
-5.355964,50,131.215307,0.0
-4.250981,50,131.25047,0.0
-5.344899,50,131.285792,0.0
-4.524169,50,131.320974,0.0
-4.653175,50,131.356582,0.0
-5.233438,50,131.391688,0.0
-4.682449,50,131.426589,0.0
-4.503855,50,131.461639,0.0
-4.539914,50,131.496804,0.0
-4.891949,50,131.531868,0.0
-2.682554,50,131.566443,0.0
-4.829364,50,131.600933,0.0
-4.62844,50,131.635814,0.0
-4.920051,50,131.670656,0.0
-4.68051,50,131.706105,0.0
-3.099854,50,131.741702,0.0
-5.100128,50,131.777036,0.0
-5.102418,50,131.812098,0.0
-2.920352,50,131.84722,0.0
-4.476283,50,131.882226,0.0
-4.618651,50,131.917579,0.0
-4.793139,50,131.95287,0.0
-4.952413,50,131.987737,0.0
-4.934629,50,132.022774,0.0
-4.710863,50,132.057944,0.0
-5.120482,50,132.093164,0.0
-4.674408,50,132.128322,0.0
-5.781712,50,132.163389,0.0
-5.066547,50,132.19857,0.0
-4.071057,50,132.233786,0.0
-2.752689,50,132.268552,0.0
-5.027487,50,132.416774,0.0
-4.490121,50,132.452266,0.0
-5.353098,50,132.487709,0.0
-5.045812,50,132.522769,0.0
-5.331093,50,132.558171,0.0
-4.915452,50,132.593515,0.0
-5.062849,50,132.628861,0.0
-4.573562,50,132.664278,0.0
-5.043536,50,132.699886,0.0
-4.3355,50,132.73506,0.0
-4.459932,50,132.770887,0.0
-5.140167,50,132.806336,0.0
-5.137788,50,132.841781,0.0
-4.526472,50,132.877134,0.0
-5.090344,50,132.912321,0.0
-4.943329,50,132.947524,0.0
-5.048988,50,132.983315,0.0
-4.522906,50,133.018704,0.0
-4.974571,50,133.053991,0.0
-4.909751,50,133.089238,0.0
-4.438217,50,133.124493,0.0
-4.488675,50,133.159806,0.0
-4.334725,50,133.194956,0.0
-4.76194,50,133.230296,0.0
-3.973623,50,133.265843,0.0
-4.371489,50,133.301392,0.0
-5.207624,50,133.336589,0.0
-4.67524,50,133.371972,0.0
-4.651053,50,133.407386,0.0
-4.54194,50,133.442572,0.0
-2.702029,50,133.478226,0.0
-5.274232,50,133.51347,0.0
-4.40163,50,133.548646,0.0
-4.430514,50,133.583611,0.0
-3.131221,50,133.618525,0.0
-4.542434,50,133.653366,0.0
-4.5214,50,133.688472,0.0
-4.488648,50,133.723758,0.0
-4.339873,50,133.759376,0.0
-4.382743,50,133.794862,0.0
-2.749263,50,133.830567,0.0
-4.654199,50,133.979851,0.0
-4.870504,50,134.015497,0.0
-4.996123,50,134.051245,0.0
-4.867456,50,134.086638,0.0
-4.011094,50,134.122182,0.0
-4.761497,50,134.157843,0.0
-4.785953,50,134.192889,0.0
-2.784966,50,134.227966,0.0
-4.804955,50,134.263248,0.0
-4.470076,50,134.298301,0.0
-4.179968,50,134.333802,0.0
-5.014397,50,134.368666,0.0
-5.631902,50,134.403759,0.0
-4.549351,50,134.438923,0.0
-5.19885,50,134.474167,0.0
-4.272807,50,134.508796,0.0
-4.716263,50,134.543977,0.0
-2.813755,50,134.578824,0.0
-5.54801,50,134.613981,0.0
-4.217424,50,134.648866,0.0
-5.607751,50,134.684124,0.0
-4.368864,50,134.719042,0.0
-4.730037,50,134.754562,0.0
-4.34577,50,134.78967,0.0
-4.974114,50,134.82482,0.0
-4.605723,50,134.859716,0.0
-4.516645,50,134.894963,0.0
-5.013235,50,134.929806,0.0
-5.533771,50,134.96443,0.0
-3.077878,50,134.999561,0.0
-4.871533,50,135.034628,0.0
-3.203291,50,135.069431,0.0
-4.598736,50,135.104679,0.0
-4.463435,50,135.139821,0.0
-4.522262,50,135.175415,0.0
-4.831362,50,135.211123,0.0
-4.697461,50,135.246205,0.0
-5.000391,50,135.281333,0.0
-5.128933,50,135.316598,0.0
-4.551783,50,135.351413,0.0
-4.532309,50,135.386452,0.0
-4.929596,50,135.533827,0.0
-4.218076,50,135.569532,0.0
-4.632371,50,135.604736,0.0
-5.450875,50,135.640116,0.0
-4.771969,50,135.675531,0.0
-4.448418,50,135.710966,0.0
-5.331716,50,135.746221,0.0
-5.444658,50,135.781831,0.0
-4.357592,50,135.817273,0.0
-3.144775,50,135.852471,0.0
-4.539922,50,135.88783,0.0
-5.508008,50,135.923252,0.0
-5.113406,50,135.958967,0.0
-3.34091,50,135.994087,0.0
-5.388168,50,136.029474,0.0
-4.63894,50,136.064702,0.0
-4.835104,50,136.099894,0.0
-4.513373,50,136.135059,0.0
-4.980493,50,136.170176,0.0
-5.048739,50,136.205646,0.0
-4.819998,50,136.24136,0.0
-4.531589,50,136.276711,0.0
-4.453328,50,136.312075,0.0
-4.806925,50,136.348483,0.0
-4.469379,50,136.385759,0.0
-4.840715,50,136.421436,0.0
-5.358767,50,136.456733,0.0
-5.035026,50,136.492003,0.0
-4.860572,50,136.526782,0.0
-5.13707,50,136.562103,0.0
-3.099671,50,136.597505,0.0
-4.960279,50,136.632875,0.0
-4.67452,50,136.668067,0.0
-5.160954,50,136.703974,0.0
-4.2594,50,136.739537,0.0
-4.403636,50,136.775394,0.0
-4.301219,50,136.810982,0.0
-4.867387,50,136.845838,0.0
-4.828968,50,136.881101,0.0
-5.393243,50,136.916477,0.0
-4.508795,50,136.951751,0.0
-4.65864,50,137.104698,0.0
-4.20661,50,137.140213,0.0
-4.377058,50,137.175497,0.0
-4.952452,50,137.211255,0.0
-3.433794,50,137.246617,0.0
-5.187186,50,137.281936,0.0
-5.157042,50,137.317398,0.0
-2.889681,50,137.352519,0.0
-4.980903,50,137.387869,0.0
-4.918008,50,137.423203,0.0
-4.298074,50,137.458714,0.0
-4.975984,50,137.493762,0.0
-2.983608,50,137.528897,0.0
-4.316024,50,137.564257,0.0
-4.813448,50,137.599447,0.0
-4.349884,50,137.634648,0.0
-3.28627,50,137.669794,0.0
-4.784842,50,137.705125,0.0
-5.149566,50,137.740301,0.0
-4.463811,50,137.775723,0.0
-4.950927,50,137.811063,0.0
-4.484375,50,137.846401,0.0
-5.223376,50,137.88136,0.0
-4.52106,50,137.915995,0.0
-4.665654,50,137.951026,0.0
-4.947531,50,137.986352,0.0
-5.181648,50,138.021469,0.0
-4.466178,50,138.056284,0.0
-4.801934,50,138.091972,0.0
-4.328265,50,138.127865,0.0
-4.890498,50,138.162967,0.0
-4.229869,50,138.198418,0.0
-4.606997,50,138.233834,0.0
-4.933572,50,138.26901,0.0
-4.875324,50,138.304808,0.0
-4.19395,50,138.340233,0.0
-4.365944,50,138.375589,0.0
-4.837072,50,138.410719,0.0
-4.9016,50,138.445862,0.0
-4.669536,50,138.481033,0.0
-4.449384,50,138.516241,0.0
-4.856616,50,138.66448,0.0
-5.175472,50,138.699944,0.0
-5.202485,50,138.735638,0.0
-5.183088,50,138.771522,0.0
-4.060369,50,138.806885,0.0
-4.183034,50,138.842205,0.0
-4.857031,50,138.877366,0.0
-2.829656,50,138.912542,0.0
-4.673537,50,138.947693,0.0
-5.360159,50,138.982936,0.0
-4.350814,50,139.018153,0.0
-4.196119,50,139.053503,0.0
-2.924489,50,139.088727,0.0
-3.011141,50,139.123708,0.0
-4.719977,50,139.159098,0.0
-4.698259,50,139.194156,0.0
-5.069942,50,139.229498,0.0
-2.749663,50,139.264862,0.0
-3.092933,50,139.300082,0.0
-4.224423,50,139.335467,0.0
-4.708851,50,139.371033,0.0
-4.401836,50,139.406696,0.0
-5.374834,50,139.442102,0.0
-5.061678,50,139.477672,0.0
-4.752433,50,139.512694,0.0
-5.035823,50,139.547959,0.0
-4.330803,50,139.583379,0.0
-4.790041,50,139.618648,0.0
-4.883099,50,139.653924,0.0
-5.511726,50,139.68937,0.0
-5.091333,50,139.724857,0.0
-4.91824,50,139.76026,0.0
-4.647284,50,139.795796,0.0
-5.133411,50,139.831265,0.0
-2.558455,50,139.866495,0.0
-5.052004,50,139.901676,0.0
-5.310961,50,139.936669,0.0
-4.983045,50,139.972128,0.0
-4.482741,50,140.007674,0.0
-4.741873,50,140.043111,0.0
-4.597145,50,140.078472,0.0
-4.817773,50,140.228231,0.0
-4.811904,50,140.2635,0.0
-4.481153,50,140.298803,0.0
-2.739757,50,140.334496,0.0
-4.369461,50,140.369615,0.0
-5.183325,50,140.404894,0.0
-4.607586,50,140.43991,0.0
-4.990031,50,140.475193,0.0
-4.797178,50,140.510371,0.0
-5.052586,50,140.545545,0.0
-4.626669,50,140.580649,0.0
-4.348246,50,140.616052,0.0
-4.593146,50,140.651219,0.0
-4.71587,50,140.686974,0.0
-4.464914,50,140.722121,0.0
-5.015797,50,140.757692,0.0
-5.451232,50,140.793541,0.0
-5.547341,50,140.828658,0.0
-4.68998,50,140.864056,0.0
-4.947727,50,140.899224,0.0
-4.83618,50,140.934349,0.0
-2.783357,50,140.969331,0.0
-5.260305,50,141.004342,0.0
-4.194008,50,141.039848,0.0
-4.595046,50,141.075117,0.0
-5.420899,50,141.110433,0.0
-4.64442,50,141.145833,0.0
-4.409417,50,141.181241,0.0
-4.927473,50,141.216432,0.0
-5.324763,50,141.251605,0.0
-5.242848,50,141.286865,0.0
-4.915469,50,141.322014,0.0
-5.510253,50,141.357047,0.0
-5.288087,50,141.392503,0.0
-4.599765,50,141.427849,0.0
-4.409934,50,141.463081,0.0
-2.98372,50,141.498272,0.0
-4.461096,50,141.533377,0.0
-5.009496,50,141.568636,0.0
-5.319388,50,141.603468,0.0
-4.380395,50,141.638743,0.0
-2.720952,50,141.787183,0.0
-5.295809,50,141.823071,0.0
-5.464627,50,141.858406,0.0
-2.919336,50,141.89349,0.0
-5.114176,50,141.928693,0.0
-4.645409,50,141.964177,0.0
-4.638638,50,141.999654,0.0
-4.520014,50,142.034936,0.0
-4.082203,50,142.070228,0.0
-4.357253,50,142.105706,0.0
-4.625458,50,142.140637,0.0
-4.785772,50,142.175917,0.0
-4.502751,50,142.210928,0.0
-4.807588,50,142.246183,0.0
-4.889837,50,142.281321,0.0
-4.884696,50,142.316326,0.0
-4.754787,50,142.351455,0.0
-5.138425,50,142.387079,0.0
-4.394957,50,142.421973,0.0
-4.798548,50,142.457076,0.0
-5.354789,50,142.492274,0.0
-4.932497,50,142.527526,0.0
-4.583003,50,142.562568,0.0
-4.497111,50,142.597676,0.0
-4.654099,50,142.632549,0.0
-4.70466,50,142.667708,0.0
-4.442347,50,142.703286,0.0
-4.530945,50,142.738896,0.0
-4.87083,50,142.773754,0.0
-5.07601,50,142.809801,0.0
-4.613008,50,142.844413,0.0
-5.616193,50,142.879366,0.0
-2.626355,50,142.914575,0.0
-4.862463,50,142.950211,0.0
-5.11727,50,142.98604,0.0
-4.392116,50,143.021017,0.0
-4.112683,50,143.056383,0.0
-4.509363,50,143.091434,0.0
-4.631391,50,143.126924,0.0
-4.787945,50,143.162413,0.0
-4.661983,50,143.197901,0.0
-5.07263,50,143.349077,0.0
-2.82246,50,143.383994,0.0
-2.686561,50,143.41914,0.0
-4.769459,50,143.454433,0.0
-4.268483,50,143.489575,0.0
-5.068921,50,143.524431,0.0
-2.917086,50,143.559321,0.0
-4.867034,50,143.594071,0.0
-4.398369,50,143.628871,0.0
-2.655582,50,143.665459,0.0
-4.158747,50,143.701408,0.0
-4.680024,50,143.737113,0.0
-2.863369,50,143.773112,0.0
-5.291028,50,143.809095,0.0
-4.606768,50,143.844679,0.0
-4.081746,50,143.879662,0.0
-5.547342,50,143.914843,0.0
-5.134085,50,143.949938,0.0
-5.375425,50,143.984662,0.0
-4.913056,50,144.01953,0.0
-4.515093,50,144.054907,0.0
-4.813654,50,144.08994,0.0
-4.705616,50,144.12494,0.0
-5.050885,50,144.159995,0.0
-4.315442,50,144.19489,0.0
-4.541622,50,144.230065,0.0
-4.670192,50,144.264968,0.0
-4.222062,50,144.299896,0.0
-5.197476,50,144.335231,0.0
-4.398774,50,144.370367,0.0
-5.086041,50,144.405218,0.0
-4.931934,50,144.44024,0.0
-5.077808,50,144.475719,0.0
-5.0886,50,144.511385,0.0
-5.605448,50,144.546642,0.0
-4.63854,50,144.582109,0.0
-5.04775,50,144.617368,0.0
-4.348533,50,144.652507,0.0
-4.504015,50,144.687686,0.0
-4.559509,50,144.722877,0.0
-4.932216,50,144.758056,0.0
-4.95203,50,144.908036,0.0
-4.97199,50,144.943642,0.0
-4.887437,50,144.979055,0.0
-5.053198,50,145.014691,0.0
-4.772186,50,145.049929,0.0
-4.7837,50,145.085257,0.0
-4.634869,50,145.120442,0.0
-4.682538,50,145.155359,0.0
-5.168644,50,145.190631,0.0
-5.017593,50,145.225764,0.0
-4.691402,50,145.260709,0.0
-5.064985,50,145.295971,0.0
-4.240696,50,145.331021,0.0
-4.89678,50,145.36595,0.0
-4.98919,50,145.401351,0.0
-3.977254,50,145.436625,0.0
-3.031031,50,145.471806,0.0
-4.753223,50,145.506839,0.0
-4.465879,50,145.541904,0.0
-5.102709,50,145.577185,0.0
-4.532029,50,145.612053,0.0
-4.449236,50,145.646749,0.0
-5.333054,50,145.681842,0.0
-2.914469,50,145.71716,0.0
-4.925833,50,145.751855,0.0
-4.518998,50,145.786755,0.0
-4.596197,50,145.821944,0.0
-5.165635,50,145.856637,0.0
-4.430254,50,145.891922,0.0
-4.719617,50,145.926805,0.0
-2.917241,50,145.961867,0.0
-4.498453,50,145.996638,0.0
-4.678704,50,146.031967,0.0
-4.534534,50,146.067227,0.0
-5.297762,50,146.102151,0.0
-4.918564,50,146.137823,0.0
-4.801753,50,146.17287,0.0
-4.925687,50,146.207896,0.0
-5.086654,50,146.243515,0.0
-4.756416,50,146.278953,0.0
-5.055321,50,146.314269,0.0
-4.992982,50,146.464398,0.0
-4.277076,50,146.499725,0.0
-4.549486,50,146.535109,0.0
-5.112466,50,146.570469,0.0
-4.530305,50,146.605347,0.0
-4.406172,50,146.641422,0.0
-4.387662,50,146.676969,0.0
-5.103152,50,146.712279,0.0
-4.218946,50,146.748192,0.0
-5.132474,50,146.783422,0.0
-4.741582,50,146.818988,0.0
-2.753482,50,146.854037,0.0
-4.660655,50,146.889439,0.0
-4.736724,50,146.924139,0.0
-5.1234,50,146.959035,0.0
-5.037273,50,146.994094,0.0
-5.045172,50,147.029225,0.0
-4.960519,50,147.064246,0.0
-5.1862,50,147.09957,0.0
-4.760851,50,147.134939,0.0
-4.779875,50,147.169892,0.0
-4.985311,50,147.204925,0.0
-4.225781,50,147.240223,0.0
-4.981052,50,147.275183,0.0
-4.856149,50,147.310115,0.0
-4.473651,50,147.345252,0.0
-4.462129,50,147.380399,0.0
-4.991439,50,147.41596,0.0
-4.858624,50,147.450702,0.0
-5.121451,50,147.485838,0.0
-5.33253,50,147.521117,0.0
-4.738115,50,147.556074,0.0
-5.012808,50,147.591124,0.0
-5.358832,50,147.62612,0.0
-5.009519,50,147.661152,0.0
-4.581921,50,147.696805,0.0
-2.476291,50,147.73247,0.0
-4.755346,50,147.767955,0.0
-5.175907,50,147.803438,0.0
-5.019223,50,147.839168,0.0
-4.965621,50,147.874235,0.0
-4.725204,50,148.024469,0.0
-4.903793,50,148.059926,0.0
-4.974275,50,148.095026,0.0
-4.451074,50,148.13048,0.0
-2.999192,50,148.165829,0.0
-4.652541,50,148.201253,0.0
-4.79175,50,148.236087,0.0
-4.355329,50,148.271304,0.0
-4.261623,50,148.306701,0.0
-4.942374,50,148.341626,0.0
-4.798082,50,148.376843,0.0
-4.705718,50,148.411971,0.0
-2.891064,50,148.447164,0.0
-5.639517,50,148.482363,0.0
-5.249023,50,148.517476,0.0
-2.664009,50,148.553543,0.0
-4.796028,50,148.589113,0.0
-4.417959,50,148.624347,0.0
-4.570991,50,148.660199,0.0
-2.405337,50,148.695841,0.0
-4.482557,50,148.731658,0.0
-5.837762,50,148.767118,0.0
-4.779717,50,148.802553,0.0
-5.358583,50,148.838343,0.0
-4.857771,50,148.873641,0.0
-5.423765,50,148.909112,0.0
-4.382604,50,148.94429,0.0
-4.897739,50,148.97983,0.0
-4.384204,50,149.015432,0.0
-4.312667,50,149.050633,0.0
-4.736227,50,149.086165,0.0
-4.99629,50,149.122146,0.0
-4.39329,50,149.157596,0.0
-4.242145,50,149.192866,0.0
-4.93969,50,149.22842,0.0
-4.8721,50,149.263617,0.0
-5.126149,50,149.299028,0.0
-4.929064,50,149.334241,0.0
-4.417756,50,149.369435,0.0
-5.266266,50,149.404924,0.0
-5.383637,50,149.440284,0.0
-5.37513,50,149.589288,0.0
-4.394559,50,149.624644,0.0
-4.671784,50,149.660085,0.0
-4.719758,50,149.696019,0.0
-4.926759,50,149.731652,0.0
-2.986272,50,149.766873,0.0
-4.103388,50,149.802367,0.0
-5.308427,50,149.837503,0.0
-3.83308,50,149.873725,0.0
-4.878384,50,149.90972,0.0
-5.068953,50,149.946384,0.0
-2.743644,50,149.982856,0.0
-4.064851,50,150.020325,0.0
-4.925999,50,150.057766,0.0
-4.688285,50,150.095693,0.0
-4.857919,50,150.132436,0.0
-4.945415,50,150.168616,0.0
-4.501352,50,150.204278,0.0
-4.788386,50,150.239313,0.0
-5.147957,50,150.274522,0.0
-4.413407,50,150.310022,0.0
-4.655515,50,150.345484,0.0
-4.668636,50,150.380309,0.0
-2.677007,50,150.415616,0.0
-4.742183,50,150.450711,0.0
-4.685523,50,150.485714,0.0
-5.493996,50,150.520666,0.0
-4.168642,50,150.555887,0.0
-4.744818,50,150.591629,0.0
-4.289055,50,150.627723,0.0
-4.855241,50,150.663821,0.0
-4.650528,50,150.699913,0.0
-4.513366,50,150.735903,0.0
-4.60134,50,150.771748,0.0
-4.322157,50,150.806935,0.0
-4.322675,50,150.84181,0.0
-4.975722,50,150.876911,0.0
-5.053042,50,150.912165,0.0
-5.08468,50,150.947247,0.0
-5.039906,50,150.982334,0.0
-4.660675,50,151.017699,0.0
-2.744077,50,151.166553,0.0
-4.510435,50,151.202172,0.0
-4.993369,50,151.23762,0.0
-5.519286,50,151.272968,0.0
-5.24307,50,151.308592,0.0
-5.111796,50,151.344075,0.0
-5.369984,50,151.379312,0.0
-5.130019,50,151.414693,0.0
-4.928796,50,151.449838,0.0
-2.528161,50,151.485077,0.0
-3.09301,50,151.520236,0.0
-4.648383,50,151.55523,0.0
-4.442823,50,151.590403,0.0
-4.483772,50,151.625791,0.0
-4.422333,50,151.660919,0.0
-4.941979,50,151.696572,0.0
-5.064231,50,151.731863,0.0
-4.561703,50,151.767395,0.0
-4.117505,50,151.802467,0.0
-4.795885,50,151.837995,0.0
-5.530993,50,151.873181,0.0
-5.340477,50,151.908494,0.0
-2.753862,50,151.943566,0.0
-4.750093,50,151.978563,0.0
-5.214528,50,152.014082,0.0
-5.017354,50,152.049175,0.0
-4.678837,50,152.084141,0.0
-5.056592,50,152.119456,0.0
-4.747784,50,152.154235,0.0
-4.527378,50,152.189391,0.0
-4.441533,50,152.224724,0.0
-4.576468,50,152.260727,0.0
-5.248124,50,152.295976,0.0
-5.252654,50,152.331502,0.0
-4.346205,50,152.366716,0.0
-4.963884,50,152.401987,0.0
-4.789505,50,152.43753,0.0
-4.906079,50,152.472875,0.0
-4.640649,50,152.508085,0.0
-4.703947,50,152.543382,0.0
-2.265182,50,152.578655,0.0
-4.474036,50,152.727375,0.0
-4.524687,50,152.762778,0.0
-2.812698,50,152.797907,0.0
-4.304822,50,152.833007,0.0
-4.839485,50,152.868701,0.0
-4.245323,50,152.90392,0.0
-3.940123,50,152.939262,0.0
-4.500401,50,152.97442,0.0
-4.520177,50,153.00941,0.0
-4.251014,50,153.044675,0.0
-4.75472,50,153.079929,0.0
-5.466858,50,153.115028,0.0
-4.351432,50,153.150223,0.0
-4.97026,50,153.185615,0.0
-4.791302,50,153.220593,0.0
-2.819868,50,153.25592,0.0
-4.776734,50,153.291364,0.0
-5.080228,50,153.326864,0.0
-4.203197,50,153.362142,0.0
-2.666315,50,153.397259,0.0
-3.733433,50,153.432373,0.0
-5.068622,50,153.467383,0.0
-5.147339,50,153.502764,0.0
-4.637705,50,153.537964,0.0
-4.263268,50,153.572956,0.0
-4.71599,50,153.608164,0.0
-2.705472,50,153.643172,0.0
-5.268976,50,154.020988,0.0
-4.62353,50,154.056014,0.0
-4.744081,50,154.091726,0.0
-4.908959,50,154.127396,0.0
-4.687272,50,154.162731,0.0
-4.872079,50,154.19784,0.0
-4.568484,50,154.233194,0.0
-5.012565,50,154.268579,0.0
-2.930731,50,154.303782,0.0
-4.429722,50,154.339246,0.0
-4.637021,50,154.374273,0.0
-4.889755,50,154.409529,0.0
-4.626227,50,154.444733,0.0
-5.178192,50,154.479873,0.0
-5.388941,50,154.629671,0.0
-5.055301,50,154.66508,0.0
-4.288891,50,154.700755,0.0
-2.734801,50,154.736887,0.0
-4.986961,50,154.772496,0.0
-4.520355,50,154.808306,0.0
-4.19311,50,154.843514,0.0
-4.379577,50,154.879329,0.0
-5.022581,50,154.91465,0.0
-4.514755,50,154.949917,0.0
-4.200947,50,154.985055,0.0
-4.16078,50,155.020388,0.0
-3.108309,50,155.055604,0.0
-4.828538,50,155.090524,0.0
-4.863817,50,155.125737,0.0
-5.423587,50,155.160379,0.0
-4.680728,50,155.195335,0.0
-4.686958,50,155.229974,0.0
-5.081119,50,155.265409,0.0
-4.839604,50,155.301205,0.0
-4.104166,50,155.336417,0.0
-5.097863,50,155.372168,0.0
-2.843332,50,155.407793,0.0
-2.659593,50,155.44293,0.0
-5.309626,50,155.477972,0.0
-4.740044,50,155.51338,0.0
-4.768584,50,155.548708,0.0
-4.918666,50,155.583948,0.0
-4.106218,50,155.619207,0.0
-4.819699,50,155.654495,0.0
-4.94211,50,155.689517,0.0
-2.795477,50,155.724295,0.0
-5.017319,50,155.759521,0.0
-4.853749,50,155.794893,0.0
-4.856841,50,155.830201,0.0
-5.147354,50,155.865953,0.0
-4.547088,50,155.901756,0.0
-5.019781,50,155.93723,0.0
-5.12381,50,155.972467,0.0
-5.091476,50,156.007554,0.0
-5.484398,50,156.042538,0.0
-2.872578,50,156.191142,0.0
-5.395561,50,156.226647,0.0
-2.48903,50,156.261989,0.0
-5.341225,50,156.297894,0.0
-2.451931,50,156.335405,0.0
-4.366416,50,156.371685,0.0
-4.813469,50,156.409271,0.0
-4.860748,50,156.444807,0.0
-5.002313,50,156.480969,0.0
-4.49708,50,156.51728,0.0
-2.942642,50,156.553519,0.0
-5.241768,50,156.589525,0.0
-4.716197,50,156.624869,0.0
-4.660751,50,156.660506,0.0
-5.189487,50,156.696356,0.0
-4.733376,50,156.731901,0.0
-4.171221,50,156.768055,0.0
-4.544963,50,156.803775,0.0
-5.046594,50,156.839436,0.0
-4.996136,50,156.876809,0.0
-5.098305,50,156.91245,0.0
-4.971151,50,156.948043,0.0
-5.610886,50,156.983775,0.0
-4.439468,50,157.020063,0.0
-4.628701,50,157.055669,0.0
-4.598729,50,157.092486,0.0
-4.281695,50,157.128097,0.0
-4.795863,50,157.163833,0.0
-4.610243,50,157.200351,0.0
-4.458292,50,157.236233,0.0
-2.806962,50,157.272063,0.0
-4.581228,50,157.307649,0.0
-5.152992,50,157.343455,0.0
-4.807459,50,157.380544,0.0
-4.466219,50,157.416488,0.0
-4.490067,50,157.451809,0.0
-2.702386,50,157.487544,0.0
-4.286144,50,157.523283,0.0
-4.505964,50,157.558445,0.0
-4.290639,50,157.594243,0.0
-4.444434,50,157.629713,0.0
-4.617283,50,157.780508,0.0
-5.085223,50,157.81643,0.0
-5.012013,50,157.852097,0.0
-4.624941,50,157.888337,0.0
-4.588886,50,157.924385,0.0
-4.655046,50,157.958893,0.0
-5.615775,50,157.994143,0.0
-4.656803,50,158.029363,0.0
-4.274356,50,158.065048,0.0
-4.876817,50,158.100789,0.0
-4.395317,50,158.13646,0.0
-3.155558,50,158.172,0.0
-4.289502,50,158.207522,0.0
-5.017112,50,158.242742,0.0
-5.105636,50,158.27786,0.0
-5.075521,50,158.313336,0.0
-2.478561,50,158.348478,0.0
-4.089229,50,158.383936,0.0
-4.532764,50,158.419519,0.0
-5.251656,50,158.454954,0.0
-4.822017,50,158.490081,0.0
-4.124913,50,158.525358,0.0
-5.050919,50,158.56056,0.0
-4.645315,50,158.595932,0.0
-4.710573,50,158.631392,0.0
-2.551393,50,158.666505,0.0
-4.97523,50,158.701801,0.0
-4.339632,50,158.736828,0.0
-4.858917,50,158.772009,0.0
-5.203016,50,158.807679,0.0
-5.260679,50,158.843505,0.0
-4.929297,50,158.878915,0.0
-2.77303,50,158.914359,0.0
-3.864595,50,158.949444,0.0
-4.858607,50,158.984482,0.0
-4.195725,50,159.019983,0.0
-5.062859,50,159.054706,0.0
-4.989608,50,159.08957,0.0
-4.641937,50,159.124797,0.0
-4.019669,50,159.159745,0.0
-4.582947,50,159.307223,0.0
-4.751121,50,159.342799,0.0
-4.876599,50,159.37839,0.0
-4.686835,50,159.413443,0.0
-5.109548,50,159.44863,0.0
-4.391773,50,159.483677,0.0
-5.18191,50,159.5188,0.0
-4.718352,50,159.554029,0.0
-2.823153,50,159.58899,0.0
-2.529149,50,159.623961,0.0
-4.626149,50,159.659054,0.0
-4.601674,50,159.693789,0.0
-2.622214,50,159.728991,0.0
-4.807251,50,159.764449,0.0
-4.974977,50,159.799638,0.0
-4.514321,50,159.834588,0.0
-5.47041,50,159.869833,0.0
-5.052838,50,159.905278,0.0
-4.773271,50,159.940974,0.0
-4.831706,50,159.976292,0.0
-4.309936,50,160.011543,0.0
-4.917924,50,160.04677,0.0
-4.131907,50,160.081716,0.0
-5.006009,50,160.116824,0.0
-4.527688,50,160.151887,0.0
-4.794294,50,160.186867,0.0
-5.282592,50,160.222254,0.0
-4.484778,50,160.25769,0.0
-4.319452,50,160.293026,0.0
-3.29193,50,160.328312,0.0
-4.636397,50,160.363585,0.0
-4.389852,50,160.398512,0.0
-2.633865,50,160.433894,0.0
-4.709514,50,160.468994,0.0
-4.869965,50,160.504076,0.0
-4.485997,50,160.5394,0.0
-4.344168,50,160.574702,0.0
-2.941746,50,160.609643,0.0
-4.179647,50,160.64562,0.0
-2.787891,50,160.681117,0.0
-4.661235,50,160.716496,0.0
-4.805349,50,160.866031,0.0
-5.449583,50,160.901729,0.0
-4.819796,50,160.937778,0.0
-4.88121,50,160.972997,0.0
-4.776204,50,161.008415,0.0
-4.65651,50,161.043617,0.0
-4.736167,50,161.078534,0.0
-5.070329,50,161.113813,0.0
-5.263383,50,161.149109,0.0
-4.751968,50,161.184197,0.0
-4.854988,50,161.219374,0.0
-5.040772,50,161.254606,0.0
-5.395653,50,161.289928,0.0
-4.978862,50,161.325308,0.0
-5.490097,50,161.36036,0.0
-5.417919,50,161.395482,0.0
-2.659582,50,161.430851,0.0
-4.752466,50,161.465914,0.0
-4.461315,50,161.501485,0.0
-2.874382,50,161.53654,0.0
-4.710066,50,161.571194,0.0
-4.255473,50,161.605592,0.0
-4.334759,50,161.640047,0.0
-4.459199,50,161.674844,0.0
-4.533722,50,161.710044,0.0
-4.691502,50,161.745453,0.0
-4.512287,50,161.780612,0.0
-4.6945,50,161.816113,0.0
-4.76914,50,161.851222,0.0
-4.733768,50,161.886546,0.0
-3.170474,50,161.921743,0.0
-2.562764,50,161.957135,0.0
-4.853742,50,161.992444,0.0
-5.122569,50,162.02733,0.0
-4.694918,50,162.06232,0.0
-2.538849,50,162.097438,0.0
-4.639601,50,162.132326,0.0
-4.468365,50,162.167876,0.0
-4.952259,50,162.202987,0.0
-5.456067,50,162.238222,0.0
-4.446818,50,162.273349,0.0
-4.952242,50,162.420877,0.0
-4.917431,50,162.456246,0.0
-4.55371,50,162.491471,0.0
-4.571121,50,162.526751,0.0
-4.574466,50,162.562026,0.0
-4.894723,50,162.597157,0.0
-2.875308,50,162.632238,0.0
-3.049957,50,162.667384,0.0
-3.950567,50,162.702589,0.0
-4.971143,50,162.737829,0.0
-4.502737,50,162.772942,0.0
-4.786451,50,162.808087,0.0
-4.492466,50,162.843008,0.0
-5.170919,50,162.877907,0.0
-5.283835,50,162.913795,0.0
-4.531476,50,162.949431,0.0
-5.234203,50,162.9845,0.0
-4.884582,50,163.019842,0.0
-4.687249,50,163.05499,0.0
-4.616915,50,163.090381,0.0
-4.641608,50,163.126039,0.0
-4.85893,50,163.161339,0.0
-4.299576,50,163.196944,0.0
-3.012345,50,163.232192,0.0
-4.828485,50,163.267729,0.0
-4.802445,50,163.303261,0.0
-4.154469,50,163.338982,0.0
-4.374832,50,163.374334,0.0
-4.583212,50,163.40991,0.0
-4.300474,50,163.445383,0.0
-4.264277,50,163.480376,0.0
-4.976736,50,163.516085,0.0
-5.015239,50,163.551292,0.0
-4.900348,50,163.586527,0.0
-5.030979,50,163.621739,0.0
-5.24139,50,163.656869,0.0
-5.049482,50,163.691941,0.0
-4.39699,50,163.727095,0.0
-4.744606,50,163.762076,0.0
-5.174208,50,163.797723,0.0
-5.007404,50,163.833003,0.0
-4.596588,50,163.981614,0.0
-4.533314,50,164.019215,0.0
-4.384834,50,164.055462,0.0
-4.50059,50,164.091125,0.0
-4.721383,50,164.126765,0.0
-4.092764,50,164.161738,0.0
-4.462805,50,164.196902,0.0
-2.879301,50,164.232213,0.0
-4.428429,50,164.267278,0.0
-4.878958,50,164.30327,0.0
-2.842929,50,164.339011,0.0
-2.737016,50,164.374337,0.0
-2.733586,50,164.409929,0.0
-4.326023,50,164.446169,0.0
-4.941404,50,164.482753,0.0
-4.561995,50,164.520004,0.0
-4.481742,50,164.555919,0.0
-4.323438,50,164.591398,0.0
-4.476578,50,164.627203,0.0
-4.738152,50,164.662517,0.0
-4.888217,50,164.697573,0.0
-4.630776,50,164.733785,0.0
-4.840433,50,164.770028,0.0
-4.965696,50,164.805403,0.0
-4.919721,50,164.840492,0.0
-4.756543,50,164.876284,0.0
-3.174272,50,164.912385,0.0
-4.936767,50,164.947913,0.0
-5.061144,50,164.983675,0.0
-5.129236,50,165.019502,0.0
-4.116611,50,165.054949,0.0
-4.437265,50,165.091715,0.0
-4.88073,50,165.128553,0.0
-4.676926,50,165.165654,0.0
-5.492974,50,165.202028,0.0
-3.119283,50,165.237934,0.0
-4.360009,50,165.273812,0.0
-5.015619,50,165.309219,0.0
-5.694976,50,165.344237,0.0
-5.048649,50,165.379936,0.0
-4.77919,50,165.416014,0.0
-4.626356,50,165.567084,0.0
-5.39363,50,165.602526,0.0
-4.641965,50,165.637719,0.0
-5.183093,50,165.672892,0.0
-4.11413,50,165.708866,0.0
-4.225747,50,165.745235,0.0
-4.568131,50,165.78138,0.0
-4.688716,50,165.81776,0.0
-4.637424,50,165.853626,0.0
-4.592859,50,165.889628,0.0
-4.657632,50,165.925915,0.0
-4.185435,50,165.962213,0.0
-2.692291,50,165.99848,0.0
-5.329557,50,166.034377,0.0
-4.474995,50,166.069854,0.0
-5.197436,50,166.105311,0.0
-4.331522,50,166.14067,0.0
-4.788412,50,166.175838,0.0
-4.667238,50,166.210897,0.0
-4.782074,50,166.246201,0.0
-4.6679,50,166.281364,0.0
-4.813835,50,166.318006,0.0
-4.195147,50,166.353389,0.0
-5.112574,50,166.388769,0.0
-2.492869,50,166.42449,0.0
-4.729469,50,166.459866,0.0
-2.481146,50,166.49512,0.0
-4.413335,50,166.530236,0.0
-2.554953,50,166.565402,0.0
-4.11484,50,166.600162,0.0
-5.024725,50,166.635324,0.0
-4.656816,50,166.670075,0.0
-4.539976,50,166.705207,0.0
-5.034054,50,166.740413,0.0
-4.42894,50,166.775467,0.0
-5.514546,50,166.810596,0.0
-3.049221,50,166.846611,0.0
-5.438853,50,166.882807,0.0
-4.453243,50,166.91906,0.0
-4.34286,50,166.954404,0.0
-4.479862,50,166.989448,0.0
-2.741588,50,167.13983,0.0
-4.419433,50,167.175227,0.0
-4.447141,50,167.210723,0.0
-4.616682,50,167.246082,0.0
-4.559301,50,167.281217,0.0
-4.18622,50,167.31662,0.0
-5.046489,50,167.351863,0.0
-3.694341,50,167.38724,0.0
-2.902748,50,167.422941,0.0
-4.412474,50,167.458407,0.0
-4.9033,50,167.493763,0.0
-2.470462,50,167.529207,0.0
-5.50214,50,167.564228,0.0
-4.558049,50,167.599443,0.0
-4.561089,50,167.634593,0.0
-5.052167,50,167.669695,0.0
-4.992317,50,167.704891,0.0
-4.403086,50,167.740087,0.0
-5.211236,50,167.775372,0.0
-4.551345,50,167.810533,0.0
-4.35612,50,167.845142,0.0
-4.617156,50,167.880212,0.0
-4.67183,50,167.915855,0.0
-5.263338,50,167.951029,0.0
-5.041644,50,167.986067,0.0
-4.811556,50,168.021407,0.0
-4.311541,50,168.056492,0.0
-4.634955,50,168.091657,0.0
-2.74836,50,168.127949,0.0
-2.63961,50,168.164189,0.0
-4.841421,50,168.20072,0.0
-3.315781,50,168.236806,0.0
-4.504754,50,168.27311,0.0
-5.159976,50,168.309341,0.0
-4.187256,50,168.344805,0.0
-4.787479,50,168.38011,0.0
-5.378329,50,168.415284,0.0
-5.085529,50,168.450754,0.0
-4.342579,50,168.486075,0.0
-4.84763,50,168.521042,0.0
-2.478384,50,168.556139,0.0
-2.754969,50,168.705359,0.0
-4.683596,50,168.740653,0.0
-4.868828,50,168.775942,0.0
-4.095144,50,168.811419,0.0
-4.840751,50,168.846507,0.0
-2.844826,50,168.881536,0.0
-4.401392,50,168.917617,0.0
-5.198147,50,168.953143,0.0
-5.246678,50,168.988239,0.0
-4.322538,50,169.024122,0.0
-5.249351,50,169.0596,0.0
-4.262095,50,169.095451,0.0
-4.70156,50,169.1312,0.0
-4.298846,50,169.166649,0.0
-5.019457,50,169.201765,0.0
-4.748171,50,169.237595,0.0
-4.759345,50,169.273317,0.0
-4.834912,50,169.308668,0.0
-4.738442,50,169.344424,0.0
-5.448309,50,169.379374,0.0
-3.0524,50,169.415036,0.0
-4.7041,50,169.450618,0.0
-4.906207,50,169.486103,0.0
-4.649946,50,169.52165,0.0
-4.382815,50,169.557048,0.0
-4.546682,50,169.592359,0.0
-4.979133,50,169.628159,0.0
-4.655762,50,169.663779,0.0
-4.620929,50,169.699139,0.0
-4.637915,50,169.734705,0.0
-4.677238,50,169.770327,0.0
-2.770786,50,169.806104,0.0
-5.054252,50,169.841441,0.0
-4.379572,50,169.876722,0.0
-4.201439,50,169.912081,0.0
-3.936013,50,169.947445,0.0
-4.747847,50,169.982902,0.0
-5.175956,50,170.018237,0.0
-4.199731,50,170.053486,0.0
-2.960677,50,170.088459,0.0
-5.259139,50,170.123666,0.0
-4.94606,50,170.273687,0.0
-4.267332,50,170.309221,0.0
-2.384979,50,170.345574,0.0
-4.975049,50,170.381167,0.0
-4.237581,50,170.417294,0.0
-2.625439,50,170.452842,0.0
-4.755495,50,170.48817,0.0
-5.117939,50,170.52305,0.0
-2.845726,50,170.558284,0.0
-5.603569,50,170.593419,0.0
-4.693953,50,170.628407,0.0
-4.767535,50,170.6637,0.0
-4.123593,50,170.698808,0.0
-4.466334,50,170.733821,0.0
-4.560503,50,170.76956,0.0
-5.222389,50,170.805292,0.0
-4.660032,50,170.840865,0.0
-4.664695,50,170.876075,0.0
-4.682747,50,170.911498,0.0
-4.708336,50,170.947192,0.0
-4.99809,50,170.982238,0.0
-5.311746,50,171.017606,0.0
-4.629655,50,171.052873,0.0
-5.048934,50,171.087884,0.0
-4.889841,50,171.123008,0.0
-4.551625,50,171.158231,0.0
-4.563154,50,171.193443,0.0
-4.360884,50,171.2285,0.0
-5.057745,50,171.263583,0.0
-4.747438,50,171.298924,0.0
-4.579316,50,171.334335,0.0
-5.158487,50,171.369612,0.0
-2.613572,50,171.404811,0.0
-4.281793,50,171.439979,0.0
-4.434186,50,171.475182,0.0
-5.006426,50,171.510503,0.0
-4.658553,50,171.546507,0.0
-4.415376,50,171.582028,0.0
-4.908138,50,171.617716,0.0
-4.237368,50,171.653107,0.0
-3.027038,50,171.688823,0.0
-5.225921,50,171.839081,0.0
-4.528148,50,171.874911,0.0
-5.230667,50,171.910135,0.0
-4.521682,50,171.946054,0.0
-4.364438,50,171.981507,0.0
-4.535311,50,172.016277,0.0
-5.037345,50,172.051691,0.0
-4.712197,50,172.08665,0.0
-2.628499,50,172.121734,0.0
-4.562564,50,172.15724,0.0
-5.05139,50,172.192294,0.0
-4.512267,50,172.227494,0.0
-4.308457,50,172.262216,0.0
-4.486485,50,172.297661,0.0
-5.003235,50,172.332667,0.0
-5.67051,50,172.367824,0.0
-4.379629,50,172.402953,0.0
-4.373354,50,172.438191,0.0
-3.051118,50,172.473671,0.0
-4.520972,50,172.508566,0.0
-5.108714,50,172.54348,0.0
-2.759078,50,172.579122,0.0
-4.931668,50,172.61443,0.0
-4.536418,50,172.650604,0.0
-4.751006,50,172.686783,0.0
-5.035492,50,172.722807,0.0
-4.604984,50,172.758933,0.0
-4.237931,50,172.794798,0.0
-4.600251,50,172.830578,0.0
-5.25925,50,172.866304,0.0
-4.832639,50,172.901936,0.0
-5.187914,50,172.938338,0.0
-4.953823,50,172.974309,0.0
-5.202733,50,173.009944,0.0
-5.112977,50,173.045368,0.0
-5.082189,50,173.08102,0.0
-3.126441,50,173.117019,0.0
-4.148437,50,173.152813,0.0
-4.387084,50,173.188571,0.0
-5.157348,50,173.22417,0.0
-2.602645,50,173.260627,0.0
-5.355096,50,173.413852,0.0
-4.911198,50,173.449301,0.0
-4.982942,50,173.484666,0.0
-3.182886,50,173.52061,0.0
-2.774518,50,173.556096,0.0
-4.686969,50,173.591923,0.0
-2.879007,50,173.628111,0.0
-4.142692,50,173.663686,0.0
-5.492819,50,173.699938,0.0
-4.874922,50,173.736109,0.0
-4.310822,50,173.772328,0.0
-4.231245,50,173.808033,0.0
-5.146127,50,173.844027,0.0
-4.245721,50,173.879784,0.0
-4.692805,50,173.915987,0.0
-4.647568,50,173.952067,0.0
-5.026038,50,173.988472,0.0
-5.020808,50,174.024518,0.0
-5.20524,50,174.060718,0.0
-5.102034,50,174.096518,0.0
-5.027762,50,174.132767,0.0
-4.497347,50,174.168375,0.0
-4.305025,50,174.204129,0.0
-4.405639,50,174.239852,0.0
-4.37862,50,174.275519,0.0
-5.052884,50,174.310874,0.0
-4.590741,50,174.346426,0.0
-4.626129,50,174.382622,0.0
-4.968789,50,174.418562,0.0
-4.402655,50,174.45424,0.0
-5.225498,50,174.490193,0.0
-4.434721,50,174.526243,0.0
-4.926638,50,174.562075,0.0
-5.305768,50,174.597666,0.0
-4.251903,50,174.633569,0.0
-4.404113,50,174.669191,0.0
-2.984393,50,174.705,0.0
-4.45633,50,174.741212,0.0
-4.078286,50,174.777141,0.0
-2.857976,50,174.813174,0.0
-4.24003,50,174.849492,0.0
-4.65017,50,175.001395,0.0
-4.246876,50,175.037733,0.0
-4.311057,50,175.073637,0.0
-4.968484,50,175.109698,0.0
-4.407822,50,175.145521,0.0
-2.819832,50,175.181733,0.0
-4.978014,50,175.217802,0.0
-4.46543,50,175.254039,0.0
-4.260981,50,175.289726,0.0
-2.92157,50,175.324705,0.0
-4.641807,50,175.359893,0.0
-4.613937,50,175.395324,0.0
-4.255833,50,175.430547,0.0
-4.541445,50,175.465918,0.0
-4.819216,50,175.500882,0.0
-5.357058,50,175.5359,0.0
-4.970133,50,175.571149,0.0
-5.551619,50,175.606179,0.0
-2.821538,50,175.641812,0.0
-4.876703,50,175.677686,0.0
-5.360692,50,175.713276,0.0
-4.711827,50,175.748657,0.0
-4.806458,50,175.784503,0.0
-4.499436,50,175.820398,0.0
-4.155001,50,175.855844,0.0
-4.643539,50,175.891302,0.0
-4.817782,50,175.926952,0.0
-5.066822,50,175.963449,0.0
-4.577935,50,175.99931,0.0
-4.404823,50,176.035092,0.0
-3.042058,50,176.071329,0.0
-4.845226,50,176.107453,0.0
-4.706267,50,176.142891,0.0
-2.571484,50,176.177978,0.0
-4.57814,50,176.21341,0.0
-4.966104,50,176.248664,0.0
-3.820832,50,176.28387,0.0
-4.984114,50,176.319387,0.0
-4.800757,50,176.354551,0.0
-4.611387,50,176.389664,0.0
-4.573099,50,176.425201,0.0
-4.514835,50,176.57646,0.0
-4.39383,50,176.612602,0.0
-4.153801,50,176.648739,0.0
-3.953141,50,176.684326,0.0
-3.995818,50,176.719999,0.0
-4.097671,50,176.755733,0.0
-2.871553,50,176.79116,0.0
-4.837904,50,176.826994,0.0
-4.94648,50,176.862261,0.0
-4.723746,50,176.897156,0.0
-4.575496,50,176.932553,0.0
-4.532355,50,176.967864,0.0
-4.371399,50,177.003658,0.0
-4.674821,50,177.039154,0.0
-2.963088,50,177.075098,0.0
-4.144424,50,177.110827,0.0
-3.890754,50,177.147136,0.0
-4.558569,50,177.182822,0.0
-4.957334,50,177.218412,0.0
-2.636164,50,177.253823,0.0
-4.034977,50,177.289777,0.0
-4.862817,50,177.325166,0.0
-4.424163,50,177.36106,0.0
-4.613875,50,177.396597,0.0
-4.493997,50,177.431922,0.0
-4.381282,50,177.467895,0.0
-4.765652,50,177.503208,0.0
-4.128851,50,177.538363,0.0
-4.553878,50,177.574015,0.0
-4.658918,50,177.609526,0.0
-4.231094,50,177.644842,0.0
-2.759678,50,177.679935,0.0
-4.935722,50,177.714655,0.0
-5.347718,50,177.749441,0.0
-4.466439,50,177.785,0.0
-4.85518,50,177.820405,0.0
-4.256651,50,177.856017,0.0
-4.508879,50,177.891446,0.0
-4.196773,50,177.926878,0.0
-4.187817,50,177.962325,0.0
-4.325496,50,177.997108,0.0
-4.532184,50,178.146878,0.0
-4.874099,50,178.182185,0.0
-4.624483,50,178.217719,0.0
-4.669726,50,178.253605,0.0
-4.311803,50,178.289163,0.0
-4.726827,50,178.324077,0.0
-4.149855,50,178.359126,0.0
-3.203427,50,178.394487,0.0
-5.083121,50,178.429773,0.0
-4.203418,50,178.46529,0.0
-4.48363,50,178.50031,0.0
-4.494487,50,178.535544,0.0
-4.600839,50,178.570941,0.0
-4.797163,50,178.605946,0.0
-5.160482,50,178.641474,0.0
-4.601561,50,178.676942,0.0
-5.040275,50,178.712216,0.0
-5.096284,50,178.747681,0.0
-4.316334,50,178.783167,0.0
-4.410224,50,178.818209,0.0
-5.458118,50,178.853526,0.0
-5.068263,50,178.888856,0.0
-3.055739,50,178.923934,0.0
-5.295026,50,178.959609,0.0
-5.288212,50,178.994978,0.0
-4.128382,50,179.030197,0.0
-4.379261,50,179.065316,0.0
-4.735196,50,179.100145,0.0
-4.394883,50,179.13513,0.0
-4.553214,50,179.170406,0.0
-4.923703,50,179.205753,0.0
-4.817751,50,179.241283,0.0
-3.989745,50,179.276509,0.0
-4.713845,50,179.311699,0.0
-4.912865,50,179.347215,0.0
-5.078427,50,179.382282,0.0
-4.499034,50,179.417412,0.0
-4.77778,50,179.452769,0.0
-4.235262,50,179.488031,0.0
-4.727035,50,179.523725,0.0
-4.339388,50,179.55919,0.0
-4.977594,50,179.70866,0.0
-4.841137,50,179.744188,0.0
-4.98178,50,179.779319,0.0
-4.745453,50,179.814541,0.0
-4.705371,50,179.850374,0.0
-4.839908,50,179.885712,0.0
-4.256116,50,179.921745,0.0
-4.84801,50,179.957558,0.0
-4.21668,50,179.992925,0.0
-4.836696,50,180.0286,0.0
-5.337292,50,180.063769,0.0
-2.72925,50,180.098947,0.0
-4.573677,50,180.134346,0.0
-4.386812,50,180.169811,0.0
-2.993007,50,180.205164,0.0
-5.201264,50,180.240216,0.0
-2.919616,50,180.27563,0.0
-4.564594,50,180.310579,0.0
-2.84703,50,180.345703,0.0
-5.134504,50,180.380718,0.0
-2.511086,50,180.416087,0.0
-4.431666,50,180.451495,0.0
-4.170532,50,180.486386,0.0
-4.870766,50,180.521664,0.0
-4.35767,50,180.55684,0.0
-4.550378,50,180.591818,0.0
-4.894268,50,180.626948,0.0
-4.622729,50,180.661952,0.0
-4.643624,50,180.697157,0.0
-5.076178,50,180.732525,0.0
-4.601756,50,180.767758,0.0
-4.808458,50,180.802929,0.0
-5.439914,50,180.838141,0.0
-4.44953,50,180.873106,0.0
-4.628077,50,180.908221,0.0
-4.384467,50,180.943664,0.0
-4.328753,50,180.979068,0.0
-4.432284,50,181.014592,0.0
-4.676027,50,181.050186,0.0
-4.295757,50,181.085479,0.0
-4.976811,50,181.121006,0.0
-5.56164,50,181.270258,0.0
-4.525412,50,181.305868,0.0
-4.626924,50,181.341236,0.0
-5.104018,50,181.376192,0.0
-4.682651,50,181.411557,0.0
-5.402862,50,181.446443,0.0
-3.082479,50,181.481633,0.0
-4.610646,50,181.516875,0.0
-5.171648,50,181.552297,0.0
-4.599968,50,181.587871,0.0
-2.8096,50,181.623404,0.0
-4.410361,50,181.659102,0.0
-4.87102,50,181.694394,0.0
-4.419878,50,181.729613,0.0
-4.767286,50,181.765161,0.0
-4.093629,50,181.800489,0.0
-4.939551,50,181.835644,0.0
-4.994514,50,181.871061,0.0
-4.898102,50,181.906482,0.0
-4.051035,50,181.941741,0.0
-4.94661,50,181.977046,0.0
-4.195642,50,182.012246,0.0
-4.511688,50,182.047779,0.0
-4.256421,50,182.083504,0.0
-4.670045,50,182.118985,0.0
-4.646902,50,182.154135,0.0
-4.717302,50,182.189636,0.0
-4.457973,50,182.224776,0.0
-4.437788,50,182.260045,0.0
-4.533178,50,182.29528,0.0
-4.689625,50,182.330677,0.0
-5.627722,50,182.365879,0.0
-4.774846,50,182.401505,0.0
-4.196266,50,182.43701,0.0
-4.510734,50,182.472306,0.0
-4.899254,50,182.507542,0.0
-4.922453,50,182.542681,0.0
-4.605921,50,182.577904,0.0
-3.165024,50,182.613009,0.0
-2.616206,50,182.648078,0.0
-4.960663,50,182.683724,0.0
-4.658128,50,182.833123,0.0
-4.30382,50,182.868725,0.0
-4.762114,50,182.904456,0.0
-4.673464,50,182.939837,0.0
-4.286983,50,182.975069,0.0
-4.646118,50,183.010428,0.0
-4.848852,50,183.045753,0.0
-4.297761,50,183.081303,0.0
-4.224211,50,183.116066,0.0
-4.167431,50,183.151095,0.0
-4.774323,50,183.186517,0.0
-4.615948,50,183.221379,0.0
-4.607504,50,183.257986,0.0
-4.976874,50,183.294408,0.0
-4.667989,50,183.330513,0.0
-4.789768,50,183.366598,0.0
-4.192571,50,183.402474,0.0
-4.245363,50,183.438775,0.0
-4.203404,50,183.474711,0.0
-4.743522,50,183.51045,0.0
-5.112948,50,183.546685,0.0
-2.643496,50,183.582933,0.0
-4.752613,50,183.61883,0.0
-4.481444,50,183.655105,0.0
-4.764141,50,183.691352,0.0
-3.937379,50,183.727653,0.0
-4.295638,50,183.763895,0.0
-4.312587,50,183.799429,0.0
-4.875812,50,183.835182,0.0
-4.011393,50,183.870768,0.0
-4.267726,50,183.906512,0.0
-4.542069,50,183.941558,0.0
-4.674835,50,183.977087,0.0
-4.595611,50,184.012787,0.0
-4.490126,50,184.048049,0.0
-2.909499,50,184.083817,0.0
-4.738865,50,184.119507,0.0
-4.079071,50,184.154468,0.0
-4.703473,50,184.189822,0.0
-4.78679,50,184.225185,0.0
-4.367477,50,184.260724,0.0
-3.03088,50,184.409218,0.0
-4.600374,50,184.444749,0.0
-4.493505,50,184.480021,0.0
-4.961332,50,184.515198,0.0
-4.805667,50,184.550388,0.0
-4.537456,50,184.585463,0.0
-2.905679,50,184.62085,0.0
-4.87949,50,184.656528,0.0
-4.753644,50,184.691936,0.0
-4.340964,50,184.7271,0.0
-4.261515,50,184.762858,0.0
-4.034241,50,184.79873,0.0
-3.11553,50,184.83453,0.0
-4.556935,50,184.870213,0.0
-5.593011,50,184.90553,0.0
-2.980467,50,184.941655,0.0
-4.397424,50,184.97719,0.0
-4.606198,50,185.012387,0.0
-5.207509,50,185.048246,0.0
-3.116487,50,185.084173,0.0
-4.64363,50,185.1201,0.0
-4.227808,50,185.155315,0.0
-5.145823,50,185.190521,0.0
-4.687998,50,185.225861,0.0
-4.653013,50,185.261543,0.0
-4.801595,50,185.297263,0.0
-4.602986,50,185.332751,0.0
-4.559048,50,185.36785,0.0
-4.544618,50,185.403184,0.0
-4.969309,50,185.438774,0.0
-4.617429,50,185.474064,0.0
-4.562737,50,185.509228,0.0
-4.27636,50,185.544324,0.0
-4.748331,50,185.579535,0.0
-4.549736,50,185.614939,0.0
-4.794307,50,185.64991,0.0
-4.21879,50,185.685358,0.0
-4.746401,50,185.720414,0.0
-4.572223,50,185.755335,0.0
-3.004721,50,185.790531,0.0
-4.682243,50,185.825633,0.0
-5.4204,50,185.977185,0.0
-2.735565,50,186.012801,0.0
-5.032538,50,186.048232,0.0
-4.883596,50,186.083516,0.0
-4.548578,50,186.118744,0.0
-4.580897,50,186.154392,0.0
-4.970958,50,186.190157,0.0
-4.514282,50,186.225827,0.0
-5.003651,50,186.260941,0.0
-4.144183,50,186.296521,0.0
-4.389884,50,186.331999,0.0
-4.816686,50,186.367094,0.0
-2.804969,50,186.402524,0.0
-4.952876,50,186.437927,0.0
-4.455005,50,186.473205,0.0
-4.154278,50,186.508553,0.0
-3.559899,50,186.544183,0.0
-2.562032,50,186.57933,0.0
-5.026292,50,186.61462,0.0
-4.443464,50,186.649835,0.0
-4.504069,50,186.685187,0.0
-4.728194,50,186.720505,0.0
-4.161129,50,186.755635,0.0
-4.782508,50,186.790815,0.0
-4.534159,50,186.826037,0.0
-3.791682,50,186.861152,0.0
-4.897948,50,186.896741,0.0
-5.087016,50,186.932088,0.0
-4.362221,50,186.967213,0.0
-4.500029,50,187.002461,0.0
-4.395578,50,187.037438,0.0
-4.651531,50,187.072924,0.0
-4.306669,50,187.108053,0.0
-4.833348,50,187.143285,0.0
-4.808433,50,187.17825,0.0
-5.024123,50,187.213572,0.0
-4.663817,50,187.248701,0.0
-4.943749,50,187.283965,0.0
-4.079588,50,187.318997,0.0
-2.842535,50,187.354271,0.0
-4.561577,50,187.389314,0.0
-5.139722,50,187.53772,0.0
-4.863425,50,187.572749,0.0
-3.990778,50,187.607758,0.0
-4.536453,50,187.643392,0.0
-4.550368,50,187.678981,0.0
-5.122316,50,187.713942,0.0
-4.043626,50,187.74934,0.0
-4.338862,50,187.784614,0.0
-4.613925,50,187.82006,0.0
-4.312427,50,187.855203,0.0
-5.208186,50,187.890666,0.0
-4.372141,50,187.92631,0.0
-4.603492,50,187.961608,0.0
-4.355037,50,187.996698,0.0
-4.516661,50,188.031684,0.0
-4.617173,50,188.066952,0.0
-4.58587,50,188.102074,0.0
-4.851424,50,188.13718,0.0
-4.238218,50,188.172407,0.0
-4.566584,50,188.207622,0.0
-4.852183,50,188.242691,0.0
-4.13072,50,188.278507,0.0
-4.690633,50,188.313938,0.0
-3.479798,50,188.349326,0.0
-4.310148,50,188.38441,0.0
-4.191796,50,188.420265,0.0
-4.802067,50,188.456,0.0
-5.023148,50,188.49145,0.0
-4.944621,50,188.527172,0.0
-4.445238,50,188.562581,0.0
-4.337089,50,188.59773,0.0
-4.509129,50,188.632792,0.0
-4.746167,50,188.667973,0.0
-4.674283,50,188.703293,0.0
-5.004428,50,188.738623,0.0
-4.520233,50,188.773835,0.0
-4.429037,50,188.809224,0.0
-5.10308,50,188.844516,0.0
-4.74001,50,188.879966,0.0
-2.657847,50,188.915534,0.0
-4.863133,50,188.950863,0.0
-3.87035,50,189.100862,0.0
-4.079304,50,189.13651,0.0
-4.008625,50,189.172113,0.0
-4.422938,50,189.207661,0.0
-4.55128,50,189.243902,0.0
-4.061506,50,189.279294,0.0
-4.589271,50,189.314681,0.0
-4.514731,50,189.350322,0.0
-4.484879,50,189.385425,0.0
-4.308476,50,189.420661,0.0
-4.358171,50,189.455738,0.0
-4.274319,50,189.490323,0.0
-2.960161,50,189.524843,0.0
-4.345304,50,189.55997,0.0
-4.482762,50,189.595285,0.0
-4.919072,50,189.630894,0.0
-5.047808,50,189.666359,0.0
-5.209849,50,189.700836,0.0
-4.214896,50,189.736332,0.0
-4.544741,50,189.771825,0.0
-2.592916,50,189.807143,0.0
-4.372158,50,189.842483,0.0
-4.553913,50,189.877889,0.0
-4.75441,50,189.913274,0.0
-4.406195,50,189.948866,0.0
-4.217217,50,189.984086,0.0
-4.781265,50,190.019711,0.0
-5.119844,50,190.055034,0.0
-4.865339,50,190.090197,0.0
-4.384985,50,190.12556,0.0
-4.452387,50,190.16088,0.0
-4.716473,50,190.196036,0.0
-4.086396,50,190.231468,0.0
-4.333954,50,190.266485,0.0
-4.871469,50,190.301722,0.0
-4.955981,50,190.336944,0.0
-4.271045,50,190.37194,0.0
-3.920702,50,190.407265,0.0
-4.308835,50,190.442404,0.0
-4.981213,50,190.477382,0.0
-5.237304,50,190.512547,0.0
-4.62689,50,190.66064,0.0
-4.939362,50,190.696033,0.0
-4.262992,50,190.731243,0.0
-4.601928,50,190.766524,0.0
-4.895422,50,190.802138,0.0
-4.851584,50,190.837382,0.0
-4.898498,50,190.873073,0.0
-4.54681,50,190.908149,0.0
-4.929526,50,190.943225,0.0
-4.811915,50,190.978509,0.0
-3.993761,50,191.014287,0.0
-4.60194,50,191.049745,0.0
-4.327897,50,191.0849,0.0
-4.618298,50,191.120029,0.0
-4.339662,50,191.154779,0.0
-4.230243,50,191.190294,0.0
-4.568909,50,191.225208,0.0
-4.206164,50,191.261057,0.0
-4.61757,50,191.296537,0.0
-4.865797,50,191.331815,0.0
-5.164394,50,191.36734,0.0
-2.864284,50,191.402595,0.0
-4.582672,50,191.437857,0.0
-4.87651,50,191.473229,0.0
-4.916361,50,191.508306,0.0
-4.626477,50,191.542847,0.0
-4.772594,50,191.577757,0.0
-4.64935,50,191.61245,0.0
-4.748762,50,191.647016,0.0
-4.397689,50,191.682637,0.0
-4.257195,50,191.718911,0.0
-4.478813,50,191.755012,0.0
-4.346616,50,191.791071,0.0
-3.176668,50,191.826886,0.0
-4.59664,50,191.862126,0.0
-4.981377,50,191.897555,0.0
-4.157267,50,191.932805,0.0
-4.654645,50,191.967942,0.0
-4.349849,50,192.0034,0.0
-4.72878,50,192.038482,0.0
-4.482998,50,192.073649,0.0
-4.74866,50,192.222517,0.0
-4.15953,50,192.25774,0.0
-4.813172,50,192.293419,0.0
-4.61187,50,192.668417,0.0
-4.867617,50,192.70395,0.0
-4.596222,50,192.739344,0.0
-4.541874,50,192.774849,0.0
-3.955601,50,192.810487,0.0
-4.7265,50,192.846176,0.0
-2.864706,50,192.881685,0.0
-4.610036,50,192.917203,0.0
-4.79313,50,192.953244,0.0
-4.214912,50,192.988598,0.0
-4.500817,50,193.024061,0.0
-2.590188,50,193.059288,0.0
-4.248276,50,193.094737,0.0
-5.199288,50,193.130021,0.0
-4.24258,50,193.165539,0.0
-4.244894,50,193.201251,0.0
-4.389929,50,193.236441,0.0
-4.834295,50,193.272406,0.0
-4.859921,50,193.307887,0.0
-4.929906,50,193.343274,0.0
-2.560092,50,193.378454,0.0
-4.185653,50,193.413475,0.0
-4.332464,50,193.449059,0.0
-4.418204,50,193.484495,0.0
-4.847314,50,193.519874,0.0
-2.829071,50,193.555361,0.0
-4.029321,50,193.591864,0.0
-4.217105,50,193.628151,0.0
-4.203411,50,193.663958,0.0
-4.212392,50,193.699647,0.0
-5.304715,50,193.734983,0.0
-4.882068,50,193.770189,0.0
-5.036666,50,193.805808,0.0
-4.859558,50,193.840886,0.0
-4.924097,50,193.876558,0.0
-5.133652,50,193.912153,0.0
-4.835756,50,193.947339,0.0
-5.06737,50,193.982641,0.0
-4.696683,50,194.132664,0.0
-4.439177,50,194.168183,0.0
-4.445022,50,194.203964,0.0
-4.835202,50,194.239428,0.0
-4.89512,50,194.275382,0.0
-3.00643,50,194.310743,0.0
-4.528351,50,194.345789,0.0
-2.662921,50,194.381072,0.0
-5.134071,50,194.416235,0.0
-4.689463,50,194.45118,0.0
-2.710711,50,194.486791,0.0
-4.317813,50,194.521701,0.0
-4.432697,50,194.557269,0.0
-4.351541,50,194.593125,0.0
-4.832406,50,194.629499,0.0
-4.827587,50,194.664968,0.0
-4.891704,50,194.700321,0.0
-4.659822,50,194.735856,0.0
-4.496234,50,194.771159,0.0
-4.219435,50,194.806375,0.0
-4.625658,50,194.841513,0.0
-4.850761,50,194.87686,0.0
-4.51748,50,194.912871,0.0
-4.401014,50,194.949141,0.0
-4.903913,50,194.984822,0.0
-3.031514,50,195.020747,0.0
-4.368498,50,195.056269,0.0
-4.272157,50,195.091629,0.0
-4.703634,50,195.126972,0.0
-5.275037,50,195.162622,0.0
-3.982528,50,195.197956,0.0
-4.899817,50,195.233696,0.0
-4.381548,50,195.269086,0.0
-4.72836,50,195.304408,0.0
-4.826732,50,195.340071,0.0
-5.120559,50,195.375464,0.0
-4.715582,50,195.410385,0.0
-4.62792,50,195.445659,0.0
-4.560842,50,195.480947,0.0
-4.647067,50,195.516521,0.0
-4.735922,50,195.551893,0.0
-4.38927,50,195.700929,0.0
-4.128184,50,195.736588,0.0
-5.073874,50,195.771691,0.0
-4.935924,50,195.807161,0.0
-4.468265,50,195.842453,0.0
-5.100969,50,195.877847,0.0
-4.252125,50,195.913283,0.0
-4.488372,50,195.948729,0.0
-2.999204,50,195.983948,0.0
-4.038977,50,196.019386,0.0
-4.445344,50,196.054664,0.0
-4.298682,50,196.089958,0.0
-4.725472,50,196.125274,0.0
-4.587829,50,196.160177,0.0
-4.673585,50,196.19548,0.0
-4.270404,50,196.23133,0.0
-2.687949,50,196.266542,0.0
-4.402942,50,196.301595,0.0
-4.607934,50,196.336864,0.0
-4.931087,50,196.372129,0.0
-4.907457,50,196.407356,0.0
-4.426479,50,196.442747,0.0
-4.673222,50,196.477772,0.0
-4.481091,50,196.512975,0.0
-4.829931,50,196.548046,0.0
-4.352453,50,196.583257,0.0
-5.185016,50,196.618372,0.0
-5.038925,50,196.653369,0.0
-4.390286,50,196.688355,0.0
-4.09947,50,196.723338,0.0
-2.756271,50,196.758728,0.0
-4.362837,50,196.794208,0.0
-4.779718,50,196.829478,0.0
-4.821842,50,196.864363,0.0
-4.779734,50,196.899472,0.0
-5.290984,50,196.934646,0.0
-4.1408,50,196.969735,0.0
-4.442958,50,197.005196,0.0
-2.880402,50,197.04078,0.0
-4.024188,50,197.075956,0.0
-4.121251,50,197.111406,0.0
-4.967577,50,197.260871,0.0
-4.160277,50,197.296395,0.0
-4.219621,50,197.331848,0.0
-4.376006,50,197.367218,0.0
-4.41296,50,197.402978,0.0
-4.349435,50,197.438837,0.0
-4.160911,50,197.474339,0.0
-4.275733,50,197.510739,0.0
-4.03664,50,197.547254,0.0
-4.544096,50,197.583346,0.0
-4.203099,50,197.619563,0.0
-4.616854,50,197.655319,0.0
-4.312752,50,197.69103,0.0
-2.645536,50,197.726703,0.0
-4.731343,50,197.762119,0.0
-4.276163,50,197.798072,0.0
-5.115436,50,197.832871,0.0
-3.060088,50,197.86816,0.0
-4.968614,50,197.903999,0.0
-5.339439,50,197.939433,0.0
-4.305752,50,197.974769,0.0
-5.092926,50,198.010032,0.0
-2.80134,50,198.04608,0.0
-4.616376,50,198.081474,0.0
-4.687637,50,198.116952,0.0
-3.945651,50,198.152549,0.0
-4.579088,50,198.187858,0.0
-3.889934,50,198.223085,0.0
-4.115758,50,198.25906,0.0
-2.945714,50,198.295256,0.0
-4.574987,50,198.331193,0.0
-2.736507,50,198.367455,0.0
-4.480843,50,198.40356,0.0
-4.440336,50,198.439718,0.0
-4.806697,50,198.475965,0.0
-4.659457,50,198.511702,0.0
-4.423206,50,198.547699,0.0
-5.120814,50,198.583806,0.0
-4.402552,50,198.619969,0.0
-5.069745,50,198.656123,0.0
-4.512485,50,198.805829,0.0
-4.344929,50,198.841246,0.0
-2.476576,50,198.876745,0.0
-4.524136,50,198.912399,0.0
-4.734801,50,198.947869,0.0
-2.832722,50,198.983147,0.0
-4.24806,50,199.01857,0.0
-2.702196,50,199.05439,0.0
-4.68978,50,199.090057,0.0
-5.473162,50,199.125689,0.0
-4.932543,50,199.161188,0.0
-4.817544,50,199.196532,0.0
-4.591138,50,199.231916,0.0
-4.689489,50,199.266918,0.0
-4.657338,50,199.302295,0.0
-4.889055,50,199.338106,0.0
-4.4131,50,199.373555,0.0
-4.861852,50,199.408938,0.0
-4.579521,50,199.44432,0.0
-4.069965,50,199.479828,0.0
-4.71157,50,199.515213,0.0
-4.383885,50,199.55082,0.0
-4.824713,50,199.586113,0.0
-4.43432,50,199.62153,0.0
-4.754374,50,199.657287,0.0
-4.768901,50,199.692993,0.0
-4.213126,50,199.728245,0.0
-5.215968,50,199.76341,0.0
-4.340796,50,199.799973,0.0
-4.416774,50,199.8357,0.0
-2.578722,50,199.871359,0.0
-4.740812,50,199.906546,0.0
-5.012887,50,199.941776,0.0
-4.736423,50,199.977081,0.0
-2.544299,50,200.012278,0.0
-4.689611,50,200.047889,0.0
-4.866614,50,200.08338,0.0
-4.881747,50,200.118627,0.0
-3.341855,50,200.15372,0.0
-4.736663,50,200.189211,0.0
-4.202739,50,200.224492,0.0
-4.58081,50,200.374225,0.0
-4.521397,50,200.410189,0.0
-3.21359,50,200.44599,0.0
-4.921429,50,200.481534,0.0
-4.27377,50,200.517139,0.0
-2.598237,50,200.55275,0.0
-2.485842,50,200.588133,0.0
-5.290567,50,200.62335,0.0
-4.529906,50,200.658769,0.0
-4.380389,50,200.693853,0.0
-4.107795,50,200.729211,0.0
-4.688384,50,200.764557,0.0
-4.197472,50,200.799802,0.0
-4.537694,50,200.835072,0.0
-4.630156,50,200.870331,0.0
-4.501015,50,200.905702,0.0
-4.623115,50,200.94192,0.0
-4.71211,50,200.978006,0.0
-4.6215,50,201.013893,0.0
-5.009947,50,201.049669,0.0
-4.5454,50,201.085258,0.0
-4.638177,50,201.120515,0.0
-4.45848,50,201.155667,0.0
-4.306189,50,201.190741,0.0
-4.615181,50,201.226083,0.0
-5.197561,50,201.261406,0.0
-4.112346,50,201.296791,0.0
-4.244155,50,201.332104,0.0
-4.887689,50,201.36754,0.0
-4.073478,50,201.402898,0.0
-3.18495,50,201.438279,0.0
-4.731427,50,201.473721,0.0
-4.664799,50,201.508755,0.0
-4.397034,50,201.544246,0.0
-4.136678,50,201.579603,0.0
-4.529414,50,201.614696,0.0
-4.377236,50,201.649974,0.0
-4.379827,50,201.685247,0.0
-4.370439,50,201.72042,0.0
-4.461912,50,201.756668,0.0
-4.332417,50,201.792601,0.0
-4.324298,50,201.94367,0.0
-4.811548,50,201.979139,0.0
-4.300209,50,202.014811,0.0
-4.386093,50,202.05016,0.0
-5.086994,50,202.085451,0.0
-4.794994,50,202.120838,0.0
-4.64654,50,202.156597,0.0
-4.370861,50,202.19215,0.0
-4.809535,50,202.227444,0.0
-4.577141,50,202.26284,0.0
-4.542635,50,202.298022,0.0
-4.931025,50,202.334201,0.0
-5.079407,50,202.370016,0.0
-4.396414,50,202.405264,0.0
-3.504783,50,202.440606,0.0
-4.461629,50,202.47621,0.0
-4.1861,50,202.511526,0.0
-5.039712,50,202.546729,0.0
-4.777781,50,202.582338,0.0
-3.824042,50,202.617785,0.0
-5.192819,50,202.652913,0.0
-4.300469,50,202.68823,0.0
-4.761434,50,202.723618,0.0
-4.459851,50,202.759074,0.0
-4.812871,50,202.794393,0.0
-4.153938,50,202.829645,0.0
-2.552634,50,202.865192,0.0
-5.227873,50,202.901088,0.0
-4.30369,50,202.936403,0.0
-4.876277,50,202.972026,0.0
-4.818877,50,203.007286,0.0
-3.389895,50,203.042731,0.0
-4.211979,50,203.078472,0.0
-4.708393,50,203.113939,0.0
-4.693433,50,203.149279,0.0
-2.846231,50,203.184751,0.0
-4.315219,50,203.220294,0.0
-4.113873,50,203.255528,0.0
-4.731876,50,203.290832,0.0
-4.849383,50,203.326206,0.0
-4.855695,50,203.361295,0.0
-4.673386,50,203.509425,0.0
-4.026272,50,203.545218,0.0
-4.222401,50,203.580541,0.0
-4.282143,50,203.615992,0.0
-4.535263,50,203.651312,0.0
-4.45322,50,203.686586,0.0
-4.568707,50,203.722117,0.0
-4.777798,50,203.757405,0.0
-3.066382,50,203.792808,0.0
-3.253399,50,203.827989,0.0
-4.935379,50,203.863219,0.0
-4.005254,50,203.89859,0.0
-5.230747,50,203.933568,0.0
-4.516784,50,203.969045,0.0
-4.8734,50,204.004206,0.0
-4.426017,50,204.039534,0.0
-4.8023,50,204.074849,0.0
-5.013762,50,204.109967,0.0
-4.790806,50,204.1453,0.0
-4.759618,50,204.180404,0.0
-4.692184,50,204.21558,0.0
-4.492237,50,204.250774,0.0
-4.682461,50,204.286687,0.0
-4.705858,50,204.322196,0.0
-4.388937,50,204.357699,0.0
-4.43872,50,204.393077,0.0
-4.748098,50,204.428339,0.0
-3.184747,50,204.463437,0.0
-4.729639,50,204.498679,0.0
-4.514781,50,204.533339,0.0
-4.60356,50,204.568585,0.0
-4.609703,50,204.603583,0.0
-4.455783,50,204.638959,0.0
-5.118373,50,204.673992,0.0
-5.254972,50,204.709166,0.0
-4.623158,50,204.74452,0.0
-5.037281,50,204.780064,0.0
-4.520862,50,204.815295,0.0
-4.641155,50,204.850759,0.0
-4.636749,50,204.886074,0.0
-4.459247,50,204.921532,0.0
-4.356912,50,205.071787,0.0
-4.215447,50,205.107735,0.0
-4.562182,50,205.143245,0.0
-4.838979,50,205.178646,0.0
-4.395066,50,205.214146,0.0
-3.139318,50,205.24979,0.0
-5.136082,50,205.285111,0.0
-3.393441,50,205.320616,0.0
-4.505893,50,205.35656,0.0
-4.608026,50,205.392008,0.0
-4.44801,50,205.427503,0.0
-4.769836,50,205.462804,0.0
-4.935745,50,205.498217,0.0
-4.854383,50,205.533644,0.0
-4.010669,50,205.569246,0.0
-4.874688,50,205.604158,0.0
-4.282632,50,205.639975,0.0
-4.247975,50,205.675235,0.0
-4.653831,50,205.710878,0.0
-4.923617,50,205.746705,0.0
-4.915713,50,205.78243,0.0
-4.394561,50,205.81786,0.0
-3.775894,50,205.853475,0.0
-4.516112,50,205.889164,0.0
-4.666245,50,205.924692,0.0
-4.364249,50,205.960088,0.0
-5.165717,50,205.995268,0.0
-4.703176,50,206.030671,0.0
-4.319429,50,206.066127,0.0
-4.852644,50,206.101472,0.0
-4.908895,50,206.136704,0.0
-3.524904,50,206.1728,0.0
-4.446781,50,206.209157,0.0
-4.365304,50,206.245283,0.0
-4.09311,50,206.281296,0.0
-4.788012,50,206.31756,0.0
-4.506523,50,206.353751,0.0
-4.490308,50,206.389005,0.0
-4.861677,50,206.424196,0.0
-4.183771,50,206.459364,0.0
-4.696236,50,206.495148,0.0
-2.933424,50,206.643926,0.0
-4.558959,50,206.679808,0.0
-4.079486,50,206.715145,0.0
-4.377086,50,206.750627,0.0
-4.669509,50,206.786384,0.0
-4.398532,50,206.821833,0.0
-5.19132,50,206.857664,0.0
-4.353711,50,206.892864,0.0
-3.245965,50,206.928559,0.0
-4.6259,50,206.964083,0.0
-4.237547,50,206.999481,0.0
-3.062771,50,207.03491,0.0
-4.490555,50,207.07043,0.0
-5.054902,50,207.106255,0.0
-4.433416,50,207.141727,0.0
-4.622534,50,207.176921,0.0
-4.4609,50,207.212079,0.0
-4.347371,50,207.247395,0.0
-3.705948,50,207.28325,0.0
-4.647426,50,207.319389,0.0
-4.892666,50,207.354877,0.0
-4.94768,50,207.390238,0.0
-4.118453,50,207.425615,0.0
-4.130116,50,207.461026,0.0
-4.590473,50,207.496141,0.0
-4.347785,50,207.531687,0.0
-4.594292,50,207.567026,0.0
-4.400432,50,207.602024,0.0
-4.5484,50,207.637498,0.0
-4.826974,50,207.67247,0.0
-4.700753,50,207.70764,0.0
-3.992266,50,207.743021,0.0
-4.159262,50,207.778292,0.0
-4.559438,50,207.813152,0.0
-4.120854,50,207.848445,0.0
-2.902649,50,207.883569,0.0
-4.654282,50,207.918875,0.0
-4.308066,50,207.954311,0.0
-4.740753,50,207.989147,0.0
-4.909076,50,208.024252,0.0
-4.372076,50,208.059429,0.0
-4.679586,50,208.20959,0.0
-4.340546,50,208.244912,0.0
-4.608487,50,208.280621,0.0
-2.913194,50,208.316318,0.0
-2.836231,50,208.351869,0.0
-4.071753,50,208.387271,0.0
-5.048824,50,208.422573,0.0
-4.30909,50,208.457711,0.0
-2.964285,50,208.493288,0.0
-4.431642,50,208.528486,0.0
-4.287099,50,208.563556,0.0
-4.742647,50,208.598847,0.0
-4.475723,50,208.634064,0.0
-3.93923,50,208.669268,0.0
-3.309465,50,208.704947,0.0
-5.110458,50,208.740273,0.0
-3.972945,50,208.775794,0.0
-4.514998,50,208.810773,0.0
-4.955472,50,208.845785,0.0
-4.894871,50,208.880959,0.0
-4.425759,50,208.91649,0.0
-4.551205,50,208.952343,0.0
-4.624092,50,208.987832,0.0
-4.875516,50,209.023318,0.0
-4.078823,50,209.0588,0.0
-4.720621,50,209.094942,0.0
-3.858047,50,209.130417,0.0
-5.27844,50,209.16589,0.0
-4.823824,50,209.201232,0.0
-4.942218,50,209.236657,0.0
-5.087583,50,209.272204,0.0
-4.53712,50,209.307883,0.0
-4.835687,50,209.343431,0.0
-4.377793,50,209.379024,0.0
-3.087603,50,209.414249,0.0
-4.637009,50,209.449713,0.0
-4.456457,50,209.484781,0.0
-2.680824,50,209.520214,0.0
-4.770969,50,209.555719,0.0
-4.949504,50,209.591307,0.0
-3.895484,50,209.626874,0.0
-2.687351,50,209.777544,0.0
-4.838311,50,209.813029,0.0
-4.856531,50,209.848477,0.0
-4.209912,50,209.883822,0.0
-4.550607,50,209.91949,0.0
-3.126322,50,209.955054,0.0
-3.993969,50,209.990371,0.0
-4.27055,50,210.025648,0.0
-4.561738,50,210.060809,0.0
-4.438733,50,210.096264,0.0
-4.227563,50,210.131759,0.0
-4.640788,50,210.167279,0.0
-4.004688,50,210.202287,0.0
-4.586137,50,210.238348,0.0
-4.109827,50,210.273587,0.0
-4.840528,50,210.309025,0.0
-3.583055,50,210.344147,0.0
-4.538683,50,210.379533,0.0
-4.068172,50,210.415063,0.0
-4.463543,50,210.450326,0.0
-4.419725,50,210.485427,0.0
-4.387515,50,210.520897,0.0
-4.582003,50,210.55642,0.0
-5.101362,50,210.591704,0.0
-4.934392,50,210.627311,0.0
-4.787061,50,210.663266,0.0
-4.729266,50,210.699271,0.0
-4.278169,50,210.735764,0.0
-5.271028,50,210.772532,0.0
-4.45377,50,210.809062,0.0
-4.455778,50,210.845717,0.0
-4.69833,50,210.883444,0.0
-4.602735,50,210.919964,0.0
-4.480893,50,210.955981,0.0
-4.546962,50,210.991397,0.0
-4.316649,50,211.027231,0.0
-5.014584,50,211.063294,0.0
-4.638439,50,211.098671,0.0
-3.095769,50,211.134341,0.0
-5.008016,50,211.169728,0.0
-4.668169,50,211.205159,0.0
-3.916075,50,211.354352,0.0
-4.808938,50,211.389818,0.0
-4.498348,50,211.425712,0.0
-4.86543,50,211.462558,0.0
-4.710418,50,211.498829,0.0
-4.631947,50,211.535349,0.0
-4.686529,50,211.571511,0.0
-4.986874,50,211.607755,0.0
-4.295753,50,211.643953,0.0
-4.261375,50,211.680298,0.0
-4.149129,50,211.71651,0.0
-4.294473,50,211.752596,0.0
-3.802823,50,211.788484,0.0
-2.727647,50,211.824435,0.0
-4.76132,50,211.860216,0.0
-4.233166,50,211.89576,0.0
-2.770176,50,211.930874,0.0
-4.790019,50,211.966174,0.0
-4.26289,50,212.001684,0.0
-4.768457,50,212.036778,0.0
-4.57106,50,212.072019,0.0
-4.876964,50,212.10735,0.0
-4.869805,50,212.1432,0.0
-4.355112,50,212.178734,0.0
-4.492366,50,212.214385,0.0
-4.095374,50,212.249602,0.0
-4.392277,50,212.284888,0.0
-5.387319,50,212.320516,0.0
-4.655563,50,212.355761,0.0
-4.30188,50,212.390969,0.0
-4.230307,50,212.426434,0.0
-4.721599,50,212.461713,0.0
-4.081524,50,212.49721,0.0
-4.34269,50,212.533313,0.0
-4.302959,50,212.568837,0.0
-4.249523,50,212.604158,0.0
-4.467054,50,212.639852,0.0
-4.939931,50,212.675191,0.0
-4.599246,50,212.710483,0.0
-5.02365,50,212.745705,0.0
-4.701703,50,212.781333,0.0
-4.586479,50,212.930525,0.0
-4.198047,50,212.96623,0.0
-4.444767,50,213.001676,0.0
-3.987674,50,213.037386,0.0
-4.565777,50,213.072745,0.0
-3.327363,50,213.107981,0.0
-4.616044,50,213.143177,0.0
-4.733798,50,213.178391,0.0
-5.022337,50,213.213875,0.0
-4.311686,50,213.249576,0.0
-4.694838,50,213.285648,0.0
-4.528417,50,213.322202,0.0
-4.038273,50,213.358471,0.0
-4.328877,50,213.394304,0.0
-4.515341,50,213.429965,0.0
-3.905191,50,213.465139,0.0
-4.681767,50,213.50039,0.0
-4.719853,50,213.535651,0.0
-3.015551,50,213.571003,0.0
-4.417378,50,213.606003,0.0
-4.918986,50,213.642101,0.0
-4.873796,50,213.678382,0.0
-4.442801,50,213.714353,0.0
-4.463826,50,213.750554,0.0
-5.291484,50,213.786014,0.0
-4.763621,50,213.821683,0.0
-4.620025,50,213.857214,0.0
-4.795219,50,213.892386,0.0
-4.210481,50,213.928262,0.0
-4.82476,50,213.965177,0.0
-4.776043,50,214.00141,0.0
-4.963624,50,214.037136,0.0
-4.579415,50,214.072601,0.0
-5.086939,50,214.108567,0.0
-4.707468,50,214.144448,0.0
-4.984574,50,214.179522,0.0
-4.621426,50,214.216017,0.0
-4.692624,50,214.251817,0.0
-4.10309,50,214.287404,0.0
-4.443087,50,214.323006,0.0
-4.767472,50,214.358113,0.0
-4.569253,50,214.508499,0.0
-4.314893,50,214.544157,0.0
-2.509579,50,214.579656,0.0
-4.312744,50,214.615217,0.0
-4.780002,50,214.650426,0.0
-5.064697,50,214.685458,0.0
-4.28707,50,214.720604,0.0
-4.689578,50,214.756076,0.0
-4.647199,50,214.791168,0.0
-4.637543,50,214.826511,0.0
-2.746021,50,214.861528,0.0
-2.909371,50,214.896941,0.0
-4.816989,50,214.933035,0.0
-4.118817,50,214.968617,0.0
-4.691382,50,215.004481,0.0
-4.547455,50,215.039828,0.0
-4.289161,50,215.075155,0.0
-4.102988,50,215.110756,0.0
-4.350239,50,215.146573,0.0
-4.467168,50,215.18242,0.0
-4.466751,50,215.217586,0.0
-3.993461,50,215.253169,0.0
-4.82634,50,215.288611,0.0
-4.426113,50,215.324182,0.0
-4.864601,50,215.359496,0.0
-4.699015,50,215.39498,0.0
-4.548087,50,215.43045,0.0
-4.422301,50,215.465748,0.0
-3.98096,50,215.501169,0.0
-4.5529,50,215.536891,0.0
-4.200431,50,215.572633,0.0
-4.366739,50,215.608152,0.0
-3.160441,50,215.643397,0.0
-4.433338,50,215.678751,0.0
-4.39265,50,215.713594,0.0
-4.116167,50,215.748834,0.0
-2.694337,50,215.783896,0.0
-4.806646,50,215.818991,0.0
-3.87516,50,215.854109,0.0
-4.234577,50,215.889959,0.0
-2.793775,50,215.92606,0.0
-4.116772,50,216.074894,0.0
-4.501041,50,216.110255,0.0
-4.257995,50,216.145796,0.0
-4.630007,50,216.181225,0.0
-3.977196,50,216.216578,0.0
-4.370691,50,216.251827,0.0
-4.628598,50,216.287237,0.0
-4.337837,50,216.322528,0.0
-4.507757,50,216.357957,0.0
-4.59297,50,216.394221,0.0
-2.845261,50,216.430434,0.0
-4.318052,50,216.466659,0.0
-4.449118,50,216.50284,0.0
-4.465434,50,216.538954,0.0
-2.620793,50,216.575213,0.0
-4.570877,50,216.611577,0.0
-5.097725,50,216.647652,0.0
-2.833635,50,216.683665,0.0
-4.400994,50,216.719635,0.0
-2.774004,50,216.755711,0.0
-4.166104,50,216.792039,0.0
-4.449679,50,216.828417,0.0
-4.618188,50,216.8644,0.0
-5.037145,50,216.900208,0.0
-4.257208,50,216.936184,0.0
-4.448409,50,216.972368,0.0
-3.250009,50,217.008533,0.0
-2.60545,50,217.044669,0.0
-4.428091,50,217.080824,0.0
-4.373964,50,217.116556,0.0
-4.284283,50,217.152543,0.0
-4.445242,50,217.187862,0.0
-2.870602,50,217.223535,0.0
-4.915322,50,217.258974,0.0
-4.185679,50,217.294383,0.0
-4.602035,50,217.329519,0.0
-4.349192,50,217.364798,0.0
-4.151636,50,217.39979,0.0
-4.492423,50,217.434874,0.0
-4.59221,50,217.470052,0.0
-4.443085,50,217.505097,0.0
-4.524293,50,217.653381,0.0
-4.268345,50,217.688682,0.0
-4.480512,50,217.723859,0.0
-3.741926,50,217.759064,0.0
-4.475995,50,217.794418,0.0
-4.185008,50,217.830118,0.0
-4.755582,50,217.86526,0.0
-4.554099,50,217.900202,0.0
-3.934282,50,217.935562,0.0
-4.759134,50,217.970829,0.0
-4.819823,50,218.005955,0.0
-4.757728,50,218.041295,0.0
-4.313934,50,218.076413,0.0
-4.420152,50,218.111463,0.0
-2.9729,50,218.146901,0.0
-4.473767,50,218.182824,0.0
-3.02255,50,218.218339,0.0
-4.426851,50,218.253593,0.0
-4.261005,50,218.289082,0.0
-4.489275,50,218.324211,0.0
-5.291098,50,218.359603,0.0
-4.615631,50,218.39488,0.0
-4.833016,50,218.430057,0.0
-4.559876,50,218.465246,0.0
-4.972485,50,218.500443,0.0
-4.418427,50,218.535529,0.0
-4.94543,50,218.570975,0.0
-4.007042,50,218.606387,0.0
-4.350559,50,218.641858,0.0
-4.501019,50,218.677229,0.0
-4.681306,50,218.712302,0.0
-4.708811,50,218.747708,0.0
-2.999782,50,218.783017,0.0
-4.91848,50,218.818573,0.0
-4.614487,50,218.854114,0.0
-4.407854,50,218.88943,0.0
-4.66126,50,218.92485,0.0
-4.602134,50,218.960252,0.0
-3.140472,50,218.995572,0.0
-4.676704,50,219.030848,0.0
-4.577074,50,219.066375,0.0
-4.543816,50,219.214722,0.0
-4.632167,50,219.250061,0.0
-2.660071,50,219.285188,0.0
-4.821707,50,219.320597,0.0
-2.862257,50,219.35582,0.0
-4.325291,50,219.391119,0.0
-4.400362,50,219.427062,0.0
-4.783316,50,219.463424,0.0
-4.872054,50,219.499552,0.0
-4.908241,50,219.535952,0.0
-4.12185,50,219.572188,0.0
-4.561636,50,219.608451,0.0
-4.433053,50,219.64477,0.0
-4.744398,50,219.680907,0.0
-3.545225,50,219.71708,0.0
-4.566102,50,219.753308,0.0
-4.915159,50,219.78955,0.0
-4.501312,50,219.825675,0.0
-4.388496,50,219.861676,0.0
-4.293003,50,219.897999,0.0
-4.565481,50,219.934175,0.0
-5.032693,50,219.970179,0.0
-4.251965,50,220.005909,0.0
-2.759849,50,220.041858,0.0
-4.467528,50,220.07821,0.0
-5.135513,50,220.114105,0.0
-4.134181,50,220.150419,0.0
-4.464758,50,220.18642,0.0
-4.439909,50,220.222583,0.0
-4.422659,50,220.258607,0.0
-5.19461,50,220.29456,0.0
-4.232107,50,220.330417,0.0
-4.92518,50,220.366526,0.0
-4.321636,50,220.40273,0.0
-4.405139,50,220.438997,0.0
-4.695447,50,220.475304,0.0
-4.469538,50,220.511402,0.0
-4.652765,50,220.547567,0.0
-4.560321,50,220.583611,0.0
-4.457961,50,220.61988,0.0
-5.025025,50,220.656065,0.0
-4.408053,50,220.804752,0.0
-4.793963,50,220.840059,0.0
-4.579954,50,220.875566,0.0
-4.79549,50,220.910841,0.0
-4.279898,50,220.946295,0.0
-4.446739,50,220.981618,0.0
-4.862591,50,221.016659,0.0
-4.370672,50,221.051969,0.0
-4.509432,50,221.087105,0.0
-4.229414,50,221.122363,0.0
-5.059844,50,221.157673,0.0
-4.138133,50,221.192837,0.0
-4.34638,50,221.227891,0.0
-2.865343,50,221.262935,0.0
-4.280458,50,221.298229,0.0
-4.442804,50,221.334525,0.0
-4.385025,50,221.36994,0.0
-2.775608,50,221.40539,0.0
-4.292487,50,221.440532,0.0
-4.524012,50,221.475944,0.0
-2.960311,50,221.511146,0.0
-5.28956,50,221.5465,0.0
-4.932823,50,221.581101,0.0
-2.507354,50,221.615727,0.0
-4.439756,50,221.650492,0.0
-3.945695,50,221.685879,0.0
-4.316688,50,221.722088,0.0
-4.508512,50,221.757635,0.0
-3.188307,50,221.793196,0.0
-4.279493,50,221.82833,0.0
-4.378149,50,221.86342,0.0
-4.762488,50,221.899041,0.0
-4.682356,50,221.934395,0.0
-2.426893,50,221.970138,0.0
-4.846881,50,222.006379,0.0
-4.069988,50,222.042561,0.0
-4.678901,50,222.078727,0.0
-4.337146,50,222.11489,0.0
-5.00711,50,222.15104,0.0
-4.743626,50,222.187522,0.0
-4.184053,50,222.223603,0.0
-4.314904,50,222.373091,0.0
-4.712864,50,222.408366,0.0
-4.648214,50,222.444165,0.0
-4.319691,50,222.479612,0.0
-4.732507,50,222.514901,0.0
-4.547462,50,222.550409,0.0
-2.823643,50,222.586082,0.0
-4.769217,50,222.621453,0.0
-4.191052,50,222.657328,0.0
-4.079355,50,222.693168,0.0
-4.627472,50,222.728863,0.0
-4.381384,50,222.764657,0.0
-4.492674,50,222.800416,0.0
-2.668104,50,222.835839,0.0
-4.422901,50,222.871102,0.0
-4.106494,50,222.906655,0.0
-4.633386,50,222.94205,0.0
-4.208777,50,222.977556,0.0
-3.113293,50,223.013091,0.0
-4.952756,50,223.047852,0.0
-4.049282,50,223.083303,0.0
-4.890312,50,223.118727,0.0
-4.71053,50,223.15389,0.0
-4.104307,50,223.189223,0.0
-4.269257,50,223.224643,0.0
-4.695016,50,223.260137,0.0
-4.262114,50,223.295741,0.0
-5.02661,50,223.331275,0.0
-2.683035,50,223.366175,0.0
-4.56567,50,223.401648,0.0
-4.575896,50,223.436959,0.0
-4.511007,50,223.472046,0.0
-4.556052,50,223.507745,0.0
-4.417432,50,223.54321,0.0
-4.480454,50,223.578817,0.0
-4.17475,50,223.614046,0.0
-4.379788,50,223.648921,0.0
-5.030127,50,223.684193,0.0
-4.112304,50,223.719335,0.0
-4.752094,50,223.754267,0.0
-4.47799,50,223.789701,0.0
-4.256477,50,223.93956,0.0
-4.833509,50,223.975311,0.0
-2.587967,50,224.010897,0.0
-4.322768,50,224.046722,0.0
-4.589013,50,224.081946,0.0
-4.683757,50,224.117355,0.0
-4.588566,50,224.152922,0.0
-4.876718,50,224.188745,0.0
-4.223381,50,224.22383,0.0
-4.301492,50,224.259255,0.0
-4.080351,50,224.294746,0.0
-4.250479,50,224.330508,0.0
-4.518515,50,224.366079,0.0
-4.468553,50,224.40193,0.0
-4.122088,50,224.438163,0.0
-4.666403,50,224.474717,0.0
-3.258474,50,224.510838,0.0
-4.521771,50,224.547046,0.0
-4.696924,50,224.582673,0.0
-4.503237,50,224.618418,0.0
-4.349143,50,224.65381,0.0
-4.387537,50,224.689131,0.0
-4.469518,50,224.724968,0.0
-4.140043,50,224.760403,0.0
-4.49546,50,224.795878,0.0
-4.936306,50,224.831487,0.0
-4.35244,50,224.867064,0.0
-4.528199,50,224.902399,0.0
-4.55013,50,224.937736,0.0
-4.227304,50,224.973212,0.0
-4.695449,50,225.008488,0.0
-4.898983,50,225.04396,0.0
-4.222911,50,225.079834,0.0
-2.695528,50,225.115191,0.0
-4.097271,50,225.151011,0.0
-4.499061,50,225.186613,0.0
-4.97208,50,225.222042,0.0
-4.477065,50,225.257627,0.0
-3.86474,50,225.29294,0.0
-4.728681,50,225.328277,0.0
-4.108863,50,225.363535,0.0
-4.538018,50,225.512107,0.0
-4.437703,50,225.547246,0.0
-4.828949,50,225.582986,0.0
-3.854761,50,225.618937,0.0
-4.008763,50,225.65493,0.0
-4.368609,50,225.690809,0.0
-3.265148,50,225.726901,0.0
-4.146422,50,225.762801,0.0
-4.343932,50,225.798178,0.0
-5.031194,50,225.833898,0.0
-4.249906,50,225.869211,0.0
-4.417052,50,225.904213,0.0
-3.292771,50,225.939613,0.0
-4.597393,50,225.974473,0.0
-4.714589,50,226.009732,0.0
-4.356076,50,226.04564,0.0
-4.530119,50,226.081922,0.0
-4.247058,50,226.118182,0.0
-4.462962,50,226.154449,0.0
-4.298912,50,226.190479,0.0
-4.279652,50,226.226528,0.0
-4.624589,50,226.262752,0.0
-3.214741,50,226.298867,0.0
-4.487406,50,226.334681,0.0
-4.457905,50,226.370533,0.0
-4.069745,50,226.406787,0.0
-2.716208,50,226.44328,0.0
-3.059852,50,226.479497,0.0
-4.969619,50,226.515602,0.0
-5.034985,50,226.55224,0.0
-4.457721,50,226.588262,0.0
-4.423965,50,226.624332,0.0
-4.46307,50,226.660897,0.0
-4.442973,50,226.696583,0.0
-5.090465,50,226.732502,0.0
-4.389379,50,226.767934,0.0
-4.227055,50,226.803761,0.0
-4.741937,50,226.839306,0.0
-4.665567,50,226.874688,0.0
-4.268657,50,226.910137,0.0
-4.289721,50,226.945595,0.0
-4.947591,50,227.095913,0.0
-4.307472,50,227.131235,0.0
-4.438724,50,227.166973,0.0
-4.74017,50,227.203209,0.0
-4.288165,50,227.238871,0.0
-5.294332,50,227.274051,0.0
-4.317176,50,227.309679,0.0
-4.15854,50,227.346051,0.0
-4.560584,50,227.382702,0.0
-3.08664,50,227.419001,0.0
-4.826367,50,227.45542,0.0
-4.616066,50,227.492123,0.0
-4.955714,50,227.528284,0.0
-4.491245,50,227.564797,0.0
-5.140958,50,227.60048,0.0
-4.296706,50,227.636012,0.0
-4.054486,50,227.671605,0.0
-4.142397,50,227.706622,0.0
-4.667422,50,227.742459,0.0
-4.476647,50,227.778717,0.0
-4.045293,50,227.814797,0.0
-3.904805,50,227.850626,0.0
-4.530649,50,227.886745,0.0
-4.641249,50,227.922475,0.0
-4.925542,50,227.958645,0.0
-4.470059,50,227.994724,0.0
-4.247358,50,228.030076,0.0
-4.049997,50,228.065859,0.0
-4.31889,50,228.101105,0.0
-4.208585,50,228.136127,0.0
-4.360187,50,228.171946,0.0
-4.128751,50,228.207148,0.0
-4.161985,50,228.242462,0.0
-4.402522,50,228.277849,0.0
-4.331476,50,228.313388,0.0
-4.740011,50,228.348725,0.0
-4.396792,50,228.38444,0.0
-4.832526,50,228.420117,0.0
-4.462781,50,228.455498,0.0
-4.203476,50,228.490979,0.0
-5.139022,50,228.526606,0.0
-3.929446,50,228.675641,0.0
-4.187284,50,228.711142,0.0
-2.715249,50,228.746286,0.0
-4.590098,50,228.781994,0.0
-4.260178,50,228.817028,0.0
-5.129295,50,228.852784,0.0
-4.542022,50,228.888369,0.0
-4.244776,50,228.924019,0.0
-4.087441,50,228.959452,0.0
-4.504536,50,228.994919,0.0
-4.673618,50,229.030137,0.0
-2.944215,50,229.065344,0.0
-4.847539,50,229.100748,0.0
-4.478462,50,229.135961,0.0
-4.147561,50,229.171237,0.0
-4.095199,50,229.207116,0.0
-4.487173,50,229.242494,0.0
-4.50386,50,229.278219,0.0
-2.478362,50,229.313473,0.0
-4.917523,50,229.348739,0.0
-4.340928,50,229.383955,0.0
-4.314832,50,229.419987,0.0
-4.535712,50,229.455878,0.0
-4.917745,50,229.491036,0.0
-4.38347,50,229.526236,0.0
-2.978269,50,229.561324,0.0
-4.41296,50,229.596674,0.0
-4.288094,50,229.632313,0.0
-4.413136,50,229.66737,0.0
-4.24151,50,229.702811,0.0
-4.562696,50,229.738469,0.0
-4.35665,50,229.773662,0.0
-4.510399,50,229.809038,0.0
-4.83425,50,229.844485,0.0
-2.517212,50,229.879782,0.0
-4.250692,50,229.915271,0.0
-4.895839,50,229.950627,0.0
-4.421118,50,229.985591,0.0
-4.616884,50,230.020736,0.0
-4.007541,50,230.05598,0.0
-4.144061,50,230.091265,0.0
-4.546754,50,230.240208,0.0
-4.721676,50,230.275217,0.0
-4.692197,50,230.310447,0.0
-4.696757,50,230.345868,0.0
-4.053683,50,230.381173,0.0
-4.420201,50,230.417022,0.0
-4.034083,50,230.452261,0.0
-4.504807,50,230.487696,0.0
-4.064523,50,230.523152,0.0
-4.80859,50,230.558441,0.0
-4.774749,50,230.594158,0.0
-4.264355,50,230.629428,0.0
-2.724306,50,230.664647,0.0
-4.773748,50,230.700261,0.0
-4.878733,50,230.735876,0.0
-3.91925,50,230.771318,0.0
-4.829416,50,230.807316,0.0
-4.729245,50,230.843053,0.0
-3.837427,50,230.878642,0.0
-4.235741,50,230.914508,0.0
-3.999733,50,231.299478,0.0
-4.429022,50,231.335576,0.0
-4.769428,50,231.371239,0.0
-2.83889,50,231.4071,0.0
-4.772956,50,231.442733,0.0
-4.610278,50,231.478051,0.0
-4.546007,50,231.514221,0.0
-4.336531,50,231.550122,0.0
-2.815239,50,231.58576,0.0
-2.485534,50,231.621362,0.0
-4.989038,50,231.656756,0.0
-4.421179,50,231.69187,0.0
-4.289003,50,231.727229,0.0
-5.00755,50,231.762322,0.0
-5.201191,50,231.797832,0.0
-4.161043,50,231.833889,0.0
-5.047521,50,231.869374,0.0
-4.473048,50,231.904661,0.0
-4.097424,50,231.940081,0.0
-4.432396,50,231.975927,0.0
-2.922058,50,232.011436,0.0
-4.379374,50,232.16083,0.0
-2.72699,50,232.196279,0.0
-5.084141,50,232.231892,0.0
-5.136971,50,232.267116,0.0
-3.427598,50,232.302625,0.0
-3.806992,50,232.337645,0.0
-4.434437,50,232.372787,0.0
-4.876164,50,232.40792,0.0
-4.17281,50,232.443535,0.0
-2.98744,50,232.47841,0.0
-3.959946,50,232.513175,0.0
-4.220613,50,232.54814,0.0
-3.705703,50,232.583478,0.0
-4.265727,50,232.618986,0.0
-4.764531,50,232.654484,0.0
-5.047816,50,232.691631,0.0
-4.553795,50,232.727977,0.0
-4.50481,50,232.764565,0.0
-4.638129,50,232.800136,0.0
-4.686229,50,232.835627,0.0
-4.454023,50,232.870978,0.0
-4.748591,50,232.906552,0.0
-4.338628,50,232.942105,0.0
-5.375469,50,232.977422,0.0
-4.555007,50,233.012636,0.0
-4.024042,50,233.048243,0.0
-4.874172,50,233.08351,0.0
-3.782408,50,233.118637,0.0
-4.866313,50,233.154287,0.0
-4.89806,50,233.190145,0.0
-4.993269,50,233.225775,0.0
-4.234051,50,233.261326,0.0
-5.077417,50,233.29704,0.0
-4.672574,50,233.332482,0.0
-4.564933,50,233.368029,0.0
-4.21631,50,233.403964,0.0
-4.283749,50,233.439605,0.0
-4.583674,50,233.475281,0.0
-4.120934,50,233.510491,0.0
-4.943771,50,233.545757,0.0
-4.248044,50,233.581187,0.0
-4.903633,50,233.732286,0.0
-4.800232,50,233.767828,0.0
-4.196965,50,233.803397,0.0
-4.691849,50,233.839007,0.0
-2.793513,50,233.874717,0.0
-4.652825,50,233.910072,0.0
-4.813777,50,233.945465,0.0
-5.197227,50,233.981513,0.0
-4.36671,50,234.01699,0.0
-4.436485,50,234.052553,0.0
-4.939251,50,234.087617,0.0
-4.420873,50,234.12305,0.0
-4.867263,50,234.158875,0.0
-3.243825,50,234.19451,0.0
-5.033146,50,234.229881,0.0
-4.682682,50,234.265349,0.0
-4.262534,50,234.301434,0.0
-4.916113,50,234.337032,0.0
-4.662294,50,234.372253,0.0
-4.256124,50,234.407841,0.0
-4.343635,50,234.443308,0.0
-4.671567,50,234.478677,0.0
-4.331593,50,234.513965,0.0
-4.974783,50,234.549223,0.0
-4.350775,50,234.584743,0.0
-2.958712,50,234.620239,0.0
-4.564992,50,234.655675,0.0
-4.118379,50,234.691053,0.0
-4.667398,50,234.726651,0.0
-4.492764,50,234.762233,0.0
-4.136266,50,234.797472,0.0
-3.974165,50,234.832776,0.0
-4.273509,50,234.868164,0.0
-4.227458,50,234.903411,0.0
-4.733934,50,234.938541,0.0
-4.873579,50,234.97496,0.0
-4.103854,50,235.011284,0.0
-3.990744,50,235.047347,0.0
-4.107218,50,235.083345,0.0
-4.139817,50,235.119723,0.0
-4.636105,50,235.155939,0.0
-3.866389,50,235.30673,0.0
-4.702541,50,235.342398,0.0
-4.538729,50,235.377763,0.0
-4.725173,50,235.413323,0.0
-2.997619,50,235.449388,0.0
-4.276067,50,235.485294,0.0
-4.691778,50,235.520598,0.0
-4.903308,50,235.556474,0.0
-4.514522,50,235.59196,0.0
-3.954188,50,235.627394,0.0
-3.065721,50,235.663169,0.0
-3.718113,50,235.698825,0.0
-4.307061,50,235.734266,0.0
-3.569408,50,235.769716,0.0
-4.163812,50,235.805128,0.0
-4.818698,50,235.840221,0.0
-4.523677,50,235.87568,0.0
-3.918817,50,235.910855,0.0
-4.056534,50,235.94599,0.0
-4.202281,50,235.981335,0.0
-4.561452,50,236.017336,0.0
-4.634851,50,236.053099,0.0
-4.228189,50,236.088974,0.0
-4.629187,50,236.125162,0.0
-4.312233,50,236.160868,0.0
-4.689794,50,236.196531,0.0
-3.420397,50,236.231749,0.0
-4.311381,50,236.266968,0.0
-4.765292,50,236.302299,0.0
-4.335894,50,236.337877,0.0
-4.354728,50,236.373598,0.0
-5.065284,50,236.4095,0.0
-4.748346,50,236.444729,0.0
-4.392496,50,236.479826,0.0
-4.769711,50,236.515482,0.0
-3.795071,50,236.550821,0.0
-4.493681,50,236.586096,0.0
-4.522179,50,236.621717,0.0
-4.140523,50,236.65703,0.0
-2.826875,50,236.692381,0.0
-4.028332,50,236.727686,0.0
-4.569588,50,236.878601,0.0
-4.003289,50,236.91433,0.0
-3.959098,50,236.949351,0.0
-5.00154,50,236.984894,0.0
-4.548037,50,237.020324,0.0
-4.156075,50,237.05636,0.0
-4.507116,50,237.092621,0.0
-4.599154,50,237.129026,0.0
-3.321463,50,237.164597,0.0
-4.743194,50,237.200116,0.0
-4.5194,50,237.235373,0.0
-4.246456,50,237.270378,0.0
-4.503178,50,237.30557,0.0
-4.458767,50,237.340932,0.0
-4.924292,50,237.376242,0.0
-4.721525,50,237.412055,0.0
-3.076289,50,237.447706,0.0
-4.426856,50,237.483225,0.0
-2.720516,50,237.518473,0.0
-5.205184,50,237.553764,0.0
-4.207694,50,237.588842,0.0
-4.50887,50,237.624336,0.0
-4.990023,50,237.659487,0.0
-4.569726,50,237.694634,0.0
-4.537888,50,237.729979,0.0
-4.474132,50,237.765145,0.0
-4.28238,50,237.80101,0.0
-5.011149,50,237.836437,0.0
-4.285008,50,237.871588,0.0
-4.43769,50,237.906926,0.0
-4.444695,50,237.94219,0.0
-4.264672,50,237.977901,0.0
-4.081439,50,238.013035,0.0
-4.351948,50,238.048195,0.0
-4.30382,50,238.083346,0.0
-4.358871,50,238.118919,0.0
-4.282975,50,238.154402,0.0
-3.874603,50,238.189488,0.0
-4.872315,50,238.22466,0.0
-2.719187,50,238.259984,0.0
-4.660537,50,238.408825,0.0
-4.406587,50,238.444306,0.0
-4.783016,50,238.479705,0.0
-4.461497,50,238.515073,0.0
-4.487757,50,238.550674,0.0
-2.837952,50,238.586505,0.0
-3.644419,50,238.621995,0.0
-4.3979,50,238.657113,0.0
-4.642539,50,238.692477,0.0
-4.514895,50,238.727688,0.0
-4.347273,50,238.763111,0.0
-4.165808,50,238.798605,0.0
-4.395986,50,238.833946,0.0
-4.265392,50,238.869073,0.0
-5.042581,50,238.904955,0.0
-4.56593,50,238.940373,0.0
-4.315735,50,238.975498,0.0
-4.639521,50,239.012292,0.0
-3.821394,50,239.049002,0.0
-4.32611,50,239.085371,0.0
-5.055017,50,239.121593,0.0
-4.317945,50,239.158042,0.0
-4.600898,50,239.194111,0.0
-4.672317,50,239.23049,0.0
-4.471703,50,239.266592,0.0
-4.694045,50,239.302627,0.0
-4.573051,50,239.339087,0.0
-4.286296,50,239.375427,0.0
-4.746443,50,239.411714,0.0
-4.366517,50,239.44821,0.0
-4.515104,50,239.484681,0.0
-4.3229,50,239.520795,0.0
-4.122659,50,239.557373,0.0
-4.772136,50,239.59361,0.0
-3.959477,50,239.629693,0.0
-4.834489,50,239.66578,0.0
-4.420457,50,239.702171,0.0
-4.191181,50,239.738652,0.0
-3.998073,50,239.774722,0.0
-4.681693,50,239.810736,0.0
-4.631722,50,239.846899,0.0
-4.321369,50,239.997157,0.0
-4.130086,50,240.032582,0.0
-2.979322,50,240.067993,0.0
-4.168887,50,240.103996,0.0
-4.086877,50,240.13961,0.0
-3.630941,50,240.17507,0.0
-4.766677,50,240.210701,0.0
-4.574199,50,240.245949,0.0
-4.843786,50,240.281121,0.0
-2.578492,50,240.316248,0.0
-2.855039,50,240.351466,0.0
-4.497322,50,240.387275,0.0
-2.686051,50,240.423443,0.0
-4.715768,50,240.459728,0.0
-4.269518,50,240.495523,0.0
-4.102583,50,240.531678,0.0
-4.588411,50,240.567846,0.0
-4.519474,50,240.603487,0.0
-4.534726,50,240.639137,0.0
-4.775068,50,240.674452,0.0
-4.424493,50,240.709769,0.0
-4.64182,50,240.745255,0.0
-4.208697,50,240.78086,0.0
-4.838342,50,240.816201,0.0
-2.928775,50,240.851518,0.0
-3.129741,50,240.886982,0.0
-3.923807,50,240.922467,0.0
-3.822456,50,240.95791,0.0
-4.104478,50,240.993322,0.0
-4.359049,50,241.028444,0.0
-4.536017,50,241.06409,0.0
-4.624388,50,241.099141,0.0
-4.261163,50,241.134168,0.0
-4.542174,50,241.169498,0.0
-4.245481,50,241.204606,0.0
-5.227955,50,241.239976,0.0
-3.521132,50,241.275065,0.0
-3.893376,50,241.31045,0.0
-4.223101,50,241.345546,0.0
-4.464263,50,241.380805,0.0
-4.92952,50,241.416229,0.0
-4.53856,50,241.57321,0.0
-4.442596,50,241.610108,0.0
-3.98225,50,241.646811,0.0
-2.777971,50,241.684122,0.0
-4.463553,50,241.721603,0.0
-4.548163,50,241.758136,0.0
-4.170413,50,241.795074,0.0
-4.211161,50,241.832091,0.0
-4.677484,50,241.869613,0.0
-3.813831,50,241.906522,0.0
-2.74996,50,241.942634,0.0
-4.005093,50,241.978765,0.0
-3.988823,50,242.014491,0.0
-4.007638,50,242.050134,0.0
-4.247196,50,242.085534,0.0
-4.000585,50,242.121283,0.0
-4.722106,50,242.157028,0.0
-4.775553,50,242.192752,0.0
-3.979311,50,242.228082,0.0
-2.69356,50,242.263394,0.0
-4.425885,50,242.298752,0.0
-4.381824,50,242.334155,0.0
-4.731076,50,242.369831,0.0
-4.08994,50,242.405637,0.0
-4.290238,50,242.442272,0.0
-4.747052,50,242.478292,0.0
-4.469593,50,242.514075,0.0
-3.872829,50,242.549462,0.0
-4.695457,50,242.585029,0.0
-4.522468,50,242.620573,0.0
-4.508489,50,242.656539,0.0
-4.302839,50,242.693107,0.0
-4.059361,50,242.72957,0.0
-2.486401,50,242.766095,0.0
-4.643963,50,242.802253,0.0
-4.4601,50,242.83894,0.0
-3.92401,50,242.875357,0.0
-4.182814,50,242.910982,0.0
-4.177273,50,242.947097,0.0
-4.404934,50,242.982694,0.0
-4.856974,50,243.01883,0.0
-4.205243,50,243.17069,0.0
-4.813352,50,243.206424,0.0
-5.602965,50,243.242073,0.0
-4.356576,50,243.277716,0.0
-4.777387,50,243.312936,0.0
-3.223489,50,243.348561,0.0
-4.725656,50,243.384497,0.0
-4.080118,50,243.420582,0.0
-4.14657,50,243.456517,0.0
-4.098067,50,243.492829,0.0
-2.916884,50,243.529071,0.0
-4.169877,50,243.565184,0.0
-4.246911,50,243.601463,0.0
-4.612204,50,243.637563,0.0
-3.442292,50,243.674147,0.0
-3.267644,50,243.711184,0.0
-4.101304,50,243.747197,0.0
-4.452477,50,243.782664,0.0
-3.040113,50,243.818385,0.0
-4.212312,50,243.85396,0.0
-3.923975,50,243.889297,0.0
-3.90526,50,243.92464,0.0
-2.98431,50,243.959877,0.0
-4.636705,50,243.995141,0.0
-4.572729,50,244.030425,0.0
-4.407463,50,244.06562,0.0
-4.042887,50,244.101193,0.0
-4.211611,50,244.136633,0.0
-4.717934,50,244.171989,0.0
-4.429354,50,244.207318,0.0
-4.004533,50,244.242284,0.0
-4.195931,50,244.277797,0.0
-3.105342,50,244.313339,0.0
-3.886954,50,244.349823,0.0
-4.576765,50,244.385336,0.0
-4.459308,50,244.420518,0.0
-4.719072,50,244.455711,0.0
-4.537665,50,244.491317,0.0
-4.887695,50,244.526856,0.0
-4.338446,50,244.561819,0.0
-4.37437,50,244.597253,0.0
-4.467217,50,244.747354,0.0
-2.779738,50,244.782679,0.0
-3.995328,50,244.818013,0.0
-4.377484,50,244.853468,0.0
-4.724965,50,244.888755,0.0
-4.381105,50,244.923977,0.0
-4.921953,50,244.959276,0.0
-4.265049,50,244.995033,0.0
-4.462763,50,245.031402,0.0
-4.444768,50,245.06771,0.0
-4.520007,50,245.104023,0.0
-4.394165,50,245.14035,0.0
-4.393036,50,245.176404,0.0
-4.11995,50,245.212851,0.0
-4.886731,50,245.248783,0.0
-3.003265,50,245.284972,0.0
-4.371259,50,245.321249,0.0
-3.187911,50,245.357413,0.0
-4.55911,50,245.393286,0.0
-4.778615,50,245.429311,0.0
-4.911779,50,245.465688,0.0
-4.724205,50,245.501956,0.0
-4.03176,50,245.537747,0.0
-4.310441,50,245.574178,0.0
-3.696323,50,245.610259,0.0
-4.030686,50,245.64638,0.0
-4.195676,50,245.682294,0.0
-3.997211,50,245.718873,0.0
-4.371597,50,245.755032,0.0
-4.151761,50,245.790995,0.0
-4.44075,50,245.827205,0.0
-4.485593,50,245.862981,0.0
-4.580475,50,245.899038,0.0
-4.618093,50,245.935052,0.0
-4.044784,50,245.971224,0.0
-4.261331,50,246.007037,0.0
-4.321582,50,246.043272,0.0
-4.31371,50,246.07923,0.0
-4.356924,50,246.115842,0.0
-4.776923,50,246.151767,0.0
-4.571281,50,246.187719,0.0
-4.396262,50,246.337969,0.0
-4.329279,50,246.373921,0.0
-4.882925,50,246.40922,0.0
-3.32076,50,246.444532,0.0
-4.258852,50,246.480189,0.0
-4.433645,50,246.51591,0.0
-4.650823,50,246.552254,0.0
-2.818965,50,246.588267,0.0
-4.549525,50,246.624547,0.0
-2.927411,50,246.660976,0.0
-4.492812,50,246.697417,0.0
-2.71535,50,246.734039,0.0
-4.383519,50,246.770235,0.0
-4.845514,50,246.805794,0.0
-4.276271,50,246.841472,0.0
-4.798766,50,246.877041,0.0
-4.79931,50,246.912414,0.0
-4.852812,50,246.947929,0.0
-2.712922,50,246.983687,0.0
-4.679198,50,247.020124,0.0
-4.802704,50,247.056374,0.0
-2.777709,50,247.092741,0.0
-2.804912,50,247.129048,0.0
-4.594967,50,247.165417,0.0
-4.052924,50,247.202266,0.0
-3.898819,50,247.2379,0.0
-4.409857,50,247.273433,0.0
-4.532286,50,247.308942,0.0
-4.629209,50,247.344489,0.0
-4.40585,50,247.380067,0.0
-4.550533,50,247.415942,0.0
-4.489919,50,247.452132,0.0
-4.507194,50,247.48865,0.0
-4.185026,50,247.525182,0.0
-3.278111,50,247.561673,0.0
-4.855256,50,247.597442,0.0
-4.485454,50,247.632711,0.0
-4.839571,50,247.667923,0.0
-4.305248,50,247.703334,0.0
-3.945529,50,247.738817,0.0
-4.541969,50,247.774551,0.0
-4.684902,50,247.924298,0.0
-4.494444,50,247.959794,0.0
-4.835143,50,247.995117,0.0
-4.681686,50,248.030552,0.0
-4.304412,50,248.066036,0.0
-3.777156,50,248.101292,0.0
-4.378736,50,248.137329,0.0
-4.484383,50,248.173654,0.0
-4.079286,50,248.209817,0.0
-4.139302,50,248.245924,0.0
-3.763474,50,248.281361,0.0
-4.193485,50,248.317055,0.0
-2.556323,50,248.352698,0.0
-4.69515,50,248.389313,0.0
-4.229598,50,248.425617,0.0
-4.007836,50,248.46221,0.0
-3.916677,50,248.498286,0.0
-4.628175,50,248.533407,0.0
-4.662998,50,248.569199,0.0
-4.404548,50,248.604814,0.0
-2.883856,50,248.640377,0.0
-4.479959,50,248.675805,0.0
-4.06618,50,248.71088,0.0
-4.722624,50,248.746332,0.0
-4.105016,50,248.781846,0.0
-4.342939,50,248.8173,0.0
-4.557335,50,248.852705,0.0
-3.9812,50,248.888297,0.0
-4.385786,50,248.924523,0.0
-4.641429,50,248.960476,0.0
-4.581863,50,248.997046,0.0
-4.596463,50,249.032866,0.0
-4.079225,50,249.068357,0.0
-4.084167,50,249.103919,0.0
-4.55349,50,249.139236,0.0
-4.441871,50,249.17448,0.0
-4.404882,50,249.209349,0.0
-4.415155,50,249.245672,0.0
-4.710248,50,249.281486,0.0
-3.845657,50,249.317296,0.0
-4.313528,50,249.352268,0.0
-4.561184,50,249.500376,0.0
-4.624951,50,249.535287,0.0
-4.493018,50,249.571188,0.0
-4.803339,50,249.606834,0.0
-4.972637,50,249.642263,0.0
-4.17878,50,249.677723,0.0
-4.61036,50,249.713553,0.0
-4.517008,50,249.749095,0.0
-4.380362,50,249.784792,0.0
-4.787107,50,249.820076,0.0
-4.792561,50,249.855567,0.0
-4.411683,50,249.890767,0.0
-4.119378,50,249.926113,0.0
-4.446439,50,249.96104,0.0
-4.330859,50,249.997365,0.0
-4.25977,50,250.033046,0.0
-4.40883,50,250.068879,0.0
-3.366467,50,250.104489,0.0
-4.63266,50,250.140389,0.0
-4.66925,50,250.176497,0.0
-4.130788,50,250.21212,0.0
-4.560066,50,250.247659,0.0
-4.47042,50,250.283029,0.0
-4.909691,50,250.318585,0.0
-4.333863,50,250.353558,0.0
-2.697566,50,250.389568,0.0
-3.845614,50,250.425269,0.0
-4.207643,50,250.460692,0.0
-5.089674,50,250.495936,0.0
-4.264555,50,250.531731,0.0
-4.253288,50,250.567055,0.0
-3.963524,50,250.602508,0.0
-4.724188,50,250.638118,0.0
-4.720206,50,250.673591,0.0
-4.323083,50,250.709206,0.0
-5.037049,50,250.744819,0.0
-4.59044,50,250.780639,0.0
-4.382841,50,250.817005,0.0
-4.766199,50,250.852896,0.0
-4.522527,50,250.888163,0.0
-3.042974,50,250.923702,0.0
-4.879608,50,251.073155,0.0
-4.495703,50,251.109692,0.0
-4.260942,50,251.145988,0.0
-4.58225,50,251.181641,0.0
-4.472689,50,251.217154,0.0
-4.017685,50,251.252459,0.0
-4.406192,50,251.287959,0.0
-4.240777,50,251.323477,0.0
-4.249749,50,251.358941,0.0
-4.14225,50,251.394673,0.0
-4.797897,50,251.430468,0.0
-4.605478,50,251.466031,0.0
-4.405085,50,251.501097,0.0
-4.716558,50,251.536094,0.0
-3.899892,50,251.570804,0.0
-4.462607,50,251.605586,0.0
-4.292636,50,251.640369,0.0
-4.2246,50,251.675253,0.0
-4.090378,50,251.710503,0.0
-3.906458,50,251.746281,0.0
-4.136034,50,251.781729,0.0
-4.078615,50,251.819088,0.0
-4.336404,50,251.855516,0.0
-4.542034,50,251.891629,0.0
-3.984859,50,251.927459,0.0
-2.969609,50,251.963113,0.0
-4.455051,50,251.999115,0.0
-4.373936,50,252.035359,0.0
-4.701633,50,252.072003,0.0
-4.836302,50,252.108457,0.0
-4.141096,50,252.145029,0.0
-4.307034,50,252.180857,0.0
-4.276986,50,252.216707,0.0
-3.583371,50,252.252138,0.0
-4.151309,50,252.288417,0.0
-4.186072,50,252.3246,0.0
-2.98749,50,252.361006,0.0
-4.915562,50,252.396867,0.0
-4.539231,50,252.43346,0.0
-3.32793,50,252.47031,0.0
-2.764397,50,252.506108,0.0
-4.36178,50,252.655632,0.0
-4.113878,50,252.691351,0.0
-4.885944,50,252.72735,0.0
-4.046597,50,252.763675,0.0
-2.696782,50,252.800079,0.0
-4.685661,50,252.836137,0.0
-4.284651,50,252.872041,0.0
-4.729109,50,252.908416,0.0
-4.912216,50,252.944421,0.0
-4.704106,50,252.979655,0.0
-2.281135,50,253.015528,0.0
-4.35598,50,253.051898,0.0
-5.285491,50,253.087883,0.0
-3.004054,50,253.123882,0.0
-4.359734,50,253.159205,0.0
-4.293037,50,253.194409,0.0
-3.870552,50,253.229592,0.0
-3.646406,50,253.265353,0.0
-4.885872,50,253.300899,0.0
-4.747217,50,253.336176,0.0
-3.936582,50,253.371686,0.0
-4.685625,50,253.407611,0.0
-4.746085,50,253.443677,0.0
-4.535828,50,253.480093,0.0
-4.890521,50,253.516049,0.0
-4.190744,50,253.552559,0.0
-4.285329,50,253.587898,0.0
-4.65999,50,253.622904,0.0
-4.324172,50,253.658232,0.0
-4.242235,50,253.693986,0.0
-4.966436,50,253.730107,0.0
-4.938441,50,253.766342,0.0
-4.286494,50,253.801878,0.0
-3.973073,50,253.837494,0.0
-4.422706,50,253.873077,0.0
-3.409838,50,253.908679,0.0
-4.146205,50,253.944215,0.0
-4.455331,50,253.979469,0.0
-4.57795,50,254.014915,0.0
-4.92664,50,254.050582,0.0
-4.484902,50,254.086841,0.0
-4.720321,50,254.238469,0.0
-4.681598,50,254.273851,0.0
-4.971814,50,254.309696,0.0
-4.483225,50,254.344992,0.0
-4.449938,50,254.381305,0.0
-2.916755,50,254.417785,0.0
-4.161091,50,254.454131,0.0
-4.405452,50,254.490163,0.0
-4.717074,50,254.526337,0.0
-3.84802,50,254.562673,0.0
-4.506695,50,254.598642,0.0
-4.142785,50,254.634982,0.0
-4.108989,50,254.671303,0.0
-4.573679,50,254.707274,0.0
-4.385775,50,254.743204,0.0
-4.323418,50,254.77944,0.0
-2.660535,50,254.815931,0.0
-4.485026,50,254.852141,0.0
-4.28949,50,254.888177,0.0
-4.231524,50,254.924537,0.0
-3.728233,50,254.960521,0.0
-2.814509,50,254.996633,0.0
-4.46899,50,255.032904,0.0
-4.454856,50,255.069415,0.0
-4.542479,50,255.105897,0.0
-3.751587,50,255.142237,0.0
-4.400267,50,255.178845,0.0
-4.551256,50,255.215232,0.0
-4.563438,50,255.250479,0.0
-4.350692,50,255.28613,0.0
-4.181997,50,255.321615,0.0
-4.250629,50,255.357166,0.0
-4.416278,50,255.393277,0.0
-5.010925,50,255.429646,0.0
-4.637623,50,255.465221,0.0
-4.285172,50,255.500468,0.0
-4.568189,50,255.53608,0.0
-3.177953,50,255.572206,0.0
-4.573971,50,255.608427,0.0
-3.177493,50,255.644433,0.0
-4.092506,50,255.680853,0.0
-5.009854,50,255.831841,0.0
-5.076112,50,255.867582,0.0
-4.186252,50,255.903726,0.0
-4.725808,50,255.94016,0.0
-4.17189,50,255.976646,0.0
-4.717566,50,256.013296,0.0
-4.683393,50,256.049171,0.0
-4.808772,50,256.085095,0.0
-4.2066,50,256.121145,0.0
-3.991852,50,256.15696,0.0
-4.505076,50,256.192926,0.0
-4.43786,50,256.22857,0.0
-4.205452,50,256.264018,0.0
-4.218964,50,256.299688,0.0
-2.800029,50,256.335312,0.0
-4.279009,50,256.37144,0.0
-4.755809,50,256.40718,0.0
-4.914808,50,256.442724,0.0
-4.153181,50,256.477873,0.0
-2.860121,50,256.51335,0.0
-4.673882,50,256.549403,0.0
-4.206296,50,256.585737,0.0
-4.710906,50,256.621014,0.0
-4.641308,50,256.656495,0.0
-4.597439,50,256.691666,0.0
-4.27264,50,256.727146,0.0
-4.102086,50,256.762753,0.0
-4.216348,50,256.797583,0.0
-4.291829,50,256.832769,0.0
-4.318344,50,256.868933,0.0
-4.710337,50,256.906264,0.0
-4.767862,50,256.941922,0.0
-4.468714,50,256.977641,0.0
-4.423141,50,257.013284,0.0
-4.039671,50,257.048926,0.0
-4.757559,50,257.084649,0.0
-4.903482,50,257.12019,0.0
-3.872428,50,257.15588,0.0
-3.175519,50,257.191493,0.0
-4.22659,50,257.227378,0.0
-4.065962,50,257.262793,0.0
-4.848652,50,257.412454,0.0
-4.290726,50,257.448177,0.0
-5.245926,50,257.483427,0.0
-3.617908,50,257.51863,0.0
-2.800867,50,257.5538,0.0
-4.740928,50,257.589214,0.0
-4.831589,50,257.624979,0.0
-4.251114,50,257.660231,0.0
-3.950713,50,257.695841,0.0
-4.480317,50,257.731201,0.0
-4.378085,50,257.766791,0.0
-4.360959,50,257.802302,0.0
-4.503357,50,257.837636,0.0
-4.223718,50,257.873116,0.0
-4.014687,50,257.908686,0.0
-4.543747,50,257.943974,0.0
-3.021119,50,257.979231,0.0
-4.508214,50,258.014855,0.0
-4.573983,50,258.050496,0.0
-4.307948,50,258.085593,0.0
-4.43811,50,258.121427,0.0
-4.885935,50,258.157012,0.0
-2.891918,50,258.192666,0.0
-4.012983,50,258.227972,0.0
-4.290526,50,258.263696,0.0
-4.110094,50,258.299305,0.0
-4.326749,50,258.334997,0.0
-4.283519,50,258.370491,0.0
-4.255072,50,258.405961,0.0
-4.447318,50,258.441412,0.0
-4.459983,50,258.476961,0.0
-5.006242,50,258.512534,0.0
-4.435809,50,258.548209,0.0
-4.412277,50,258.584034,0.0
-4.915063,50,258.619482,0.0
-4.283466,50,258.655264,0.0
-4.624103,50,258.690981,0.0
-3.904283,50,258.726938,0.0
-4.456283,50,258.762225,0.0
-4.18357,50,258.797637,0.0
-4.539618,50,258.833093,0.0
-4.258808,50,258.983641,0.0
-4.395033,50,259.019103,0.0
-3.789513,50,259.054559,0.0
-2.822548,50,259.089734,0.0
-3.829914,50,259.126449,0.0
-4.485055,50,259.162319,0.0
-4.147748,50,259.197828,0.0
-4.200037,50,259.233112,0.0
-4.678625,50,259.268623,0.0
-4.979361,50,259.304791,0.0
-3.101189,50,259.340413,0.0
-4.823273,50,259.376103,0.0
-2.870115,50,259.411536,0.0
-4.096022,50,259.44697,0.0
-2.561416,50,259.482338,0.0
-3.688176,50,259.517605,0.0
-4.127723,50,259.552936,0.0
-4.461455,50,259.587956,0.0
-3.883299,50,259.622837,0.0
-4.495663,50,259.658421,0.0
-4.339075,50,259.693713,0.0
-4.187009,50,259.728921,0.0
-4.165007,50,259.764402,0.0
-4.263889,50,259.79989,0.0
-5.176232,50,259.835406,0.0
-4.043013,50,259.870714,0.0
-4.202099,50,259.905623,0.0
-4.125917,50,259.94076,0.0
-4.594656,50,259.97629,0.0
-4.523605,50,260.011558,0.0
-2.929354,50,260.047307,0.0
-4.465146,50,260.082919,0.0
-4.195633,50,260.11854,0.0
-2.896776,50,260.154139,0.0
-4.250517,50,260.18986,0.0
-4.256312,50,260.225592,0.0
-4.545868,50,260.260982,0.0
-4.421314,50,260.296855,0.0
-4.112124,50,260.33216,0.0
-3.31883,50,260.368072,0.0
-4.376576,50,260.403846,0.0
-4.435628,50,260.552321,0.0
-4.458189,50,260.588021,0.0
-2.552522,50,260.623715,0.0
-4.354278,50,260.659051,0.0
-4.518562,50,260.694867,0.0
-4.399107,50,260.729975,0.0
-3.937932,50,260.765404,0.0
-4.224569,50,260.800867,0.0
-5.105798,50,260.836373,0.0
-4.693136,50,260.871899,0.0
-3.709109,50,260.907623,0.0
-2.968707,50,260.94307,0.0
-4.543015,50,260.978365,0.0
-3.995133,50,261.013897,0.0
-4.068299,50,261.04908,0.0
-4.043039,50,261.084596,0.0
-4.465976,50,261.120015,0.0
-4.411519,50,261.155089,0.0
-4.810356,50,261.190155,0.0
-4.169503,50,261.225541,0.0
-4.128056,50,261.260867,0.0
-4.854369,50,261.296483,0.0
-4.724558,50,261.331664,0.0
-3.765167,50,261.366967,0.0
-4.336545,50,261.402511,0.0
-4.686718,50,261.437411,0.0
-4.144541,50,261.472855,0.0
-4.582032,50,261.508241,0.0
-4.354546,50,261.543978,0.0
-4.404067,50,261.579501,0.0
-4.754158,50,261.614923,0.0
-3.240416,50,261.649606,0.0
-3.976229,50,261.684776,0.0
-4.215849,50,261.719966,0.0
-3.257876,50,261.755148,0.0
-4.170855,50,261.790796,0.0
-4.300879,50,261.826432,0.0
-2.581545,50,261.861577,0.0
-4.148572,50,261.896897,0.0
-2.671421,50,261.932571,0.0
-4.389309,50,261.967987,0.0
-4.800408,50,262.117395,0.0
-4.411508,50,262.153007,0.0
-4.611035,50,262.188369,0.0
-4.250493,50,262.224745,0.0
-4.269499,50,262.261183,0.0
-4.604757,50,262.297915,0.0
-2.874971,50,262.333901,0.0
-4.565775,50,262.369106,0.0
-4.212039,50,262.404831,0.0
-4.888238,50,262.440238,0.0
-3.992702,50,262.475618,0.0
-4.514532,50,262.510818,0.0
-2.915578,50,262.546346,0.0
-2.471811,50,262.581927,0.0
-3.927501,50,262.617398,0.0
-4.25274,50,262.652797,0.0
-4.386833,50,262.688378,0.0
-4.433035,50,262.724365,0.0
-2.627662,50,262.760042,0.0
-4.414705,50,262.795757,0.0
-4.353929,50,262.831181,0.0
-4.36159,50,262.866652,0.0
-4.375768,50,262.902037,0.0
-3.430749,50,262.938092,0.0
-4.883578,50,262.974668,0.0
-4.490699,50,263.011126,0.0
-4.416037,50,263.04755,0.0
-4.129944,50,263.083953,0.0
-4.755481,50,263.120559,0.0
-4.356543,50,263.156897,0.0
-4.305989,50,263.192397,0.0
-4.675873,50,263.227893,0.0
-4.518785,50,263.263268,0.0
-4.130474,50,263.298754,0.0
-4.811367,50,263.334258,0.0
-4.535155,50,263.369565,0.0
-3.913372,50,263.404816,0.0
-4.426688,50,263.439893,0.0
-4.559134,50,263.475656,0.0
-4.913333,50,263.51166,0.0
-4.144701,50,263.547912,0.0
-4.525144,50,263.696698,0.0
-4.135822,50,263.731851,0.0
-4.293783,50,263.767338,0.0
-4.111949,50,263.802614,0.0
-4.192726,50,263.837617,0.0
-4.432437,50,263.873672,0.0
-4.476087,50,263.909778,0.0
-3.963668,50,263.946042,0.0
-3.599957,50,263.982403,0.0
-4.652784,50,264.018579,0.0
-4.320145,50,264.05464,0.0
-4.56501,50,264.090674,0.0
-3.999011,50,264.127144,0.0
-4.460436,50,264.163421,0.0
-4.355461,50,264.199778,0.0
-4.0468,50,264.235762,0.0
-3.90963,50,264.271982,0.0
-4.788877,50,264.308729,0.0
-3.972917,50,264.34434,0.0
-4.274922,50,264.380052,0.0
-4.686568,50,264.416002,0.0
-3.938639,50,264.451227,0.0
-3.976932,50,264.486975,0.0
-4.322691,50,264.52203,0.0
-4.273227,50,264.55708,0.0
-4.267559,50,264.592377,0.0
-4.505592,50,264.627775,0.0
-4.25955,50,264.663574,0.0
-4.163546,50,264.698876,0.0
-4.526264,50,264.734402,0.0
-4.034725,50,264.769791,0.0
-4.348022,50,264.80567,0.0
-4.469913,50,264.841978,0.0
-4.803289,50,264.877708,0.0
-4.041093,50,264.913252,0.0
-4.135474,50,264.948844,0.0
-4.33159,50,264.98426,0.0
-4.154274,50,265.020178,0.0
-4.492639,50,265.055414,0.0
-4.867142,50,265.090689,0.0
-4.157659,50,265.125975,0.0
-2.823651,50,265.277253,0.0
-4.196155,50,265.313198,0.0
-4.697205,50,265.348541,0.0
-2.903934,50,265.384473,0.0
-4.048896,50,265.420857,0.0
-4.453079,50,265.45701,0.0
-4.390222,50,265.492628,0.0
-3.955369,50,265.528077,0.0
-4.619653,50,265.562955,0.0
-4.417542,50,265.59824,0.0
-4.891964,50,265.633771,0.0
-4.124107,50,265.669177,0.0
-4.626725,50,265.704383,0.0
-4.455908,50,265.739923,0.0
-3.724862,50,265.775621,0.0
-4.305169,50,265.810853,0.0
-4.578053,50,265.846189,0.0
-4.261035,50,265.881469,0.0
-3.084204,50,265.917019,0.0
-3.294335,50,265.952381,0.0
-5.017954,50,265.98763,0.0
-4.234184,50,266.023085,0.0
-4.467139,50,266.05833,0.0
-4.840247,50,266.093422,0.0
-3.036103,50,266.129013,0.0
-4.360509,50,266.164555,0.0
-4.203075,50,266.200113,0.0
-2.989377,50,266.235646,0.0
-4.464383,50,266.271203,0.0
-4.332686,50,266.306553,0.0
-4.053296,50,266.342072,0.0
-2.668589,50,266.377904,0.0
-4.287958,50,266.413478,0.0
-4.048996,50,266.448977,0.0
-4.666725,50,266.48436,0.0
-2.933359,50,266.519651,0.0
-3.029383,50,266.555293,0.0
-4.534293,50,266.591036,0.0
-3.893295,50,266.626668,0.0
-4.088228,50,266.662162,0.0
-4.317241,50,266.697539,0.0
-2.940521,50,266.8477,0.0
-3.857224,50,266.88344,0.0
-4.494169,50,266.919053,0.0
-3.043978,50,266.955756,0.0
-3.861248,50,266.992292,0.0
-4.7215,50,267.028622,0.0
-4.387386,50,267.064557,0.0
-4.225682,50,267.101365,0.0
-4.770496,50,267.137686,0.0
-4.286208,50,267.174186,0.0
-4.714621,50,267.210365,0.0
-4.483957,50,267.246151,0.0
-4.102733,50,267.281976,0.0
-4.219857,50,267.317888,0.0
-4.171327,50,267.353516,0.0
-4.23533,50,267.388728,0.0
-2.901354,50,267.423677,0.0
-4.464151,50,267.458999,0.0
-3.735381,50,267.49444,0.0
-2.975916,50,267.529638,0.0
-4.890321,50,267.564773,0.0
-4.117858,50,267.600087,0.0
-4.751958,50,267.635289,0.0
-4.497787,50,267.670342,0.0
-4.006956,50,267.705728,0.0
-3.871106,50,267.740913,0.0
-4.318006,50,267.77641,0.0
-4.517564,50,267.811614,0.0
-3.040305,50,267.847368,0.0
-4.157995,50,267.883069,0.0
-4.569528,50,267.91817,0.0
-4.986965,50,267.953636,0.0
-4.248935,50,267.989003,0.0
-4.276097,50,268.024467,0.0
-4.155838,50,268.059567,0.0
-4.149598,50,268.094706,0.0
-3.90859,50,268.130263,0.0
-4.163893,50,268.166227,0.0
-4.236384,50,268.201778,0.0
-2.757079,50,268.237172,0.0
-2.669751,50,268.272163,0.0
-4.233914,50,268.421883,0.0
-3.840889,50,268.457446,0.0
-4.812789,50,268.492809,0.0
-4.317888,50,268.5291,0.0
-4.381876,50,268.565614,0.0
-4.155723,50,268.601807,0.0
-4.50743,50,268.638487,0.0
-4.463296,50,268.675208,0.0
-4.852577,50,268.711475,0.0
-4.484425,50,268.747455,0.0
-4.678997,50,268.783372,0.0
-4.577686,50,268.819191,0.0
-4.266349,50,268.854353,0.0
-4.557776,50,268.889814,0.0
-4.823172,50,268.92513,0.0
-4.496492,50,268.960862,0.0
-3.999187,50,268.996366,0.0
-4.869208,50,269.031736,0.0
-3.887283,50,269.066914,0.0
-3.807254,50,269.102331,0.0
-4.515378,50,269.137852,0.0
-4.075871,50,269.173402,0.0
-3.906756,50,269.209483,0.0
-4.306825,50,269.245148,0.0
-4.435986,50,269.280678,0.0
-4.660826,50,269.316171,0.0
-4.349249,50,269.35205,0.0
-2.622621,50,269.387233,0.0
-4.36183,50,269.422526,0.0
-4.632287,50,269.457971,0.0
-3.96601,50,269.492866,0.0
-4.319776,50,269.527987,0.0
-3.971535,50,269.563508,0.0
-4.370391,50,269.598884,0.0
-4.827426,50,269.634294,0.0
-4.515312,50,269.669421,0.0
-4.128812,50,269.704695,0.0
-4.67208,50,270.084484,0.0
-4.016253,50,270.11958,0.0
-3.801846,50,270.155456,0.0
-4.421225,50,270.19115,0.0
-4.013242,50,270.341725,0.0
-4.294504,50,270.377434,0.0
-4.371691,50,270.412824,0.0
-3.74441,50,270.448807,0.0
-4.672391,50,270.484645,0.0
-3.775283,50,270.519959,0.0
-2.893146,50,270.555316,0.0
-4.019662,50,270.590701,0.0
-3.068974,50,270.62587,0.0
-3.909744,50,270.661768,0.0
-4.055035,50,270.697107,0.0
-4.492762,50,270.732393,0.0
-4.179534,50,270.767742,0.0
-3.94064,50,270.803274,0.0
-4.040836,50,270.838879,0.0
-4.326694,50,270.874967,0.0
-4.339028,50,270.910819,0.0
-4.947978,50,270.947089,0.0
-4.164619,50,270.983329,0.0
-4.553641,50,271.019619,0.0
-4.125063,50,271.055606,0.0
-3.978908,50,271.09181,0.0
-4.29963,50,271.127715,0.0
-4.682574,50,271.163103,0.0
-3.963733,50,271.1988,0.0
-2.770515,50,271.234419,0.0
-4.225175,50,271.270175,0.0
-4.475561,50,271.305704,0.0
-4.281959,50,271.341383,0.0
-4.150025,50,271.377034,0.0
-2.649086,50,271.41215,0.0
-4.53436,50,271.447503,0.0
-4.309623,50,271.483243,0.0
-5.074989,50,271.518284,0.0
-4.41436,50,271.553908,0.0
-4.601174,50,271.589062,0.0
-4.397697,50,271.62408,0.0
-4.214286,50,271.659278,0.0
-5.216637,50,271.694379,0.0
-3.91493,50,271.729932,0.0
-4.317515,50,271.765384,0.0
-4.898956,50,271.915294,0.0
-4.100094,50,271.950666,0.0
-4.283791,50,271.985737,0.0
-3.052388,50,272.020853,0.0
-4.942323,50,272.056597,0.0
-3.961773,50,272.091874,0.0
-2.827748,50,272.127813,0.0
-3.254055,50,272.163171,0.0
-4.545983,50,272.198577,0.0
-4.73921,50,272.233835,0.0
-5.059477,50,272.26886,0.0
-4.360246,50,272.304337,0.0
-4.579618,50,272.339561,0.0
-4.341539,50,272.374672,0.0
-4.022871,50,272.409691,0.0
-4.760447,50,272.445424,0.0
-4.264375,50,272.481515,0.0
-4.313979,50,272.517842,0.0
-4.274421,50,272.553974,0.0
-4.446542,50,272.590322,0.0
-4.384394,50,272.626523,0.0
-3.617995,50,272.663552,0.0
-4.666077,50,272.699934,0.0
-4.804066,50,272.736449,0.0
-4.113015,50,272.772748,0.0
-4.205618,50,272.809654,0.0
-4.798723,50,272.845901,0.0
-4.521174,50,272.882148,0.0
-4.740314,50,272.918377,0.0
-3.735517,50,272.955153,0.0
-4.368079,50,272.991672,0.0
-4.192377,50,273.027346,0.0
-4.675173,50,273.062655,0.0
-4.249946,50,273.097797,0.0
-2.745195,50,273.133186,0.0
-4.58778,50,273.168753,0.0
-4.591223,50,273.204336,0.0
-4.578861,50,273.239734,0.0
-4.249466,50,273.27597,0.0
-4.379053,50,273.312102,0.0
-4.111518,50,273.348275,0.0
-4.718639,50,273.497843,0.0
-3.58516,50,273.53369,0.0
-4.128537,50,273.569668,0.0
-4.318796,50,273.605594,0.0
-4.680779,50,273.641487,0.0
-4.133293,50,273.677868,0.0
-4.559538,50,273.713867,0.0
-4.116342,50,273.749966,0.0
-3.949699,50,273.78621,0.0
-3.540314,50,273.822448,0.0
-3.014174,50,273.858655,0.0
-4.287337,50,273.894899,0.0
-4.224718,50,273.931269,0.0
-4.345309,50,273.967341,0.0
-4.024845,50,274.003327,0.0
-3.025444,50,274.039302,0.0
-3.894005,50,274.075407,0.0
-4.52766,50,274.111434,0.0
-4.044387,50,274.147866,0.0
-4.64055,50,274.184176,0.0
-3.444244,50,274.220072,0.0
-4.17465,50,274.256377,0.0
-4.118471,50,274.292644,0.0
-4.689004,50,274.328421,0.0
-4.234926,50,274.364401,0.0
-3.533319,50,274.399799,0.0
-4.021958,50,274.435764,0.0
-4.512802,50,274.471324,0.0
-4.320115,50,274.507212,0.0
-4.298222,50,274.542722,0.0
-4.810216,50,274.578387,0.0
-3.999314,50,274.614294,0.0
-3.938738,50,274.649845,0.0
-3.801005,50,274.686254,0.0
-4.491044,50,274.721764,0.0
-4.193611,50,274.757509,0.0
-3.738755,50,274.793289,0.0
-4.519092,50,274.828471,0.0
-4.075752,50,274.864119,0.0
-4.415599,50,274.899766,0.0
-4.169579,50,274.93539,0.0
-3.773174,50,275.086086,0.0
-4.705554,50,275.122095,0.0
-4.45785,50,275.158073,0.0
-4.253971,50,275.193725,0.0
-3.126485,50,275.229389,0.0
-4.045799,50,275.264682,0.0
-4.366531,50,275.300081,0.0
-4.332979,50,275.335328,0.0
-4.243139,50,275.370878,0.0
-3.756752,50,275.40603,0.0
-4.274301,50,275.441246,0.0
-3.815223,50,275.477615,0.0
-4.302917,50,275.513098,0.0
-2.75083,50,275.548616,0.0
-4.517538,50,275.584059,0.0
-3.108036,50,275.619373,0.0
-4.067567,50,275.654825,0.0
-4.350496,50,275.690101,0.0
-2.964063,50,275.725389,0.0
-4.159956,50,275.76079,0.0
-4.35521,50,275.796121,0.0
-4.592748,50,275.831099,0.0
-4.587586,50,275.866016,0.0
-4.495569,50,275.901039,0.0
-4.147126,50,275.93622,0.0
-4.389542,50,275.972458,0.0
-4.682926,50,276.008638,0.0
-4.538033,50,276.044802,0.0
-5.047051,50,276.080069,0.0
-4.626909,50,276.11543,0.0
-4.460457,50,276.150755,0.0
-5.15216,50,276.186745,0.0
-4.805647,50,276.2221,0.0
-3.768829,50,276.257295,0.0
-3.114773,50,276.292835,0.0
-4.090822,50,276.328406,0.0
-4.613318,50,276.364012,0.0
-3.856685,50,276.399225,0.0
-4.967546,50,276.434887,0.0
-2.662192,50,276.470251,0.0
-4.288284,50,276.505241,0.0
-4.871741,50,276.654952,0.0
-4.573912,50,276.69049,0.0
-3.022433,50,276.725979,0.0
-4.246121,50,276.761358,0.0
-4.359924,50,276.797647,0.0
-4.520041,50,276.833644,0.0
-4.27916,50,276.870178,0.0
-4.332788,50,276.906577,0.0
-4.156987,50,276.942954,0.0
-4.356851,50,276.979317,0.0
-3.384389,50,277.015271,0.0
-4.464034,50,277.051809,0.0
-3.992066,50,277.087277,0.0
-3.938103,50,277.122571,0.0
-4.411507,50,277.157738,0.0
-4.217029,50,277.193134,0.0
-4.562631,50,277.228863,0.0
-4.74168,50,277.26467,0.0
-3.850903,50,277.300131,0.0
-2.956364,50,277.335362,0.0
-4.942487,50,277.371005,0.0
-3.231395,50,277.406248,0.0
-3.907648,50,277.441986,0.0
-4.403131,50,277.477729,0.0
-4.771236,50,277.513252,0.0
-4.33648,50,277.548814,0.0
-2.699365,50,277.583968,0.0
-4.180545,50,277.619196,0.0
-4.450411,50,277.654467,0.0
-3.601152,50,277.689945,0.0
-4.999473,50,277.725124,0.0
-4.407136,50,277.760409,0.0
-4.554162,50,277.795766,0.0
-4.528915,50,277.831194,0.0
-4.284513,50,277.866472,0.0
-4.419489,50,277.9023,0.0
-4.356791,50,277.937691,0.0
-4.721911,50,277.972968,0.0
-5.101606,50,278.008305,0.0
-4.185695,50,278.043434,0.0
-4.207148,50,278.193301,0.0
-4.880793,50,278.228844,0.0
-4.132137,50,278.264043,0.0
-4.182341,50,278.29956,0.0
-4.689087,50,278.33478,0.0
-3.939739,50,278.370336,0.0
-3.111724,50,278.405773,0.0
-2.60767,50,278.44103,0.0
-4.404886,50,278.476226,0.0
-4.217895,50,278.511552,0.0
-2.931552,50,278.547054,0.0
-4.643179,50,278.582408,0.0
-4.371448,50,278.617604,0.0
-4.005202,50,278.653277,0.0
-3.900908,50,278.689407,0.0
-3.330649,50,278.72568,0.0
-4.297514,50,278.761803,0.0
-2.986168,50,278.797301,0.0
-3.523937,50,278.832867,0.0
-4.2927,50,278.868333,0.0
-4.070917,50,278.90391,0.0
-4.229994,50,278.939401,0.0
-2.735373,50,278.97499,0.0
-4.473194,50,279.010231,0.0
-4.076276,50,279.045365,0.0
-3.606307,50,279.080578,0.0
-4.24768,50,279.1166,0.0
-3.926692,50,279.151802,0.0
-4.397544,50,279.186971,0.0
-4.671414,50,279.222284,0.0
-4.068696,50,279.25739,0.0
-4.31938,50,279.292438,0.0
-3.975585,50,279.327579,0.0
-4.403097,50,279.362964,0.0
-4.255924,50,279.398374,0.0
-4.445289,50,279.433618,0.0
-4.533862,50,279.468984,0.0
-4.869334,50,279.504179,0.0
-4.275086,50,279.539287,0.0
-4.025962,50,279.575405,0.0
-4.444486,50,279.611626,0.0
-4.277718,50,279.761799,0.0
-4.613869,50,279.798171,0.0
-4.978742,50,279.833887,0.0
-2.768683,50,279.868943,0.0
-4.254124,50,279.904416,0.0
-4.324967,50,279.939909,0.0
-4.495892,50,279.975807,0.0
-4.149415,50,280.012152,0.0
-4.746797,50,280.048192,0.0
-4.216185,50,280.083654,0.0
-3.037999,50,280.118971,0.0
-4.104165,50,280.154401,0.0
-4.745709,50,280.189431,0.0
-4.743458,50,280.224751,0.0
-4.581135,50,280.259917,0.0
-5.093304,50,280.29481,0.0
-4.694594,50,280.330125,0.0
-3.948044,50,280.365586,0.0
-4.500148,50,280.401011,0.0
-4.439443,50,280.436424,0.0
-4.147993,50,280.471329,0.0
-4.598673,50,280.506294,0.0
-4.063176,50,280.5414,0.0
-4.251535,50,280.577013,0.0
-4.442507,50,280.6126,0.0
-4.237205,50,280.648102,0.0
-4.543673,50,280.683304,0.0
-4.089505,50,280.7185,0.0
-4.418244,50,280.75389,0.0
-4.373838,50,280.788977,0.0
-3.918182,50,280.825238,0.0
-4.376648,50,280.861321,0.0
-4.05553,50,280.897337,0.0
-4.258135,50,280.932603,0.0
-4.1201,50,280.967742,0.0
-4.98482,50,281.003037,0.0
-4.4218,50,281.038511,0.0
-4.737664,50,281.073869,0.0
-4.632155,50,281.108998,0.0
-4.529631,50,281.144636,0.0
-3.839816,50,281.179775,0.0
-4.353536,50,281.328891,0.0
-4.463753,50,281.364453,0.0
-4.348679,50,281.399911,0.0
-3.463779,50,281.435169,0.0
-3.994154,50,281.470243,0.0
-4.612783,50,281.506022,0.0
-4.360535,50,281.54148,0.0
-4.389232,50,281.576126,0.0
-4.37862,50,281.61093,0.0
-2.877445,50,281.645456,0.0
-4.622122,50,281.680793,0.0
-3.633639,50,281.716413,0.0
-4.336895,50,281.752082,0.0
-4.100265,50,281.788003,0.0
-4.349353,50,281.823578,0.0
-4.664703,50,281.859368,0.0
-4.482449,50,281.895832,0.0
-4.052554,50,281.93239,0.0
-4.163267,50,281.96854,0.0
-4.3791,50,282.005073,0.0
-4.755153,50,282.041383,0.0
-4.255471,50,282.077601,0.0
-4.46984,50,282.114191,0.0
-4.150227,50,282.150052,0.0
-4.290291,50,282.185643,0.0
-4.571471,50,282.221449,0.0
-4.03848,50,282.257971,0.0
-5.165145,50,282.29418,0.0
-4.472685,50,282.329882,0.0
-3.988733,50,282.365434,0.0
-2.945112,50,282.401138,0.0
-4.302135,50,282.436551,0.0
-4.366759,50,282.471881,0.0
-4.230643,50,282.507655,0.0
-4.618857,50,282.543887,0.0
-4.382023,50,282.57938,0.0
-4.502496,50,282.615172,0.0
-4.21672,50,282.650626,0.0
-4.132372,50,282.686001,0.0
-4.709064,50,282.7216,0.0
-4.373489,50,282.757212,0.0
-4.364594,50,282.907862,0.0
-4.441266,50,282.943489,0.0
-4.515664,50,282.978676,0.0
-2.959252,50,283.014742,0.0
-4.953729,50,283.051139,0.0
-4.108619,50,283.087304,0.0
-4.614761,50,283.122905,0.0
-4.396668,50,283.158215,0.0
-4.092607,50,283.193554,0.0
-4.212339,50,283.228902,0.0
-4.865327,50,283.264321,0.0
-3.998329,50,283.299081,0.0
-4.851119,50,283.334509,0.0
-3.962435,50,283.370391,0.0
-4.88802,50,283.406189,0.0
-4.457819,50,283.441618,0.0
-3.880349,50,283.476886,0.0
-4.480166,50,283.512191,0.0
-4.331324,50,283.547786,0.0
-4.31831,50,283.583563,0.0
-3.171055,50,283.618784,0.0
-4.736426,50,283.654249,0.0
-4.640934,50,283.689348,0.0
-3.102352,50,283.724647,0.0
-4.26551,50,283.759756,0.0
-3.147079,50,283.795359,0.0
-4.570009,50,283.830672,0.0
-4.220649,50,283.866349,0.0
-3.718864,50,283.901565,0.0
-4.656542,50,283.937126,0.0
-4.657098,50,283.97275,0.0
-2.4085,50,284.00873,0.0
-4.075298,50,284.044074,0.0
-4.108242,50,284.079253,0.0
-3.842889,50,284.114406,0.0
-4.208679,50,284.150066,0.0
-4.272607,50,284.185389,0.0
-4.027044,50,284.220674,0.0
-4.505485,50,284.255937,0.0
-4.530995,50,284.291432,0.0
-4.036726,50,284.326514,0.0
-4.281806,50,284.476216,0.0
-4.083413,50,284.512007,0.0
-3.889829,50,284.548395,0.0
-4.673627,50,284.584563,0.0
-4.839371,50,284.619973,0.0
-4.345243,50,284.655549,0.0
-4.166631,50,284.690829,0.0
-2.87656,50,284.725849,0.0
-3.646721,50,284.761449,0.0
-4.667526,50,284.797605,0.0
-4.291806,50,284.833177,0.0
-4.534113,50,284.868431,0.0
-4.73676,50,284.903929,0.0
-4.498987,50,284.93933,0.0
-4.426603,50,284.974609,0.0
-4.775398,50,285.01014,0.0
-3.011728,50,285.045173,0.0
-4.153176,50,285.081231,0.0
-5.09545,50,285.117284,0.0
-4.297275,50,285.153315,0.0
-4.435682,50,285.188664,0.0
-4.338847,50,285.224429,0.0
-3.539445,50,285.259969,0.0
-4.595662,50,285.295465,0.0
-4.41514,50,285.331085,0.0
-4.155891,50,285.36672,0.0
-4.099182,50,285.40214,0.0
-4.167613,50,285.437333,0.0
-4.000066,50,285.472583,0.0
-4.275191,50,285.507948,0.0
-4.593003,50,285.542738,0.0
-4.450393,50,285.577875,0.0
-4.174855,50,285.613286,0.0
-4.800401,50,285.648561,0.0
-4.175786,50,285.683714,0.0
-4.394336,50,285.718919,0.0
-2.866764,50,285.753958,0.0
-3.151172,50,285.789434,0.0
-4.748529,50,285.824752,0.0
-4.040919,50,285.859857,0.0
-4.251893,50,285.895311,0.0
-4.409551,50,286.044034,0.0
-4.394136,50,286.079983,0.0
-3.243961,50,286.115521,0.0
-4.215163,50,286.150857,0.0
-4.063398,50,286.186446,0.0
-4.523849,50,286.222157,0.0
-4.155728,50,286.257725,0.0
-3.845501,50,286.292924,0.0
-4.474945,50,286.327987,0.0
-4.214507,50,286.363664,0.0
-3.922301,50,286.399927,0.0
-4.43273,50,286.435554,0.0
-4.324893,50,286.471275,0.0
-4.241453,50,286.507561,0.0
-3.843246,50,286.544141,0.0
-4.417949,50,286.580674,0.0
-4.598183,50,286.616725,0.0
-4.526129,50,286.653122,0.0
-4.045534,50,286.688435,0.0
-4.692459,50,286.7243,0.0
-4.62493,50,286.760154,0.0
-4.004183,50,286.79594,0.0
-4.768212,50,286.831605,0.0
-4.142279,50,286.866936,0.0
-4.437906,50,286.902788,0.0
-4.378418,50,286.938087,0.0
-4.348548,50,286.973684,0.0
-4.609011,50,287.008794,0.0
-4.410629,50,287.04428,0.0
-4.620087,50,287.079738,0.0
-4.012578,50,287.11516,0.0
-4.21204,50,287.150631,0.0
-4.407158,50,287.185981,0.0
-2.885617,50,287.221149,0.0
-4.193882,50,287.256516,0.0
-4.697973,50,287.292063,0.0
-3.415638,50,287.327428,0.0
-4.443927,50,287.363049,0.0
-4.455447,50,287.398723,0.0
-4.016128,50,287.434575,0.0
-4.847831,50,287.470158,0.0
-3.961748,50,287.619435,0.0
-4.184832,50,287.655167,0.0
-4.626734,50,287.690857,0.0
-3.181261,50,287.72637,0.0
-3.963405,50,287.762808,0.0
-3.925854,50,287.799084,0.0
-3.939931,50,287.834987,0.0
-4.462042,50,287.87059,0.0
-3.517049,50,287.906259,0.0
-4.081358,50,287.941718,0.0
-4.136738,50,287.977206,0.0
-3.955685,50,288.012458,0.0
-4.604888,50,288.047634,0.0
-5.094028,50,288.083061,0.0
-4.515499,50,288.118444,0.0
-4.363095,50,288.154144,0.0
-4.180275,50,288.190066,0.0
-4.186488,50,288.226044,0.0
-4.600314,50,288.262494,0.0
-3.906888,50,288.29838,0.0
-2.65182,50,288.334413,0.0
-4.272758,50,288.370599,0.0
-4.418557,50,288.406958,0.0
-4.379464,50,288.44244,0.0
-4.265403,50,288.477564,0.0
-3.729587,50,288.513681,0.0
-3.451227,50,288.549853,0.0
-4.919386,50,288.585878,0.0
-4.495953,50,288.62213,0.0
-4.473352,50,288.657959,0.0
-4.244234,50,288.694357,0.0
-4.045787,50,288.730537,0.0
-4.180633,50,288.766481,0.0
-4.137053,50,288.802479,0.0
-4.02706,50,288.838584,0.0
-4.088824,50,288.874073,0.0
-4.419427,50,288.909554,0.0
-4.056566,50,288.945372,0.0
-4.286867,50,288.980742,0.0
-4.600265,50,289.016541,0.0
-3.786351,50,289.052309,0.0
-4.643124,50,289.201757,0.0
-4.631246,50,289.237421,0.0
-4.222894,50,289.272642,0.0
-4.328126,50,289.30795,0.0
-4.666919,50,289.343514,0.0
-2.943254,50,289.37909,0.0
-4.292761,50,289.415242,0.0
-4.130947,50,289.45157,0.0
-3.800906,50,289.487887,0.0
-4.585725,50,289.524215,0.0
-3.923535,50,289.560235,0.0
-4.133049,50,289.596067,0.0
-4.386919,50,289.632201,0.0
-4.843198,50,289.668409,0.0
-4.724651,50,289.704419,0.0
-4.283495,50,289.740631,0.0
-4.447364,50,289.776701,0.0
-3.820289,50,289.812743,0.0
-4.363353,50,289.848335,0.0
-4.608031,50,289.883983,0.0
-4.187749,50,289.919972,0.0
-4.414531,50,289.955959,0.0
-4.705779,50,289.992121,0.0
-4.444884,50,290.028318,0.0
-3.93525,50,290.064578,0.0
-4.521591,50,290.100678,0.0
-4.986496,50,290.137064,0.0
-4.421034,50,290.173087,0.0
-4.229156,50,290.209313,0.0
-4.781205,50,290.245455,0.0
-4.265277,50,290.282096,0.0
-4.394736,50,290.318462,0.0
-4.415669,50,290.354331,0.0
-4.182893,50,290.390845,0.0
-3.108776,50,290.426918,0.0
-4.490636,50,290.462851,0.0
-4.313437,50,290.499211,0.0
-3.990416,50,290.535486,0.0
-3.956606,50,290.571738,0.0
-4.446874,50,290.607654,0.0
-4.52186,50,290.643814,0.0
-3.961984,50,290.793484,0.0
-3.788048,50,290.829414,0.0
-4.307487,50,290.865796,0.0
-3.795934,50,290.901982,0.0
-2.933906,50,290.938362,0.0
-4.148289,50,290.974823,0.0
-4.635287,50,291.010865,0.0
-4.288433,50,291.047212,0.0
-3.788319,50,291.083261,0.0
-4.452193,50,291.119857,0.0
-3.448013,50,291.155927,0.0
-4.851382,50,291.192118,0.0
-4.499118,50,291.228652,0.0
-3.726114,50,291.264885,0.0
-4.714827,50,291.300983,0.0
-4.06871,50,291.337229,0.0
-4.199491,50,291.373345,0.0
-4.323336,50,291.409231,0.0
-4.309905,50,291.445588,0.0
-4.351814,50,291.481719,0.0
-4.113811,50,291.517562,0.0
-4.196801,50,291.553456,0.0
-4.48534,50,291.589597,0.0
-4.809852,50,291.625855,0.0
-2.651352,50,291.661784,0.0
-4.585872,50,291.697861,0.0
-2.702958,50,291.733852,0.0
-4.289787,50,291.769413,0.0
-4.566385,50,291.804852,0.0
-3.698547,50,291.840304,0.0
-4.534441,50,291.87568,0.0
-4.444546,50,291.911161,0.0
-4.508717,50,291.946669,0.0
-3.904174,50,291.982065,0.0
-3.189179,50,292.017638,0.0
-4.054533,50,292.053015,0.0
-4.365852,50,292.088408,0.0
-4.131254,50,292.123666,0.0
-4.696398,50,292.158967,0.0
-4.330661,50,292.194288,0.0
-3.830633,50,292.22975,0.0
-4.240786,50,292.378799,0.0
-4.714731,50,292.414139,0.0
-4.238276,50,292.449603,0.0
-4.520499,50,292.48475,0.0
-4.148994,50,292.520876,0.0
-4.768511,50,292.556693,0.0
-4.565737,50,292.592773,0.0
-4.138021,50,292.628701,0.0
-4.120717,50,292.664426,0.0
-4.630466,50,292.700411,0.0
-4.72047,50,292.736661,0.0
-4.033722,50,292.773014,0.0
-2.998835,50,292.809146,0.0
-4.600149,50,292.845726,0.0
-2.945821,50,292.882034,0.0
-4.096777,50,292.918262,0.0
-4.144679,50,292.954329,0.0
-4.37085,50,292.990769,0.0
-4.407895,50,293.026855,0.0
-3.254267,50,293.06268,0.0
-4.567785,50,293.098767,0.0
-3.803323,50,293.134878,0.0
-3.928158,50,293.171181,0.0
-3.873915,50,293.206961,0.0
-3.643954,50,293.243228,0.0
-4.480159,50,293.279187,0.0
-4.351571,50,293.315332,0.0
-3.688637,50,293.35166,0.0
-4.213797,50,293.387607,0.0
-4.870057,50,293.423575,0.0
-4.37924,50,293.459717,0.0
-3.33592,50,293.495811,0.0
-4.357433,50,293.532082,0.0
-4.240841,50,293.568265,0.0
-4.196062,50,293.604453,0.0
-4.130404,50,293.640745,0.0
-2.748916,50,293.676665,0.0
-4.16943,50,293.712703,0.0
-4.525867,50,293.748805,0.0
-4.593141,50,293.785117,0.0
-2.830852,50,293.821154,0.0
-4.526898,50,293.970462,0.0
-3.06965,50,294.006358,0.0
-4.24853,50,294.041964,0.0
-2.785652,50,294.077429,0.0
-4.235531,50,294.113565,0.0
-4.117004,50,294.149483,0.0
-4.209006,50,294.184698,0.0
-3.267542,50,294.220143,0.0
-4.35154,50,294.256042,0.0
-2.585564,50,294.292149,0.0
-4.088447,50,294.328823,0.0
-4.370312,50,294.365054,0.0
-4.18365,50,294.401763,0.0
-4.109622,50,294.437639,0.0
-3.990131,50,294.473152,0.0
-4.54222,50,294.508755,0.0
-4.307674,50,294.544377,0.0
-4.052743,50,294.579929,0.0
-4.588585,50,294.615333,0.0
-4.672527,50,294.650647,0.0
-4.122486,50,294.686039,0.0
-2.907932,50,294.721558,0.0
-4.367137,50,294.756753,0.0
-4.812554,50,294.792157,0.0
-3.99397,50,294.827327,0.0
-4.147941,50,294.862766,0.0
-4.463484,50,294.898207,0.0
-4.228773,50,294.933686,0.0
-4.287462,50,294.969431,0.0
-3.681384,50,295.004862,0.0
-4.351794,50,295.040173,0.0
-3.762132,50,295.075337,0.0
-4.297707,50,295.1113,0.0
-3.78601,50,295.146828,0.0
-3.734871,50,295.181993,0.0
-4.536381,50,295.21771,0.0
-4.194851,50,295.253041,0.0
-3.861624,50,295.288554,0.0
-4.333355,50,295.323844,0.0
-3.9643,50,295.359448,0.0
-4.356841,50,295.394797,0.0
-2.614273,50,295.545157,0.0
-3.628975,50,295.580907,0.0
-4.201197,50,295.616502,0.0
-3.647346,50,295.651871,0.0
-4.484143,50,295.687321,0.0
-4.282365,50,295.723147,0.0
-4.365959,50,295.75844,0.0
-4.674545,50,295.794267,0.0
-4.735929,50,295.829645,0.0
-2.937469,50,295.864998,0.0
-3.906369,50,295.900359,0.0
-4.28577,50,295.935775,0.0
-4.375306,50,295.971066,0.0
-4.872341,50,296.0064,0.0
-3.391025,50,296.041547,0.0
-4.625297,50,296.077421,0.0
-3.979787,50,296.113752,0.0
-4.278833,50,296.150039,0.0
-4.444791,50,296.186425,0.0
-4.687139,50,296.222536,0.0
-3.226758,50,296.258784,0.0
-4.176942,50,296.295021,0.0
-4.448127,50,296.331515,0.0
-3.941612,50,296.367643,0.0
-3.627447,50,296.40375,0.0
-4.287496,50,296.439579,0.0
-4.71051,50,296.47469,0.0
-3.91365,50,296.510002,0.0
-4.493451,50,296.545607,0.0
-4.120997,50,296.581163,0.0
-3.172763,50,296.61729,0.0
-2.830995,50,296.653029,0.0
-4.267732,50,296.688613,0.0
-4.108729,50,296.724432,0.0
-3.734325,50,296.759874,0.0
-4.476427,50,296.795139,0.0
-4.045002,50,296.830646,0.0
-2.743839,50,296.865976,0.0
-3.839107,50,296.902161,0.0
-4.236054,50,296.938228,0.0
-4.152963,50,296.974621,0.0
-4.316459,50,297.12434,0.0
-4.817361,50,297.160283,0.0
-4.11,50,297.196574,0.0
-4.148853,50,297.232775,0.0
-3.180062,50,297.268313,0.0
-3.659696,50,297.303507,0.0
-3.012783,50,297.339001,0.0
-4.4617,50,297.374517,0.0
-2.794093,50,297.410572,0.0
-4.426372,50,297.446852,0.0
-4.208552,50,297.482941,0.0
-4.214385,50,297.518568,0.0
-4.257584,50,297.554721,0.0
-4.708128,50,297.590826,0.0
-4.690378,50,297.626554,0.0
-5.059893,50,297.662894,0.0
-4.721236,50,297.698967,0.0
-2.901796,50,297.735029,0.0
-3.885044,50,297.771104,0.0
-4.18277,50,297.807369,0.0
-4.664282,50,297.843448,0.0
-4.291388,50,297.879402,0.0
-4.51781,50,297.916445,0.0
-4.44445,50,297.952824,0.0
-5.00874,50,297.989827,0.0
-3.377558,50,298.026441,0.0
-4.565638,50,298.064198,0.0
-5.177794,50,298.101223,0.0
-4.649064,50,298.139269,0.0
-3.871532,50,298.17529,0.0
-4.419365,50,298.212297,0.0
-4.059,50,298.248941,0.0
-3.784214,50,298.284874,0.0
-4.167912,50,298.320492,0.0
-4.726443,50,298.355984,0.0
-4.526672,50,298.391431,0.0
-4.031206,50,298.427116,0.0
-3.44586,50,298.462569,0.0
-4.035709,50,298.498162,0.0
-2.790721,50,298.533884,0.0
-2.869759,50,298.569041,0.0
-4.967789,50,298.720809,0.0
-3.931955,50,298.75677,0.0
-4.597967,50,298.793109,0.0
-3.56649,50,298.829459,0.0
-4.219234,50,298.865292,0.0
-4.587002,50,298.90088,0.0
-2.828609,50,298.936995,0.0
-2.602684,50,298.973197,0.0
-3.905559,50,299.009234,0.0
-4.460371,50,299.044865,0.0
-4.214093,50,299.080113,0.0
-4.501299,50,299.115692,0.0
-4.667088,50,299.151237,0.0
-4.373346,50,299.186739,0.0
-3.943016,50,299.222623,0.0
-3.732868,50,299.258713,0.0
-4.316635,50,299.294769,0.0
-4.18779,50,299.331097,0.0
-4.426621,50,299.367451,0.0
-4.738916,50,299.403434,0.0
-4.192036,50,299.439766,0.0
-3.988592,50,299.475918,0.0
-4.40734,50,299.512199,0.0
-4.153765,50,299.548432,0.0
-3.858246,50,299.584602,0.0
-4.161959,50,299.620748,0.0
-4.754191,50,299.656783,0.0
-4.711436,50,299.692623,0.0
-3.884494,50,299.728505,0.0
-4.140274,50,299.763842,0.0
-3.015371,50,299.799999,0.0
-4.277291,50,299.836128,0.0
-4.084692,50,299.87169,0.0
-4.423551,50,299.907953,0.0
-4.800267,50,299.943397,0.0
-4.051832,50,299.978543,0.0
-3.986467,50,300.013955,0.0
-4.697368,50,300.049454,0.0
-4.15889,50,300.085612,0.0
-4.340964,50,300.122007,0.0
-3.891962,50,300.157648,0.0
-4.170807,50,300.307412,0.0
-4.323836,50,300.343633,0.0
-4.701942,50,300.379365,0.0
-4.64124,50,300.414731,0.0
-3.933408,50,300.450518,0.0
-4.307657,50,300.486507,0.0
-4.140631,50,300.522364,0.0
-4.49026,50,300.558506,0.0
-4.161269,50,300.594558,0.0
-4.368905,50,300.630645,0.0
-4.624548,50,300.667012,0.0
-4.461592,50,300.70286,0.0
-4.269312,50,300.739184,0.0
-4.824421,50,300.775286,0.0
-3.593758,50,300.811275,0.0
-4.176142,50,300.847337,0.0
-4.009236,50,300.882812,0.0
-4.210193,50,300.918226,0.0
-4.024489,50,300.953563,0.0
-4.490348,50,300.988573,0.0
-4.444236,50,301.023702,0.0
-4.38745,50,301.059256,0.0
-4.796136,50,301.0946,0.0
-4.43946,50,301.129853,0.0
-3.945978,50,301.165158,0.0
-5.086345,50,301.200594,0.0
-4.125596,50,301.235614,0.0
-4.423575,50,301.270708,0.0
-4.605589,50,301.30592,0.0
-2.846201,50,301.342285,0.0
-2.806837,50,301.377864,0.0
-4.84819,50,301.413395,0.0
-4.659361,50,301.448864,0.0
-3.461238,50,301.484074,0.0
-3.931457,50,301.519365,0.0
-3.151565,50,301.554736,0.0
-3.679853,50,301.590793,0.0
-4.690341,50,301.62679,0.0
-2.954473,50,301.662689,0.0
-4.077269,50,301.699019,0.0
-4.019617,50,301.735134,0.0
-4.170814,50,301.884767,0.0
-3.818675,50,301.920331,0.0
-4.383648,50,301.955793,0.0
-4.069656,50,301.991464,0.0
-3.34058,50,302.027303,0.0
-4.503156,50,302.062631,0.0
-4.197478,50,302.097824,0.0
-3.804559,50,302.132862,0.0
-4.122602,50,302.168184,0.0
-4.271778,50,302.204195,0.0
-4.004935,50,302.24032,0.0
-4.044395,50,302.276502,0.0
-4.36798,50,302.312524,0.0
-4.435738,50,302.348766,0.0
-4.350306,50,302.384059,0.0
-3.765184,50,302.419178,0.0
-3.940619,50,302.454526,0.0
-4.408094,50,302.489926,0.0
-4.137561,50,302.525518,0.0
-4.099436,50,302.560832,0.0
-4.024717,50,302.595793,0.0
-4.372489,50,302.631006,0.0
-3.887892,50,302.666169,0.0
-4.597384,50,302.701665,0.0
-3.730496,50,302.738408,0.0
-4.617564,50,302.773543,0.0
-3.309585,50,302.809655,0.0
-3.921311,50,302.845945,0.0
-3.763176,50,302.881171,0.0
-4.816607,50,302.916679,0.0
-4.878444,50,302.951907,0.0
-4.393522,50,302.987207,0.0
-4.053781,50,303.023296,0.0
-4.511839,50,303.059319,0.0
-4.094468,50,303.094597,0.0
-2.997483,50,303.130258,0.0
-4.286456,50,303.165759,0.0
-4.331697,50,303.201203,0.0
-4.016223,50,303.236453,0.0
-4.387175,50,303.271876,0.0
-3.945786,50,303.307055,0.0
-4.433571,50,303.458764,0.0
-4.142191,50,303.494502,0.0
-4.217153,50,303.531055,0.0
-3.876981,50,303.567486,0.0
-3.860922,50,303.604093,0.0
-3.910993,50,303.640363,0.0
-4.308569,50,303.676817,0.0
-4.746451,50,303.713557,0.0
-4.446659,50,303.750221,0.0
-5.164151,50,303.786356,0.0
-2.874527,50,303.823068,0.0
-3.78032,50,303.859191,0.0
-4.241297,50,303.895474,0.0
-3.173681,50,303.931709,0.0
-4.185979,50,303.968203,0.0
-4.185879,50,304.004707,0.0
-4.188272,50,304.040466,0.0
-4.379192,50,304.07618,0.0
-3.798344,50,304.112054,0.0
-3.278836,50,304.147601,0.0
-4.66345,50,304.183347,0.0
-3.904668,50,304.218641,0.0
-4.077189,50,304.254295,0.0
-4.73065,50,304.289969,0.0
-4.529905,50,304.325547,0.0
-4.615097,50,304.361197,0.0
-4.372538,50,304.396949,0.0
-3.884585,50,304.43186,0.0
-4.255182,50,304.467141,0.0
-4.167948,50,304.502348,0.0
-4.161668,50,304.538077,0.0
-4.459579,50,304.573354,0.0
-4.278164,50,304.608869,0.0
-4.124248,50,304.644389,0.0
-4.046632,50,304.679921,0.0
-4.453317,50,304.715469,0.0
-4.37921,50,304.751116,0.0
-4.359104,50,304.786731,0.0
-4.055741,50,304.822124,0.0
-4.600231,50,304.858036,0.0
-3.781803,50,304.893955,0.0
-3.948598,50,305.04262,0.0
-3.8378,50,305.078713,0.0
-4.223388,50,305.115259,0.0
-3.677661,50,305.151259,0.0
-3.914449,50,305.186971,0.0
-4.015466,50,305.223118,0.0
-3.678981,50,305.258993,0.0
-3.907837,50,305.294802,0.0
-4.689393,50,305.331013,0.0
-4.412686,50,305.366929,0.0
-5.035782,50,305.40317,0.0
-4.129516,50,305.439303,0.0
-4.383399,50,305.475296,0.0
-4.665924,50,305.511133,0.0
-4.836676,50,305.546894,0.0
-4.595411,50,305.583094,0.0
-4.123191,50,305.61934,0.0
-4.08509,50,305.655431,0.0
-4.668684,50,305.691398,0.0
-4.263946,50,305.727382,0.0
-4.655961,50,305.763398,0.0
-4.340873,50,305.799659,0.0
-3.784112,50,305.835684,0.0
-4.529325,50,305.871746,0.0
-3.094937,50,305.907532,0.0
-4.522604,50,305.943676,0.0
-4.386054,50,305.97981,0.0
-3.951211,50,306.015753,0.0
-4.511134,50,306.051658,0.0
-4.725466,50,306.087547,0.0
-4.720856,50,306.12264,0.0
-3.750021,50,306.158436,0.0
-4.393805,50,306.193481,0.0
-2.62856,50,306.228624,0.0
-4.43472,50,306.263817,0.0
-4.251536,50,306.299086,0.0
-4.190486,50,306.334371,0.0
-4.3437,50,306.370107,0.0
-3.102964,50,306.40517,0.0
-4.114501,50,306.440212,0.0
-3.979859,50,306.476164,0.0
-4.585591,50,306.62543,0.0
-3.179448,50,306.660741,0.0
-4.497556,50,306.69608,0.0
-3.337179,50,306.731518,0.0
-3.810417,50,306.766875,0.0
-4.475929,50,306.802436,0.0
-4.066214,50,306.837909,0.0
-4.472986,50,306.873404,0.0
-3.790498,50,306.908526,0.0
-4.236342,50,306.943816,0.0
-4.186401,50,306.979229,0.0
-4.448056,50,307.014082,0.0
-5.267573,50,307.049418,0.0
-3.909487,50,307.084727,0.0
-4.235,50,307.119793,0.0
-3.895411,50,307.155294,0.0
-2.984451,50,307.190881,0.0
-4.003676,50,307.226783,0.0
-3.879489,50,307.262108,0.0
-3.400102,50,307.297637,0.0
-4.486548,50,307.33297,0.0
-4.261052,50,307.368577,0.0
-4.349172,50,307.404195,0.0
-4.50617,50,307.439714,0.0
-4.685528,50,307.475596,0.0
-4.021837,50,307.510826,0.0
-3.890577,50,307.546423,0.0
-3.711797,50,307.582087,0.0
-3.993687,50,307.617521,0.0
-4.068729,50,307.653418,0.0
-4.194157,50,307.688893,0.0
-4.305697,50,307.725047,0.0
-4.331191,50,307.761125,0.0
-4.293736,50,307.797932,0.0
-3.343649,50,307.834693,0.0
-3.896725,50,307.871182,0.0
-4.278434,50,307.907358,0.0
-4.621012,50,307.943593,0.0
-3.280787,50,307.979087,0.0
-4.068305,50,308.014832,0.0
-4.278087,50,308.050378,0.0
-4.323244,50,308.200021,0.0
-3.710005,50,308.236263,0.0
-3.894913,50,308.272401,0.0
-4.74502,50,308.307836,0.0
-4.556799,50,308.34346,0.0
-4.406274,50,308.378884,0.0
-3.735034,50,308.41454,0.0
-4.063171,50,308.450203,0.0
-3.851314,50,308.486088,0.0
-4.312568,50,308.521332,0.0
-4.13125,50,308.556761,0.0
-4.52507,50,308.591987,0.0
-3.853312,50,308.62758,0.0
-4.042403,50,309.01125,0.0
-4.182697,50,309.046518,0.0
-3.11122,50,309.081674,0.0
-4.163331,50,309.117752,0.0
-4.945541,50,309.154199,0.0
-4.3198,50,309.190338,0.0
-3.892394,50,309.226779,0.0
-4.013111,50,309.262789,0.0
-4.626318,50,309.298708,0.0
-4.771765,50,309.333923,0.0
-4.020411,50,309.369404,0.0
-4.147357,50,309.404875,0.0
-3.719444,50,309.440571,0.0
-4.305336,50,309.476225,0.0
-4.115797,50,309.511684,0.0
-4.292749,50,309.548053,0.0
-4.437026,50,309.58437,0.0
-2.615694,50,309.62053,0.0
-4.269718,50,309.656571,0.0
-4.459319,50,309.69332,0.0
-3.006555,50,309.729603,0.0
-4.152272,50,309.765184,0.0
-4.141626,50,309.800611,0.0
-4.627779,50,309.836283,0.0
-4.974382,50,309.871936,0.0
-4.117903,50,309.907855,0.0
-4.539904,50,309.943865,0.0
-4.460278,50,309.97923,0.0
-4.12732,50,310.129204,0.0
-4.154667,50,310.165332,0.0
-3.969042,50,310.20142,0.0
-2.853114,50,310.237001,0.0
-3.677475,50,310.272754,0.0
-4.485954,50,310.309072,0.0
-3.847968,50,310.345459,0.0
-4.645572,50,310.381968,0.0
-4.033589,50,310.417875,0.0
-4.544478,50,310.452989,0.0
-3.791835,50,310.488812,0.0
-4.622414,50,310.524309,0.0
-4.240954,50,310.560122,0.0
-5.147371,50,310.595662,0.0
-4.677024,50,310.630955,0.0
-4.090488,50,310.666242,0.0
-4.004836,50,310.70131,0.0
-4.632364,50,310.736998,0.0
-4.39172,50,310.77232,0.0
-4.014967,50,310.80771,0.0
-4.483693,50,310.842677,0.0
-4.22541,50,310.878468,0.0
-4.584444,50,310.916154,0.0
-2.858221,50,310.952087,0.0
-4.422636,50,310.987596,0.0
-4.494754,50,311.023192,0.0
-4.487678,50,311.058456,0.0
-3.893395,50,311.093996,0.0
-4.338851,50,311.129338,0.0
-4.099212,50,311.164923,0.0
-4.10758,50,311.200896,0.0
-3.84617,50,311.236499,0.0
-4.073485,50,311.271889,0.0
-3.294089,50,311.307407,0.0
-4.184623,50,311.343597,0.0
-4.109292,50,311.380105,0.0
-4.503796,50,311.415616,0.0
-4.139422,50,311.451417,0.0
-3.264406,50,311.487333,0.0
-4.138399,50,311.52269,0.0
-2.894542,50,311.557644,0.0
-2.868996,50,311.706338,0.0
-4.081995,50,311.742404,0.0
-4.721988,50,311.778942,0.0
-4.115224,50,311.81552,0.0
-4.084553,50,311.851652,0.0
-4.534817,50,311.887129,0.0
-4.129385,50,311.923048,0.0
-4.223249,50,311.959497,0.0
-4.259149,50,311.996095,0.0
-4.16199,50,312.032946,0.0
-4.281381,50,312.068729,0.0
-4.043194,50,312.104422,0.0
-4.065737,50,312.140121,0.0
-4.058942,50,312.175285,0.0
-4.093088,50,312.210826,0.0
-4.267676,50,312.246709,0.0
-4.657265,50,312.28206,0.0
-3.998432,50,312.318133,0.0
-4.227627,50,312.354146,0.0
-3.908399,50,312.389885,0.0
-4.301149,50,312.425903,0.0
-4.221258,50,312.461706,0.0
-4.931586,50,312.49748,0.0
-4.148769,50,312.533155,0.0
-4.22356,50,312.568785,0.0
-4.518827,50,312.604263,0.0
-4.212822,50,312.639719,0.0
-4.278157,50,312.675231,0.0
-4.854702,50,312.710826,0.0
-4.408296,50,312.746403,0.0
-4.135624,50,312.781803,0.0
-3.96633,50,312.817325,0.0
-4.217484,50,312.852914,0.0
-4.41185,50,312.888731,0.0
-4.413232,50,312.923966,0.0
-4.59089,50,312.959523,0.0
-3.673499,50,312.994979,0.0
-4.293024,50,313.031328,0.0
-4.400289,50,313.067391,0.0
-4.308132,50,313.103684,0.0
-5.151051,50,313.139915,0.0
-4.452701,50,313.288865,0.0
-4.653196,50,313.324756,0.0
-4.789356,50,313.360178,0.0
-4.531328,50,313.395667,0.0
-4.321643,50,313.430789,0.0
-2.778703,50,313.466114,0.0
-4.172101,50,313.502191,0.0
-3.746697,50,313.537386,0.0
-4.367984,50,313.572622,0.0
-4.121476,50,313.608499,0.0
-4.068912,50,313.644629,0.0
-3.919409,50,313.680979,0.0
-4.093476,50,313.71691,0.0
-4.498171,50,313.751946,0.0
-4.333041,50,313.787205,0.0
-2.742693,50,313.822693,0.0
-3.218801,50,313.858041,0.0
-4.651896,50,313.893038,0.0
-3.988949,50,313.928315,0.0
-4.357396,50,313.964522,0.0
-4.26558,50,314.000988,0.0
-4.470024,50,314.037096,0.0
-4.579229,50,314.07262,0.0
-4.551154,50,314.107744,0.0
-3.826781,50,314.143144,0.0
-4.619454,50,314.178659,0.0
-4.373191,50,314.214107,0.0
-3.912992,50,314.249404,0.0
-3.925415,50,314.284491,0.0
-4.530327,50,314.31984,0.0
-4.556913,50,314.355496,0.0
-4.214635,50,314.390799,0.0
-4.424262,50,314.426244,0.0
-4.254491,50,314.461486,0.0
-4.565647,50,314.497258,0.0
-4.436657,50,314.533255,0.0
-4.416813,50,314.568646,0.0
-3.911309,50,314.604016,0.0
-4.027053,50,314.639422,0.0
-4.18541,50,314.674705,0.0
-4.047835,50,314.71002,0.0
-4.155938,50,314.859253,0.0
-4.432978,50,314.894503,0.0
-4.720087,50,314.929726,0.0
-4.196432,50,314.964996,0.0
-3.986755,50,315.000287,0.0
-4.573335,50,315.035647,0.0
-3.92051,50,315.071106,0.0
-4.215124,50,315.106295,0.0
-4.50705,50,315.141468,0.0
-4.76059,50,315.176587,0.0
-4.049958,50,315.212316,0.0
-3.669068,50,315.247665,0.0
-4.563798,50,315.282902,0.0
-4.346305,50,315.318151,0.0
-4.273574,50,315.354066,0.0
-5.126794,50,315.389454,0.0
-4.855082,50,315.424981,0.0
-4.278421,50,315.459737,0.0
-4.556127,50,315.495634,0.0
-4.000588,50,315.531621,0.0
-3.909155,50,315.56713,0.0
-4.417566,50,315.602738,0.0
-4.600297,50,315.638457,0.0
-4.400451,50,315.67399,0.0
-4.638156,50,315.709626,0.0
-4.434485,50,315.746455,0.0
-4.093864,50,315.782072,0.0
-4.688084,50,315.817736,0.0
-4.406151,50,315.853417,0.0
-2.908513,50,315.889156,0.0
-4.028076,50,315.924588,0.0
-3.990481,50,315.960187,0.0
-4.85581,50,315.995535,0.0
-4.887046,50,316.03048,0.0
-3.635152,50,316.066093,0.0
-3.942596,50,316.101827,0.0
-3.951666,50,316.1375,0.0
-4.327774,50,316.172849,0.0
-3.964863,50,316.208091,0.0
-4.768351,50,316.243299,0.0
-4.055577,50,316.279428,0.0
-3.712576,50,316.430793,0.0
-4.249303,50,316.466625,0.0
-4.492423,50,316.502434,0.0
-4.239435,50,316.538071,0.0
-4.283856,50,316.573434,0.0
-4.369978,50,316.609861,0.0
-4.776091,50,316.646082,0.0
-4.083174,50,316.682199,0.0
-4.309574,50,316.718353,0.0
-4.014743,50,316.754702,0.0
-3.994307,50,316.790824,0.0
-4.51103,50,316.827147,0.0
-4.70377,50,316.863355,0.0
-3.9967,50,316.899325,0.0
-4.535374,50,316.935407,0.0
-4.297581,50,316.971632,0.0
-4.199841,50,317.007046,0.0
-4.293792,50,317.042334,0.0
-4.301648,50,317.077668,0.0
-4.249667,50,317.112754,0.0
-4.730856,50,317.14808,0.0
-4.44631,50,317.183456,0.0
-4.5974,50,317.218857,0.0
-4.06507,50,317.254713,0.0
-4.188277,50,317.29016,0.0
-4.397485,50,317.32535,0.0
-3.742814,50,317.360728,0.0
-4.389047,50,317.396597,0.0
-4.373576,50,317.43188,0.0
-5.060017,50,317.467173,0.0
-3.773366,50,317.502769,0.0
-3.666053,50,317.538083,0.0
-4.080762,50,317.573536,0.0
-2.918391,50,317.608786,0.0
-3.648199,50,317.643948,0.0
-3.094361,50,317.679335,0.0
-4.003517,50,317.714738,0.0
-4.285316,50,317.750113,0.0
-4.264207,50,317.785682,0.0
-4.213551,50,317.821331,0.0
-4.057858,50,317.968672,0.0
-4.482054,50,318.0038,0.0
-4.235066,50,318.039034,0.0
-3.733141,50,318.074368,0.0
-4.242515,50,318.109568,0.0
-4.091068,50,318.144917,0.0
-4.069354,50,318.180137,0.0
-3.213277,50,318.21563,0.0
-3.89242,50,318.250799,0.0
-2.811045,50,318.286706,0.0
-3.882835,50,318.323925,0.0
-3.865149,50,318.361023,0.0
-4.694999,50,318.397094,0.0
-4.094614,50,318.433168,0.0
-4.609304,50,318.468374,0.0
-4.130095,50,318.504048,0.0
-4.014073,50,318.540021,0.0
-4.163336,50,318.576291,0.0
-4.302006,50,318.612779,0.0
-3.078978,50,318.649295,0.0
-4.171511,50,318.685393,0.0
-3.270825,50,318.722455,0.0
-4.014094,50,318.758546,0.0
-4.169974,50,318.794595,0.0
-4.130773,50,318.830948,0.0
-4.84651,50,318.867181,0.0
-4.50645,50,318.903383,0.0
-4.461629,50,318.939085,0.0
-4.100407,50,318.974817,0.0
-3.493478,50,319.010566,0.0
-3.022331,50,319.047607,0.0
-4.329504,50,319.083934,0.0
-4.402088,50,319.120384,0.0
-4.394128,50,319.157104,0.0
-4.117531,50,319.193803,0.0
-4.185572,50,319.229982,0.0
-3.010261,50,319.266434,0.0
-3.939269,50,319.302957,0.0
-3.958734,50,319.338885,0.0
-4.088297,50,319.374663,0.0
-2.94198,50,319.410226,0.0
-4.027275,50,319.562786,0.0
-4.533605,50,319.598757,0.0
-4.163283,50,319.63519,0.0
-4.165099,50,319.672685,0.0
-4.380486,50,319.709034,0.0
-3.141663,50,319.745073,0.0
-4.181667,50,319.781326,0.0
-4.798541,50,319.8181,0.0
-4.335294,50,319.854252,0.0
-4.170061,50,319.889777,0.0
-2.770149,50,319.925351,0.0
-4.150237,50,319.961641,0.0
-4.479901,50,319.997214,0.0
-4.676741,50,320.032523,0.0
-3.842962,50,320.068219,0.0
-4.063845,50,320.104575,0.0
-4.207939,50,320.140448,0.0
-4.58164,50,320.175924,0.0
-4.671445,50,320.211161,0.0
-4.162658,50,320.246719,0.0
-4.023946,50,320.282401,0.0
-2.741406,50,320.31828,0.0
-2.982853,50,320.354043,0.0
-3.102424,50,320.389611,0.0
-3.898027,50,320.425067,0.0
-4.642085,50,320.460845,0.0
-4.428875,50,320.496661,0.0
-4.495003,50,320.532417,0.0
-4.371259,50,320.567821,0.0
-3.971348,50,320.603812,0.0
-4.611913,50,320.640183,0.0
-4.34867,50,320.676953,0.0
-4.449951,50,320.71356,0.0
-4.541137,50,320.749945,0.0
-4.163112,50,320.78652,0.0
-4.052786,50,320.822987,0.0
-3.574256,50,320.859371,0.0
-4.23957,50,320.895982,0.0
-4.369313,50,320.931859,0.0
-3.916092,50,320.967367,0.0
-4.21207,50,321.003703,0.0
-4.241118,50,321.15479,0.0
-4.487446,50,321.191814,0.0
-2.8724,50,321.227741,0.0
-3.927501,50,321.263146,0.0
-4.309889,50,321.298475,0.0
-4.157839,50,321.334927,0.0
-3.674048,50,321.371016,0.0
-4.859128,50,321.407378,0.0
-4.176873,50,321.443559,0.0
-4.417914,50,321.479391,0.0
-4.190424,50,321.515651,0.0
-4.350115,50,321.552124,0.0
-3.966219,50,321.588322,0.0
-4.490543,50,321.624416,0.0
-4.028654,50,321.660953,0.0
-4.279385,50,321.697269,0.0
-4.592712,50,321.733506,0.0
-4.015236,50,321.769908,0.0
-4.365409,50,321.806125,0.0
-4.270111,50,321.841945,0.0
-4.18089,50,321.87731,0.0
-4.470609,50,321.912917,0.0
-4.629229,50,321.948403,0.0
-4.613089,50,321.983616,0.0
-4.377102,50,322.019239,0.0
-3.897473,50,322.055522,0.0
-4.327283,50,322.09136,0.0
-4.054538,50,322.127166,0.0
-4.316061,50,322.162812,0.0
-4.87453,50,322.198125,0.0
-4.604349,50,322.233445,0.0
-4.108849,50,322.268998,0.0
-4.116414,50,322.305074,0.0
-4.429251,50,322.340562,0.0
-3.805693,50,322.376258,0.0
-4.309092,50,322.412101,0.0
-4.51753,50,322.44734,0.0
-3.551958,50,322.48286,0.0
-4.080003,50,322.51844,0.0
-4.065121,50,322.553781,0.0
-2.885279,50,322.588917,0.0
-4.325008,50,322.738564,0.0
-3.240386,50,322.774895,0.0
-2.733892,50,322.810602,0.0
-4.136359,50,322.846286,0.0
-3.724633,50,322.88258,0.0
-4.645918,50,322.919108,0.0
-2.839625,50,322.954417,0.0
-3.615501,50,322.99058,0.0
-4.541921,50,323.027268,0.0
-4.688178,50,323.063692,0.0
-4.772741,50,323.099902,0.0
-4.138917,50,323.136388,0.0
-3.747713,50,323.172866,0.0
-4.205904,50,323.209654,0.0
-4.565135,50,323.245831,0.0
-4.616983,50,323.282323,0.0
-4.151467,50,323.319248,0.0
-4.59069,50,323.354586,0.0
-4.067604,50,323.390771,0.0
-4.062031,50,323.426799,0.0
-3.030535,50,323.462132,0.0
-3.965054,50,323.497725,0.0
-4.409881,50,323.534007,0.0
-3.838957,50,323.570338,0.0
-4.049468,50,323.60609,0.0
-4.748828,50,323.641989,0.0
-4.11108,50,323.677746,0.0
-4.102636,50,323.712919,0.0
-4.204725,50,323.748493,0.0
-4.393359,50,323.784035,0.0
-4.33471,50,323.819611,0.0
-3.323769,50,323.855173,0.0
-3.864381,50,323.890717,0.0
-3.893014,50,323.926104,0.0
-4.846507,50,323.961698,0.0
-4.182705,50,323.997428,0.0
-4.216626,50,324.032944,0.0
-4.122037,50,324.068676,0.0
-4.510473,50,324.10419,0.0
-4.285744,50,324.139542,0.0
-4.52751,50,324.174443,0.0
-3.701022,50,324.322254,0.0
-4.194083,50,324.357761,0.0
-4.156082,50,324.393268,0.0
-4.232736,50,324.428593,0.0
-3.224031,50,324.463996,0.0
-3.866039,50,324.499281,0.0
-4.648817,50,324.535715,0.0
-4.269412,50,324.57083,0.0
-4.625412,50,324.606269,0.0
-4.649538,50,324.642609,0.0
-4.164053,50,324.67807,0.0
-4.068121,50,324.713285,0.0
-3.880902,50,324.748784,0.0
-4.543127,50,324.784322,0.0
-4.147027,50,324.819453,0.0
-4.37119,50,324.854882,0.0
-4.138626,50,324.890239,0.0
-4.003823,50,324.925403,0.0
-4.284877,50,324.960854,0.0
-4.387877,50,324.996001,0.0
-4.439972,50,325.031244,0.0
-4.734824,50,325.066575,0.0
-4.761232,50,325.101951,0.0
-4.565065,50,325.1374,0.0
-4.480592,50,325.172523,0.0
-3.430814,50,325.207854,0.0
-4.364302,50,325.243428,0.0
-4.060991,50,325.27877,0.0
-4.105528,50,325.314079,0.0
-4.484246,50,325.349633,0.0
-4.116054,50,325.384891,0.0
-3.924605,50,325.420167,0.0
-4.435943,50,325.455386,0.0
-4.028362,50,325.490979,0.0
-3.877016,50,325.526202,0.0
-4.812686,50,325.561647,0.0
-4.228016,50,325.596833,0.0
-4.685336,50,325.632352,0.0
-4.395175,50,325.668146,0.0
-4.006688,50,325.703364,0.0
-4.304416,50,325.738921,0.0
-4.271143,50,325.889489,0.0
-3.914924,50,325.925015,0.0
-4.019059,50,325.961113,0.0
-4.229318,50,325.997548,0.0
-4.384616,50,326.03383,0.0
-4.280672,50,326.07004,0.0
-4.329445,50,326.105997,0.0
-4.039885,50,326.141346,0.0
-4.331237,50,326.177075,0.0
-4.767848,50,326.212353,0.0
-4.280681,50,326.247932,0.0
-4.48601,50,326.283223,0.0
-3.725004,50,326.318684,0.0
-4.309014,50,326.354268,0.0
-4.706977,50,326.389807,0.0
-3.891751,50,326.424898,0.0
-4.501286,50,326.460394,0.0
-2.920451,50,326.495827,0.0
-3.792704,50,326.531654,0.0
-4.279867,50,326.567305,0.0
-4.371266,50,326.602674,0.0
-4.19131,50,326.63831,0.0
-4.326211,50,326.674224,0.0
-4.470267,50,326.710197,0.0
-4.320332,50,326.746523,0.0
-3.999493,50,326.783115,0.0
-4.055703,50,326.819331,0.0
-3.775586,50,326.855603,0.0
-4.417916,50,326.891667,0.0
-4.231702,50,326.928234,0.0
-2.837603,50,326.964774,0.0
-4.147522,50,327.00099,0.0
-4.030555,50,327.037384,0.0
-4.618149,50,327.07377,0.0
-4.057646,50,327.109936,0.0
-4.238741,50,327.146441,0.0
-4.375699,50,327.182885,0.0
-3.606176,50,327.219098,0.0
-4.66231,50,327.254975,0.0
-4.34932,50,327.291468,0.0
-4.230607,50,327.327706,0.0
-4.193273,50,327.477168,0.0
-3.232323,50,327.513009,0.0
-4.717555,50,327.549171,0.0
-4.497971,50,327.584877,0.0
-3.931778,50,327.620545,0.0
-4.728999,50,327.656261,0.0
-3.948079,50,327.691635,0.0
-4.726611,50,327.727199,0.0
-4.028639,50,327.763064,0.0
-4.032951,50,327.798926,0.0
-4.479691,50,327.834432,0.0
-4.576416,50,327.870113,0.0
-4.561966,50,327.905527,0.0
-4.259999,50,327.940579,0.0
-4.055168,50,327.976241,0.0
-4.323741,50,328.011481,0.0
-4.038921,50,328.046873,0.0
-3.660533,50,328.082468,0.0
-3.834692,50,328.118092,0.0
-4.608259,50,328.153472,0.0
-4.452198,50,328.188607,0.0
-3.918598,50,328.224103,0.0
-4.534179,50,328.259395,0.0
-3.695555,50,328.294783,0.0
-3.723664,50,328.329986,0.0
-3.27546,50,328.365313,0.0
-4.621671,50,328.400713,0.0
-4.466748,50,328.436075,0.0
-2.59611,50,328.471757,0.0
-3.158322,50,328.507135,0.0
-4.476702,50,328.542932,0.0
-4.114796,50,328.57842,0.0
-3.878589,50,328.613646,0.0
-4.291067,50,328.648933,0.0
-4.18081,50,328.684953,0.0
-3.891672,50,328.720337,0.0
-4.768425,50,328.755388,0.0
-4.573295,50,328.790796,0.0
-3.496844,50,328.825926,0.0
-4.178338,50,328.861134,0.0
-4.349346,50,328.896456,0.0
-3.993357,50,329.045861,0.0
-3.821019,50,329.081687,0.0
-4.057796,50,329.117266,0.0
-4.497003,50,329.152821,0.0
-3.44137,50,329.188074,0.0
-4.06434,50,329.223534,0.0
-3.732603,50,329.258916,0.0
-4.401028,50,329.294542,0.0
-3.71556,50,329.329975,0.0
-4.46795,50,329.365354,0.0
-4.093532,50,329.401014,0.0
-4.038311,50,329.436211,0.0
-5.092535,50,329.471612,0.0
-4.712606,50,329.506708,0.0
-4.158245,50,329.542501,0.0
-4.470592,50,329.578256,0.0
-3.0575,50,329.61431,0.0
-4.225829,50,329.649596,0.0
-4.077893,50,329.685257,0.0
-2.562385,50,329.721044,0.0
-4.930145,50,329.75639,0.0
-4.056923,50,329.791978,0.0
-3.928849,50,329.828577,0.0
-4.461242,50,329.864812,0.0
-4.058323,50,329.90129,0.0
-4.532537,50,329.938031,0.0
-3.353879,50,329.974702,0.0
-2.983148,50,330.010135,0.0
-4.437663,50,330.04567,0.0
-4.013281,50,330.081701,0.0
-3.8923,50,330.117985,0.0
-4.278152,50,330.154134,0.0
-3.978388,50,330.190342,0.0
-3.126951,50,330.226429,0.0
-4.415822,50,330.262731,0.0
-4.306504,50,330.299117,0.0
-4.293514,50,330.335179,0.0
-3.770578,50,330.37153,0.0
-3.334337,50,330.408227,0.0
-4.747822,50,330.444439,0.0
-4.278196,50,330.480086,0.0
-2.790014,50,330.629924,0.0
-4.35001,50,330.66574,0.0
-3.82158,50,330.701086,0.0
-4.293107,50,330.736699,0.0
-4.425669,50,330.771838,0.0
-4.075761,50,330.807755,0.0
-4.170178,50,330.843658,0.0
-4.261132,50,330.878921,0.0
-4.055711,50,330.91438,0.0
-3.998719,50,330.949946,0.0
-4.497448,50,330.98526,0.0
-4.017992,50,331.020669,0.0
-3.527614,50,331.056124,0.0
-4.19967,50,331.091531,0.0
-4.103316,50,331.126684,0.0
-3.79765,50,331.162138,0.0
-4.625157,50,331.197217,0.0
-4.574603,50,331.232866,0.0
-4.233094,50,331.268749,0.0
-5.073234,50,331.303932,0.0
-3.116391,50,331.339928,0.0
-3.825461,50,331.375503,0.0
-4.58663,50,331.410561,0.0
-4.395575,50,331.446307,0.0
-3.905217,50,331.482247,0.0
-4.043889,50,331.517718,0.0
-4.095398,50,331.553433,0.0
-4.21961,50,331.589231,0.0
-4.472716,50,331.624616,0.0
-3.138567,50,331.660007,0.0
-4.015004,50,331.695631,0.0
-4.351795,50,331.73126,0.0
-3.605964,50,331.766773,0.0
-4.345348,50,331.802197,0.0
-4.801151,50,331.83747,0.0
-3.724152,50,331.87269,0.0
-3.970245,50,331.908337,0.0
-4.580916,50,331.943872,0.0
-4.068928,50,331.979581,0.0
-4.442037,50,332.01504,0.0
-4.596354,50,332.050542,0.0
-4.405918,50,332.200468,0.0
-4.142545,50,332.235962,0.0
-4.217161,50,332.272143,0.0
-4.204099,50,332.308356,0.0
-4.125952,50,332.344397,0.0
-3.931837,50,332.380819,0.0
-2.898633,50,332.417109,0.0
-4.372127,50,332.453276,0.0
-4.427168,50,332.489712,0.0
-4.632271,50,332.526069,0.0
-4.456012,50,332.562366,0.0
-4.57965,50,332.598363,0.0
-4.155989,50,332.634499,0.0
-3.620189,50,332.670245,0.0
-4.701992,50,332.705626,0.0
-3.696945,50,332.741191,0.0
-4.695741,50,332.777634,0.0
-4.628248,50,332.813823,0.0
-2.911477,50,332.850093,0.0
-4.221357,50,332.886471,0.0
-4.105265,50,332.922884,0.0
-3.984742,50,332.958985,0.0
-4.400114,50,332.995047,0.0
-4.660795,50,333.031205,0.0
-4.361053,50,333.067067,0.0
-4.339387,50,333.103134,0.0
-3.641594,50,333.139562,0.0
-3.698382,50,333.175531,0.0
-3.960687,50,333.211595,0.0
-4.26607,50,333.247689,0.0
-5.240044,50,333.284207,0.0
-3.873184,50,333.320047,0.0
-4.208622,50,333.356062,0.0
-3.712424,50,333.392474,0.0
-4.76164,50,333.428351,0.0
-4.168528,50,333.464624,0.0
-3.667684,50,333.501037,0.0
-3.762757,50,333.537335,0.0
-4.358855,50,333.573041,0.0
-3.928393,50,333.608721,0.0
-4.32578,50,333.644544,0.0
-4.586426,50,333.79469,0.0
-4.332515,50,333.830462,0.0
-3.722034,50,333.866712,0.0
-3.651083,50,333.903132,0.0
-4.275249,50,333.939554,0.0
-4.16774,50,333.975718,0.0
-4.178602,50,334.011964,0.0
-3.895059,50,334.047765,0.0
-3.157715,50,334.083473,0.0
-3.000384,50,334.119049,0.0
-4.325531,50,334.154627,0.0
-4.016097,50,334.189859,0.0
-3.003867,50,334.22531,0.0
-3.884387,50,334.261227,0.0
-4.04473,50,334.296589,0.0
-4.590487,50,334.332106,0.0
-4.81899,50,334.367329,0.0
-3.329935,50,334.402868,0.0
-4.033772,50,334.437975,0.0
-4.467117,50,334.473443,0.0
-4.177249,50,334.508793,0.0
-4.283461,50,334.543772,0.0
-4.204943,50,334.579663,0.0
-2.991724,50,334.614709,0.0
-3.860024,50,334.650038,0.0
-2.86835,50,334.685425,0.0
-4.930844,50,334.720823,0.0
-4.120954,50,334.756075,0.0
-3.909638,50,334.791849,0.0
-4.267101,50,334.827098,0.0
-2.752447,50,334.86269,0.0
-4.416107,50,334.89812,0.0
-4.196693,50,334.934079,0.0
-5.032342,50,334.969531,0.0
-4.07173,50,335.005009,0.0
-4.799126,50,335.04028,0.0
-3.933242,50,335.075691,0.0
-4.682626,50,335.111354,0.0
-4.171539,50,335.146912,0.0
-3.959542,50,335.182328,0.0
-4.16541,50,335.217724,0.0
-3.005009,50,335.367537,0.0
-4.76083,50,335.403175,0.0
-4.013741,50,335.438804,0.0
-4.484245,50,335.474414,0.0
-4.416523,50,335.510599,0.0
-4.05924,50,335.546907,0.0
-4.365989,50,335.58362,0.0
-4.311608,50,335.619929,0.0
-4.445004,50,335.656137,0.0
-4.198691,50,335.692894,0.0
-3.780833,50,335.728912,0.0
-2.845735,50,335.764695,0.0
-4.35114,50,335.801163,0.0
-4.146246,50,335.837675,0.0
-4.0755,50,335.873907,0.0
-4.161014,50,335.910359,0.0
-3.930766,50,335.946919,0.0
-4.395424,50,335.983275,0.0
-4.835578,50,336.019761,0.0
-4.217735,50,336.056487,0.0
-4.045805,50,336.092848,0.0
-4.302401,50,336.128895,0.0
-3.946415,50,336.165251,0.0
-3.864087,50,336.201647,0.0
-3.994367,50,336.237927,0.0
-4.321388,50,336.274384,0.0
-4.583295,50,336.310603,0.0
-4.070133,50,336.346845,0.0
-4.450847,50,336.382934,0.0
-3.89829,50,336.419348,0.0
-4.670173,50,336.455724,0.0
-4.353718,50,336.491773,0.0
-4.240825,50,336.527874,0.0
-4.595401,50,336.563985,0.0
-4.695964,50,336.6,0.0
-2.901132,50,336.635395,0.0
-3.866777,50,336.670902,0.0
-4.458382,50,336.707088,0.0
-4.508722,50,336.743416,0.0
-4.303491,50,336.779537,0.0
-4.724442,50,336.815866,0.0
-3.917392,50,336.96636,0.0
-4.698873,50,337.002205,0.0
-4.109692,50,337.037598,0.0
-4.54095,50,337.073099,0.0
-4.156224,50,337.108866,0.0
-4.16901,50,337.144591,0.0
-4.492969,50,337.179968,0.0
-4.103896,50,337.215475,0.0
-4.312478,50,337.250735,0.0
-3.963935,50,337.286809,0.0
-4.030162,50,337.322819,0.0
-3.833413,50,337.358864,0.0
-3.78753,50,337.395167,0.0
-2.841337,50,337.431675,0.0
-3.801046,50,337.468139,0.0
-4.434412,50,337.504191,0.0
-4.681984,50,337.54025,0.0
-4.023004,50,337.576445,0.0
-4.021269,50,337.612543,0.0
-2.988694,50,337.648816,0.0
-3.82845,50,337.684618,0.0
-4.434126,50,337.71986,0.0
-4.245952,50,337.755114,0.0
-4.272685,50,337.790182,0.0
-4.017775,50,337.825837,0.0
-4.139355,50,337.861089,0.0
-3.531413,50,337.896247,0.0
-3.380496,50,337.931683,0.0
-3.470785,50,337.967133,0.0
-3.940781,50,338.002257,0.0
-4.672445,50,338.036967,0.0
-3.391442,50,338.072642,0.0
-4.354435,50,338.10781,0.0
-3.885543,50,338.143125,0.0
-3.016324,50,338.17847,0.0
-3.678756,50,338.21349,0.0
-4.817841,50,338.248657,0.0
-4.400956,50,338.283998,0.0
-4.325859,50,338.319066,0.0
-4.613655,50,338.354499,0.0
-4.195168,50,338.389784,0.0
-4.249811,50,338.538658,0.0
-4.315734,50,338.574263,0.0
-4.0913,50,338.61013,0.0
-4.67565,50,338.645644,0.0
-4.384301,50,338.681235,0.0
-4.645657,50,338.717607,0.0
-4.873644,50,338.754123,0.0
-4.236369,50,338.790394,0.0
-4.300293,50,338.826851,0.0
-4.001776,50,338.862977,0.0
-3.94522,50,338.898789,0.0
-4.707588,50,338.934394,0.0
-2.961328,50,338.969969,0.0
-4.382186,50,339.005587,0.0
-3.554875,50,339.040961,0.0
-4.129602,50,339.076451,0.0
-4.622833,50,339.112305,0.0
-3.029034,50,339.147519,0.0
-4.070711,50,339.182886,0.0
-4.661013,50,339.218946,0.0
-2.787788,50,339.25468,0.0
-4.080788,50,339.290419,0.0
-4.319911,50,339.326103,0.0
-3.010315,50,339.362768,0.0
-4.20467,50,339.399106,0.0
-4.493928,50,339.435617,0.0
-3.31569,50,339.47224,0.0
-4.0549,50,339.508673,0.0
-4.069612,50,339.544939,0.0
-3.397792,50,339.581094,0.0
-2.786765,50,339.617403,0.0
-3.857725,50,339.65356,0.0
-3.520164,50,339.690159,0.0
-4.065428,50,339.726187,0.0
-4.409629,50,339.76229,0.0
-4.266238,50,339.798317,0.0
-3.807209,50,339.833781,0.0
-3.789699,50,339.869522,0.0
-4.222747,50,339.905292,0.0
-4.041777,50,339.941125,0.0
-3.15774,50,339.977014,0.0
-3.831834,50,340.12807,0.0
-4.195356,50,340.164229,0.0
-4.067586,50,340.20022,0.0
-4.370041,50,340.236748,0.0
-4.095884,50,340.272933,0.0
-4.002957,50,340.30906,0.0
-4.277691,50,340.345022,0.0
-4.413139,50,340.381619,0.0
-5.012027,50,340.417971,0.0
-4.995518,50,340.453985,0.0
-4.654997,50,340.489935,0.0
-2.896441,50,340.526104,0.0
-4.016025,50,340.562039,0.0
-4.408223,50,340.598171,0.0
-4.27699,50,340.634308,0.0
-4.381428,50,340.670299,0.0
-3.99509,50,340.706346,0.0
-4.351732,50,340.74243,0.0
-4.421109,50,340.778366,0.0
-3.917029,50,340.814244,0.0
-2.772536,50,340.850437,0.0
-4.015466,50,340.886332,0.0
-3.916503,50,340.922525,0.0
-4.479393,50,340.958519,0.0
-4.103171,50,340.994914,0.0
-4.173013,50,341.031023,0.0
-4.138769,50,341.066705,0.0
-4.387299,50,341.102372,0.0
-3.881569,50,341.13722,0.0
-4.430685,50,341.172429,0.0
-3.902343,50,341.208524,0.0
-4.033125,50,341.244002,0.0
-4.092343,50,341.279225,0.0
-4.132257,50,341.314636,0.0
-4.116928,50,341.350175,0.0
-3.7211,50,341.385519,0.0
-4.484947,50,341.421278,0.0
-3.764302,50,341.456325,0.0
-4.164415,50,341.492055,0.0
-4.446826,50,341.527577,0.0
-4.782947,50,341.562575,0.0
-3.861967,50,341.710252,0.0
-4.210711,50,341.745533,0.0
-4.482387,50,341.781222,0.0
-4.002177,50,341.817675,0.0
-3.988944,50,341.854036,0.0
-4.293591,50,341.890227,0.0
-4.321805,50,341.926565,0.0
-3.223334,50,341.962808,0.0
-3.923782,50,341.998772,0.0
-4.315223,50,342.034854,0.0
-3.981255,50,342.071324,0.0
-4.37373,50,342.107497,0.0
-4.203501,50,342.14375,0.0
-4.335713,50,342.179821,0.0
-3.979608,50,342.216342,0.0
-4.09874,50,342.252455,0.0
-4.517057,50,342.288866,0.0
-3.933115,50,342.324389,0.0
-4.212102,50,342.359904,0.0
-3.609732,50,342.39513,0.0
-4.201334,50,342.430331,0.0
-4.372494,50,342.465994,0.0
-2.808443,50,342.501913,0.0
-4.401553,50,342.537384,0.0
-4.786999,50,342.572833,0.0
-4.462844,50,342.608425,0.0
-4.688727,50,342.643882,0.0
-3.87626,50,342.679021,0.0
-3.504969,50,342.71412,0.0
-4.313298,50,342.750433,0.0
-4.336122,50,342.786601,0.0
-3.862848,50,342.82308,0.0
-3.959806,50,342.859075,0.0
-4.015745,50,342.894207,0.0
-4.581908,50,342.929886,0.0
-4.407201,50,342.965353,0.0
-4.187125,50,343.000913,0.0
-3.623674,50,343.036564,0.0
-3.053364,50,343.072254,0.0
-4.533824,50,343.107466,0.0
-4.168743,50,343.143417,0.0
-3.809996,50,343.291949,0.0
-3.874576,50,343.327952,0.0
-4.661702,50,343.364231,0.0
-3.951513,50,343.40076,0.0
-4.414236,50,343.436971,0.0
-3.957658,50,343.472964,0.0
-4.141152,50,343.508594,0.0
-4.217914,50,343.544011,0.0
-4.41761,50,343.57942,0.0
-3.934222,50,343.615,0.0
-4.824735,50,343.650408,0.0
-4.268799,50,343.685899,0.0
-3.927223,50,343.721367,0.0
-4.071156,50,343.75654,0.0
-4.524813,50,343.792133,0.0
-4.605388,50,343.828202,0.0
-4.235997,50,343.863758,0.0
-4.37827,50,343.899401,0.0
-4.711167,50,343.935058,0.0
-3.656739,50,343.970465,0.0
-4.314633,50,344.006129,0.0
-4.033404,50,344.041413,0.0
-4.35869,50,344.076838,0.0
-3.963968,50,344.112222,0.0
-2.951835,50,344.147729,0.0
-3.815564,50,344.183465,0.0
-4.347104,50,344.218944,0.0
-4.308638,50,344.254371,0.0
-4.031906,50,344.289715,0.0
-3.768894,50,344.324921,0.0
-4.257274,50,344.360265,0.0
-2.945996,50,344.395674,0.0
-3.152983,50,344.431203,0.0
-4.332175,50,344.466535,0.0
-3.830348,50,344.501996,0.0
-4.406674,50,344.537265,0.0
-4.092869,50,344.572832,0.0
-4.646513,50,344.608827,0.0
-4.55029,50,344.644091,0.0
-3.613821,50,344.679825,0.0
-3.903269,50,344.715183,0.0
-4.228265,50,344.864095,0.0
-4.367602,50,344.900385,0.0
-4.371074,50,344.936603,0.0
-4.021526,50,344.973075,0.0
-3.039475,50,345.009453,0.0
-3.834201,50,345.04589,0.0
-4.031194,50,345.081975,0.0
-4.035473,50,345.118256,0.0
-4.184214,50,345.154185,0.0
-4.380325,50,345.189093,0.0
-4.385908,50,345.224521,0.0
-3.789689,50,345.260112,0.0
-4.266956,50,345.295391,0.0
-4.238477,50,345.330986,0.0
-4.552543,50,345.366551,0.0
-4.056941,50,345.401929,0.0
-4.091874,50,345.437637,0.0
-4.340152,50,345.473221,0.0
-4.140604,50,345.50957,0.0
-4.136097,50,345.545695,0.0
-4.088312,50,345.580913,0.0
-3.782662,50,345.616244,0.0
-4.449291,50,345.65132,0.0
-4.407693,50,345.686516,0.0
-4.2411,50,345.722099,0.0
-3.76868,50,345.75764,0.0
-4.056572,50,345.793041,0.0
-4.096669,50,345.82845,0.0
-3.991946,50,345.863702,0.0
-4.035153,50,345.899201,0.0
-4.462626,50,345.934633,0.0
-4.066407,50,345.96994,0.0
-4.26047,50,346.005288,0.0
-3.696583,50,346.04093,0.0
-4.669065,50,346.076665,0.0
-4.045107,50,346.112241,0.0
-3.584383,50,346.147629,0.0
-3.091681,50,346.182969,0.0
-4.039821,50,346.218343,0.0
-4.198543,50,346.253683,0.0
-3.306461,50,346.289141,0.0
-3.957013,50,346.438746,0.0
-4.101748,50,346.474668,0.0
-3.822683,50,346.509957,0.0
-4.146902,50,346.545662,0.0
-2.927306,50,346.581451,0.0
-4.179385,50,346.618024,0.0
-4.322718,50,346.654167,0.0
-4.241787,50,346.690316,0.0
-3.375392,50,346.726579,0.0
-4.045309,50,346.762242,0.0
-4.595282,50,346.797762,0.0
-4.718668,50,346.833114,0.0
-4.183472,50,346.868501,0.0
-4.108352,50,346.90373,0.0
-4.384914,50,346.939222,0.0
-4.351355,50,346.975492,0.0
-4.283158,50,347.011958,0.0
-4.169911,50,347.047835,0.0
-3.932994,50,347.083604,0.0
-3.618179,50,347.119042,0.0
-3.915792,50,347.154426,0.0
-3.733725,50,347.189421,0.0
-4.194962,50,347.225268,0.0
-4.142994,50,347.260888,0.0
-4.259927,50,347.29593,0.0
-4.522591,50,347.331376,0.0
-4.094848,50,347.367252,0.0
-3.296191,50,347.402574,0.0
-4.033756,50,347.438051,0.0
-4.138799,50,347.473315,0.0
-4.09647,50,347.854634,0.0
-4.701313,50,347.88992,0.0
-4.368524,50,347.92507,0.0
-4.316365,50,347.961365,0.0
-3.838889,50,347.997745,0.0
-2.833534,50,348.033867,0.0
-4.23208,50,348.06987,0.0
-3.726913,50,348.105804,0.0
-3.906139,50,348.141938,0.0
-2.941607,50,348.178063,0.0
-3.90182,50,348.214188,0.0
-4.38037,50,348.363506,0.0
-4.568594,50,348.398877,0.0
-4.592319,50,348.435152,0.0
-4.601522,50,348.471434,0.0
-4.877793,50,348.507556,0.0
-4.392339,50,348.543607,0.0
-4.248984,50,348.579285,0.0
-3.997492,50,348.615137,0.0
-3.1061,50,348.6514,0.0
-4.088143,50,348.687326,0.0
-4.281452,50,348.723335,0.0
-3.924672,50,348.759297,0.0
-3.420257,50,348.795678,0.0
-4.614492,50,348.831056,0.0
-3.836297,50,348.866274,0.0
-4.349408,50,348.901679,0.0
-3.090572,50,348.93681,0.0
-4.038353,50,348.972746,0.0
-4.368157,50,349.009282,0.0
-4.303984,50,349.044592,0.0
-4.016853,50,349.080078,0.0
-4.37064,50,349.116077,0.0
-4.084583,50,349.151267,0.0
-2.803575,50,349.18646,0.0
-4.649216,50,349.222061,0.0
-4.10754,50,349.257408,0.0
-4.139758,50,349.293191,0.0
-3.999002,50,349.328864,0.0
-4.383054,50,349.36426,0.0
-3.621907,50,349.399737,0.0
-3.723798,50,349.435142,0.0
-3.958809,50,349.470134,0.0
-4.226827,50,349.505946,0.0
-4.477357,50,349.541172,0.0
-4.130949,50,349.57667,0.0
-3.902734,50,349.612555,0.0
-4.684925,50,349.648148,0.0
-4.686743,50,349.683286,0.0
-3.771549,50,349.719305,0.0
-4.095246,50,349.754503,0.0
-4.569745,50,349.789863,0.0
-4.758063,50,349.939347,0.0
-4.523039,50,349.975146,0.0
-3.822373,50,350.010741,0.0
-4.403351,50,350.046342,0.0
-4.191429,50,350.081778,0.0
-4.242717,50,350.117077,0.0
-3.078446,50,350.152465,0.0
-3.084752,50,350.187807,0.0
-4.193428,50,350.22343,0.0
-3.672967,50,350.259102,0.0
-4.313396,50,350.294993,0.0
-3.896834,50,350.330657,0.0
-3.969098,50,350.366169,0.0
-4.477905,50,350.401223,0.0
-4.283408,50,350.436571,0.0
-4.524018,50,350.472622,0.0
-4.491562,50,350.507871,0.0
-3.826772,50,350.543365,0.0
-4.142383,50,350.578265,0.0
-3.928152,50,350.613666,0.0
-4.152796,50,350.648794,0.0
-3.223006,50,350.684373,0.0
-4.262043,50,350.719576,0.0
-2.792647,50,350.755024,0.0
-3.84516,50,350.790395,0.0
-3.296868,50,350.826131,0.0
-4.309124,50,350.861577,0.0
-4.82231,50,350.896856,0.0
-4.143933,50,350.932259,0.0
-4.475653,50,350.967752,0.0
-3.195756,50,351.002841,0.0
-4.219195,50,351.038383,0.0
-3.032319,50,351.073789,0.0
-4.020742,50,351.109091,0.0
-4.261382,50,351.144625,0.0
-4.127227,50,351.180081,0.0
-2.955582,50,351.215875,0.0
-4.209097,50,351.251551,0.0
-4.273573,50,351.287006,0.0
-4.271023,50,351.3223,0.0
-4.527943,50,351.357865,0.0
-3.859853,50,351.508583,0.0
-4.509608,50,351.544555,0.0
-3.121936,50,351.579804,0.0
-4.701866,50,351.615638,0.0
-3.933767,50,351.651604,0.0
-4.393727,50,351.687656,0.0
-4.778716,50,351.723004,0.0
-4.343405,50,351.759088,0.0
-3.870888,50,351.794756,0.0
-3.462248,50,351.830441,0.0
-3.867166,50,351.865956,0.0
-3.406146,50,351.90148,0.0
-4.376697,50,351.937073,0.0
-4.595282,50,351.97253,0.0
-4.452194,50,352.007905,0.0
-4.140581,50,352.043418,0.0
-4.464616,50,352.078873,0.0
-3.100544,50,352.114765,0.0
-4.235962,50,352.150309,0.0
-3.898471,50,352.185292,0.0
-3.562826,50,352.220249,0.0
-4.266084,50,352.255716,0.0
-4.126401,50,352.291971,0.0
-4.351628,50,352.328217,0.0
-4.176605,50,352.363925,0.0
-4.543701,50,352.400069,0.0
-4.181015,50,352.436513,0.0
-4.24012,50,352.472718,0.0
-2.94548,50,352.509222,0.0
-4.602515,50,352.545111,0.0
-4.609069,50,352.581302,0.0
-4.469746,50,352.616221,0.0
-4.531238,50,352.651542,0.0
-4.242852,50,352.686669,0.0
-3.870162,50,352.722139,0.0
-4.088191,50,352.757548,0.0
-4.053564,50,352.792967,0.0
-4.482043,50,352.828367,0.0
-4.493073,50,352.863781,0.0
-4.401041,50,352.898775,0.0
-3.685223,50,352.934015,0.0
-4.113747,50,353.084337,0.0
-3.990143,50,353.120086,0.0
-4.229407,50,353.156282,0.0
-4.505815,50,353.192416,0.0
-4.076934,50,353.228279,0.0
-3.9905,50,353.264114,0.0
-3.256555,50,353.299446,0.0
-4.645559,50,353.334625,0.0
-3.114272,50,353.370148,0.0
-3.845202,50,353.405022,0.0
-3.425626,50,353.440208,0.0
-4.488535,50,353.475737,0.0
-4.275918,50,353.510861,0.0
-2.868337,50,353.546145,0.0
-4.330223,50,353.582094,0.0
-4.276149,50,353.617765,0.0
-3.964836,50,353.653607,0.0
-3.904803,50,353.688912,0.0
-4.670842,50,353.724521,0.0
-3.91171,50,353.759927,0.0
-3.067488,50,353.795199,0.0
-4.318415,50,353.83092,0.0
-4.233338,50,353.867325,0.0
-4.971245,50,353.90337,0.0
-4.422816,50,353.93951,0.0
-4.218382,50,353.975804,0.0
-3.916248,50,354.011841,0.0
-4.145854,50,354.047983,0.0
-4.277337,50,354.083457,0.0
-4.004801,50,354.119038,0.0
-3.93494,50,354.154817,0.0
-3.850395,50,354.190007,0.0
-3.244215,50,354.225471,0.0
-4.075103,50,354.26164,0.0
-4.098162,50,354.297739,0.0
-4.675104,50,354.334054,0.0
-3.867063,50,354.37012,0.0
-4.216074,50,354.405973,0.0
-4.108544,50,354.442231,0.0
-4.149025,50,354.478064,0.0
-3.56461,50,354.514115,0.0
-3.92333,50,354.663559,0.0
-4.381866,50,354.698665,0.0
-5.041724,50,354.734285,0.0
-4.756636,50,354.769671,0.0
-3.885836,50,354.805171,0.0
-4.250099,50,354.840587,0.0
-3.371373,50,354.876101,0.0
-4.216211,50,354.911418,0.0
-4.547178,50,354.947244,0.0
-4.478461,50,354.983082,0.0
-3.738497,50,355.018459,0.0
-4.172661,50,355.053991,0.0
-5.024587,50,355.089416,0.0
-4.351668,50,355.125123,0.0
-4.071683,50,355.16075,0.0
-4.309245,50,355.196156,0.0
-4.657377,50,355.23156,0.0
-4.77284,50,355.266929,0.0
-4.306221,50,355.302488,0.0
-3.888884,50,355.337534,0.0
-3.610494,50,355.372983,0.0
-4.019469,50,355.408365,0.0
-4.278106,50,355.443748,0.0
-4.723187,50,355.479105,0.0
-4.10197,50,355.515181,0.0
-3.90819,50,355.550714,0.0
-4.265483,50,355.586216,0.0
-4.208569,50,355.621609,0.0
-4.394718,50,355.657119,0.0
-4.311961,50,355.692615,0.0
-3.829001,50,355.727923,0.0
-3.974735,50,355.763345,0.0
-4.048581,50,355.799084,0.0
-4.782787,50,355.834175,0.0
-4.039021,50,355.86957,0.0
-3.669668,50,355.904931,0.0
-3.437767,50,355.940157,0.0
-3.892167,50,355.975961,0.0
-4.042947,50,356.011447,0.0
-3.616323,50,356.047142,0.0
-4.479305,50,356.082652,0.0
-3.905631,50,356.231255,0.0
-2.993636,50,356.266839,0.0
-4.047807,50,356.30201,0.0
-4.635742,50,356.337279,0.0
-3.187173,50,356.373921,0.0
-4.103156,50,356.410086,0.0
-4.176682,50,356.446037,0.0
-3.928535,50,356.481809,0.0
-4.055422,50,356.517251,0.0
-3.988828,50,356.552334,0.0
-4.283482,50,356.587684,0.0
-4.31105,50,356.623066,0.0
-4.506781,50,356.658186,0.0
-3.820811,50,356.693713,0.0
-4.00984,50,356.729194,0.0
-4.178644,50,356.764365,0.0
-4.706153,50,356.799666,0.0
-4.745168,50,356.834699,0.0
-2.983859,50,356.870023,0.0
-4.52469,50,356.905531,0.0
-4.064875,50,356.941093,0.0
-4.264776,50,356.97742,0.0
-4.083103,50,357.013035,0.0
-3.643354,50,357.048157,0.0
-4.816794,50,357.083175,0.0
-4.304554,50,357.118144,0.0
-4.159886,50,357.153102,0.0
-4.061915,50,357.188411,0.0
-4.212967,50,357.223614,0.0
-4.296618,50,357.258858,0.0
-3.811845,50,357.294195,0.0
-4.276515,50,357.329914,0.0
-2.945517,50,357.366151,0.0
-3.780428,50,357.402274,0.0
-3.482886,50,357.438166,0.0
-3.104079,50,357.473968,0.0
-4.404337,50,357.509134,0.0
-4.845371,50,357.54468,0.0
-4.322464,50,357.579912,0.0
-3.877484,50,357.615991,0.0
-4.068405,50,357.765211,0.0
-4.081179,50,357.801172,0.0
-3.72558,50,357.836674,0.0
-3.917589,50,357.872078,0.0
-3.528162,50,357.908252,0.0
-4.134902,50,357.943827,0.0
-4.509421,50,357.979679,0.0
-4.955162,50,358.015004,0.0
-5.215412,50,358.050049,0.0
-3.929647,50,358.08477,0.0
-4.055329,50,358.120219,0.0
-4.079798,50,358.155504,0.0
-4.014867,50,358.190846,0.0
-3.942327,50,358.225783,0.0
-4.071938,50,358.261199,0.0
-4.027927,50,358.296838,0.0
-4.422108,50,358.332458,0.0
-3.604767,50,358.368945,0.0
-2.993693,50,358.404822,0.0
-3.214455,50,358.441093,0.0
-4.064355,50,358.477137,0.0
-4.54077,50,358.512973,0.0
-4.191337,50,358.549314,0.0
-4.208447,50,358.585439,0.0
-3.967964,50,358.621204,0.0
-4.469387,50,358.657309,0.0
-4.181582,50,358.692688,0.0
-4.029373,50,358.727842,0.0
-3.994254,50,358.76411,0.0
-4.706138,50,358.799503,0.0
-4.148946,50,358.834885,0.0
-4.454992,50,358.869967,0.0
-3.802158,50,358.90546,0.0
-3.478617,50,358.941624,0.0
-3.95784,50,358.978204,0.0
-3.787649,50,359.014572,0.0
-3.987626,50,359.050517,0.0
-3.456232,50,359.086802,0.0
-3.072874,50,359.123393,0.0
-4.366012,50,359.159689,0.0
-3.0837,50,359.195968,0.0
-3.074371,50,359.345799,0.0
-4.183553,50,359.381632,0.0
-4.025701,50,359.41776,0.0
-2.948923,50,359.453882,0.0
-3.182804,50,359.490231,0.0
-4.140773,50,359.526411,0.0
-3.60096,50,359.562828,0.0
-3.839395,50,359.599641,0.0
-4.013707,50,359.635408,0.0
-3.629503,50,359.670892,0.0
-3.937562,50,359.706292,0.0
-3.352,50,359.741582,0.0
-4.530218,50,359.777448,0.0
-3.669346,50,359.81292,0.0
-4.512792,50,359.848528,0.0
-4.22769,50,359.883771,0.0
-4.760547,50,359.919163,0.0
-4.026801,50,359.9546,0.0
-4.099726,50,359.989687,0.0
-4.100563,50,360.024763,0.0
-4.226005,50,360.059686,0.0
-2.95939,50,360.095002,0.0
-4.198639,50,360.130006,0.0
-4.184521,50,360.165524,0.0
-4.452892,50,360.200605,0.0
-4.10028,50,360.235613,0.0
-3.71364,50,360.270983,0.0
-4.288555,50,360.306957,0.0
-4.30182,50,360.342304,0.0
-4.208874,50,360.377601,0.0
-3.925961,50,360.412936,0.0
-4.132679,50,360.449067,0.0
-3.69354,50,360.485267,0.0
-3.001623,50,360.521684,0.0
-4.159661,50,360.55794,0.0
-3.21717,50,360.594075,0.0
-4.641711,50,360.630306,0.0
-4.139972,50,360.666318,0.0
-4.659404,50,360.701704,0.0
-3.905948,50,360.737299,0.0
-4.564369,50,360.772501,0.0
-4.379509,50,360.920974,0.0
-2.730448,50,360.956305,0.0
-4.150153,50,360.992222,0.0
-3.573337,50,361.028071,0.0
-4.356101,50,361.063729,0.0
-4.907649,50,361.098608,0.0
-4.276469,50,361.134514,0.0
-4.22095,50,361.170006,0.0
-3.898176,50,361.205251,0.0
-4.158985,50,361.240263,0.0
-4.186467,50,361.275814,0.0
-3.993282,50,361.310965,0.0
-4.612945,50,361.346254,0.0
-4.026493,50,361.381703,0.0
-3.732975,50,361.417216,0.0
-4.082994,50,361.452585,0.0
-4.179007,50,361.488055,0.0
-4.591368,50,361.523376,0.0
-3.545821,50,361.558403,0.0
-3.859457,50,361.59353,0.0
-4.229574,50,361.628913,0.0
-2.979702,50,361.663994,0.0
-3.983671,50,361.699033,0.0
-3.089108,50,361.734464,0.0
-3.251428,50,361.770041,0.0
-4.409527,50,361.805458,0.0
-3.933411,50,361.840529,0.0
-3.796582,50,361.875629,0.0
-4.103597,50,361.910782,0.0
-4.804524,50,361.945982,0.0
-4.191518,50,361.981038,0.0
-3.027661,50,362.016237,0.0
-4.061207,50,362.051305,0.0
-3.870055,50,362.086434,0.0
-4.012613,50,362.121588,0.0
-4.070013,50,362.157151,0.0
-4.412063,50,362.192769,0.0
-4.077992,50,362.227943,0.0
-2.938488,50,362.263127,0.0
-4.511975,50,362.29961,0.0
-3.783698,50,362.335856,0.0
-4.414692,50,362.485402,0.0
-4.220828,50,362.521271,0.0
-4.089391,50,362.557711,0.0
-4.167369,50,362.593965,0.0
-4.113489,50,362.629409,0.0
-4.104033,50,362.664614,0.0
-4.436051,50,362.69979,0.0
-4.172023,50,362.735958,0.0
-4.343064,50,362.771615,0.0
-3.976832,50,362.8067,0.0
-4.243673,50,362.841964,0.0
-3.296533,50,362.878092,0.0
-4.531905,50,362.914448,0.0
-4.264934,50,362.950571,0.0
-4.228491,50,362.986842,0.0
-3.485882,50,363.022895,0.0
-4.550147,50,363.059091,0.0
-4.098394,50,363.09555,0.0
-3.258285,50,363.131764,0.0
-3.929048,50,363.167756,0.0
-3.65165,50,363.204265,0.0
-4.227305,50,363.240749,0.0
-4.646052,50,363.276107,0.0
-3.783835,50,363.31168,0.0
-4.301627,50,363.347356,0.0
-2.961843,50,363.382382,0.0
-3.857787,50,363.417778,0.0
-4.527745,50,363.453296,0.0
-4.195097,50,363.488593,0.0
-4.153651,50,363.524217,0.0
-4.41091,50,363.559654,0.0
-4.514076,50,363.595126,0.0
-4.127402,50,363.630864,0.0
-3.858221,50,363.666523,0.0
-2.95515,50,363.70226,0.0
-4.631988,50,363.737812,0.0
-4.966614,50,363.773142,0.0
-4.275854,50,363.808363,0.0
-4.049296,50,363.844199,0.0
-4.14109,50,363.88045,0.0
-4.430196,50,363.917005,0.0
-4.274311,50,364.067175,0.0
-4.323887,50,364.102434,0.0
-4.032566,50,364.137749,0.0
-4.084702,50,364.172923,0.0
-4.163455,50,364.208309,0.0
-4.164089,50,364.243719,0.0
-4.333734,50,364.278798,0.0
-3.81659,50,364.313873,0.0
-4.195426,50,364.349163,0.0
-4.324911,50,364.38448,0.0
-4.039966,50,364.41984,0.0
-4.299465,50,364.455443,0.0
-4.312896,50,364.490861,0.0
-3.814315,50,364.526182,0.0
-4.159024,50,364.561699,0.0
-4.032639,50,364.596794,0.0
-4.002163,50,364.631954,0.0
-3.582123,50,364.667491,0.0
-4.25088,50,364.702957,0.0
-4.325204,50,364.738248,0.0
-4.08051,50,364.773433,0.0
-3.807756,50,364.808729,0.0
-3.805665,50,364.844419,0.0
-3.120382,50,364.879731,0.0
-4.694609,50,364.915493,0.0
-3.503358,50,364.951891,0.0
-3.984941,50,364.987246,0.0
-4.146552,50,365.022274,0.0
-4.214726,50,365.057705,0.0
-4.149938,50,365.092914,0.0
-4.339935,50,365.12834,0.0
-3.993757,50,365.163815,0.0
-3.856238,50,365.199974,0.0
-4.625988,50,365.236256,0.0
-3.083933,50,365.272381,0.0
-3.875268,50,365.308672,0.0
-4.213908,50,365.344829,0.0
-4.569654,50,365.380067,0.0
-4.433478,50,365.415612,0.0
-4.173025,50,365.450689,0.0
-3.043581,50,365.486047,0.0
-3.723737,50,365.63464,0.0
-3.542912,50,365.670083,0.0
-4.262071,50,365.705856,0.0
-4.231588,50,365.741275,0.0
-4.067657,50,365.776497,0.0
-4.304534,50,365.811816,0.0
-4.123828,50,365.8471,0.0
-4.383866,50,365.88264,0.0
-3.636465,50,365.918176,0.0
-4.042287,50,365.953634,0.0
-4.315837,50,365.989718,0.0
-3.995173,50,366.02621,0.0
-3.640677,50,366.062453,0.0
-3.63136,50,366.098512,0.0
-4.077793,50,366.133791,0.0
-4.836988,50,366.16952,0.0
-3.496643,50,366.205194,0.0
-3.785356,50,366.240633,0.0
-3.895106,50,366.276045,0.0
-4.577768,50,366.312392,0.0
-3.049666,50,366.347769,0.0
-3.904711,50,366.383346,0.0
-4.535717,50,366.418778,0.0
-3.99845,50,366.454295,0.0
-4.137351,50,366.490109,0.0
-4.29485,50,366.525527,0.0
-4.42466,50,366.560927,0.0
-4.489143,50,366.59641,0.0
-4.301984,50,366.632731,0.0
-4.138128,50,366.668945,0.0
-4.331272,50,366.704269,0.0
-4.174894,50,366.740164,0.0
-3.576464,50,366.775845,0.0
-3.945371,50,366.812256,0.0
-2.941785,50,366.848421,0.0
-4.977495,50,366.884832,0.0
-3.974286,50,366.921316,0.0
-4.823225,50,366.958018,0.0
-4.364843,50,366.994398,0.0
-4.070469,50,367.031092,0.0
-3.133353,50,367.067397,0.0
-4.055426,50,367.219015,0.0
-3.902808,50,367.25461,0.0
-3.841421,50,367.290029,0.0
-4.184149,50,367.325964,0.0
-3.104017,50,367.362222,0.0
-4.890931,50,367.398357,0.0
-4.821301,50,367.434416,0.0
-3.709875,50,367.470703,0.0
-2.945167,50,367.507085,0.0
-3.317055,50,367.543198,0.0
-4.259891,50,367.579522,0.0
-3.841328,50,367.615851,0.0
-3.739501,50,367.652083,0.0
-3.53435,50,367.688623,0.0
-4.54422,50,367.724987,0.0
-4.030706,50,367.760604,0.0
-4.433127,50,367.79608,0.0
-3.871447,50,367.83168,0.0
-3.927342,50,367.867195,0.0
-4.182264,50,367.902552,0.0
-4.11146,50,367.938387,0.0
-3.168797,50,367.973827,0.0
-3.887716,50,368.008954,0.0
-3.836986,50,368.044653,0.0
-3.815799,50,368.079805,0.0
-3.236368,50,368.115268,0.0
-4.369766,50,368.151185,0.0
-4.075106,50,368.186683,0.0
-4.003257,50,368.221973,0.0
-4.218853,50,368.257935,0.0
-4.446512,50,368.293334,0.0
-4.372348,50,368.328864,0.0
-4.187238,50,368.36462,0.0
-4.287587,50,368.399902,0.0
-3.987277,50,368.435371,0.0
-4.128446,50,368.470821,0.0
-3.47978,50,368.506079,0.0
-4.367084,50,368.541319,0.0
-3.9356,50,368.57655,0.0
-4.092383,50,368.61122,0.0
-2.856586,50,368.646241,0.0
-4.732432,50,368.794824,0.0
-4.480173,50,368.830503,0.0
-4.379951,50,368.86565,0.0
-3.782782,50,368.901034,0.0
-4.841431,50,368.936665,0.0
-4.297943,50,368.971824,0.0
-4.001293,50,369.007193,0.0
-4.069365,50,369.042705,0.0
-3.665108,50,369.077762,0.0
-4.105576,50,369.112794,0.0
-4.188671,50,369.148543,0.0
-2.991611,50,369.183765,0.0
-4.403876,50,369.218846,0.0
-3.69421,50,369.25413,0.0
-4.304891,50,369.28953,0.0
-4.000744,50,369.324786,0.0
-4.850621,50,369.359977,0.0
-4.148062,50,369.395337,0.0
-4.238701,50,369.430817,0.0
-3.003389,50,369.465864,0.0
-3.796204,50,369.500304,0.0
-4.09749,50,369.535281,0.0
-4.083335,50,369.570476,0.0
-4.127559,50,369.605832,0.0
-4.655297,50,369.640897,0.0
-4.452309,50,369.676217,0.0
-3.091176,50,369.71237,0.0
-4.461994,50,369.748146,0.0
-3.073167,50,369.783522,0.0
-4.013999,50,369.818979,0.0
-4.384589,50,369.854935,0.0
-3.953991,50,369.890641,0.0
-4.190571,50,369.926214,0.0
-4.253388,50,369.961732,0.0
-4.382855,50,369.997027,0.0
-4.05192,50,370.032163,0.0
-4.495382,50,370.067608,0.0
-3.989013,50,370.102927,0.0
-4.340084,50,370.138393,0.0
-4.114337,50,370.173441,0.0
-3.922056,50,370.209936,0.0
-3.891198,50,370.360086,0.0
-4.347992,50,370.395701,0.0
-4.61879,50,370.431271,0.0
-4.187034,50,370.466704,0.0
-3.905963,50,370.502428,0.0
-3.788836,50,370.53809,0.0
-4.563813,50,370.573348,0.0
-4.134476,50,370.608522,0.0
-4.029151,50,370.644074,0.0
-4.318455,50,370.679358,0.0
-4.367,50,370.715003,0.0
-4.057649,50,370.750604,0.0
-4.395695,50,370.786071,0.0
-4.150597,50,370.821558,0.0
-4.785788,50,370.856999,0.0
-3.998143,50,370.892367,0.0
-3.711642,50,370.928102,0.0
-4.14406,50,370.963893,0.0
-4.555795,50,370.999302,0.0
-4.40606,50,371.034948,0.0
-4.300232,50,371.070589,0.0
-4.316509,50,371.106194,0.0
-3.644453,50,371.141835,0.0
-4.064364,50,371.17733,0.0
-4.056297,50,371.212764,0.0
-3.712707,50,371.248887,0.0
-4.541929,50,371.285405,0.0
-4.579247,50,371.321518,0.0
-3.343543,50,371.35763,0.0
-4.079584,50,371.393979,0.0
-4.295786,50,371.430414,0.0
-4.408348,50,371.466598,0.0
-4.124287,50,371.50268,0.0
-4.659012,50,371.53848,0.0
-3.794649,50,371.573524,0.0
-5.155223,50,371.608214,0.0
-3.976669,50,371.643496,0.0
-3.923249,50,371.678973,0.0
-4.160107,50,371.715453,0.0
-4.085399,50,371.751449,0.0
-3.110223,50,371.786974,0.0
-4.259004,50,371.936354,0.0
-3.242725,50,371.971613,0.0
-4.18903,50,372.007234,0.0
-3.471534,50,372.042431,0.0
-3.497231,50,372.077748,0.0
-4.103944,50,372.11304,0.0
-4.447834,50,372.148319,0.0
-4.259394,50,372.183429,0.0
-3.817166,50,372.218953,0.0
-3.041826,50,372.25426,0.0
-3.808965,50,372.289271,0.0
-3.956918,50,372.324773,0.0
-3.894915,50,372.359765,0.0
-3.831063,50,372.394951,0.0
-4.088564,50,372.430242,0.0
-4.507847,50,372.465905,0.0
-3.725853,50,372.501413,0.0
-4.113342,50,372.537797,0.0
-3.994836,50,372.573641,0.0
-3.867472,50,372.609133,0.0
-3.708361,50,372.644815,0.0
-3.65542,50,372.680802,0.0
-3.953615,50,372.717154,0.0
-4.306973,50,372.753991,0.0
-4.148947,50,372.790864,0.0
-4.349678,50,372.828602,0.0
-4.387213,50,372.86394,0.0
-4.0451,50,372.89941,0.0
-2.602333,50,372.934501,0.0
-3.933824,50,372.969681,0.0
-3.931398,50,373.005033,0.0
-3.803317,50,373.040219,0.0
-3.999188,50,373.075709,0.0
-3.744389,50,373.110851,0.0
-4.236733,50,373.145778,0.0
-4.141014,50,373.180954,0.0
-4.287765,50,373.216325,0.0
-4.113501,50,373.251295,0.0
-3.430215,50,373.286561,0.0
-4.040186,50,373.322224,0.0
-4.427829,50,373.358387,0.0
-4.547187,50,373.508725,0.0
-4.571259,50,373.545113,0.0
-3.945144,50,373.58175,0.0
-3.046248,50,373.617962,0.0
-4.172507,50,373.65418,0.0
-3.910182,50,373.690255,0.0
-4.655839,50,373.726733,0.0
-3.983631,50,373.762817,0.0
-4.223413,50,373.799122,0.0
-3.209033,50,373.83552,0.0
-4.258281,50,373.871883,0.0
-3.998561,50,373.907905,0.0
-3.441542,50,373.944262,0.0
-3.843774,50,373.980367,0.0
-3.784326,50,374.016378,0.0
-4.39505,50,374.052774,0.0
-3.814666,50,374.088376,0.0
-4.209057,50,374.124256,0.0
-4.717094,50,374.159534,0.0
-4.459867,50,374.194748,0.0
-4.461419,50,374.22989,0.0
-4.008031,50,374.265697,0.0
-4.023711,50,374.301563,0.0
-4.072616,50,374.337241,0.0
-4.14095,50,374.37227,0.0
-3.093702,50,374.407809,0.0
-4.016272,50,374.44344,0.0
-3.730078,50,374.479644,0.0
-4.086026,50,374.51572,0.0
-4.261468,50,374.551948,0.0
-4.384968,50,374.587556,0.0
-3.804622,50,374.623612,0.0
-4.319329,50,374.65907,0.0
-4.313857,50,374.694166,0.0
-4.044663,50,374.729579,0.0
-3.192922,50,374.765164,0.0
-4.021016,50,374.800313,0.0
-4.84216,50,374.835786,0.0
-4.305251,50,374.871123,0.0
-3.639138,50,374.906517,0.0
-3.747653,50,374.942219,0.0
-3.820474,50,375.09154,0.0
-4.393907,50,375.126878,0.0
-4.511198,50,375.161897,0.0
-4.311738,50,375.197173,0.0
-4.430568,50,375.23313,0.0
-3.706713,50,375.269538,0.0
-3.925501,50,375.304937,0.0
-4.395057,50,375.340318,0.0
-2.852447,50,375.375351,0.0
-3.826414,50,375.410953,0.0
-3.976114,50,375.44702,0.0
-4.352483,50,375.483045,0.0
-4.313256,50,375.518348,0.0
-3.949696,50,375.55359,0.0
-4.140229,50,375.589159,0.0
-4.236028,50,375.624304,0.0
-4.205176,50,375.659955,0.0
-3.218954,50,375.695885,0.0
-4.091778,50,375.731937,0.0
-4.420386,50,375.767598,0.0
-3.696024,50,375.803017,0.0
-3.794188,50,375.839181,0.0
-3.755883,50,375.875631,0.0
-4.010698,50,375.91184,0.0
-4.257299,50,375.947666,0.0
-4.583509,50,375.983925,0.0
-2.750179,50,376.020019,0.0
-4.761966,50,376.056157,0.0
-4.071367,50,376.091926,0.0
-2.620763,50,376.127268,0.0
-4.029777,50,376.162634,0.0
-4.138182,50,376.198087,0.0
-4.290357,50,376.233349,0.0
-4.024052,50,376.268168,0.0
-3.323979,50,376.303572,0.0
-4.366899,50,376.339046,0.0
-4.249837,50,376.375582,0.0
-4.066274,50,376.41087,0.0
-4.034781,50,376.446535,0.0
-3.757885,50,376.482483,0.0
-4.64932,50,376.518541,0.0
-4.198125,50,376.668371,0.0
-4.381631,50,376.703883,0.0
-4.406996,50,376.739993,0.0
-4.51166,50,376.7755,0.0
-3.785411,50,376.810903,0.0
-4.098754,50,376.846048,0.0
-4.10471,50,376.882295,0.0
-4.260876,50,376.918212,0.0
-3.859052,50,376.95345,0.0
-3.129337,50,376.988626,0.0
-3.937751,50,377.023838,0.0
-3.943797,50,377.059813,0.0
-4.278951,50,377.095953,0.0
-4.41413,50,377.132279,0.0
-3.75928,50,377.168212,0.0
-4.246555,50,377.203753,0.0
-4.016879,50,377.239713,0.0
-4.503454,50,377.275033,0.0
-4.455517,50,377.31095,0.0
-4.209285,50,377.345935,0.0
-4.773474,50,377.381855,0.0
-3.928336,50,377.41711,0.0
-4.410308,50,377.4529,0.0
-3.847448,50,377.489108,0.0
-4.344297,50,377.524408,0.0
-3.820425,50,377.559798,0.0
-4.251714,50,377.595811,0.0
-4.515371,50,377.632049,0.0
-4.038799,50,377.667945,0.0
-2.951349,50,377.703299,0.0
-4.493387,50,377.739071,0.0
-4.022148,50,377.774479,0.0
-3.489695,50,377.809959,0.0
-3.869763,50,377.845352,0.0
-4.435387,50,377.880119,0.0
-4.541172,50,377.914715,0.0
-3.870132,50,377.950056,0.0
-3.799268,50,377.985209,0.0
-3.849868,50,378.020488,0.0
-4.048252,50,378.055952,0.0
-4.27153,50,378.091297,0.0
-4.303408,50,378.240463,0.0
-4.057529,50,378.276096,0.0
-3.403134,50,378.311544,0.0
-2.881046,50,378.34659,0.0
-4.240598,50,378.381845,0.0
-3.665296,50,378.417352,0.0
-4.224524,50,378.452374,0.0
-4.157895,50,378.487465,0.0
-4.289027,50,378.524917,0.0
-4.289325,50,378.56039,0.0
-3.4581,50,378.596267,0.0
-4.815423,50,378.632866,0.0
-4.306602,50,378.668525,0.0
-3.782872,50,378.70438,0.0
-3.878916,50,378.740342,0.0
-4.520669,50,378.776006,0.0
-3.512961,50,378.811342,0.0
-3.949121,50,378.847229,0.0
-4.217077,50,378.883432,0.0
-4.201648,50,378.91993,0.0
-4.127575,50,378.957497,0.0
-3.660571,50,378.993732,0.0
-3.897995,50,379.03036,0.0
-3.200614,50,379.06671,0.0
-4.193321,50,379.102976,0.0
-4.141464,50,379.138844,0.0
-5.135301,50,379.174187,0.0
-3.859173,50,379.210138,0.0
-3.818933,50,379.246323,0.0
-4.474639,50,379.281644,0.0
-3.909049,50,379.31773,0.0
-4.348116,50,379.353999,0.0
-3.014126,50,379.389564,0.0
-4.781454,50,379.425157,0.0
-4.387727,50,379.461469,0.0
-4.278577,50,379.497667,0.0
-3.596631,50,379.53322,0.0
-3.599893,50,379.569686,0.0
-3.881628,50,379.606488,0.0
-4.033577,50,379.642168,0.0
-4.495351,50,379.677635,0.0
-4.133076,50,379.830683,0.0
-4.272334,50,379.866378,0.0
-4.746913,50,379.902261,0.0
-4.466754,50,379.93909,0.0
-4.005304,50,379.974318,0.0
-4.510271,50,380.009794,0.0
-4.159146,50,380.045556,0.0
-4.310052,50,380.081469,0.0
-3.219818,50,380.117617,0.0
-4.049281,50,380.153927,0.0
-3.721609,50,380.190682,0.0
-3.677528,50,380.226121,0.0
-4.454438,50,380.262271,0.0
-3.84274,50,380.298422,0.0
-4.249416,50,380.333885,0.0
-3.722085,50,380.36964,0.0
-4.675661,50,380.405143,0.0
-3.987533,50,380.440578,0.0
-4.260651,50,380.476177,0.0
-4.727115,50,380.51126,0.0
-4.516406,50,380.54661,0.0
-4.350381,50,380.582217,0.0
-3.849545,50,380.61758,0.0
-4.456452,50,380.653715,0.0
-4.025667,50,380.69023,0.0
-4.696252,50,380.726133,0.0
-4.760955,50,380.761564,0.0
-4.579551,50,380.797259,0.0
-3.386823,50,380.83356,0.0
-4.240199,50,380.869257,0.0
-3.64688,50,380.905093,0.0
-4.039929,50,380.940508,0.0
-4.466168,50,380.976341,0.0
-4.321591,50,381.011976,0.0
-4.675573,50,381.047253,0.0
-4.320228,50,381.082721,0.0
-4.213015,50,381.118833,0.0
-3.988332,50,381.154857,0.0
-4.340903,50,381.190585,0.0
-4.100883,50,381.226679,0.0
-3.439183,50,381.262901,0.0
-3.909668,50,381.413632,0.0
-4.524673,50,381.449906,0.0
-4.027927,50,381.48632,0.0
-4.110732,50,381.522515,0.0
-3.349202,50,381.558949,0.0
-4.026338,50,381.594894,0.0
-4.330423,50,381.630782,0.0
-4.28536,50,381.666218,0.0
-3.568018,50,381.702467,0.0
-3.735909,50,381.738685,0.0
-3.898958,50,381.774706,0.0
-4.187286,50,381.81099,0.0
-4.36559,50,381.84688,0.0
-4.304418,50,381.883051,0.0
-3.892107,50,381.91852,0.0
-3.833083,50,381.954897,0.0
-4.062224,50,381.990301,0.0
-4.313659,50,382.025976,0.0
-4.197291,50,382.061477,0.0
-4.649289,50,382.096508,0.0
-4.089855,50,382.131666,0.0
-3.87682,50,382.16674,0.0
-4.300335,50,382.201977,0.0
-4.312255,50,382.237361,0.0
-3.634559,50,382.272772,0.0
-3.909381,50,382.308323,0.0
-3.812451,50,382.343748,0.0
-2.880222,50,382.379282,0.0
-4.187535,50,382.414705,0.0
-4.492276,50,382.449998,0.0
-4.11579,50,382.485276,0.0
-3.588728,50,382.520501,0.0
-3.729093,50,382.555855,0.0
-4.323005,50,382.591149,0.0
-4.332801,50,382.627302,0.0
-3.906888,50,382.663545,0.0
-4.120279,50,382.69984,0.0
-4.496815,50,382.735919,0.0
-3.168116,50,382.771322,0.0
-3.789672,50,382.807353,0.0
-3.994089,50,382.843505,0.0
-4.384876,50,382.992932,0.0
-4.127363,50,383.028183,0.0
-3.3674,50,383.064728,0.0
-4.363882,50,383.100111,0.0
-3.844898,50,383.135554,0.0
-4.159126,50,383.170869,0.0
-4.114995,50,383.206754,0.0
-4.227356,50,383.242771,0.0
-4.402008,50,383.279206,0.0
-4.078618,50,383.315062,0.0
-4.053878,50,383.350699,0.0
-3.72179,50,383.386227,0.0
-3.23615,50,383.42145,0.0
-4.561517,50,383.457024,0.0
-3.584063,50,383.492727,0.0
-4.606666,50,383.528412,0.0
-3.644913,50,383.563819,0.0
-3.212539,50,383.599192,0.0
-4.15147,50,383.634433,0.0
-3.791769,50,383.669841,0.0
-4.593593,50,383.705518,0.0
-4.550172,50,383.741044,0.0
-3.23386,50,383.776274,0.0
-4.070763,50,383.811706,0.0
-3.778318,50,383.846803,0.0
-2.964763,50,383.882085,0.0
-3.953274,50,383.917571,0.0
-4.401649,50,383.952794,0.0
-4.226597,50,383.988501,0.0
-4.3899,50,384.023915,0.0
-3.751844,50,384.059288,0.0
-3.657888,50,384.094529,0.0
-3.888788,50,384.129968,0.0
-4.117978,50,384.165266,0.0
-3.921922,50,384.20103,0.0
-3.957588,50,384.23666,0.0
-4.096836,50,384.272232,0.0
-4.737352,50,384.307606,0.0
-2.933379,50,384.343299,0.0
-4.501195,50,384.37888,0.0
-3.967316,50,384.414403,0.0
-4.27002,50,384.564152,0.0
-4.435373,50,384.600893,0.0
-4.157436,50,384.637179,0.0
-3.298118,50,384.673375,0.0
-3.881553,50,384.708946,0.0
-3.988095,50,384.74537,0.0
-3.074141,50,384.782176,0.0
-4.424741,50,384.818175,0.0
-4.808682,50,384.853375,0.0
-4.017659,50,384.888941,0.0
-3.075495,50,384.924337,0.0
-4.221224,50,384.959979,0.0
-3.880651,50,384.995564,0.0
-3.231521,50,385.031239,0.0
-3.905681,50,385.066453,0.0
-3.747104,50,385.101763,0.0
-4.211563,50,385.136936,0.0
-4.23715,50,385.172043,0.0
-4.085964,50,385.207288,0.0
-3.854154,50,385.242447,0.0
-4.448357,50,385.277773,0.0
-4.230698,50,385.312923,0.0
-3.545147,50,385.348398,0.0
-4.219389,50,385.383997,0.0
-4.143504,50,385.419344,0.0
-4.27897,50,385.454665,0.0
-3.397609,50,385.490009,0.0
-4.367451,50,385.525262,0.0
-4.121145,50,385.560489,0.0
-3.935346,50,385.595566,0.0
-4.334499,50,385.630994,0.0
-3.959451,50,385.666278,0.0
-3.640508,50,385.70165,0.0
-3.251502,50,385.736947,0.0
-3.118078,50,385.772844,0.0
-3.777477,50,385.80825,0.0
-3.123845,50,385.843104,0.0
-4.363781,50,385.879521,0.0
-3.401302,50,385.915885,0.0
-4.385876,50,385.951777,0.0
-3.868426,50,385.988037,0.0
-4.405818,50,386.137112,0.0
-3.510481,50,386.173782,0.0
-4.191494,50,386.210233,0.0
-4.29236,50,386.246605,0.0
-3.629387,50,386.282799,0.0
-4.140303,50,386.319102,0.0
-3.573665,50,386.710048,0.0
-4.60806,50,386.746248,0.0
-4.50881,50,386.782394,0.0
-3.70321,50,386.818609,0.0
-2.976599,50,386.854507,0.0
-4.252571,50,386.890986,0.0
-4.403695,50,386.926653,0.0
-3.749795,50,386.962696,0.0
-4.105608,50,386.99872,0.0
-4.828992,50,387.034547,0.0
-3.081434,50,387.070706,0.0
-4.652258,50,387.106571,0.0
-4.011818,50,387.142766,0.0
-4.239094,50,387.179285,0.0
-3.554053,50,387.214634,0.0
-4.299695,50,387.251153,0.0
-4.484033,50,387.286676,0.0
-4.212569,50,387.32331,0.0
-4.041193,50,387.359743,0.0
-4.14789,50,387.395884,0.0
-4.19071,50,387.431968,0.0
-4.327438,50,387.468017,0.0
-3.669802,50,387.504239,0.0
-2.943845,50,387.540466,0.0
-4.038972,50,387.576775,0.0
-3.748332,50,387.613012,0.0
-4.868979,50,387.6492,0.0
-3.116391,50,387.685168,0.0
-2.915299,50,387.7213,0.0
-4.163102,50,387.757463,0.0
-4.170374,50,387.793372,0.0
-4.237754,50,387.828953,0.0
-4.109489,50,387.865172,0.0
-3.340634,50,387.9014,0.0
-4.289372,50,387.936283,0.0
-3.875441,50,388.086208,0.0
-4.74494,50,388.121808,0.0
-3.375952,50,388.157654,0.0
-3.561332,50,388.193195,0.0
-4.651751,50,388.228583,0.0
-3.537198,50,388.26433,0.0
-4.247389,50,388.299689,0.0
-4.456262,50,388.335111,0.0
-4.180566,50,388.371038,0.0
-4.183646,50,388.407091,0.0
-3.542498,50,388.443308,0.0
-4.06671,50,388.479193,0.0
-4.028241,50,388.514447,0.0
-3.657061,50,388.54988,0.0
-3.642722,50,388.585299,0.0
-4.219952,50,388.620481,0.0
-4.030056,50,388.655816,0.0
-4.147422,50,388.691154,0.0
-4.053019,50,388.726199,0.0
-4.193704,50,388.761661,0.0
-4.637203,50,388.797285,0.0
-4.332178,50,388.832711,0.0
-4.619994,50,388.868084,0.0
-4.120312,50,388.903395,0.0
-3.915749,50,388.939116,0.0
-4.199326,50,388.975452,0.0
-4.070821,50,389.012145,0.0
-3.431967,50,389.048171,0.0
-3.083589,50,389.083613,0.0
-3.99896,50,389.119886,0.0
-4.792103,50,389.155808,0.0
-4.288368,50,389.191301,0.0
-4.221599,50,389.227401,0.0
-3.813548,50,389.264112,0.0
-4.31837,50,389.301004,0.0
-4.146317,50,389.336712,0.0
-4.12947,50,389.372233,0.0
-3.948199,50,389.407789,0.0
-4.006951,50,389.443418,0.0
-4.267035,50,389.478884,0.0
-4.134296,50,389.51431,0.0
-3.825014,50,389.664755,0.0
-4.265049,50,389.701458,0.0
-3.936299,50,389.73768,0.0
-4.194165,50,389.77409,0.0
-4.110559,50,389.810416,0.0
-4.310958,50,389.846669,0.0
-4.267985,50,389.882859,0.0
-3.986406,50,389.918959,0.0
-4.77056,50,389.955097,0.0
-4.008452,50,389.991255,0.0
-3.964161,50,390.02731,0.0
-4.193868,50,390.063601,0.0
-3.734803,50,390.099545,0.0
-4.247261,50,390.135642,0.0
-4.517191,50,390.171668,0.0
-3.619752,50,390.207846,0.0
-3.763566,50,390.243996,0.0
-3.405297,50,390.280305,0.0
-4.095035,50,390.316552,0.0
-4.003843,50,390.352963,0.0
-4.18609,50,390.389052,0.0
-4.296855,50,390.425113,0.0
-4.315039,50,390.461302,0.0
-3.96056,50,390.497667,0.0
-3.439021,50,390.533896,0.0
-4.471958,50,390.569861,0.0
-4.167346,50,390.605884,0.0
-3.067794,50,390.642078,0.0
-3.912602,50,390.678086,0.0
-3.718926,50,390.713946,0.0
-3.733751,50,390.750248,0.0
-4.355972,50,390.786388,0.0
-3.152955,50,390.822664,0.0
-4.319446,50,390.85889,0.0
-3.892244,50,390.895244,0.0
-4.265999,50,390.931334,0.0
-4.261621,50,390.967482,0.0
-4.408334,50,391.003989,0.0
-3.833773,50,391.039873,0.0
-3.970376,50,391.075857,0.0
-4.201971,50,391.111855,0.0
-3.736775,50,391.262519,0.0
-3.754876,50,391.298836,0.0
-3.770537,50,391.335252,0.0
-4.867583,50,391.371656,0.0
-4.117829,50,391.408073,0.0
-3.108724,50,391.444051,0.0
-3.770663,50,391.48052,0.0
-4.107837,50,391.517066,0.0
-4.237927,50,391.553183,0.0
-4.067423,50,391.589272,0.0
-3.838171,50,391.625014,0.0
-4.167221,50,391.660649,0.0
-4.176225,50,391.696186,0.0
-4.005477,50,391.732153,0.0
-3.796253,50,391.76877,0.0
-3.688775,50,391.805453,0.0
-4.249578,50,391.841537,0.0
-3.94961,50,391.87717,0.0
-3.899098,50,391.912568,0.0
-3.989535,50,391.94821,0.0
-4.078347,50,391.983562,0.0
-4.485167,50,392.018643,0.0
-2.950488,50,392.054835,0.0
-3.918456,50,392.091071,0.0
-4.266229,50,392.127285,0.0
-4.018813,50,392.163331,0.0
-4.277349,50,392.199339,0.0
-3.817563,50,392.23563,0.0
-4.20244,50,392.271918,0.0
-4.112612,50,392.307522,0.0
-4.392101,50,392.343162,0.0
-4.477804,50,392.37847,0.0
-3.027546,50,392.413801,0.0
-4.101495,50,392.449372,0.0
-4.637025,50,392.484668,0.0
-4.178214,50,392.519962,0.0
-3.364475,50,392.555135,0.0
-3.774148,50,392.590449,0.0
-4.329175,50,392.625928,0.0
-4.024253,50,392.661115,0.0
-4.239886,50,392.696405,0.0
-3.948798,50,392.845428,0.0
-4.545013,50,392.881161,0.0
-3.669594,50,392.917297,0.0
-3.955955,50,392.953397,0.0
-4.384724,50,392.989519,0.0
-3.838827,50,393.025511,0.0
-3.519111,50,393.061383,0.0
-4.456666,50,393.097617,0.0
-3.996396,50,393.133583,0.0
-4.173013,50,393.169634,0.0
-4.077964,50,393.205654,0.0
-4.202889,50,393.241931,0.0
-3.784437,50,393.277962,0.0
-4.11101,50,393.313935,0.0
-4.134671,50,393.349869,0.0
-4.366331,50,393.386168,0.0
-3.83356,50,393.42211,0.0
-4.200273,50,393.458362,0.0
-3.216032,50,393.494598,0.0
-3.999888,50,393.530855,0.0
-4.429185,50,393.566868,0.0
-4.220742,50,393.603167,0.0
-3.832519,50,393.639148,0.0
-3.067573,50,393.675113,0.0
-3.807437,50,393.711023,0.0
-4.186403,50,393.746931,0.0
-4.100579,50,393.783373,0.0
-4.170768,50,393.819464,0.0
-3.787496,50,393.855186,0.0
-3.031912,50,393.890529,0.0
-3.996315,50,393.925641,0.0
-4.143975,50,393.961206,0.0
-3.876769,50,393.996793,0.0
-3.853457,50,394.032049,0.0
-3.909191,50,394.06746,0.0
-3.411452,50,394.103173,0.0
-4.391562,50,394.138771,0.0
-4.644541,50,394.173946,0.0
-4.028197,50,394.208995,0.0
-3.791644,50,394.244909,0.0
-3.971083,50,394.281046,0.0
-4.394273,50,394.430522,0.0
-3.70331,50,394.4662,0.0
-3.950744,50,394.501495,0.0
-4.078048,50,394.536735,0.0
-3.829044,50,394.572141,0.0
-4.331436,50,394.607647,0.0
-3.895808,50,394.643275,0.0
-3.764962,50,394.678575,0.0
-3.851888,50,394.714033,0.0
-4.305007,50,394.749275,0.0
-3.820083,50,394.784612,0.0
-3.475626,50,394.820082,0.0
-3.915044,50,394.855942,0.0
-3.748108,50,394.891368,0.0
-4.402547,50,394.926499,0.0
-3.736514,50,394.963112,0.0
-4.815615,50,394.999531,0.0
-4.001995,50,395.03597,0.0
-3.911934,50,395.071499,0.0
-4.086389,50,395.107354,0.0
-4.495987,50,395.142903,0.0
-3.970029,50,395.178213,0.0
-4.569403,50,395.214034,0.0
-3.764761,50,395.249569,0.0
-4.464732,50,395.285266,0.0
-4.065584,50,395.321016,0.0
-3.109946,50,395.357331,0.0
-3.957583,50,395.394009,0.0
-4.214571,50,395.42992,0.0
-4.121023,50,395.465626,0.0
-4.296911,50,395.500967,0.0
-4.310884,50,395.53667,0.0
-3.91538,50,395.572039,0.0
-4.112832,50,395.607378,0.0
-3.305063,50,395.643139,0.0
-4.115152,50,395.67848,0.0
-4.325632,50,395.71398,0.0
-3.998918,50,395.749459,0.0
-4.120639,50,395.784938,0.0
-4.548949,50,395.820525,0.0
-3.950908,50,395.855815,0.0
-4.265716,50,396.005594,0.0
-4.189734,50,396.041472,0.0
-4.636127,50,396.0773,0.0
-2.94235,50,396.113036,0.0
-3.969279,50,396.148784,0.0
-4.57355,50,396.184157,0.0
-4.581235,50,396.219776,0.0
-4.378949,50,396.256118,0.0
-2.965929,50,396.292439,0.0
-4.159813,50,396.328425,0.0
-4.073485,50,396.364111,0.0
-4.206321,50,396.40061,0.0
-4.225439,50,396.436529,0.0
-4.176838,50,396.471958,0.0
-3.991194,50,396.507392,0.0
-3.66488,50,396.543,0.0
-4.051539,50,396.578009,0.0
-3.852526,50,396.613588,0.0
-4.110558,50,396.649208,0.0
-3.843405,50,396.684714,0.0
-3.936144,50,396.719762,0.0
-3.96041,50,396.755535,0.0
-3.884831,50,396.791609,0.0
-3.994239,50,396.826944,0.0
-3.738291,50,396.862268,0.0
-3.999166,50,396.897546,0.0
-4.06232,50,396.932933,0.0
-4.022683,50,396.968457,0.0
-3.552909,50,397.003659,0.0
-2.947466,50,397.039129,0.0
-3.983168,50,397.07428,0.0
-4.318709,50,397.109604,0.0
-4.067284,50,397.145261,0.0
-3.521174,50,397.180636,0.0
-3.608506,50,397.215826,0.0
-4.349362,50,397.251785,0.0
-4.239481,50,397.286939,0.0
-4.355533,50,397.323308,0.0
-2.906643,50,397.359624,0.0
-3.890066,50,397.395442,0.0
-3.973256,50,397.545765,0.0
-3.195466,50,397.581942,0.0
-3.947529,50,397.618117,0.0
-3.800667,50,397.654219,0.0
-3.974606,50,397.690763,0.0
-4.311494,50,397.72662,0.0
-4.164702,50,397.763196,0.0
-4.687303,50,397.799281,0.0
-4.045068,50,397.835238,0.0
-4.006808,50,397.871459,0.0
-4.501525,50,397.907576,0.0
-4.046519,50,397.943642,0.0
-4.12386,50,397.979658,0.0
-3.947952,50,398.015846,0.0
-3.707869,50,398.051983,0.0
-3.635514,50,398.087584,0.0
-3.543482,50,398.123253,0.0
-3.430332,50,398.158396,0.0
-3.754221,50,398.193644,0.0
-3.203268,50,398.228863,0.0
-3.937079,50,398.263925,0.0
-4.039648,50,398.299238,0.0
-4.109599,50,398.334534,0.0
-4.539381,50,398.369953,0.0
-3.768757,50,398.405321,0.0
-4.080174,50,398.440548,0.0
-3.098365,50,398.475624,0.0
-4.077491,50,398.510815,0.0
-4.746224,50,398.546215,0.0
-3.62585,50,398.581639,0.0
-3.579141,50,398.617145,0.0
-4.050496,50,398.65226,0.0
-4.0338,50,398.6875,0.0
-4.360681,50,398.723031,0.0
-4.144196,50,398.758628,0.0
-4.450334,50,398.793744,0.0
-3.939512,50,398.829718,0.0
-4.156237,50,398.865353,0.0
-4.312731,50,398.900217,0.0
-4.543101,50,398.935666,0.0
-3.843229,50,398.970822,0.0
-4.229637,50,399.119932,0.0
-3.876282,50,399.155392,0.0
-4.14162,50,399.190545,0.0
-3.958422,50,399.226022,0.0
-4.077136,50,399.261395,0.0
-3.730431,50,399.296814,0.0
-3.051919,50,399.332083,0.0
-4.408911,50,399.367239,0.0
-3.890654,50,399.402556,0.0
-4.728618,50,399.437768,0.0
-4.142847,50,399.473162,0.0
-3.546737,50,399.508648,0.0
-2.787678,50,399.543608,0.0
-4.326573,50,399.579223,0.0
-4.302504,50,399.614394,0.0
-4.102351,50,399.649959,0.0
-4.204268,50,399.685531,0.0
-4.236238,50,399.721684,0.0
-2.915386,50,399.75748,0.0
-4.825006,50,399.792931,0.0
-4.65947,50,399.828568,0.0
-4.443879,50,399.864759,0.0
-4.059555,50,399.900991,0.0
-3.996802,50,399.937442,0.0
-4.022303,50,399.973665,0.0
-3.676803,50,400.009621,0.0
-3.985723,50,400.04562,0.0
-3.792642,50,400.081802,0.0
-3.606885,50,400.117411,0.0
-3.701043,50,400.153364,0.0
-3.809949,50,400.188843,0.0
-3.655251,50,400.224139,0.0
-3.735887,50,400.260001,0.0
-3.859753,50,400.296631,0.0
-4.589766,50,400.332784,0.0
-4.19735,50,400.368997,0.0
-4.257481,50,400.405465,0.0
-4.228914,50,400.441665,0.0
-3.281594,50,400.477689,0.0
-3.996847,50,400.513801,0.0
-3.350168,50,400.549993,0.0
-4.29354,50,400.699444,0.0
-4.413668,50,400.735719,0.0
-3.588865,50,400.772133,0.0
-4.035852,50,400.808163,0.0
-4.122133,50,400.844552,0.0
-4.107483,50,400.880499,0.0
-3.932772,50,400.91675,0.0
-4.235368,50,400.952851,0.0
-3.622338,50,400.988878,0.0
-3.93585,50,401.024915,0.0
-3.607497,50,401.060998,0.0
-3.482933,50,401.097526,0.0
-3.374211,50,401.133608,0.0
-3.231108,50,401.169247,0.0
-3.904837,50,401.205519,0.0
-4.31333,50,401.241761,0.0
-3.98901,50,401.277681,0.0
-3.843774,50,401.313555,0.0
-3.806906,50,401.349738,0.0
-3.486343,50,401.385907,0.0
-3.889512,50,401.421884,0.0
-2.965077,50,401.458032,0.0
-4.471564,50,401.494112,0.0
-3.927136,50,401.530112,0.0
-3.933952,50,401.565903,0.0
-3.804303,50,401.601161,0.0
-4.649243,50,401.636575,0.0
-4.16439,50,401.67238,0.0
-4.099806,50,401.70873,0.0
-3.428414,50,401.744975,0.0
-4.230514,50,401.781016,0.0
-3.514588,50,401.817178,0.0
-4.147097,50,401.853252,0.0
-4.072383,50,401.889386,0.0
-4.321914,50,401.925736,0.0
-3.438371,50,401.961949,0.0
-3.969626,50,401.997735,0.0
-4.35847,50,402.033358,0.0
-3.768256,50,402.069634,0.0
-4.013203,50,402.105512,0.0
-3.649885,50,402.141579,0.0
-5.038105,50,402.289899,0.0
-3.353374,50,402.326007,0.0
-4.344302,50,402.362303,0.0
-4.41795,50,402.398365,0.0
-4.541127,50,402.434648,0.0
-4.278153,50,402.470776,0.0
-3.229433,50,402.506983,0.0
-4.627671,50,402.542706,0.0
-3.451145,50,402.578801,0.0
-3.791126,50,402.615135,0.0
-3.983917,50,402.651359,0.0
-4.571498,50,402.687373,0.0
-4.457187,50,402.723786,0.0
-4.023236,50,402.759941,0.0
-4.504098,50,402.79606,0.0
-3.914792,50,402.831915,0.0
-3.960933,50,402.867621,0.0
-3.985848,50,402.903495,0.0
-3.98602,50,402.939241,0.0
-4.027161,50,402.97462,0.0
-3.939352,50,403.010023,0.0
-3.264832,50,403.04513,0.0
-3.816862,50,403.080247,0.0
-3.134986,50,403.115484,0.0
-3.672537,50,403.150811,0.0
-3.472026,50,403.186016,0.0
-4.219763,50,403.221354,0.0
-4.398068,50,403.25696,0.0
-4.037681,50,403.292411,0.0
-4.046323,50,403.327586,0.0
-3.123827,50,403.363059,0.0
-4.188252,50,403.398933,0.0
-3.042695,50,403.434449,0.0
-3.260735,50,403.469742,0.0
-3.04563,50,403.504975,0.0
-4.5861,50,403.540499,0.0
-3.938259,50,403.576936,0.0
-4.61967,50,403.613177,0.0
-3.633834,50,403.649544,0.0
-3.807988,50,403.686221,0.0
-3.105942,50,403.721685,0.0
-2.946012,50,403.873125,0.0
-4.208553,50,403.908839,0.0
-3.53605,50,403.944305,0.0
-4.3717,50,403.979775,0.0
-4.336796,50,404.015555,0.0
-3.875172,50,404.050639,0.0
-3.775808,50,404.086252,0.0
-3.848194,50,404.121882,0.0
-4.297651,50,404.157299,0.0
-3.953674,50,404.192902,0.0
-4.182833,50,404.228495,0.0
-3.455468,50,404.264332,0.0
-3.745564,50,404.299956,0.0
-4.004898,50,404.335573,0.0
-4.556604,50,404.371754,0.0
-4.133025,50,404.408171,0.0
-3.764265,50,404.444367,0.0
-3.740106,50,404.479889,0.0
-4.361844,50,404.51526,0.0
-3.96173,50,404.550372,0.0
-3.368357,50,404.585675,0.0
-4.043212,50,404.6208,0.0
-4.029787,50,404.656149,0.0
-4.072451,50,404.691478,0.0
-4.206382,50,404.726918,0.0
-3.969412,50,404.762137,0.0
-4.043183,50,404.797872,0.0
-4.163146,50,404.833487,0.0
-3.453708,50,404.868896,0.0
-3.834205,50,404.903831,0.0
-3.183453,50,404.939084,0.0
-3.127834,50,404.974735,0.0
-4.253492,50,405.011073,0.0
-4.057151,50,405.046557,0.0
-3.084082,50,405.08191,0.0
-3.50499,50,405.116893,0.0
-3.121236,50,405.152054,0.0
-3.75866,50,405.187558,0.0
-3.946188,50,405.223133,0.0
-3.571822,50,405.258564,0.0
-4.877393,50,405.293884,0.0
-4.618611,50,405.4431,0.0
-4.139226,50,405.479113,0.0
-4.040597,50,405.515321,0.0
-3.991932,50,405.551602,0.0
-4.176536,50,405.588105,0.0
-3.4404,50,405.624104,0.0
-4.1996,50,405.660193,0.0
-4.287323,50,405.696618,0.0
-3.733312,50,405.73327,0.0
-3.81202,50,405.769621,0.0
-3.915374,50,405.805775,0.0
-3.833161,50,405.842057,0.0
-3.920006,50,405.877837,0.0
-4.567502,50,405.91324,0.0
-3.96807,50,405.949093,0.0
-3.21616,50,405.983993,0.0
-3.855287,50,406.019978,0.0
-4.592366,50,406.055359,0.0
-4.343162,50,406.090813,0.0
-3.498036,50,406.126247,0.0
-3.844436,50,406.161623,0.0
-3.732284,50,406.196749,0.0
-3.579727,50,406.232382,0.0
-2.785169,50,406.267463,0.0
-3.505051,50,406.303011,0.0
-3.94187,50,406.338044,0.0
-2.989174,50,406.373243,0.0
-3.878114,50,406.40842,0.0
-4.341657,50,406.443847,0.0
-4.388513,50,406.479323,0.0
-3.675166,50,406.515078,0.0
-2.968899,50,406.551598,0.0
-4.722088,50,406.587215,0.0
-4.32456,50,406.622525,0.0
-4.12667,50,406.657888,0.0
-3.733295,50,406.692728,0.0
-3.782703,50,406.728435,0.0
-4.14465,50,406.763833,0.0
-3.963395,50,406.799102,0.0
-4.063023,50,406.834338,0.0
-3.900125,50,406.869583,0.0
-3.112359,50,407.018787,0.0
-4.179079,50,407.054268,0.0
-4.319976,50,407.089567,0.0
-4.151333,50,407.124846,0.0
-4.290777,50,407.160078,0.0
-4.120428,50,407.195264,0.0
-4.07282,50,407.23154,0.0
-4.449132,50,407.266887,0.0
-4.073744,50,407.302151,0.0
-4.540488,50,407.337699,0.0
-3.892871,50,407.373484,0.0
-3.860237,50,407.409699,0.0
-3.667432,50,407.446422,0.0
-3.690835,50,407.482321,0.0
-4.488076,50,407.518866,0.0
-3.260657,50,407.554502,0.0
-3.842267,50,407.590108,0.0
-4.054975,50,407.626051,0.0
-3.847615,50,407.66218,0.0
-4.427614,50,407.697705,0.0
-2.921364,50,407.733145,0.0
-4.068957,50,407.768696,0.0
-3.471406,50,407.804314,0.0
-3.709321,50,407.840524,0.0
-4.345837,50,407.87683,0.0
-4.098224,50,407.912569,0.0
-3.877291,50,407.947901,0.0
-3.725965,50,407.983216,0.0
-3.819969,50,408.018532,0.0
-4.370624,50,408.054592,0.0
-4.532358,50,408.090149,0.0
-4.387591,50,408.126486,0.0
-3.912248,50,408.16274,0.0
-4.319131,50,408.198964,0.0
-4.292749,50,408.23553,0.0
-4.313548,50,408.271295,0.0
-4.051107,50,408.306498,0.0
-4.588865,50,408.341478,0.0
-3.088498,50,408.37679,0.0
-3.704797,50,408.412139,0.0
-4.106706,50,408.447557,0.0
-4.25885,50,408.596678,0.0
-3.098302,50,408.632457,0.0
-4.659852,50,408.667813,0.0
-4.10785,50,408.7032,0.0
-4.217539,50,408.739095,0.0
-4.672436,50,408.774766,0.0
-4.119056,50,408.810321,0.0
-4.251716,50,408.845725,0.0
-4.622594,50,408.881957,0.0
-4.262829,50,408.918178,0.0
-4.012499,50,408.953969,0.0
-3.800075,50,408.989402,0.0
-4.106447,50,409.024632,0.0
-3.829631,50,409.06019,0.0
-4.235427,50,409.095656,0.0
-4.036878,50,409.130965,0.0
-4.210184,50,409.166623,0.0
-4.348814,50,409.202648,0.0
-3.723359,50,409.238581,0.0
-3.968589,50,409.27394,0.0
-4.156854,50,409.31013,0.0
-4.078699,50,409.346142,0.0
-4.085952,50,409.381423,0.0
-3.842139,50,409.41692,0.0
-3.450459,50,409.452376,0.0
-3.947534,50,409.488453,0.0
-3.91563,50,409.524758,0.0
-4.022025,50,409.561204,0.0
-3.803045,50,409.597495,0.0
-4.188349,50,409.633557,0.0
-4.466299,50,409.670081,0.0
-4.47595,50,409.706172,0.0
-4.356928,50,409.741437,0.0
-3.921616,50,409.776839,0.0
-4.197959,50,409.812426,0.0
-3.55628,50,409.848699,0.0
-3.848961,50,409.884657,0.0
-3.741545,50,409.92026,0.0
-4.032309,50,409.955462,0.0
-3.568466,50,409.991638,0.0
-3.738533,50,410.027998,0.0
-4.120007,50,410.177924,0.0
-4.137391,50,410.2133,0.0
-3.666193,50,410.249559,0.0
-4.064411,50,410.285677,0.0
-4.540494,50,410.321783,0.0
-3.781278,50,410.357918,0.0
-4.202964,50,410.394269,0.0
-3.660759,50,410.430249,0.0
-3.758407,50,410.465572,0.0
-4.26231,50,410.501389,0.0
-3.377466,50,410.53662,0.0
-3.219357,50,410.571723,0.0
-3.728002,50,410.60751,0.0
-3.840532,50,410.642845,0.0
-3.924542,50,410.678204,0.0
-3.468642,50,410.713832,0.0
-4.395712,50,410.749525,0.0
-4.131952,50,410.784904,0.0
-4.20821,50,410.820149,0.0
-3.802129,50,410.85545,0.0
-4.248631,50,410.891307,0.0
-3.502598,50,410.926481,0.0
-4.221005,50,410.962536,0.0
-3.787621,50,410.998869,0.0
-3.759065,50,411.035297,0.0
-3.266057,50,411.071458,0.0
-4.074892,50,411.107706,0.0
-4.316412,50,411.14325,0.0
-3.009814,50,411.178827,0.0
-4.165669,50,411.214958,0.0
-4.832096,50,411.250736,0.0
-4.217306,50,411.286415,0.0
-3.795953,50,411.322012,0.0
-4.419668,50,411.357559,0.0
-4.439353,50,411.393244,0.0
-3.071837,50,411.428742,0.0
-3.946924,50,411.464233,0.0
-3.680572,50,411.499998,0.0
-4.758094,50,411.535288,0.0
-3.934476,50,411.570707,0.0
-4.098422,50,411.606236,0.0
-4.163291,50,411.755381,0.0
-4.415979,50,411.790868,0.0
-3.909154,50,411.826244,0.0
-3.818855,50,411.861913,0.0
-4.051767,50,411.898205,0.0
-4.073934,50,411.933538,0.0
-4.487241,50,411.969173,0.0
-3.60283,50,412.004775,0.0
-4.145575,50,412.039897,0.0
-3.935285,50,412.075548,0.0
-4.359266,50,412.110629,0.0
-4.039222,50,412.145871,0.0
-3.364644,50,412.181009,0.0
-4.274318,50,412.216409,0.0
-3.775812,50,412.251709,0.0
-4.097485,50,412.287185,0.0
-3.69228,50,412.322401,0.0
-4.100301,50,412.357774,0.0
-3.618853,50,412.393258,0.0
-3.641473,50,412.428386,0.0
-4.467058,50,412.46365,0.0
-4.158874,50,412.499073,0.0
-3.83848,50,412.534129,0.0
-4.060775,50,412.56933,0.0
-3.689006,50,412.604612,0.0
-4.009569,50,412.639991,0.0
-3.479999,50,412.6754,0.0
-3.21028,50,412.710716,0.0
-4.236829,50,412.746112,0.0
-3.953929,50,412.781964,0.0
-4.475089,50,412.817542,0.0
-4.221489,50,412.852728,0.0
-3.827001,50,412.888309,0.0
-3.890889,50,412.923508,0.0
-3.313535,50,412.958998,0.0
-3.908024,50,412.994508,0.0
-3.994977,50,413.029699,0.0
-2.894605,50,413.06483,0.0
-4.42513,50,413.099852,0.0
-3.586448,50,413.134868,0.0
-4.109537,50,413.170182,0.0
-3.684336,50,413.31907,0.0
-4.017521,50,413.354716,0.0
-4.388975,50,413.390256,0.0
-3.772241,50,413.426266,0.0
-3.911827,50,413.462713,0.0
-4.320556,50,413.497966,0.0
-4.424235,50,413.533051,0.0
-4.196743,50,413.568455,0.0
-3.239275,50,413.603741,0.0
-3.446497,50,413.63937,0.0
-4.038237,50,413.675056,0.0
-4.271184,50,413.710547,0.0
-3.612904,50,413.745959,0.0
-3.457685,50,413.782516,0.0
-3.894379,50,413.818745,0.0
-3.608541,50,413.853959,0.0
-3.72694,50,413.889815,0.0
-3.922087,50,413.925662,0.0
-4.100905,50,413.961682,0.0
-4.029182,50,413.996846,0.0
-4.096256,50,414.0319,0.0
-4.318021,50,414.067071,0.0
-4.579893,50,414.102701,0.0
-3.983706,50,414.137683,0.0
-3.314019,50,414.173498,0.0
-3.95081,50,414.209728,0.0
-4.0644,50,414.245526,0.0
-3.769413,50,414.280581,0.0
-4.150441,50,414.315805,0.0
-4.029397,50,414.350468,0.0
-3.799673,50,414.385756,0.0
-4.447335,50,414.421306,0.0
-3.96516,50,414.456283,0.0
-4.4895,50,414.491854,0.0
-3.883917,50,414.526932,0.0
-4.697277,50,414.562022,0.0
-4.495445,50,414.597306,0.0
-4.076983,50,414.632311,0.0
-3.758986,50,414.66729,0.0
-3.47909,50,414.702332,0.0
-3.933394,50,414.737642,0.0
-4.212108,50,414.88735,0.0
-3.575228,50,414.922797,0.0
-4.14809,50,414.95868,0.0
-3.984971,50,414.994339,0.0
-3.994766,50,415.029733,0.0
-4.092349,50,415.065048,0.0
-3.820506,50,415.100263,0.0
-4.408438,50,415.135521,0.0
-4.088557,50,415.171387,0.0
-3.850577,50,415.20738,0.0
-3.597579,50,415.243506,0.0
-4.277583,50,415.279784,0.0
-4.195625,50,415.315849,0.0
-3.832185,50,415.352113,0.0
-3.666037,50,415.388407,0.0
-4.131561,50,415.424855,0.0
-2.778087,50,415.460702,0.0
-3.891694,50,415.496739,0.0
-4.117987,50,415.532667,0.0
-4.432184,50,415.568598,0.0
-4.138197,50,415.603791,0.0
-4.488547,50,415.639037,0.0
-3.935444,50,415.674495,0.0
-4.660016,50,415.709488,0.0
-3.867545,50,415.744936,0.0
-3.294542,50,415.780327,0.0
-4.10415,50,415.8156,0.0
-4.091339,50,415.850926,0.0
-4.021231,50,415.886422,0.0
-4.343596,50,415.921916,0.0
-4.011832,50,415.957225,0.0
-3.667212,50,415.992915,0.0
-3.699267,50,416.02817,0.0
-4.128462,50,416.063733,0.0
-4.103679,50,416.099252,0.0
-3.028251,50,416.134314,0.0
-4.112665,50,416.169952,0.0
-4.330139,50,416.20576,0.0
-4.140198,50,416.241271,0.0
-2.863149,50,416.276929,0.0
-2.927074,50,416.312183,0.0
-3.15244,50,416.461632,0.0
-3.878857,50,416.496908,0.0
-3.913895,50,416.532273,0.0
-3.899316,50,416.568039,0.0
-2.904389,50,416.603942,0.0
-3.732808,50,416.640139,0.0
-3.746923,50,416.675693,0.0
-3.756911,50,416.711651,0.0
-3.508581,50,416.747955,0.0
-4.238068,50,416.784474,0.0
-4.032008,50,416.81992,0.0
-3.541044,50,416.85555,0.0
-2.964182,50,416.890984,0.0
-3.87192,50,416.926334,0.0
-3.334153,50,416.961812,0.0
-3.202778,50,416.997375,0.0
-4.39493,50,417.032713,0.0
-3.721652,50,417.067884,0.0
-3.948386,50,417.103288,0.0
-3.978237,50,417.138569,0.0
-3.776314,50,417.173831,0.0
-4.041846,50,417.20879,0.0
-3.880724,50,417.244116,0.0
-3.747571,50,417.279841,0.0
-3.971963,50,417.315381,0.0
-4.554239,50,417.350534,0.0
-3.477647,50,417.386455,0.0
-4.281619,50,417.422807,0.0
-4.390476,50,417.45881,0.0
-4.475404,50,417.494953,0.0
-4.067417,50,417.531425,0.0
-3.975746,50,417.567245,0.0
-4.018156,50,417.603335,0.0
-3.963309,50,417.639647,0.0
-4.274421,50,417.676237,0.0
-4.46905,50,417.712599,0.0
-4.018838,50,417.748651,0.0
-4.017802,50,417.785084,0.0
-3.889236,50,417.821523,0.0
-3.65827,50,417.857643,0.0
-3.835552,50,417.894286,0.0
-4.05017,50,418.043564,0.0
-3.760812,50,418.0791,0.0
-3.869792,50,418.114622,0.0
-4.066108,50,418.150165,0.0
-4.254513,50,418.185566,0.0
-3.505362,50,418.220971,0.0
-4.134222,50,418.256134,0.0
-4.146293,50,418.29165,0.0
-3.748564,50,418.327256,0.0
-4.000261,50,418.362445,0.0
-4.550096,50,418.397937,0.0
-4.512073,50,418.433185,0.0
-3.949026,50,418.468676,0.0
-4.307828,50,418.503865,0.0
-3.076859,50,418.538941,0.0
-3.685322,50,418.574236,0.0
-4.301602,50,418.609503,0.0
-4.131495,50,418.644588,0.0
-3.811768,50,418.679931,0.0
-3.694509,50,418.715106,0.0
-4.29046,50,418.750499,0.0
-3.735946,50,418.786668,0.0
-3.782146,50,418.821888,0.0
-4.284676,50,418.857111,0.0
-4.338085,50,418.893144,0.0
-4.15675,50,418.929164,0.0
-3.901944,50,418.965228,0.0
-4.359609,50,419.001129,0.0
-4.018608,50,419.037544,0.0
-3.816164,50,419.074116,0.0
-3.867284,50,419.110087,0.0
-3.635934,50,419.145823,0.0
-3.661195,50,419.180988,0.0
-3.778918,50,419.216325,0.0
-3.909456,50,419.252166,0.0
-4.396951,50,419.28756,0.0
-3.000521,50,419.322581,0.0
-3.745511,50,419.358636,0.0
-3.692368,50,419.394704,0.0
-3.913484,50,419.430801,0.0
-4.226103,50,419.467041,0.0
-4.598335,50,419.617413,0.0
-4.002274,50,419.653359,0.0
-3.044965,50,419.689651,0.0
-3.657781,50,419.725975,0.0
-4.172822,50,419.762439,0.0
-4.183976,50,419.798849,0.0
-3.942144,50,419.834252,0.0
-3.986664,50,419.869028,0.0
-3.961445,50,419.905095,0.0
-4.020526,50,419.940587,0.0
-4.702185,50,419.97588,0.0
-4.38008,50,420.011398,0.0
-4.452653,50,420.046863,0.0
-3.784725,50,420.082999,0.0
-3.271703,50,420.119336,0.0
-3.858609,50,420.155565,0.0
-3.856505,50,420.191342,0.0
-3.661177,50,420.227517,0.0
-3.990442,50,420.263905,0.0
-3.635925,50,420.299479,0.0
-3.68219,50,420.334894,0.0
-4.223969,50,420.370635,0.0
-3.269508,50,420.406083,0.0
-3.670656,50,420.441581,0.0
-4.241115,50,420.4772,0.0
-3.828209,50,420.512486,0.0
-3.772326,50,420.548489,0.0
-4.71576,50,420.584094,0.0
-4.285483,50,420.619421,0.0
-4.408365,50,420.654903,0.0
-3.932636,50,420.690665,0.0
-4.107916,50,420.72642,0.0
-4.478802,50,420.762662,0.0
-3.587592,50,420.798367,0.0
-4.014174,50,420.833709,0.0
-4.325198,50,420.869289,0.0
-4.156976,50,420.905187,0.0
-3.84062,50,420.940876,0.0
-3.956837,50,420.977154,0.0
-4.13503,50,421.01362,0.0
-3.437702,50,421.04993,0.0
-4.370158,50,421.199225,0.0
-3.981859,50,421.235052,0.0
-4.186517,50,421.270413,0.0
-4.303966,50,421.305541,0.0
-4.25653,50,421.340925,0.0
-3.724994,50,421.376214,0.0
-3.918718,50,421.411791,0.0
-3.765013,50,421.447178,0.0
-4.202416,50,421.482626,0.0
-3.89172,50,421.517995,0.0
-3.838492,50,421.553042,0.0
-3.837931,50,421.58821,0.0
-3.92102,50,421.623188,0.0
-2.913832,50,421.658297,0.0
-4.687969,50,421.693624,0.0
-4.21323,50,421.729258,0.0
-4.141012,50,421.76443,0.0
-2.831132,50,421.799796,0.0
-3.575711,50,421.835292,0.0
-4.295786,50,421.870741,0.0
-4.808304,50,421.906047,0.0
-4.041575,50,421.941281,0.0
-3.960318,50,421.976788,0.0
-3.082997,50,422.012196,0.0
-4.160117,50,422.047461,0.0
-3.320987,50,422.08277,0.0
-4.346963,50,422.118206,0.0
-4.436959,50,422.153394,0.0
-2.919587,50,422.188948,0.0
-3.469094,50,422.224199,0.0
-3.598394,50,422.259435,0.0
-3.574685,50,422.294172,0.0
-4.171376,50,422.329498,0.0
-4.921398,50,422.364811,0.0
-4.330063,50,422.400298,0.0
-3.21972,50,422.435482,0.0
-4.152381,50,422.470406,0.0
-4.067452,50,422.505767,0.0
-2.82284,50,422.540713,0.0
-3.156619,50,422.575795,0.0
-3.875091,50,422.611314,0.0
-3.706247,50,422.761218,0.0
-4.204644,50,422.79691,0.0
-4.240895,50,422.832248,0.0
-4.407194,50,422.868023,0.0
-3.863805,50,422.902894,0.0
-4.106716,50,422.938327,0.0
-4.210873,50,422.974716,0.0
-3.851727,50,423.01122,0.0
-4.662729,50,423.047831,0.0
-3.044442,50,423.083683,0.0
-4.250632,50,423.119574,0.0
-4.521971,50,423.155535,0.0
-4.166663,50,423.191675,0.0
-3.950003,50,423.227959,0.0
-3.558618,50,423.264696,0.0
-4.006579,50,423.300586,0.0
-4.226904,50,423.336681,0.0
-3.037847,50,423.373487,0.0
-4.640787,50,423.410021,0.0
-2.903629,50,423.445378,0.0
-4.587407,50,423.481036,0.0
-3.186371,50,423.516514,0.0
-3.573043,50,423.551624,0.0
-4.093881,50,423.587888,0.0
-3.224959,50,423.624113,0.0
-4.392739,50,423.660394,0.0
-3.847438,50,423.695888,0.0
-4.206371,50,423.731427,0.0
-3.469858,50,423.767261,0.0
-4.431165,50,423.803038,0.0
-3.802851,50,423.838931,0.0
-4.286574,50,423.874275,0.0
-4.597701,50,423.909964,0.0
-3.92037,50,423.945476,0.0
-4.297354,50,423.981034,0.0
-3.766881,50,424.016414,0.0
-4.355953,50,424.051936,0.0
-4.163527,50,424.087425,0.0
-4.252926,50,424.12283,0.0
-3.548185,50,424.158767,0.0
-4.152919,50,424.194785,0.0
-3.921209,50,424.344616,0.0
-3.781295,50,424.380445,0.0
-3.58155,50,424.41656,0.0
-3.551011,50,424.452829,0.0
-4.33126,50,424.489153,0.0
-4.045346,50,424.525254,0.0
-4.212045,50,424.560899,0.0
-3.711848,50,424.596632,0.0
-4.019451,50,424.632499,0.0
-4.258167,50,424.667804,0.0
-3.827718,50,424.703085,0.0
-3.98188,50,424.738404,0.0
-3.889583,50,424.774066,0.0
-3.822283,50,424.80947,0.0
-3.901053,50,424.845104,0.0
-4.097037,50,424.88057,0.0
-3.632308,50,424.916067,0.0
-3.678881,50,424.951477,0.0
-3.927438,50,424.987694,0.0
-4.289572,50,425.023937,0.0
-4.469865,50,425.060059,0.0
-4.496875,50,425.096145,0.0
-4.400498,50,425.132256,0.0
-4.248965,50,425.515735,0.0
-3.102718,50,425.551505,0.0
-3.80989,50,425.587933,0.0
-3.862096,50,425.623895,0.0
-4.615275,50,425.660643,0.0
-3.901149,50,425.696318,0.0
-4.334355,50,425.7318,0.0
-3.548209,50,425.767667,0.0
-4.279794,50,425.803274,0.0
-3.712309,50,425.838522,0.0
-2.918833,50,425.873658,0.0
-4.32586,50,425.909129,0.0
-3.111893,50,425.944369,0.0
-3.615642,50,425.979664,0.0
-3.740481,50,426.015326,0.0
-3.546126,50,426.051072,0.0
-3.697768,50,426.08665,0.0
-4.365744,50,426.122252,0.0
-3.332743,50,426.275605,0.0
-4.076247,50,426.311418,0.0
-4.109516,50,426.346984,0.0
-3.985911,50,426.382912,0.0
-4.403578,50,426.418729,0.0
-4.33216,50,426.455015,0.0
-4.288456,50,426.491437,0.0
-4.17738,50,426.527685,0.0
-3.978252,50,426.564124,0.0
-4.176132,50,426.600323,0.0
-4.122725,50,426.636399,0.0
-3.646893,50,426.671795,0.0
-2.863952,50,426.706929,0.0
-3.477605,50,426.743097,0.0
-2.946494,50,426.778469,0.0
-3.609506,50,426.814513,0.0
-3.748694,50,426.850082,0.0
-4.146144,50,426.885781,0.0
-3.268101,50,426.921667,0.0
-4.063778,50,426.957197,0.0
-3.708071,50,426.992521,0.0
-3.499917,50,427.028137,0.0
-4.002782,50,427.063815,0.0
-3.725027,50,427.099246,0.0
-4.062712,50,427.13472,0.0
-4.272854,50,427.170064,0.0
-4.149287,50,427.205388,0.0
-3.532255,50,427.241946,0.0
-3.795299,50,427.278252,0.0
-3.707044,50,427.314077,0.0
-4.376135,50,427.349862,0.0
-4.220007,50,427.386208,0.0
-3.938595,50,427.421697,0.0
-3.99401,50,427.45767,0.0
-4.502814,50,427.493938,0.0
-3.700455,50,427.529745,0.0
-2.93284,50,427.565072,0.0
-3.085566,50,427.601201,0.0
-3.695699,50,427.637818,0.0
-3.750258,50,427.674249,0.0
-4.039257,50,427.709167,0.0
-3.734014,50,427.859453,0.0
-3.571647,50,427.895192,0.0
-3.740712,50,427.93044,0.0
-4.247654,50,427.965397,0.0
-2.942803,50,428.000474,0.0
-4.259921,50,428.03605,0.0
-4.479094,50,428.071358,0.0
-4.202334,50,428.107073,0.0
-3.323774,50,428.14212,0.0
-3.176732,50,428.177252,0.0
-3.859454,50,428.212648,0.0
-3.716346,50,428.248881,0.0
-4.443062,50,428.286325,0.0
-4.239556,50,428.322041,0.0
-3.117271,50,428.357622,0.0
-3.817075,50,428.393603,0.0
-3.228342,50,428.429987,0.0
-4.15477,50,428.465926,0.0
-4.191741,50,428.501985,0.0
-3.907837,50,428.53832,0.0
-3.97295,50,428.574471,0.0
-4.401736,50,428.61063,0.0
-3.903117,50,428.646635,0.0
-4.349517,50,428.682611,0.0
-3.80168,50,428.718437,0.0
-3.835519,50,428.753577,0.0
-4.475624,50,428.789628,0.0
-4.33702,50,428.824878,0.0
-4.201051,50,428.860159,0.0
-4.05796,50,428.896,0.0
-4.09203,50,428.932137,0.0
-3.860142,50,428.9683,0.0
-4.39162,50,429.004459,0.0
-3.658792,50,429.040425,0.0
-4.056391,50,429.075763,0.0
-3.484447,50,429.111237,0.0
-4.038269,50,429.146465,0.0
-4.086945,50,429.181734,0.0
-4.226509,50,429.217396,0.0
-3.291579,50,429.252852,0.0
-4.390599,50,429.288025,0.0
-4.270262,50,429.435087,0.0
-3.960106,50,429.470672,0.0
-4.008164,50,429.506443,0.0
-4.096011,50,429.541873,0.0
-4.047623,50,429.576886,0.0
-4.204981,50,429.612398,0.0
-3.782838,50,429.647781,0.0
-3.836638,50,429.6833,0.0
-4.182199,50,429.718697,0.0
-4.489977,50,429.75423,0.0
-3.611925,50,429.78957,0.0
-3.950547,50,429.825619,0.0
-3.780882,50,429.8618,0.0
-4.187912,50,429.898253,0.0
-3.998781,50,429.934657,0.0
-3.644235,50,429.969948,0.0
-3.788414,50,430.005216,0.0
-3.825186,50,430.041065,0.0
-3.999233,50,430.077338,0.0
-3.485675,50,430.113765,0.0
-4.864663,50,430.150291,0.0
-3.556831,50,430.186326,0.0
-4.46961,50,430.222648,0.0
-3.854059,50,430.258795,0.0
-3.976811,50,430.294891,0.0
-4.049337,50,430.331152,0.0
-3.616217,50,430.367395,0.0
-4.029019,50,430.403849,0.0
-3.631201,50,430.440063,0.0
-3.794164,50,430.476221,0.0
-4.270443,50,430.512478,0.0
-4.193377,50,430.548594,0.0
-4.308258,50,430.585029,0.0
-4.471222,50,430.621009,0.0
-4.620511,50,430.657107,0.0
-4.074926,50,430.69265,0.0
-3.404188,50,430.728707,0.0
-3.740476,50,430.764659,0.0
-4.212829,50,430.800669,0.0
-4.375292,50,430.836813,0.0
-3.726951,50,430.872337,0.0
-4.079926,50,431.021293,0.0
-4.054761,50,431.057641,0.0
-3.785027,50,431.094246,0.0
-3.767447,50,431.129929,0.0
-4.185623,50,431.165707,0.0
-3.520572,50,431.201621,0.0
-3.635913,50,431.237412,0.0
-3.688993,50,431.272138,0.0
-3.955541,50,431.30733,0.0
-3.21603,50,431.342776,0.0
-3.412465,50,431.378573,0.0
-4.374821,50,431.414286,0.0
-4.100835,50,431.449887,0.0
-3.258076,50,431.485111,0.0
-4.220009,50,431.520635,0.0
-4.073172,50,431.555567,0.0
-4.400648,50,431.590504,0.0
-4.196921,50,431.625512,0.0
-3.094064,50,431.660207,0.0
-2.89248,50,431.695728,0.0
-4.401569,50,431.730831,0.0
-4.259258,50,431.766225,0.0
-2.863955,50,431.801646,0.0
-3.313024,50,431.836619,0.0
-3.522621,50,431.871827,0.0
-3.225504,50,431.907137,0.0
-3.534825,50,431.942266,0.0
-4.377791,50,431.977666,0.0
-4.352905,50,432.012905,0.0
-4.216176,50,432.048126,0.0
-4.039168,50,432.083431,0.0
-4.295658,50,432.118966,0.0
-4.250508,50,432.154291,0.0
-4.094821,50,432.189485,0.0
-3.972094,50,432.225698,0.0
-4.112142,50,432.261439,0.0
-4.136049,50,432.29695,0.0
-4.066869,50,432.333402,0.0
-4.243836,50,432.369218,0.0
-4.031032,50,432.404612,0.0
-4.369365,50,432.440578,0.0
-3.963968,50,432.590886,0.0
-3.96159,50,432.626706,0.0
-3.734476,50,432.662412,0.0
-4.501762,50,432.698105,0.0
-3.771781,50,432.733931,0.0
-3.704224,50,432.770214,0.0
-4.316173,50,432.806344,0.0
-3.751825,50,432.842372,0.0
-3.915808,50,432.877973,0.0
-3.774133,50,432.913321,0.0
-4.620326,50,432.948783,0.0
-4.340973,50,432.984577,0.0
-4.010698,50,433.020102,0.0
-4.261051,50,433.055277,0.0
-3.149113,50,433.090613,0.0
-4.186053,50,433.126023,0.0
-4.204333,50,433.16137,0.0
-3.760939,50,433.196419,0.0
-4.083221,50,433.231676,0.0
-4.37589,50,433.266885,0.0
-4.513575,50,433.301984,0.0
-4.070449,50,433.337358,0.0
-3.832131,50,433.372605,0.0
-4.17849,50,433.407649,0.0
-3.62114,50,433.443569,0.0
-3.648745,50,433.479121,0.0
-4.182185,50,433.514347,0.0
-3.678085,50,433.549848,0.0
-3.72008,50,433.585053,0.0
-4.398039,50,433.620025,0.0
-4.04298,50,433.654963,0.0
-4.053887,50,433.68967,0.0
-4.396308,50,433.725119,0.0
-4.181401,50,433.760731,0.0
-3.667343,50,433.796344,0.0
-3.807833,50,433.83166,0.0
-3.761858,50,433.86755,0.0
-3.968496,50,433.903034,0.0
-3.895097,50,433.938515,0.0
-2.989446,50,433.974583,0.0
-4.07315,50,434.010012,0.0
-3.999984,50,434.160013,0.0
-3.788683,50,434.197053,0.0
-3.806984,50,434.233151,0.0
-3.866157,50,434.270652,0.0
-3.506612,50,434.309308,0.0
-4.031981,50,434.347033,0.0
-4.494152,50,434.384733,0.0
-3.814054,50,434.422143,0.0
-4.46622,50,434.457835,0.0
-3.437709,50,434.493738,0.0
-3.894281,50,434.529602,0.0
-2.667756,50,434.565748,0.0
-4.347993,50,434.601742,0.0
-4.078696,50,434.63776,0.0
-4.302498,50,434.674041,0.0
-3.438454,50,434.71031,0.0
-3.611647,50,434.746485,0.0
-4.227131,50,434.782232,0.0
-3.872344,50,434.818497,0.0
-3.584299,50,434.85461,0.0
-4.392287,50,434.890856,0.0
-4.415954,50,434.927197,0.0
-4.447289,50,434.963847,0.0
-3.89676,50,435.001375,0.0
-4.518068,50,435.038542,0.0
-4.124862,50,435.075374,0.0
-3.584849,50,435.111826,0.0
-3.5941,50,435.148552,0.0
-4.45047,50,435.185002,0.0
-3.609373,50,435.221054,0.0
-3.871183,50,435.256846,0.0
-3.829554,50,435.292767,0.0
-3.972145,50,435.328185,0.0
-3.750399,50,435.364812,0.0
-4.162366,50,435.401586,0.0
-3.081934,50,435.437975,0.0
-4.446045,50,435.474779,0.0
-3.468018,50,435.511155,0.0
-3.535184,50,435.547415,0.0
-3.679638,50,435.583603,0.0
-3.371823,50,435.619843,0.0
-3.928874,50,435.769377,0.0
-3.242569,50,435.805697,0.0
-3.221481,50,435.842151,0.0
-4.186103,50,435.878533,0.0
-3.793779,50,435.915072,0.0
-4.447536,50,435.951686,0.0
-4.004296,50,435.988324,0.0
-3.745157,50,436.023894,0.0
-3.593627,50,436.059475,0.0
-3.480262,50,436.095505,0.0
-4.154986,50,436.130975,0.0
-4.259735,50,436.167357,0.0
-3.277155,50,436.204007,0.0
-3.815196,50,436.23944,0.0
-3.795626,50,436.274837,0.0
-4.12032,50,436.311374,0.0
-4.875496,50,436.347865,0.0
-4.064931,50,436.384208,0.0
-4.138565,50,436.420414,0.0
-4.261512,50,436.45657,0.0
-4.436435,50,436.492439,0.0
-4.440357,50,436.527702,0.0
-3.360595,50,436.563426,0.0
-4.587326,50,436.59903,0.0
-4.143845,50,436.634404,0.0
-4.333367,50,436.669522,0.0
-3.85035,50,436.70487,0.0
-4.266011,50,436.74025,0.0
-4.105349,50,436.776643,0.0
-4.108789,50,436.812845,0.0
-4.385331,50,436.849174,0.0
-4.356795,50,436.885208,0.0
-3.938554,50,436.92148,0.0
-4.079515,50,436.957777,0.0
-3.78236,50,436.993209,0.0
-3.822489,50,437.029654,0.0
-3.48561,50,437.065872,0.0
-4.106735,50,437.101872,0.0
-4.409628,50,437.137705,0.0
-3.433254,50,437.174253,0.0
-3.012015,50,437.323607,0.0
-4.054703,50,437.359352,0.0
-3.111394,50,437.395506,0.0
-4.535758,50,437.431996,0.0
-2.815418,50,437.468389,0.0
-4.239002,50,437.504634,0.0
-4.501285,50,437.541,0.0
-4.131329,50,437.5775,0.0
-3.920962,50,437.613521,0.0
-3.345855,50,437.649394,0.0
-4.53991,50,437.685864,0.0
-3.998004,50,437.722001,0.0
-3.622067,50,437.75818,0.0
-4.013204,50,437.794806,0.0
-3.53593,50,437.83094,0.0
-3.942414,50,437.867016,0.0
-3.709516,50,437.902935,0.0
-3.926717,50,437.939354,0.0
-4.246206,50,437.975017,0.0
-3.469788,50,438.010666,0.0
-4.162506,50,438.046865,0.0
-3.11538,50,438.082753,0.0
-3.633228,50,438.118958,0.0
-4.365718,50,438.154757,0.0
-3.312591,50,438.190986,0.0
-3.684738,50,438.227077,0.0
-3.852227,50,438.262876,0.0
-3.886934,50,438.299309,0.0
-3.747669,50,438.33578,0.0
-3.892031,50,438.371855,0.0
-3.736032,50,438.408079,0.0
-3.753766,50,438.444452,0.0
-4.359588,50,438.480661,0.0
-4.308922,50,438.516899,0.0
-3.506928,50,438.552781,0.0
-4.815512,50,438.588977,0.0
-5.026475,50,438.625206,0.0
-4.482345,50,438.661313,0.0
-3.725644,50,438.697448,0.0
-4.127381,50,438.733205,0.0
-4.80907,50,438.769136,0.0
-4.049564,50,438.918477,0.0
-3.966783,50,438.954646,0.0
-4.217923,50,438.991486,0.0
-3.905596,50,439.027844,0.0
-3.987872,50,439.064052,0.0
-4.092691,50,439.100324,0.0
-3.166389,50,439.136548,0.0
-3.755142,50,439.172735,0.0
-3.956187,50,439.208869,0.0
-3.791261,50,439.245669,0.0
-4.106766,50,439.281726,0.0
-4.377787,50,439.317122,0.0
-3.198907,50,439.352804,0.0
-3.664866,50,439.388534,0.0
-3.404538,50,439.424173,0.0
-4.087093,50,439.459525,0.0
-3.862524,50,439.494924,0.0
-4.318748,50,439.530012,0.0
-3.98603,50,439.565271,0.0
-4.47402,50,439.600486,0.0
-3.844266,50,439.63581,0.0
-4.247518,50,439.671264,0.0
-3.270317,50,439.707069,0.0
-4.319486,50,439.743402,0.0
-3.547317,50,439.779254,0.0
-4.403292,50,439.815675,0.0
-4.018107,50,439.851317,0.0
-4.161062,50,439.887759,0.0
-3.569105,50,439.923929,0.0
-3.827743,50,439.959436,0.0
-3.837655,50,439.99567,0.0
-4.518632,50,440.03182,0.0
-4.131875,50,440.068039,0.0
-4.076751,50,440.104713,0.0
-4.324578,50,440.140637,0.0
-3.985023,50,440.176212,0.0
-4.293122,50,440.211164,0.0
-3.748298,50,440.245792,0.0
-4.17687,50,440.281338,0.0
-3.672079,50,440.316679,0.0
-4.36259,50,440.351803,0.0
-3.648935,50,440.500595,0.0
-4.153699,50,440.536289,0.0
-4.047588,50,440.571649,0.0
-4.527119,50,440.607879,0.0
-3.641346,50,440.644188,0.0
-3.981787,50,440.680035,0.0
-3.852079,50,440.716134,0.0
-3.926291,50,440.752315,0.0
-4.26255,50,440.787755,0.0
-3.634186,50,440.823608,0.0
-4.247716,50,440.85907,0.0
-4.214605,50,440.895027,0.0
-3.4568,50,440.931042,0.0
-3.903403,50,440.966397,0.0
-3.921377,50,441.002195,0.0
-2.858638,50,441.037383,0.0
-3.15601,50,441.073504,0.0
-3.839598,50,441.108957,0.0
-3.594203,50,441.14424,0.0
-2.974657,50,441.179556,0.0
-3.854816,50,441.21489,0.0
-4.908229,50,441.250147,0.0
-3.737382,50,441.285595,0.0
-4.021964,50,441.320833,0.0
-4.484769,50,441.356099,0.0
-3.703678,50,441.392514,0.0
-3.335929,50,441.428637,0.0
-4.392845,50,441.464205,0.0
-3.879609,50,441.500874,0.0
-4.074968,50,441.537016,0.0
-3.594116,50,441.573184,0.0
-3.905566,50,441.609083,0.0
-3.568872,50,441.645075,0.0
-3.917406,50,441.68115,0.0
-4.071101,50,441.717755,0.0
-3.737069,50,441.755713,0.0
-3.425256,50,441.792629,0.0
-3.762646,50,441.829726,0.0
-3.643457,50,441.865706,0.0
-3.33732,50,441.902794,0.0
-3.782963,50,441.939267,0.0
-3.600623,50,442.09111,0.0
-3.57886,50,442.127553,0.0
-3.728309,50,442.164235,0.0
-3.67122,50,442.201124,0.0
-3.955575,50,442.238057,0.0
-4.1527,50,442.274812,0.0
-3.546606,50,442.31076,0.0
-4.625818,50,442.346797,0.0
-3.445296,50,442.382384,0.0
-4.081774,50,442.418775,0.0
-3.227855,50,442.455097,0.0
-3.857031,50,442.490943,0.0
-3.427086,50,442.527625,0.0
-3.906986,50,442.564348,0.0
-4.418532,50,442.600581,0.0
-3.577001,50,442.636874,0.0
-3.080333,50,442.672834,0.0
-3.592885,50,442.709693,0.0
-3.328282,50,442.745883,0.0
-4.295579,50,442.782708,0.0
-3.73268,50,442.819127,0.0
-4.556262,50,442.855761,0.0
-4.416414,50,442.892429,0.0
-3.678463,50,442.928975,0.0
-4.249123,50,442.965215,0.0
-3.8627,50,443.001592,0.0
-3.746204,50,443.037857,0.0
-3.936498,50,443.074096,0.0
-4.03047,50,443.110463,0.0
-3.704603,50,443.147117,0.0
-4.377667,50,443.183707,0.0
-4.426588,50,443.219966,0.0
-4.317019,50,443.256187,0.0
-3.910947,50,443.291982,0.0
-3.986064,50,443.328,0.0
-3.502325,50,443.363876,0.0
-3.862039,50,443.400105,0.0
-2.92555,50,443.436369,0.0
-4.526521,50,443.472188,0.0
-4.169602,50,443.508048,0.0
-3.46073,50,443.543893,0.0
-3.847243,50,443.6974,0.0
-3.042206,50,443.733847,0.0
-3.767115,50,443.770505,0.0
-4.260083,50,443.807076,0.0
-4.009402,50,443.843831,0.0
-3.880388,50,443.879867,0.0
-4.219419,50,443.916259,0.0
-4.132238,50,443.952915,0.0
-3.828971,50,443.989301,0.0
-4.267641,50,444.025021,0.0
-4.466318,50,444.061809,0.0
-3.969546,50,444.09821,0.0
-4.043054,50,444.134648,0.0
-4.535527,50,444.170431,0.0
-4.326088,50,444.206709,0.0
-4.121306,50,444.242681,0.0
-4.126343,50,444.278873,0.0
-3.234409,50,444.315337,0.0
-4.071226,50,444.351885,0.0
-4.258716,50,444.387583,0.0
-3.856974,50,444.423385,0.0
-3.705643,50,444.458812,0.0
-4.028408,50,444.494422,0.0
-4.18541,50,444.530398,0.0
-3.892696,50,444.566138,0.0
-3.090541,50,444.601708,0.0
-3.89545,50,444.637074,0.0
-3.823654,50,444.672302,0.0
-4.227304,50,444.707715,0.0
-3.442756,50,444.743506,0.0
-4.009636,50,444.77872,0.0
-4.357034,50,444.813928,0.0
-4.022286,50,444.849482,0.0
-3.876393,50,444.885,0.0
-4.025667,50,444.919771,0.0
-4.184635,50,444.954532,0.0
-4.053906,50,444.989654,0.0
-3.477279,50,445.024553,0.0
-3.94328,50,445.059663,0.0
-3.547911,50,445.095328,0.0
-2.984334,50,445.131451,0.0
-2.764391,50,445.280634,0.0
-4.427155,50,445.316537,0.0
-4.46577,50,445.353497,0.0
-3.966316,50,445.389371,0.0
-3.956641,50,445.424622,0.0
-4.012077,50,445.460159,0.0
-4.467786,50,445.495992,0.0
-4.193884,50,445.531553,0.0
-3.963008,50,445.566907,0.0
-4.228195,50,445.602229,0.0
-3.42612,50,445.638006,0.0
-3.92419,50,445.673604,0.0
-4.149837,50,445.70918,0.0
-4.42014,50,445.744512,0.0
-3.808225,50,445.779986,0.0
-3.70861,50,445.815416,0.0
-4.469988,50,445.850827,0.0
-3.794963,50,445.886314,0.0
-4.154506,50,445.921741,0.0
-3.846086,50,445.957151,0.0
-4.218829,50,445.99254,0.0
-4.200763,50,446.028033,0.0
-3.975175,50,446.063313,0.0
-3.598175,50,446.098953,0.0
-4.621721,50,446.135501,0.0
-3.795957,50,446.172518,0.0
-3.842252,50,446.208784,0.0
-4.035998,50,446.243949,0.0
-4.256106,50,446.279255,0.0
-4.677307,50,446.315954,0.0
-2.929402,50,446.35205,0.0
-3.974643,50,446.387615,0.0
-3.981215,50,446.422991,0.0
-3.95711,50,446.458461,0.0
-4.756602,50,446.494029,0.0
-3.884465,50,446.529633,0.0
-3.89407,50,446.565724,0.0
-4.208325,50,446.601529,0.0
-3.522227,50,446.638171,0.0
-4.838923,50,446.673738,0.0
-3.91482,50,446.709472,0.0
-4.151808,50,446.860498,0.0
-4.51906,50,446.896686,0.0
-4.292933,50,446.933135,0.0
-3.880483,50,446.969393,0.0
-3.959499,50,447.005879,0.0
-3.813802,50,447.042057,0.0
-4.528198,50,447.078339,0.0
-3.908325,50,447.114805,0.0
-3.96627,50,447.151203,0.0
-3.950291,50,447.18728,0.0
-4.093675,50,447.223383,0.0
-4.002967,50,447.259314,0.0
-4.52483,50,447.294707,0.0
-3.743342,50,447.331084,0.0
-4.112903,50,447.367577,0.0
-3.910178,50,447.403685,0.0
-4.048745,50,447.439984,0.0
-4.053713,50,447.476148,0.0
-3.594852,50,447.512546,0.0
-4.063544,50,447.548693,0.0
-4.027315,50,447.584831,0.0
-4.221419,50,447.620189,0.0
-4.078067,50,447.655635,0.0
-3.687848,50,447.691245,0.0
-4.220586,50,447.726681,0.0
-3.904065,50,447.762264,0.0
-3.427508,50,447.797447,0.0
-3.804366,50,447.832834,0.0
-3.827569,50,447.868141,0.0
-4.142732,50,447.903375,0.0
-4.286365,50,447.938951,0.0
-4.454887,50,447.97431,0.0
-3.955417,50,448.009545,0.0
-3.339026,50,448.045437,0.0
-3.973029,50,448.081545,0.0
-3.418857,50,448.117664,0.0
-4.126803,50,448.153782,0.0
-4.260878,50,448.190045,0.0
-3.807453,50,448.225233,0.0
-2.720156,50,448.26065,0.0
-2.988138,50,448.295918,0.0
-3.884785,50,448.446036,0.0
-3.994729,50,448.481372,0.0
-3.709503,50,448.517574,0.0
-4.440098,50,448.553331,0.0
-3.817836,50,448.588791,0.0
-4.231115,50,448.624302,0.0
-3.218396,50,448.659759,0.0
-3.808527,50,448.694719,0.0
-3.814758,50,448.730144,0.0
-3.924436,50,448.765694,0.0
-3.695721,50,448.801805,0.0
-4.027984,50,448.838391,0.0
-3.818984,50,448.874405,0.0
-4.100674,50,448.909571,0.0
-3.518091,50,448.945065,0.0
-3.738401,50,448.980621,0.0
-3.183856,50,449.016195,0.0
-4.404157,50,449.051972,0.0
-3.996699,50,449.087288,0.0
-3.71051,50,449.123218,0.0
-3.944704,50,449.159448,0.0
-4.124748,50,449.195948,0.0
-4.015926,50,449.232626,0.0
-4.341024,50,449.268122,0.0
-4.736728,50,449.303437,0.0
-3.961637,50,449.339447,0.0
-2.931604,50,449.375375,0.0
-4.094548,50,449.41091,0.0
-3.836756,50,449.446445,0.0
-4.02485,50,449.481265,0.0
-4.518731,50,449.516541,0.0
-4.353713,50,449.552246,0.0
-4.175696,50,449.587204,0.0
-4.356752,50,449.622142,0.0
-3.807191,50,449.65741,0.0
-3.141052,50,449.692399,0.0
-4.232677,50,449.728124,0.0
-3.88496,50,449.763691,0.0
-4.324527,50,449.799272,0.0
-3.742892,50,449.834686,0.0
-4.09532,50,449.869749,0.0
-3.042182,50,450.019786,0.0
-3.448778,50,450.055664,0.0
-3.931471,50,450.09208,0.0
-3.996996,50,450.128436,0.0
-3.93338,50,450.163341,0.0
-4.376402,50,450.198416,0.0
-3.816281,50,450.233727,0.0
-4.15156,50,450.269483,0.0
-3.880573,50,450.305855,0.0
-4.020467,50,450.341527,0.0
-3.39935,50,450.376906,0.0
-3.822303,50,450.41361,0.0
-3.612202,50,450.449828,0.0
-3.202763,50,450.486053,0.0
-3.621919,50,450.522044,0.0
-4.335536,50,450.558577,0.0
-4.09446,50,450.594376,0.0
-4.1829,50,450.62981,0.0
-3.399038,50,450.6652,0.0
-4.400157,50,450.700553,0.0
-3.917689,50,450.735861,0.0
-3.709065,50,450.771453,0.0
-4.437413,50,450.807238,0.0
-3.704813,50,450.842995,0.0
-4.176254,50,450.878771,0.0
-4.555028,50,450.914387,0.0
-3.693885,50,450.949586,0.0
-3.880318,50,450.985096,0.0
-3.034356,50,451.020293,0.0
-3.746985,50,451.056018,0.0
-4.207039,50,451.092258,0.0
-4.163203,50,451.128393,0.0
-3.529001,50,451.164504,0.0
-3.867055,50,451.200739,0.0
-4.172014,50,451.236955,0.0
-3.937645,50,451.273156,0.0
-4.193964,50,451.309098,0.0
-4.15066,50,451.34461,0.0
-4.196243,50,451.380106,0.0
-4.276963,50,451.415735,0.0
-3.681147,50,451.451366,0.0
-4.05986,50,451.600912,0.0
-3.695728,50,451.637257,0.0
-3.929045,50,451.673704,0.0
-3.684411,50,451.709949,0.0
-4.139069,50,451.746345,0.0
-4.181127,50,451.782992,0.0
-2.817261,50,451.819687,0.0
-3.279625,50,451.855774,0.0
-3.897475,50,451.892238,0.0
-2.958437,50,451.928641,0.0
-3.342295,50,451.964987,0.0
-4.226609,50,452.001019,0.0
-3.164541,50,452.037327,0.0
-3.577037,50,452.073252,0.0
-4.025051,50,452.109151,0.0
-3.924381,50,452.145296,0.0
-4.179962,50,452.180838,0.0
-4.272549,50,452.216153,0.0
-4.12796,50,452.251581,0.0
-3.65863,50,452.287626,0.0
-4.01778,50,452.323267,0.0
-4.523945,50,452.35862,0.0
-4.090312,50,452.394466,0.0
-3.144256,50,452.430754,0.0
-4.255441,50,452.467049,0.0
-3.901111,50,452.503413,0.0
-3.63407,50,452.539618,0.0
-4.28175,50,452.575598,0.0
-4.635684,50,452.611958,0.0
-4.357751,50,452.648197,0.0
-4.267452,50,452.684115,0.0
-3.623366,50,452.720528,0.0
-3.074746,50,452.756788,0.0
-3.873753,50,452.793003,0.0
-3.956814,50,452.829395,0.0
-3.99822,50,452.865789,0.0
-3.98767,50,452.901669,0.0
-4.492446,50,452.937794,0.0
-4.113639,50,452.973469,0.0
-3.961138,50,453.009622,0.0
-3.042806,50,453.045782,0.0
-3.889011,50,453.195536,0.0
-4.598369,50,453.232015,0.0
-4.173188,50,453.267806,0.0
-3.317999,50,453.303604,0.0
-3.62891,50,453.339389,0.0
-4.508852,50,453.374772,0.0
-4.226692,50,453.410438,0.0
-4.087136,50,453.445871,0.0
-4.250678,50,453.482095,0.0
-3.833683,50,453.518782,0.0
-3.547886,50,453.555302,0.0
-3.541437,50,453.59149,0.0
-3.829871,50,453.627843,0.0
-3.5611,50,453.664595,0.0
-4.020721,50,453.700144,0.0
-4.121157,50,453.73575,0.0
-3.816278,50,453.771411,0.0
-3.780958,50,453.807086,0.0
-4.079829,50,453.842561,0.0
-4.099899,50,453.87799,0.0
-4.064698,50,453.913219,0.0
-4.531037,50,453.94905,0.0
-3.859821,50,453.984656,0.0
-4.62431,50,454.020217,0.0
-4.088245,50,454.056564,0.0
-4.364816,50,454.091722,0.0
-3.977979,50,454.127811,0.0
-4.04558,50,454.163833,0.0
-4.157453,50,454.199888,0.0
-3.787892,50,454.23529,0.0
-3.563618,50,454.270651,0.0
-3.71403,50,454.306257,0.0
-4.531051,50,454.341751,0.0
-3.665538,50,454.377394,0.0
-4.480252,50,454.413085,0.0
-4.145695,50,454.448607,0.0
-3.900111,50,454.484754,0.0
-3.626069,50,454.5212,0.0
-3.47355,50,454.557772,0.0
-4.342739,50,454.593872,0.0
-4.357271,50,454.629436,0.0
-4.193595,50,454.780097,0.0
-4.558689,50,454.81572,0.0
-3.78602,50,454.851293,0.0
-4.144217,50,454.886647,0.0
-4.374011,50,454.922546,0.0
-3.084391,50,454.958215,0.0
-4.229595,50,454.993754,0.0
-4.073223,50,455.029979,0.0
-4.114548,50,455.066081,0.0
-3.763039,50,455.102411,0.0
-3.391968,50,455.138544,0.0
-3.864108,50,455.174803,0.0
-4.064629,50,455.211156,0.0
-3.138621,50,455.247546,0.0
-4.449359,50,455.28311,0.0
-4.396848,50,455.319788,0.0
-3.510471,50,455.356071,0.0
-3.620281,50,455.392177,0.0
-4.433583,50,455.427764,0.0
-3.480537,50,455.463116,0.0
-4.160997,50,455.49842,0.0
-3.648202,50,455.534338,0.0
-4.304796,50,455.570041,0.0
-3.818574,50,455.605321,0.0
-4.08627,50,455.640727,0.0
-2.767884,50,455.676178,0.0
-3.877042,50,455.711708,0.0
-3.828322,50,455.747018,0.0
-4.099585,50,455.782382,0.0
-3.025242,50,455.817458,0.0
-3.802082,50,455.852961,0.0
-3.970576,50,455.889305,0.0
-3.258144,50,455.924632,0.0
-3.670011,50,455.960008,0.0
-3.432985,50,455.995877,0.0
-3.989256,50,456.031851,0.0
-4.182691,50,456.068195,0.0
-4.138654,50,456.104273,0.0
-3.297889,50,456.140474,0.0
-3.366041,50,456.176562,0.0
-4.075642,50,456.213023,0.0
-3.007039,50,456.361764,0.0
-4.144119,50,456.398327,0.0
-4.805297,50,456.434795,0.0
-3.977993,50,456.470881,0.0
-4.322673,50,456.507087,0.0
-3.967028,50,456.543486,0.0
-4.554174,50,456.579681,0.0
-3.905089,50,456.616007,0.0
-3.542329,50,456.652347,0.0
-4.040941,50,456.688679,0.0
-4.292776,50,456.724921,0.0
-3.699125,50,456.761044,0.0
-3.422077,50,456.797258,0.0
-3.488473,50,456.833409,0.0
-3.939579,50,456.869212,0.0
-3.76672,50,456.905486,0.0
-3.70228,50,456.942057,0.0
-4.2349,50,456.978077,0.0
-4.01015,50,457.014295,0.0
-2.856806,50,457.050759,0.0
-4.666937,50,457.086824,0.0
-3.919023,50,457.12296,0.0
-4.033161,50,457.159358,0.0
-3.698134,50,457.195476,0.0
-3.62215,50,457.231861,0.0
-4.174125,50,457.267339,0.0
-3.836046,50,457.303024,0.0
-3.633391,50,457.338769,0.0
-3.869914,50,457.374256,0.0
-4.438388,50,457.409657,0.0
-3.97201,50,457.444834,0.0
-4.166262,50,457.480265,0.0
-3.759953,50,457.515367,0.0
-4.514999,50,457.550561,0.0
-3.150218,50,457.585575,0.0
-3.907918,50,457.620735,0.0
-4.732219,50,457.656208,0.0
-3.733414,50,457.691943,0.0
-4.279602,50,457.728054,0.0
-4.163402,50,457.764241,0.0
-4.114624,50,457.800616,0.0
-4.154734,50,457.950558,0.0
-4.019818,50,457.986057,0.0
-4.393784,50,458.021802,0.0
-3.768126,50,458.058138,0.0
-3.356506,50,458.094317,0.0
-3.73777,50,458.130678,0.0
-3.823944,50,458.166831,0.0
-4.024619,50,458.202957,0.0
-2.963091,50,458.238982,0.0
-4.087133,50,458.275166,0.0
-3.825113,50,458.31124,0.0
-4.409703,50,458.347352,0.0
-4.108142,50,458.383846,0.0
-3.627354,50,458.419809,0.0
-3.899809,50,458.456436,0.0
-4.448776,50,458.492091,0.0
-4.41362,50,458.528612,0.0
-3.579511,50,458.564971,0.0
-3.11691,50,458.600206,0.0
-2.922372,50,458.635738,0.0
-3.836874,50,458.67131,0.0
-4.271234,50,458.706935,0.0
-3.111927,50,458.742412,0.0
-3.918201,50,458.777597,0.0
-3.767855,50,458.813713,0.0
-4.094822,50,458.849924,0.0
-3.377833,50,458.886533,0.0
-3.458481,50,458.922598,0.0
-3.42971,50,458.958437,0.0
-4.045258,50,458.99397,0.0
-3.719612,50,459.029529,0.0
-3.909917,50,459.064963,0.0
-4.402756,50,459.100579,0.0
-3.065522,50,459.13627,0.0
-3.908278,50,459.171659,0.0
-3.972616,50,459.207148,0.0
-3.876051,50,459.242609,0.0
-4.32702,50,459.27801,0.0
-4.453035,50,459.313387,0.0
-4.076653,50,459.349001,0.0
-3.906103,50,459.384611,0.0
-4.363464,50,459.534029,0.0
-4.189968,50,459.569621,0.0
-4.512264,50,459.605095,0.0
-4.286773,50,459.640432,0.0
-4.007984,50,459.675565,0.0
-3.791695,50,459.711008,0.0
-4.10658,50,459.746559,0.0
-3.823246,50,459.781994,0.0
-3.704208,50,459.817434,0.0
-3.764105,50,459.852794,0.0
-3.381716,50,459.887963,0.0
-3.883605,50,459.922906,0.0
-4.195803,50,459.958511,0.0
-3.044954,50,459.994061,0.0
-3.6187,50,460.029401,0.0
-3.178251,50,460.064735,0.0
-3.042389,50,460.099835,0.0
-4.248209,50,460.134814,0.0
-4.088862,50,460.170308,0.0
-4.370709,50,460.205721,0.0
-4.101463,50,460.241091,0.0
-4.052337,50,460.276208,0.0
-3.69022,50,460.31137,0.0
-4.324343,50,460.347158,0.0
-3.982862,50,460.38247,0.0
-2.9269,50,460.417602,0.0
-4.202256,50,460.453008,0.0
-3.802605,50,460.488544,0.0
-3.097177,50,460.524003,0.0
-4.130622,50,460.559319,0.0
-4.141719,50,460.594694,0.0
-3.754713,50,460.630104,0.0
-3.931733,50,460.665432,0.0
-3.302843,50,460.700815,0.0
-3.879867,50,460.736075,0.0
-4.629732,50,460.771434,0.0
-3.739684,50,460.806981,0.0
-3.956166,50,460.841912,0.0
-3.974847,50,460.877921,0.0
-3.415767,50,460.913472,0.0
-4.175762,50,460.948826,0.0
-4.431884,50,461.097819,0.0
-4.081272,50,461.134359,0.0
-3.40053,50,461.170518,0.0
-4.331814,50,461.206051,0.0
-3.947784,50,461.241468,0.0
-3.952326,50,461.277405,0.0
-4.149892,50,461.31328,0.0
-3.794968,50,461.349425,0.0
-3.389591,50,461.385745,0.0
-3.794117,50,461.421128,0.0
-4.108753,50,461.456291,0.0
-3.996144,50,461.491265,0.0
-3.808988,50,461.526521,0.0
-3.901273,50,461.561601,0.0
-3.693971,50,461.597156,0.0
-4.099569,50,461.632794,0.0
-4.251571,50,461.668625,0.0
-3.719698,50,461.704999,0.0
-3.508096,50,461.741117,0.0
-3.849367,50,461.776378,0.0
-3.613395,50,461.811901,0.0
-3.793883,50,461.847557,0.0
-3.734291,50,461.882992,0.0
-3.938542,50,461.918922,0.0
-4.251135,50,461.954284,0.0
-4.509097,50,461.989508,0.0
-3.926081,50,462.025389,0.0
-4.124746,50,462.061323,0.0
-4.672102,50,462.097635,0.0
-3.842475,50,462.133915,0.0
-4.199269,50,462.169269,0.0
-3.82456,50,462.204346,0.0
-3.316856,50,462.239905,0.0
-3.937722,50,462.275038,0.0
-3.423969,50,462.310136,0.0
-3.941462,50,462.345828,0.0
-3.860887,50,462.381093,0.0
-3.947641,50,462.41654,0.0
-4.374754,50,462.452323,0.0
-3.518797,50,462.488124,0.0
-3.550189,50,462.523473,0.0
-4.663519,50,462.672433,0.0
-4.712882,50,462.707931,0.0
-3.922901,50,462.744174,0.0
-3.140724,50,462.779917,0.0
-4.12638,50,462.81546,0.0
-4.08935,50,462.850658,0.0
-3.791921,50,462.886025,0.0
-4.041955,50,462.921936,0.0
-4.175028,50,462.957456,0.0
-3.643476,50,462.99275,0.0
-3.778856,50,463.028929,0.0
-4.116577,50,463.065191,0.0
-3.958694,50,463.101496,0.0
-3.050649,50,463.13743,0.0
-3.777338,50,463.172856,0.0
-3.90361,50,463.208298,0.0
-3.861382,50,463.244082,0.0
-3.69683,50,463.279855,0.0
-3.570817,50,463.315315,0.0
-4.318567,50,463.351563,0.0
-3.365845,50,463.387105,0.0
-3.081809,50,463.422554,0.0
-3.62134,50,463.45782,0.0
-4.417218,50,463.492902,0.0
-4.189563,50,463.528423,0.0
-3.788013,50,463.563971,0.0
-4.336696,50,463.599714,0.0
-3.77284,50,463.63441,0.0
-3.82433,50,463.670314,0.0
-3.562516,50,463.706185,0.0
-4.317258,50,463.74225,0.0
-3.851103,50,463.778582,0.0
-3.150238,50,463.814323,0.0
-3.815773,50,463.849705,0.0
-4.947293,50,463.88474,0.0
-4.221294,50,463.9199,0.0
-3.702266,50,463.955259,0.0
-3.770016,50,463.990388,0.0
-3.923087,50,464.025436,0.0
-3.467657,50,464.060673,0.0
-3.834071,50,464.465001,0.0
-3.366502,50,464.615544,0.0
-4.172953,50,464.651268,0.0
-3.980084,50,464.686583,0.0
-3.792021,50,464.722797,0.0
-3.886359,50,464.758707,0.0
-2.873838,50,464.794366,0.0
-3.989642,50,464.829733,0.0
-4.018923,50,464.86507,0.0
-3.832311,50,464.90031,0.0
-4.583006,50,464.935877,0.0
-4.14837,50,464.97117,0.0
-3.579234,50,465.006404,0.0
-2.899044,50,465.041754,0.0
-4.053054,50,465.07736,0.0
-3.58024,50,465.112854,0.0
-3.828853,50,465.149095,0.0
-3.837706,50,465.185285,0.0
-3.777964,50,465.221509,0.0
-4.197162,50,465.258012,0.0
-3.79516,50,465.294315,0.0
-4.67343,50,465.329804,0.0
-4.33531,50,465.365144,0.0
-4.109756,50,465.401031,0.0
-4.414754,50,465.437039,0.0
-3.556665,50,465.473086,0.0
-4.165362,50,465.509559,0.0
-4.224404,50,465.545636,0.0
-3.296676,50,465.581896,0.0
-3.090742,50,465.61802,0.0
-3.68277,50,465.653721,0.0
-3.892915,50,465.689392,0.0
-4.015424,50,465.724897,0.0
-4.429331,50,465.761333,0.0
-3.659247,50,465.797396,0.0
-4.509899,50,465.833578,0.0
-4.090147,50,465.869769,0.0
-3.850536,50,465.905331,0.0
-3.565512,50,465.940504,0.0
-4.054072,50,465.975777,0.0
-3.751551,50,466.012781,0.0
-3.358027,50,466.048614,0.0
-3.707517,50,466.200248,0.0
-3.35975,50,466.236424,0.0
-3.56008,50,466.272226,0.0
-3.051911,50,466.308388,0.0
-4.623947,50,466.344413,0.0
-4.291301,50,466.379629,0.0
-3.807714,50,466.416088,0.0
-3.901906,50,466.452408,0.0
-3.288757,50,466.488802,0.0
-4.151285,50,466.524999,0.0
-4.113143,50,466.560901,0.0
-3.603088,50,466.596622,0.0
-3.572157,50,466.632112,0.0
-3.444553,50,466.668642,0.0
-3.493443,50,466.704851,0.0
-3.692478,50,466.740919,0.0
-3.808964,50,466.777304,0.0
-3.706127,50,466.812852,0.0
-4.434928,50,466.849053,0.0
-4.061187,50,466.885714,0.0
-3.794903,50,466.922241,0.0
-3.721068,50,466.958431,0.0
-4.729328,50,466.994505,0.0
-3.019553,50,467.031165,0.0
-3.548679,50,467.067495,0.0
-3.160274,50,467.103222,0.0
-3.648424,50,467.139111,0.0
-4.30584,50,467.175634,0.0
-4.410011,50,467.212026,0.0
-4.022328,50,467.248389,0.0
-3.54569,50,467.28455,0.0
-4.152346,50,467.320755,0.0
-4.094436,50,467.35718,0.0
-4.896664,50,467.393212,0.0
-3.687035,50,467.429636,0.0
-4.351598,50,467.465927,0.0
-4.322798,50,467.502146,0.0
-3.897616,50,467.538074,0.0
-3.711774,50,467.574375,0.0
-3.861438,50,467.6108,0.0
-3.222405,50,467.646841,0.0
-4.377293,50,467.796293,0.0
-3.986075,50,467.831567,0.0
-4.439546,50,467.867205,0.0
-4.182761,50,467.902863,0.0
-4.345017,50,467.939062,0.0
-3.941934,50,467.975363,0.0
-3.892093,50,468.011472,0.0
-3.804109,50,468.047943,0.0
-3.610663,50,468.083571,0.0
-3.748017,50,468.11913,0.0
-3.855657,50,468.155325,0.0
-3.933885,50,468.191219,0.0
-4.203404,50,468.226686,0.0
-3.681327,50,468.262263,0.0
-3.64748,50,468.297863,0.0
-3.106948,50,468.333015,0.0
-4.447842,50,468.368364,0.0
-4.249274,50,468.403847,0.0
-3.780028,50,468.438838,0.0
-4.4703,50,468.474539,0.0
-3.215046,50,468.510117,0.0
-3.436749,50,468.545695,0.0
-4.317126,50,468.58104,0.0
-3.813829,50,468.616423,0.0
-4.224141,50,468.651847,0.0
-4.028429,50,468.688197,0.0
-3.928249,50,468.724377,0.0
-4.434593,50,468.75986,0.0
-4.006651,50,468.795656,0.0
-3.560112,50,468.831538,0.0
-3.267129,50,468.86714,0.0
-4.281625,50,468.902406,0.0
-3.983941,50,468.938001,0.0
-3.910103,50,468.973445,0.0
-4.294838,50,469.008971,0.0
-4.551304,50,469.044443,0.0
-3.101193,50,469.07984,0.0
-3.774844,50,469.115361,0.0
-4.263536,50,469.15064,0.0
-3.159241,50,469.186743,0.0
-3.287266,50,469.223111,0.0
-4.731615,50,469.372241,0.0
-4.144431,50,469.408777,0.0
-4.224786,50,469.445148,0.0
-3.247741,50,469.481308,0.0
-3.743323,50,469.517626,0.0
-3.257289,50,469.553991,0.0
-3.64004,50,469.589963,0.0
-3.746666,50,469.62579,0.0
-4.628111,50,469.661665,0.0
-4.059243,50,469.696588,0.0
-3.641102,50,469.732047,0.0
-4.205615,50,469.767653,0.0
-3.482306,50,469.803233,0.0
-3.525473,50,469.839025,0.0
-3.742535,50,469.875281,0.0
-3.725969,50,469.911263,0.0
-2.958892,50,469.947637,0.0
-3.570181,50,469.983161,0.0
-4.081272,50,470.019104,0.0
-4.015136,50,470.055458,0.0
-3.71572,50,470.091923,0.0
-5.003523,50,470.127872,0.0
-4.276739,50,470.163876,0.0
-4.008403,50,470.199574,0.0
-4.049092,50,470.235103,0.0
-3.705241,50,470.270893,0.0
-4.006101,50,470.307289,0.0
-3.902182,50,470.343828,0.0
-4.495009,50,470.380247,0.0
-4.190424,50,470.417044,0.0
-3.9719,50,470.452646,0.0
-3.873322,50,470.488135,0.0
-4.212731,50,470.523985,0.0
-3.424659,50,470.559705,0.0
-3.806394,50,470.595233,0.0
-3.900693,50,470.630701,0.0
-4.13629,50,470.666071,0.0
-4.279663,50,470.70138,0.0
-4.113032,50,470.736927,0.0
-4.558751,50,470.772706,0.0
-4.10012,50,470.808342,0.0
-3.786171,50,470.957384,0.0
-3.946983,50,470.993254,0.0
-3.967878,50,471.029099,0.0
-4.394847,50,471.064629,0.0
-4.366387,50,471.100052,0.0
-3.719765,50,471.135946,0.0
-3.938646,50,471.17278,0.0
-3.278469,50,471.209282,0.0
-4.158548,50,471.245783,0.0
-3.593474,50,471.281989,0.0
-3.601529,50,471.318141,0.0
-3.563358,50,471.354979,0.0
-4.202572,50,471.391271,0.0
-3.928141,50,471.427426,0.0
-3.703381,50,471.463512,0.0
-3.849728,50,471.499671,0.0
-3.972201,50,471.536287,0.0
-4.157001,50,471.572109,0.0
-3.970548,50,471.608137,0.0
-3.890222,50,471.644465,0.0
-4.441031,50,471.680644,0.0
-3.944934,50,471.71645,0.0
-3.758795,50,471.752813,0.0
-3.479023,50,471.789209,0.0
-3.005961,50,471.825317,0.0
-4.180609,50,471.861295,0.0
-4.017407,50,471.897746,0.0
-3.991189,50,471.933973,0.0
-3.829898,50,471.969165,0.0
-3.746879,50,472.005116,0.0
-3.88703,50,472.041063,0.0
-3.138222,50,472.076944,0.0
-3.762029,50,472.113279,0.0
-4.002966,50,472.148911,0.0
-3.685856,50,472.184121,0.0
-3.790906,50,472.219635,0.0
-3.839124,50,472.254898,0.0
-3.721374,50,472.290227,0.0
-3.8774,50,472.326221,0.0
-3.82514,50,472.361953,0.0
-4.079067,50,472.397262,0.0
-4.050176,50,472.54676,0.0
-3.363739,50,472.583328,0.0
-3.776891,50,472.619866,0.0
-3.373983,50,472.656398,0.0
-4.137293,50,472.693083,0.0
-3.465337,50,472.729442,0.0
-3.939719,50,472.765569,0.0
-3.818056,50,472.802064,0.0
-3.306909,50,472.838247,0.0
-2.848696,50,472.874609,0.0
-3.933302,50,472.91111,0.0
-3.443235,50,472.947342,0.0
-4.403529,50,472.983526,0.0
-3.672344,50,473.0196,0.0
-4.102565,50,473.055839,0.0
-3.785234,50,473.092144,0.0
-3.759876,50,473.127927,0.0
-3.886142,50,473.164467,0.0
-3.606491,50,473.200595,0.0
-4.299039,50,473.236129,0.0
-3.463375,50,473.271609,0.0
-3.912149,50,473.306888,0.0
-4.406071,50,473.342293,0.0
-4.18024,50,473.378058,0.0
-4.306491,50,473.4131,0.0
-3.288905,50,473.448542,0.0
-3.783286,50,473.484301,0.0
-4.081036,50,473.519673,0.0
-4.010447,50,473.55514,0.0
-3.478063,50,473.590648,0.0
-3.850474,50,473.625858,0.0
-3.73026,50,473.661123,0.0
-4.423872,50,473.696622,0.0
-4.022006,50,473.731945,0.0
-3.914339,50,473.767299,0.0
-3.896232,50,473.802774,0.0
-4.024855,50,473.837863,0.0
-3.708463,50,473.87327,0.0
-4.199561,50,473.908318,0.0
-3.79491,50,473.943744,0.0
-3.981852,50,473.979357,0.0
-4.872985,50,474.127883,0.0
-3.53395,50,474.163591,0.0
-3.83255,50,474.198903,0.0
-4.454067,50,474.234371,0.0
-3.722343,50,474.269502,0.0
-4.412765,50,474.304973,0.0
-4.30684,50,474.340656,0.0
-3.993169,50,474.3762,0.0
-2.959817,50,474.411602,0.0
-4.158097,50,474.446709,0.0
-3.563424,50,474.482151,0.0
-3.739511,50,474.517592,0.0
-4.072372,50,474.553498,0.0
-4.113362,50,474.589311,0.0
-4.319648,50,474.62464,0.0
-3.922321,50,474.660091,0.0
-4.118648,50,474.695787,0.0
-3.621537,50,474.730943,0.0
-2.912457,50,474.766625,0.0
-3.462763,50,474.802144,0.0
-4.674006,50,474.837654,0.0
-3.348957,50,474.873079,0.0
-4.668722,50,474.908376,0.0
-3.851281,50,474.944137,0.0
-3.540579,50,474.979608,0.0
-4.157034,50,475.015129,0.0
-3.779149,50,475.050582,0.0
-4.579672,50,475.086184,0.0
-4.344425,50,475.122427,0.0
-3.719645,50,475.157906,0.0
-3.965877,50,475.193766,0.0
-4.131131,50,475.230227,0.0
-3.837857,50,475.266672,0.0
-4.125877,50,475.30212,0.0
-4.37324,50,475.338894,0.0
-2.997888,50,475.375352,0.0
-3.890401,50,475.411606,0.0
-4.032216,50,475.448032,0.0
-3.902851,50,475.484433,0.0
-3.95829,50,475.520914,0.0
-3.957201,50,475.557021,0.0
-3.320147,50,475.707115,0.0
-3.693682,50,475.743685,0.0
-3.448999,50,475.78035,0.0
-4.02997,50,475.816607,0.0
-2.891932,50,475.853138,0.0
-3.125684,50,475.889413,0.0
-4.33018,50,475.925703,0.0
-4.074437,50,475.962238,0.0
-4.083792,50,475.997734,0.0
-4.101126,50,476.033624,0.0
-4.158419,50,476.069148,0.0
-4.142865,50,476.104722,0.0
-3.690692,50,476.140527,0.0
-3.816952,50,476.176694,0.0
-3.69151,50,476.212338,0.0
-3.825839,50,476.247821,0.0
-4.238296,50,476.283811,0.0
-3.758143,50,476.319155,0.0
-3.943348,50,476.354841,0.0
-3.915735,50,476.391332,0.0
-4.507622,50,476.427617,0.0
-4.416268,50,476.464196,0.0
-4.206913,50,476.500263,0.0
-4.270521,50,476.536806,0.0
-3.842852,50,476.573153,0.0
-3.690759,50,476.609739,0.0
-3.865911,50,476.646242,0.0
-4.012959,50,476.682641,0.0
-3.703814,50,476.719009,0.0
-3.125075,50,476.755242,0.0
-4.033124,50,476.791336,0.0
-3.509309,50,476.827278,0.0
-3.417615,50,476.862847,0.0
-4.163429,50,476.899201,0.0
-3.750626,50,476.935716,0.0
-3.278299,50,476.97168,0.0
-3.543755,50,477.007995,0.0
-3.35006,50,477.044423,0.0
-4.481826,50,477.079789,0.0
-3.734003,50,477.115223,0.0
-2.908941,50,477.264333,0.0
-4.165622,50,477.300275,0.0
-4.050338,50,477.335706,0.0
-4.185668,50,477.370897,0.0
-4.214975,50,477.406583,0.0
-3.559225,50,477.442086,0.0
-3.535818,50,477.478315,0.0
-3.524114,50,477.514537,0.0
-3.99018,50,477.55027,0.0
-4.339738,50,477.585986,0.0
-3.50603,50,477.622281,0.0
-3.30668,50,477.658415,0.0
-3.796672,50,477.693709,0.0
-3.801567,50,477.728974,0.0
-4.284746,50,477.765064,0.0
-4.342864,50,477.800814,0.0
-3.280062,50,477.836172,0.0
-3.456795,50,477.871441,0.0
-3.196734,50,477.907039,0.0
-3.554682,50,477.94206,0.0
-4.005566,50,477.977533,0.0
-4.207233,50,478.013414,0.0
-4.583813,50,478.049567,0.0
-3.842182,50,478.085868,0.0
-3.652323,50,478.121278,0.0
-3.77274,50,478.156457,0.0
-3.857452,50,478.191741,0.0
-4.077913,50,478.226874,0.0
-4.090582,50,478.262268,0.0
-3.623546,50,478.297517,0.0
-4.056899,50,478.333247,0.0
-4.066666,50,478.369427,0.0
-3.014717,50,478.405194,0.0
-3.929973,50,478.440787,0.0
-4.211357,50,478.476415,0.0
-3.50848,50,478.511965,0.0
-3.868159,50,478.547082,0.0
-3.959185,50,478.583368,0.0
-4.235494,50,478.618904,0.0
-4.133729,50,478.654232,0.0
-4.33802,50,478.689514,0.0
-4.255385,50,478.840531,0.0
-3.633773,50,478.876099,0.0
-3.948867,50,478.912022,0.0
-4.54342,50,478.948123,0.0
-3.828789,50,478.984009,0.0
-3.968209,50,479.020162,0.0
-3.818854,50,479.056423,0.0
-3.258772,50,479.093057,0.0
-4.146692,50,479.129702,0.0
-3.642534,50,479.166273,0.0
-3.971923,50,479.202688,0.0
-4.121081,50,479.23907,0.0
-4.174611,50,479.275569,0.0
-3.758182,50,479.312252,0.0
-4.27152,50,479.348391,0.0
-3.743888,50,479.383862,0.0
-3.296408,50,479.419359,0.0
-4.095871,50,479.454683,0.0
-3.854092,50,479.490165,0.0
-3.274624,50,479.525435,0.0
-3.916473,50,479.560913,0.0
-3.916672,50,479.596587,0.0
-4.251741,50,479.632886,0.0
-4.031357,50,479.668777,0.0
-4.419747,50,479.704353,0.0
-3.785371,50,479.740857,0.0
-3.923496,50,479.777181,0.0
-3.888419,50,479.812779,0.0
-4.078113,50,479.848751,0.0
-2.936014,50,479.88454,0.0
-3.25046,50,479.920718,0.0
-4.088929,50,479.956869,0.0
-3.927169,50,479.992497,0.0
-3.800329,50,480.027489,0.0
-3.176371,50,480.062873,0.0
-3.049335,50,480.098234,0.0
-3.831601,50,480.133383,0.0
-3.402728,50,480.168852,0.0
-3.826224,50,480.204725,0.0
-3.560152,50,480.240486,0.0
-3.794751,50,480.275797,0.0
-4.185393,50,480.424949,0.0
-3.978966,50,480.460957,0.0
-4.367422,50,480.496656,0.0
-3.990928,50,480.532698,0.0
-3.864509,50,480.568477,0.0
-3.615352,50,480.603913,0.0
-3.435048,50,480.639216,0.0
-3.671796,50,480.674812,0.0
-4.435064,50,480.710826,0.0
-4.108399,50,480.746178,0.0
-4.087111,50,480.782179,0.0
-3.913387,50,480.818438,0.0
-4.374961,50,480.853675,0.0
-4.133366,50,480.889132,0.0
-3.417261,50,480.924215,0.0
-3.292881,50,480.95963,0.0
-4.5541,50,480.995065,0.0
-4.488782,50,481.03039,0.0
-4.103997,50,481.06566,0.0
-3.97741,50,481.101327,0.0
-4.300971,50,481.136909,0.0
-3.838595,50,481.172073,0.0
-4.230499,50,481.207602,0.0
-4.458969,50,481.243753,0.0
-4.312854,50,481.279527,0.0
-4.405323,50,481.31569,0.0
-4.017568,50,481.351674,0.0
-3.597154,50,481.387607,0.0
-4.64689,50,481.423442,0.0
-3.74024,50,481.459713,0.0
-3.85544,50,481.494811,0.0
-3.211922,50,481.530257,0.0
-4.064719,50,481.565592,0.0
-3.831035,50,481.600654,0.0
-2.927506,50,481.636083,0.0
-3.459976,50,481.672548,0.0
-3.17295,50,481.70867,0.0
-3.840176,50,481.744669,0.0
-3.99269,50,481.781099,0.0
-4.045388,50,481.816946,0.0
-3.682401,50,481.85296,0.0
-3.016113,50,482.003449,0.0
-3.238815,50,482.039258,0.0
-3.788049,50,482.075369,0.0
-3.394552,50,482.111013,0.0
-3.669065,50,482.146379,0.0
-4.389163,50,482.18204,0.0
-4.161174,50,482.217729,0.0
-3.781085,50,482.254156,0.0
-4.032027,50,482.290431,0.0
-3.680883,50,482.327159,0.0
-4.217371,50,482.363158,0.0
-4.370526,50,482.398811,0.0
-3.888692,50,482.434669,0.0
-4.113494,50,482.470512,0.0
-4.599342,50,482.506119,0.0
-3.072212,50,482.542015,0.0
-3.783469,50,482.57759,0.0
-4.335565,50,482.613272,0.0
-3.756366,50,482.649566,0.0
-3.82795,50,482.686007,0.0
-3.890822,50,482.721876,0.0
-3.743975,50,482.758488,0.0
-3.971575,50,482.795043,0.0
-4.345961,50,482.830519,0.0
-3.46968,50,482.865992,0.0
-4.234389,50,482.902339,0.0
-4.08423,50,482.938889,0.0
-3.478685,50,482.974842,0.0
-3.688414,50,483.010327,0.0
-3.912566,50,483.046066,0.0
-3.531074,50,483.082166,0.0
-3.441223,50,483.117923,0.0
-3.531564,50,483.153484,0.0
-3.974768,50,483.189181,0.0
-3.878217,50,483.225378,0.0
-4.387275,50,483.261079,0.0
-3.753221,50,483.296993,0.0
-3.638857,50,483.333352,0.0
-4.066114,50,483.369869,0.0
-4.094679,50,483.40611,0.0
-3.45286,50,483.442141,0.0
-4.411242,50,483.593265,0.0
-4.022022,50,483.629127,0.0
-3.61232,50,483.665537,0.0
-3.490129,50,483.701163,0.0
-3.354767,50,483.736399,0.0
-3.098488,50,483.772095,0.0
-3.807186,50,483.807707,0.0
-4.180646,50,483.842864,0.0
-3.64057,50,483.878134,0.0
-3.310697,50,483.913867,0.0
-4.329755,50,483.949289,0.0
-3.624531,50,483.984635,0.0
-3.938967,50,484.020202,0.0
-4.14169,50,484.055612,0.0
-4.136112,50,484.091259,0.0
-3.738656,50,484.127916,0.0
-4.456133,50,484.16335,0.0
-4.283691,50,484.198791,0.0
-3.987308,50,484.235165,0.0
-4.129393,50,484.271197,0.0
-3.472861,50,484.306529,0.0
-3.551163,50,484.342928,0.0
-3.749201,50,484.379,0.0
-3.523747,50,484.414987,0.0
-3.48049,50,484.450981,0.0
-3.957005,50,484.487237,0.0
-4.128311,50,484.523452,0.0
-3.702752,50,484.559365,0.0
-3.895079,50,484.595907,0.0
-3.662167,50,484.631865,0.0
-4.023278,50,484.667947,0.0
-4.35519,50,484.703988,0.0
-3.969847,50,484.739891,0.0
-3.7423,50,484.776238,0.0
-3.873333,50,484.812401,0.0
-4.533521,50,484.848829,0.0
-3.648202,50,484.884852,0.0
-3.889048,50,484.920887,0.0
-3.565585,50,484.957291,0.0
-3.953809,50,484.99364,0.0
-3.699697,50,485.029506,0.0
-3.964004,50,485.179742,0.0
-4.463976,50,485.215976,0.0
-3.632919,50,485.25261,0.0
-3.83466,50,485.288436,0.0
-3.325211,50,485.324279,0.0
-3.974666,50,485.36019,0.0
-3.273425,50,485.3959,0.0
-3.525611,50,485.431437,0.0
-4.283497,50,485.466944,0.0
-4.313266,50,485.502444,0.0
-4.315137,50,485.537943,0.0
-3.693905,50,485.57332,0.0
-3.889973,50,485.608986,0.0
-3.605228,50,485.644194,0.0
-3.517076,50,485.679693,0.0
-4.179425,50,485.715155,0.0
-3.325385,50,485.750495,0.0
-4.293438,50,485.785808,0.0
-2.99976,50,485.820904,0.0
-3.413937,50,485.856234,0.0
-4.209479,50,485.891691,0.0
-4.425894,50,485.927067,0.0
-4.565612,50,485.962133,0.0
-3.768395,50,485.997712,0.0
-4.12587,50,486.032908,0.0
-4.410674,50,486.068096,0.0
-3.836398,50,486.10345,0.0
-3.574647,50,486.138747,0.0
-4.226573,50,486.173729,0.0
-3.243919,50,486.209091,0.0
-4.069058,50,486.24429,0.0
-4.035963,50,486.279454,0.0
-3.814726,50,486.315224,0.0
-4.30838,50,486.350665,0.0
-3.633527,50,486.386105,0.0
-3.381807,50,486.421708,0.0
-3.513916,50,486.456929,0.0
-3.660465,50,486.492382,0.0
-4.133721,50,486.528286,0.0
-3.224555,50,486.563644,0.0
-3.782182,50,486.599205,0.0
-4.044731,50,486.749244,0.0
-4.028351,50,486.785683,0.0
-4.241359,50,486.822027,0.0
-4.016179,50,486.857728,0.0
-3.626962,50,486.893621,0.0
-3.392014,50,486.929143,0.0
-3.955006,50,486.964994,0.0
-3.771308,50,487.000365,0.0
-3.897746,50,487.036072,0.0
-3.693093,50,487.071596,0.0
-4.54885,50,487.107081,0.0
-3.725157,50,487.142697,0.0
-4.296922,50,487.178192,0.0
-3.194532,50,487.213404,0.0
-4.025546,50,487.248963,0.0
-3.784219,50,487.284499,0.0
-4.121165,50,487.3202,0.0
-3.7833,50,487.355732,0.0
-3.830355,50,487.390842,0.0
-4.191884,50,487.426387,0.0
-4.202719,50,487.461773,0.0
-3.222804,50,487.496917,0.0
-4.087137,50,487.532312,0.0
-3.959823,50,487.567633,0.0
-3.322523,50,487.603245,0.0
-3.128936,50,487.638044,0.0
-4.498878,50,487.673342,0.0
-3.996596,50,487.708848,0.0
-3.439427,50,487.744442,0.0
-3.723679,50,487.779881,0.0
-3.864263,50,487.815143,0.0
-4.85788,50,487.850828,0.0
-3.970015,50,487.886315,0.0
-3.23996,50,487.921645,0.0
-3.977756,50,487.956801,0.0
-3.457018,50,487.99139,0.0
-4.119693,50,488.026861,0.0
-3.24398,50,488.062117,0.0
-4.364436,50,488.097454,0.0
-3.739571,50,488.132899,0.0
-2.910677,50,488.16827,0.0
-3.968684,50,488.317569,0.0
-3.913277,50,488.353158,0.0
-3.661061,50,488.388769,0.0
-4.066872,50,488.424444,0.0
-4.059466,50,488.460036,0.0
-3.949196,50,488.495398,0.0
-4.038798,50,488.531083,0.0
-4.263225,50,488.566685,0.0
-3.934172,50,488.60201,0.0
-3.95648,50,488.637516,0.0
-3.397906,50,488.672625,0.0
-3.443202,50,488.708379,0.0
-2.977209,50,488.744285,0.0
-4.20568,50,488.780491,0.0
-3.672033,50,488.816489,0.0
-3.776691,50,488.852291,0.0
-3.333205,50,488.887986,0.0
-3.293837,50,488.923556,0.0
-4.130869,50,488.959172,0.0
-3.781319,50,488.994692,0.0
-4.036405,50,489.030367,0.0
-3.517924,50,489.065786,0.0
-4.225934,50,489.10149,0.0
-3.848398,50,489.136759,0.0
-4.492473,50,489.172303,0.0
-4.094362,50,489.208011,0.0
-3.594048,50,489.243925,0.0
-3.754758,50,489.280641,0.0
-4.071429,50,489.31756,0.0
-4.022177,50,489.354072,0.0
-3.946519,50,489.390728,0.0
-4.030244,50,489.427094,0.0
-3.887394,50,489.463202,0.0
-4.184991,50,489.498872,0.0
-3.669474,50,489.534527,0.0
-3.6959,50,489.57087,0.0
-4.38951,50,489.606552,0.0
-3.648304,50,489.642394,0.0
-3.875273,50,489.678068,0.0
-3.998876,50,489.713741,0.0
-3.980465,50,489.749858,0.0
-4.956934,50,489.905727,0.0
-3.882144,50,489.941875,0.0
-3.746873,50,489.977474,0.0
-3.878723,50,490.01438,0.0
-2.967857,50,490.050241,0.0
-4.313109,50,490.086106,0.0
-3.969519,50,490.121936,0.0
-3.682257,50,490.158402,0.0
-3.455243,50,490.193923,0.0
-3.624162,50,490.230301,0.0
-3.507957,50,490.266192,0.0
-3.958985,50,490.301846,0.0
-4.116229,50,490.338034,0.0
-4.32256,50,490.373761,0.0
-3.898887,50,490.40955,0.0
-3.055337,50,490.445101,0.0
-4.30931,50,490.48085,0.0
-4.004111,50,490.516428,0.0
-3.868153,50,490.552082,0.0
-4.875461,50,490.587791,0.0
-3.797089,50,490.623568,0.0
-4.238714,50,490.659069,0.0
-4.179067,50,490.694724,0.0
-3.710559,50,490.730132,0.0
-4.340458,50,490.766053,0.0
-3.236959,50,490.80151,0.0
-4.27347,50,490.83684,0.0
-4.05237,50,490.872261,0.0
-3.794404,50,490.907916,0.0
-3.908226,50,490.943352,0.0
-3.569768,50,490.978755,0.0
-3.434771,50,491.014256,0.0
-3.53424,50,491.049564,0.0
-4.18034,50,491.084485,0.0
-4.272412,50,491.120007,0.0
-4.272315,50,491.155596,0.0
-4.064747,50,491.191576,0.0
-3.482901,50,491.227178,0.0
-4.169723,50,491.262949,0.0
-2.970845,50,491.298508,0.0
-4.290067,50,491.334138,0.0
-3.764051,50,491.48401,0.0
-4.058958,50,491.519948,0.0
-3.604137,50,491.555052,0.0
-4.062763,50,491.589741,0.0
-3.784822,50,491.624874,0.0
-3.713731,50,491.660006,0.0
-4.324771,50,491.695759,0.0
-2.942222,50,491.731453,0.0
-3.910053,50,491.767165,0.0
-4.461772,50,491.802672,0.0
-4.162397,50,491.838429,0.0
-4.150745,50,491.874091,0.0
-3.925457,50,491.909167,0.0
-4.160554,50,491.944803,0.0
-3.522929,50,491.980498,0.0
-3.465262,50,492.0159,0.0
-4.138166,50,492.051842,0.0
-4.00923,50,492.087436,0.0
-4.501935,50,492.122615,0.0
-3.314381,50,492.158395,0.0
-3.930853,50,492.193917,0.0
-3.980619,50,492.229493,0.0
-3.167407,50,492.265795,0.0
-4.465475,50,492.30188,0.0
-4.294805,50,492.338166,0.0
-3.99836,50,492.37461,0.0
-3.29843,50,492.410794,0.0
-3.20518,50,492.446417,0.0
-3.97306,50,492.48256,0.0
-3.606167,50,492.5192,0.0
-3.653198,50,492.555339,0.0
-4.138287,50,492.591599,0.0
-3.809202,50,492.627868,0.0
-3.551969,50,492.664205,0.0
-3.295546,50,492.70044,0.0
-3.545202,50,492.736688,0.0
-3.390208,50,492.773175,0.0
-3.572804,50,492.809742,0.0
-4.355593,50,492.846108,0.0
-3.770519,50,492.882415,0.0
-4.282099,50,492.918782,0.0
-3.921112,50,493.068246,0.0
-3.58612,50,493.104642,0.0
-3.597005,50,493.140765,0.0
-3.912779,50,493.177132,0.0
-4.159855,50,493.213396,0.0
-4.357914,50,493.249444,0.0
-4.185516,50,493.285386,0.0
-3.770121,50,493.321586,0.0
-3.533671,50,493.357798,0.0
-3.822714,50,493.394076,0.0
-3.804313,50,493.430116,0.0
-3.954826,50,493.46613,0.0
-4.300206,50,493.501491,0.0
-3.86681,50,493.536722,0.0
-4.110006,50,493.572087,0.0
-3.898031,50,493.606927,0.0
-4.442016,50,493.642563,0.0
-3.687791,50,493.678565,0.0
-4.046406,50,493.714859,0.0
-3.081388,50,493.751261,0.0
-3.658873,50,493.787182,0.0
-3.927767,50,493.823081,0.0
-3.660644,50,493.85987,0.0
-4.192622,50,493.896638,0.0
-3.918997,50,493.937072,0.0
-3.92631,50,493.981158,0.0
-3.442568,50,494.020941,0.0
-3.320069,50,494.056823,0.0
-3.763038,50,494.092321,0.0
-4.001123,50,494.128049,0.0
-3.733334,50,494.163871,0.0
-3.687905,50,494.200175,0.0
-3.43558,50,494.236345,0.0
-4.394248,50,494.272702,0.0
-3.948722,50,494.309313,0.0
-3.456916,50,494.345385,0.0
-4.140283,50,494.381262,0.0
-3.918801,50,494.417248,0.0
-3.754712,50,494.453669,0.0
-3.733255,50,494.490084,0.0
-3.966362,50,494.525734,0.0
-3.809348,50,494.67479,0.0
-3.570741,50,494.711541,0.0
-4.082042,50,494.747519,0.0
-3.967275,50,494.783404,0.0
-4.401104,50,494.818907,0.0
-3.963185,50,494.854217,0.0
-3.707852,50,494.888921,0.0
-4.009935,50,494.923963,0.0
-3.952477,50,494.959465,0.0
-4.059501,50,494.995011,0.0
-3.407098,50,495.030425,0.0
-3.808877,50,495.065644,0.0
-3.276901,50,495.101167,0.0
-3.851082,50,495.136626,0.0
-4.333978,50,495.172193,0.0
-3.83527,50,495.207493,0.0
-3.838311,50,495.242793,0.0
-3.723342,50,495.277978,0.0
-4.084842,50,495.312911,0.0
-3.85455,50,495.348817,0.0
-4.016344,50,495.385082,0.0
-4.532088,50,495.42135,0.0
-3.798496,50,495.458008,0.0
-4.294602,50,495.494894,0.0
-3.636463,50,495.530942,0.0
-3.134627,50,495.567189,0.0
-3.901897,50,495.603574,0.0
-3.747127,50,495.640256,0.0
-3.851304,50,495.676779,0.0
-3.674862,50,495.713327,0.0
-4.398775,50,495.749897,0.0
-3.907661,50,495.786144,0.0
-3.445515,50,495.822806,0.0
-4.478737,50,495.858944,0.0
-3.205291,50,495.895317,0.0
-3.855918,50,495.931592,0.0
-3.762626,50,495.968213,0.0
-4.067836,50,496.004591,0.0
-3.792714,50,496.040619,0.0
-3.754874,50,496.077366,0.0
-3.817225,50,496.113686,0.0
-4.180922,50,496.263933,0.0
-3.771287,50,496.300109,0.0
-4.555487,50,496.336619,0.0
-3.859578,50,496.372693,0.0
-3.644799,50,496.40871,0.0
-4.297341,50,496.445053,0.0
-3.343226,50,496.481591,0.0
-3.54072,50,496.518147,0.0
-4.038482,50,496.553672,0.0
-3.1252,50,496.589785,0.0
-3.456224,50,496.625878,0.0
-4.75473,50,496.662263,0.0
-3.875982,50,496.698088,0.0
-3.67946,50,496.73366,0.0
-4.209789,50,496.769656,0.0
-4.03072,50,496.806352,0.0
-3.167761,50,496.842582,0.0
-3.206214,50,496.878824,0.0
-3.651015,50,496.914995,0.0
-2.958961,50,496.95213,0.0
-4.167877,50,496.989933,0.0
-3.356218,50,497.026922,0.0
-4.007252,50,497.063596,0.0
-4.035294,50,497.100213,0.0
-3.867884,50,497.136427,0.0
-3.804152,50,497.172954,0.0
-3.605799,50,497.209496,0.0
-4.172795,50,497.24588,0.0
-3.434772,50,497.28226,0.0
-3.726287,50,497.318837,0.0
-3.959707,50,497.355046,0.0
-3.619475,50,497.39162,0.0
-3.998642,50,497.427825,0.0
-4.105466,50,497.464251,0.0
-4.011305,50,497.500296,0.0
-4.34074,50,497.536659,0.0
-3.794351,50,497.57325,0.0
-3.565179,50,497.609685,0.0
-3.386425,50,497.645294,0.0
-4.058883,50,497.681106,0.0
-4.126869,50,497.71753,0.0
-4.094683,50,497.867651,0.0
-4.179785,50,497.904166,0.0
-3.922796,50,497.940247,0.0
-3.369152,50,497.976909,0.0
-3.381578,50,498.012832,0.0
-3.816653,50,498.048373,0.0
-3.937632,50,498.084962,0.0
-4.059193,50,498.121542,0.0
-3.889301,50,498.157389,0.0
-3.381663,50,498.192805,0.0
-3.709173,50,498.228895,0.0
-4.213554,50,498.264242,0.0
-3.781142,50,498.299493,0.0
-3.728358,50,498.334742,0.0
-3.490656,50,498.370327,0.0
-4.202434,50,498.405481,0.0
-3.100922,50,498.440769,0.0
-4.553343,50,498.476161,0.0
-4.36578,50,498.511512,0.0
-4.274913,50,498.547183,0.0
-3.810005,50,498.583,0.0
-3.543164,50,498.618404,0.0
-3.973931,50,498.654434,0.0
-3.946375,50,498.690595,0.0
-4.15785,50,498.726798,0.0
-4.096733,50,498.763184,0.0
-3.668035,50,498.799673,0.0
-3.769233,50,498.83591,0.0
-3.397771,50,498.872333,0.0
-4.418818,50,498.909025,0.0
-4.049321,50,498.945249,0.0
-3.278281,50,498.981486,0.0
-4.111673,50,499.017795,0.0
-3.183173,50,499.053569,0.0
-3.773455,50,499.089665,0.0
-3.908446,50,499.125258,0.0
-4.234114,50,499.161323,0.0
-3.257137,50,499.197075,0.0
-4.281302,50,499.232534,0.0
-3.665994,50,499.269147,0.0
-3.413959,50,499.30528,0.0
-3.85183,50,499.455525,0.0
-4.08523,50,499.49175,0.0
-3.446141,50,499.5279,0.0
-4.257371,50,499.564033,0.0
-3.571751,50,499.600335,0.0
-4.205947,50,499.63581,0.0
-3.578,50,499.671153,0.0
-3.935858,50,499.706593,0.0
-4.082397,50,499.742644,0.0
-3.58591,50,499.778881,0.0
-4.300046,50,499.814916,0.0
-3.19575,50,499.85113,0.0
-4.015407,50,499.887162,0.0
-3.709268,50,499.92259,0.0
-4.713861,50,499.95797,0.0
-3.573873,50,499.99323,0.0
-3.854807,50,500.028522,0.0
-4.172966,50,500.063742,0.0
-3.842505,50,500.098804,0.0
-3.754673,50,500.135029,0.0
-4.019283,50,500.171563,0.0
-4.099239,50,500.208155,0.0
-4.081502,50,500.244359,0.0
-4.091969,50,500.280761,0.0
-4.494457,50,500.316279,0.0
-4.28949,50,500.351757,0.0
-3.675763,50,500.387308,0.0
-3.177748,50,500.423051,0.0
-3.601448,50,500.459002,0.0
-3.719404,50,500.495585,0.0
-4.346356,50,500.531895,0.0
-4.894546,50,500.568061,0.0
-4.163449,50,500.604558,0.0
-4.428278,50,500.640884,0.0
-4.007363,50,500.677253,0.0
-3.839974,50,500.713311,0.0
-4.230839,50,500.749653,0.0
-3.428823,50,500.785893,0.0
-4.224407,50,500.822447,0.0
-4.173088,50,500.858721,0.0
-3.902815,50,500.894789,0.0
-4.102247,50,501.043491,0.0
-4.114237,50,501.079828,0.0
-3.90836,50,501.116362,0.0
-3.760257,50,501.152514,0.0
-4.117275,50,501.188868,0.0
-3.646985,50,501.225222,0.0
-3.881865,50,501.261378,0.0
-3.842555,50,501.297685,0.0
-3.81035,50,501.333807,0.0
-4.315912,50,501.369718,0.0
-3.846238,50,501.405904,0.0
-3.666416,50,501.442369,0.0
-4.024222,50,501.478595,0.0
-3.983149,50,501.51485,0.0
-3.954627,50,501.551259,0.0
-3.904875,50,501.587734,0.0
-3.971775,50,501.624419,0.0
-3.346159,50,501.660741,0.0
-4.459231,50,501.697678,0.0
-3.509639,50,501.734245,0.0
-4.351915,50,501.770066,0.0
-3.779239,50,501.806539,0.0
-4.416658,50,501.843125,0.0
-3.701796,50,501.879424,0.0
-3.676012,50,501.915715,0.0
-3.670734,50,501.95211,0.0
-3.837165,50,501.988397,0.0
-3.411095,50,502.02471,0.0
-4.113435,50,502.061013,0.0
-3.886847,50,502.097128,0.0
-4.430271,50,502.133569,0.0
-4.031667,50,502.169573,0.0
-3.618534,50,502.20592,0.0
-4.05344,50,502.242333,0.0
-4.136726,50,502.2783,0.0
-3.312031,50,502.314395,0.0
-3.653953,50,502.350793,0.0
-4.208559,50,502.386734,0.0
-3.604265,50,502.423003,0.0
-4.13626,50,502.459354,0.0
-3.753931,50,502.495289,0.0
-4.271431,50,502.645943,0.0
-4.442269,50,502.682457,0.0
-3.98503,50,502.71915,0.0
-3.717105,50,502.755639,0.0
-3.446638,50,502.791909,0.0
-3.543166,50,502.82858,0.0
-3.892673,50,502.864849,0.0
-3.33534,50,502.90116,0.0
-3.904437,50,502.937453,0.0
-3.526232,50,502.973529,0.0
-3.955094,50,503.009952,0.0
-4.206595,50,503.04635,0.0
-3.951326,50,503.082602,0.0
-3.64371,50,503.118937,0.0
-3.617112,50,503.155377,0.0
-3.956318,50,503.191898,0.0
-4.430741,50,503.584657,0.0
-3.911471,50,503.620158,0.0
-3.38432,50,503.655784,0.0
-3.470979,50,503.691128,0.0
-4.248324,50,503.726618,0.0
-3.852762,50,503.762031,0.0
-3.598507,50,503.79728,0.0
-3.677594,50,503.832445,0.0
-3.458059,50,503.86833,0.0
-3.630674,50,503.903492,0.0
-4.140933,50,503.938949,0.0
-3.896508,50,503.974182,0.0
-3.975054,50,504.009357,0.0
-3.508886,50,504.044896,0.0
-3.761939,50,504.080421,0.0
-4.34091,50,504.115771,0.0
-4.269641,50,504.151345,0.0
-3.967864,50,504.186641,0.0
-3.396742,50,504.221636,0.0
-3.821624,50,504.257101,0.0
-3.943436,50,504.292307,0.0
-3.956306,50,504.327574,0.0
-3.605267,50,504.362916,0.0
-3.456651,50,504.397921,0.0
-4.68258,50,504.433344,0.0
-3.156406,50,504.583696,0.0
-4.144357,50,504.619512,0.0
-4.365716,50,504.656502,0.0
-3.596254,50,504.693183,0.0
-3.245881,50,504.73001,0.0
-4.01447,50,504.766442,0.0
-3.811496,50,504.802134,0.0
-3.995515,50,504.837726,0.0
-4.194796,50,504.874317,0.0
-4.123169,50,504.910416,0.0
-3.769068,50,504.945829,0.0
-4.100316,50,504.981217,0.0
-4.142583,50,505.018205,0.0
-3.017749,50,505.05415,0.0
-3.472051,50,505.089763,0.0
-4.05688,50,505.125565,0.0
-4.159918,50,505.161485,0.0
-3.521888,50,505.1971,0.0
-3.031809,50,505.232789,0.0
-3.124652,50,505.269177,0.0
-4.07284,50,505.305298,0.0
-3.785747,50,505.34168,0.0
-3.104596,50,505.377723,0.0
-3.00275,50,505.413532,0.0
-2.82428,50,505.449058,0.0
-4.039927,50,505.484877,0.0
-3.298774,50,505.520309,0.0
-4.869653,50,505.555757,0.0
-4.086784,50,505.591624,0.0
-2.971573,50,505.627599,0.0
-3.25495,50,505.664296,0.0
-4.346158,50,505.700608,0.0
-4.203202,50,505.736709,0.0
-4.116995,50,505.772383,0.0
-4.464035,50,505.808068,0.0
-3.373383,50,505.843684,0.0
-4.421545,50,505.879669,0.0
-3.852431,50,505.915879,0.0
-4.666983,50,505.952059,0.0
-3.333616,50,505.98845,0.0
-3.969119,50,506.024735,0.0
-4.015605,50,506.175588,0.0
-4.118368,50,506.212557,0.0
-4.251486,50,506.248861,0.0
-3.929025,50,506.285104,0.0
-3.27233,50,506.321178,0.0
-2.996489,50,506.357015,0.0
-3.987505,50,506.392393,0.0
-3.71434,50,506.428289,0.0
-4.114716,50,506.463902,0.0
-3.949376,50,506.499432,0.0
-4.17329,50,506.534944,0.0
-4.018803,50,506.570881,0.0
-3.665613,50,506.607141,0.0
-3.930481,50,506.643566,0.0
-3.390296,50,506.680015,0.0
-3.801387,50,506.716236,0.0
-4.008455,50,506.752391,0.0
-4.163865,50,506.788782,0.0
-4.050693,50,506.825293,0.0
-3.928479,50,506.861416,0.0
-3.997023,50,506.897755,0.0
-3.800814,50,506.934008,0.0
-3.463499,50,506.969835,0.0
-3.820591,50,507.005981,0.0
-3.947538,50,507.042293,0.0
-3.409589,50,507.078177,0.0
-3.528019,50,507.114644,0.0
-3.629189,50,507.151202,0.0
-3.116795,50,507.187955,0.0
-3.4071,50,507.224087,0.0
-3.585685,50,507.260572,0.0
-4.80904,50,507.296655,0.0
-3.654372,50,507.332784,0.0
-3.770276,50,507.368498,0.0
-4.115029,50,507.404803,0.0
-3.630367,50,507.441003,0.0
-3.77618,50,507.476513,0.0
-4.33624,50,507.512166,0.0
-3.337355,50,507.548216,0.0
-3.73628,50,507.583411,0.0
-3.530262,50,507.619266,0.0
-3.718918,50,507.770238,0.0
-4.798462,50,507.806441,0.0
-3.71964,50,507.84261,0.0
-3.675504,50,507.878792,0.0
-3.831771,50,507.915394,0.0
-4.123644,50,507.95169,0.0
-4.101912,50,507.987993,0.0
-3.309232,50,508.024149,0.0
-3.364204,50,508.060464,0.0
-3.962448,50,508.096684,0.0
-4.126364,50,508.133312,0.0
-3.690017,50,508.169537,0.0
-3.486469,50,508.205719,0.0
-3.897577,50,508.241387,0.0
-4.334052,50,508.277481,0.0
-3.16281,50,508.313615,0.0
-4.07203,50,508.349218,0.0
-3.866425,50,508.385619,0.0
-3.961118,50,508.421498,0.0
-3.676656,50,508.457063,0.0
-4.10849,50,508.492502,0.0
-3.751969,50,508.528132,0.0
-4.417453,50,508.564507,0.0
-3.514629,50,508.600901,0.0
-3.748714,50,508.636284,0.0
-4.166593,50,508.671718,0.0
-4.628714,50,508.707505,0.0
-3.873882,50,508.74394,0.0
-4.209372,50,508.779646,0.0
-3.518511,50,508.81461,0.0
-4.054797,50,508.850288,0.0
-3.919106,50,508.886425,0.0
-3.687314,50,508.922474,0.0
-4.035133,50,508.958634,0.0
-3.897006,50,508.994576,0.0
-3.77954,50,509.030219,0.0
-3.966845,50,509.065623,0.0
-4.143547,50,509.101272,0.0
-3.45024,50,509.136631,0.0
-3.702847,50,509.171961,0.0
-3.565635,50,509.20804,0.0
-3.951321,50,509.357054,0.0
-3.768027,50,509.392908,0.0
-2.986004,50,509.428589,0.0
-3.668537,50,509.464245,0.0
-3.457897,50,509.499788,0.0
-3.326812,50,509.535112,0.0
-3.265139,50,509.570992,0.0
-3.370724,50,509.606898,0.0
-2.949921,50,509.643514,0.0
-4.167058,50,509.679208,0.0
-3.556957,50,509.714934,0.0
-3.873242,50,509.750242,0.0
-4.192671,50,509.787081,0.0
-3.860586,50,509.823108,0.0
-4.209925,50,509.859468,0.0
-3.997556,50,509.895502,0.0
-3.167741,50,509.9319,0.0
-3.955909,50,509.967906,0.0
-3.727922,50,510.004349,0.0
-3.884722,50,510.040548,0.0
-4.190561,50,510.076396,0.0
-3.709547,50,510.112833,0.0
-3.739557,50,510.14936,0.0
-4.065563,50,510.185165,0.0
-3.608352,50,510.221667,0.0
-4.391832,50,510.257306,0.0
-3.396393,50,510.2939,0.0
-3.797204,50,510.32952,0.0
-3.580239,50,510.365342,0.0
-4.022578,50,510.401521,0.0
-3.748611,50,510.43774,0.0
-4.707636,50,510.473928,0.0
-3.938108,50,510.509783,0.0
-3.672029,50,510.54505,0.0
-4.317627,50,510.580468,0.0
-3.843652,50,510.61611,0.0
-3.853342,50,510.652056,0.0
-3.785409,50,510.687281,0.0
-3.725088,50,510.722701,0.0
-3.001128,50,510.75903,0.0
-3.630617,50,510.795253,0.0
-3.761126,50,510.944967,0.0
-4.074819,50,510.980568,0.0
-3.744043,50,511.016686,0.0
-3.476445,50,511.05288,0.0
-3.714621,50,511.089419,0.0
-3.58996,50,511.125526,0.0
-3.838995,50,511.161571,0.0
-4.404467,50,511.19774,0.0
-4.134869,50,511.233552,0.0
-3.6303,50,511.268847,0.0
-3.718242,50,511.305163,0.0
-3.765263,50,511.341374,0.0
-4.106362,50,511.377544,0.0
-3.921894,50,511.413455,0.0
-3.913327,50,511.449582,0.0
-3.885299,50,511.485726,0.0
-3.638455,50,511.521781,0.0
-3.673145,50,511.557935,0.0
-4.220398,50,511.594355,0.0
-3.909499,50,511.629934,0.0
-3.61786,50,511.665529,0.0
-3.90661,50,511.701124,0.0
-3.897828,50,511.736489,0.0
-4.13423,50,511.772079,0.0
-4.206724,50,511.807656,0.0
-3.584752,50,511.842899,0.0
-3.643412,50,511.878163,0.0
-4.174194,50,511.913996,0.0
-3.687444,50,511.9493,0.0
-3.284826,50,511.984508,0.0
-4.20927,50,512.020079,0.0
-3.719997,50,512.055463,0.0
-4.025654,50,512.090776,0.0
-4.185502,50,512.126742,0.0
-3.293896,50,512.162105,0.0
-3.580592,50,512.197636,0.0
-3.971252,50,512.233249,0.0
-4.601803,50,512.268518,0.0
-3.976012,50,512.303721,0.0
-3.809583,50,512.339176,0.0
-3.64191,50,512.374711,0.0
-4.15905,50,512.524172,0.0
-3.060761,50,512.559813,0.0
-3.270543,50,512.596272,0.0
-4.486782,50,512.632701,0.0
-3.283428,50,512.668166,0.0
-4.22079,50,512.704004,0.0
-4.394866,50,512.740075,0.0
-3.713145,50,512.776214,0.0
-3.61927,50,512.811768,0.0
-3.698282,50,512.847274,0.0
-4.053485,50,512.88283,0.0
-3.27094,50,512.918209,0.0
-3.637285,50,512.953554,0.0
-4.215804,50,512.989169,0.0
-4.167948,50,513.024449,0.0
-4.334532,50,513.06014,0.0
-3.372324,50,513.095723,0.0
-3.489943,50,513.131183,0.0
-3.448677,50,513.167468,0.0
-3.473601,50,513.203784,0.0
-4.258397,50,513.240061,0.0
-3.627584,50,513.276446,0.0
-4.066255,50,513.312725,0.0
-4.564739,50,513.348776,0.0
-3.617689,50,513.38448,0.0
-4.367572,50,513.420329,0.0
-4.325977,50,513.455725,0.0
-4.024994,50,513.490642,0.0
-3.899169,50,513.525902,0.0
-4.207119,50,513.560935,0.0
-3.948705,50,513.596359,0.0
-3.251379,50,513.631663,0.0
-4.025713,50,513.667253,0.0
-4.14179,50,513.702571,0.0
-3.391118,50,513.738235,0.0
-3.166815,50,513.773454,0.0
-3.988545,50,513.808788,0.0
-3.433442,50,513.844142,0.0
-3.902781,50,513.879255,0.0
-4.630551,50,513.91483,0.0
-4.218811,50,513.95041,0.0
-4.562271,50,514.100173,0.0
-3.984987,50,514.135844,0.0
-4.074051,50,514.171645,0.0
-3.666346,50,514.207131,0.0
-4.065802,50,514.243235,0.0
-3.90241,50,514.279467,0.0
-3.909971,50,514.315259,0.0
-4.084134,50,514.351601,0.0
-3.137099,50,514.38761,0.0
-4.272534,50,514.423891,0.0
-4.285806,50,514.459484,0.0
-4.448612,50,514.494864,0.0
-3.813102,50,514.530014,0.0
-3.63367,50,514.565333,0.0
-3.202063,50,514.600751,0.0
-3.97812,50,514.63617,0.0
-3.849816,50,514.671849,0.0
-3.536467,50,514.70829,0.0
-4.080586,50,514.744274,0.0
-3.202741,50,514.780869,0.0
-4.588895,50,514.816963,0.0
-3.681132,50,514.852294,0.0
-4.043933,50,514.887924,0.0
-3.656486,50,514.923586,0.0
-4.371145,50,514.958643,0.0
-4.276577,50,514.994137,0.0
-4.38429,50,515.029173,0.0
-3.784846,50,515.064258,0.0
-3.910222,50,515.100259,0.0
-4.185285,50,515.136826,0.0
-3.801426,50,515.172814,0.0
-3.981799,50,515.208368,0.0
-2.988208,50,515.244457,0.0
-3.678685,50,515.280112,0.0
-4.303615,50,515.316313,0.0
-3.30004,50,515.352813,0.0
-4.017873,50,515.389332,0.0
-3.558115,50,515.424596,0.0
-4.257876,50,515.461064,0.0
-3.495689,50,515.49736,0.0
-3.755621,50,515.532753,0.0
-3.988352,50,515.683305,0.0
-4.266879,50,515.718666,0.0
-4.40017,50,515.754232,0.0
-3.775751,50,515.789965,0.0
-3.661711,50,515.825535,0.0
-4.146264,50,515.861068,0.0
-3.969315,50,515.896181,0.0
-3.688386,50,515.931449,0.0
-4.376779,50,515.96678,0.0
-3.762957,50,516.002035,0.0
-3.278221,50,516.038389,0.0
-4.050933,50,516.074708,0.0
-3.453837,50,516.110876,0.0
-3.710122,50,516.146671,0.0
-3.91491,50,516.182843,0.0
-3.260385,50,516.218627,0.0
-3.176923,50,516.254456,0.0
-3.467087,50,516.290195,0.0
-4.043385,50,516.32585,0.0
-3.843205,50,516.361541,0.0
-3.987908,50,516.396939,0.0
-4.256644,50,516.432742,0.0
-3.75342,50,516.469358,0.0
-4.419084,50,516.506332,0.0
-3.69546,50,516.542913,0.0
-3.807449,50,516.580385,0.0
-3.207169,50,516.616417,0.0
-4.008976,50,516.652166,0.0
-3.817226,50,516.687796,0.0
-3.707552,50,516.723945,0.0
-4.068791,50,516.760209,0.0
-4.085553,50,516.796631,0.0
-3.346359,50,516.832865,0.0
-3.870226,50,516.86871,0.0
-2.828016,50,516.90442,0.0
-3.607039,50,516.940166,0.0
-3.847481,50,516.976254,0.0
-3.755375,50,517.013029,0.0
-3.824894,50,517.048874,0.0
-3.632206,50,517.085472,0.0
-3.670194,50,517.238137,0.0
-3.319534,50,517.275004,0.0
-4.204054,50,517.311609,0.0
-3.701387,50,517.348578,0.0
-3.629599,50,517.385361,0.0
-3.456338,50,517.422048,0.0
-3.695251,50,517.458668,0.0
-4.2133,50,517.495068,0.0
-3.628276,50,517.531368,0.0
-4.363349,50,517.568234,0.0
-4.050591,50,517.604713,0.0
-3.53488,50,517.641016,0.0
-4.34732,50,517.677576,0.0
-3.838306,50,517.713938,0.0
-3.492379,50,517.749729,0.0
-4.208768,50,517.785453,0.0
-3.645456,50,517.821172,0.0
-3.688045,50,517.857039,0.0
-3.764196,50,517.893946,0.0
-3.868802,50,517.930022,0.0
-3.503681,50,517.965938,0.0
-3.556992,50,518.002304,0.0
-3.689572,50,518.039153,0.0
-4.367854,50,518.075934,0.0
-3.235161,50,518.112653,0.0
-4.099822,50,518.148932,0.0
-4.384514,50,518.185395,0.0
-3.760298,50,518.222173,0.0
-3.710482,50,518.25815,0.0
-3.733738,50,518.294429,0.0
-3.85823,50,518.330767,0.0
-3.414229,50,518.367222,0.0
-4.199276,50,518.403741,0.0
-3.591578,50,518.439978,0.0
-4.181037,50,518.476375,0.0
-4.138393,50,518.512812,0.0
-4.464502,50,518.548709,0.0
-3.829089,50,518.584979,0.0
-3.664664,50,518.621027,0.0
-3.940696,50,518.657201,0.0
-3.368613,50,518.693583,0.0
-3.383948,50,518.845058,0.0
-3.78762,50,518.881337,0.0
-3.802185,50,518.917916,0.0
-4.31837,50,518.953906,0.0
-3.989322,50,518.990178,0.0
-3.94302,50,519.026498,0.0
-3.30289,50,519.063188,0.0
-3.452435,50,519.099728,0.0
-3.725749,50,519.136099,0.0
-3.743574,50,519.171895,0.0
-3.749266,50,519.207586,0.0
-3.578183,50,519.242968,0.0
-3.235328,50,519.278542,0.0
-3.787497,50,519.314247,0.0
-3.978507,50,519.350047,0.0
-3.553542,50,519.386258,0.0
-3.971133,50,519.422528,0.0
-3.387702,50,519.45874,0.0
-3.215434,50,519.494482,0.0
-4.432018,50,519.530214,0.0
-3.21449,50,519.565754,0.0
-3.572155,50,519.601302,0.0
-3.814473,50,519.63699,0.0
-3.625058,50,519.672446,0.0
-3.611928,50,519.708283,0.0
-3.916307,50,519.744236,0.0
-3.458977,50,519.780584,0.0
-3.392753,50,519.8172,0.0
-4.040469,50,519.853536,0.0
-4.21181,50,519.890207,0.0
-3.917506,50,519.926595,0.0
-3.333851,50,519.962575,0.0
-4.369784,50,519.99875,0.0
-4.003319,50,520.034793,0.0
-3.772541,50,520.070923,0.0
-3.853724,50,520.107132,0.0
-4.792484,50,520.143527,0.0
-3.893002,50,520.179658,0.0
-3.547134,50,520.215907,0.0
-3.886168,50,520.251972,0.0
-3.667495,50,520.288038,0.0
-3.983456,50,520.438649,0.0
-3.626251,50,520.475022,0.0
-3.307081,50,520.511249,0.0
-3.875526,50,520.547385,0.0
-4.651097,50,520.582726,0.0
-3.392787,50,520.619101,0.0
-4.581568,50,520.655391,0.0
-4.278315,50,520.69198,0.0
-3.9003,50,520.728469,0.0
-3.818975,50,520.7648,0.0
-3.863306,50,520.801359,0.0
-3.801747,50,520.83778,0.0
-3.012439,50,520.874045,0.0
-2.867181,50,520.910456,0.0
-3.686666,50,520.946677,0.0
-3.933528,50,520.983093,0.0
-4.275417,50,521.019333,0.0
-3.188496,50,521.055481,0.0
-3.403951,50,521.092008,0.0
-3.84318,50,521.128702,0.0
-4.388157,50,521.164991,0.0
-3.869983,50,521.201204,0.0
-3.704416,50,521.237648,0.0
-3.598229,50,521.274162,0.0
-3.876208,50,521.309921,0.0
-3.8509,50,521.346537,0.0
-3.699502,50,521.382796,0.0
-3.732248,50,521.418737,0.0
-3.463246,50,521.454484,0.0
-3.738075,50,521.491124,0.0
-4.001748,50,521.527467,0.0
-4.215859,50,521.562855,0.0
-3.354045,50,521.598569,0.0
-4.141401,50,521.634292,0.0
-3.983302,50,521.670013,0.0
-3.850312,50,521.705472,0.0
-3.903382,50,521.741014,0.0
-3.786584,50,521.777457,0.0
-3.101223,50,521.813687,0.0
-3.783662,50,521.849968,0.0
-3.905624,50,521.886058,0.0
-4.168078,50,522.036597,0.0
-3.733222,50,522.073173,0.0
-4.220724,50,522.109089,0.0
-4.013749,50,522.14472,0.0
-3.615755,50,522.180538,0.0
-3.687512,50,522.216168,0.0
-3.279545,50,522.251494,0.0
-3.758135,50,522.286833,0.0
-3.747143,50,522.322133,0.0
-3.104675,50,522.357561,0.0
-3.664959,50,522.393096,0.0
-3.128764,50,522.428977,0.0
-4.284665,50,522.465279,0.0
-4.003387,50,522.501516,0.0
-3.38198,50,522.53814,0.0
-3.636359,50,522.574495,0.0
-3.276143,50,522.610768,0.0
-4.069401,50,522.647218,0.0
-3.829207,50,522.683751,0.0
-3.464458,50,522.720061,0.0
-3.620399,50,522.756595,0.0
-4.232166,50,522.79301,0.0
-4.163422,50,522.829085,0.0
-3.876542,50,522.86538,0.0
-3.292312,50,522.901538,0.0
-3.706013,50,522.936756,0.0
-3.335401,50,522.971852,0.0
-3.670911,50,523.007605,0.0
-3.018765,50,523.042896,0.0
-3.428718,50,523.07826,0.0
-3.533431,50,523.113886,0.0
-3.591104,50,523.149593,0.0
-4.152269,50,523.185358,0.0
-3.399677,50,523.220811,0.0
-3.300122,50,523.256593,0.0
-3.716437,50,523.29299,0.0
-4.010812,50,523.329282,0.0
-3.358737,50,523.365733,0.0
-3.840037,50,523.402101,0.0
-4.032884,50,523.438239,0.0
-3.393645,50,523.474594,0.0
-4.224078,50,523.624395,0.0
-3.542764,50,523.659759,0.0
-3.897474,50,523.695111,0.0
-4.09041,50,523.730895,0.0
-3.784831,50,523.76652,0.0
-4.033734,50,523.801925,0.0
-3.835015,50,523.8376,0.0
-3.476564,50,523.873701,0.0
-3.843984,50,523.909009,0.0
-3.942291,50,523.944877,0.0
-4.134736,50,523.980499,0.0
-3.133559,50,524.0169,0.0
-3.929927,50,524.053193,0.0
-4.172963,50,524.089534,0.0
-4.268461,50,524.125717,0.0
-3.522219,50,524.162322,0.0
-3.641865,50,524.198501,0.0
-3.717834,50,524.234892,0.0
-3.841416,50,524.271175,0.0
-3.8261,50,524.307252,0.0
-4.145874,50,524.34334,0.0
-3.199816,50,524.380155,0.0
-3.644843,50,524.416038,0.0
-4.207417,50,524.452281,0.0
-3.570363,50,524.488513,0.0
-3.704901,50,524.524478,0.0
-3.640905,50,524.56048,0.0
-3.969663,50,524.596629,0.0
-3.477202,50,524.632673,0.0
-4.089694,50,524.668776,0.0
-3.321422,50,524.704648,0.0
-3.793108,50,524.74119,0.0
-3.735073,50,524.777281,0.0
-4.165362,50,524.813504,0.0
-3.333462,50,524.849607,0.0
-4.135339,50,524.885535,0.0
-3.513277,50,524.921528,0.0
-3.304261,50,524.958002,0.0
-3.803032,50,524.994198,0.0
-4.12877,50,525.030562,0.0
-3.445311,50,525.067053,0.0
-3.391298,50,525.217277,0.0
-3.944316,50,525.253855,0.0
-3.684838,50,525.289991,0.0
-4.142465,50,525.325368,0.0
-3.625565,50,525.360928,0.0
-4.242735,50,525.397465,0.0
-3.810473,50,525.433824,0.0
-3.763704,50,525.469963,0.0
-3.397688,50,525.506263,0.0
-3.432218,50,525.542483,0.0
-4.112396,50,525.57888,0.0
-3.845033,50,525.614852,0.0
-3.557168,50,525.651268,0.0
-4.630738,50,525.687439,0.0
-3.195801,50,525.722979,0.0
-3.519962,50,525.759097,0.0
-3.9075,50,525.794992,0.0
-3.69324,50,525.830575,0.0
-3.984471,50,525.866089,0.0
-4.372666,50,525.901761,0.0
-4.218815,50,525.937534,0.0
-4.451065,50,525.973191,0.0
-3.943657,50,526.009369,0.0
-3.62032,50,526.045682,0.0
-3.778748,50,526.081998,0.0
-3.40418,50,526.118754,0.0
-3.448388,50,526.154929,0.0
-4.082811,50,526.191115,0.0
-3.596279,50,526.227608,0.0
-4.330099,50,526.264068,0.0
-3.32955,50,526.300347,0.0
-4.282618,50,526.336578,0.0
-3.895009,50,526.372365,0.0
-4.282263,50,526.407872,0.0
-3.910665,50,526.443242,0.0
-4.139498,50,526.479685,0.0
-3.274039,50,526.516111,0.0
-3.879224,50,526.552449,0.0
-3.941181,50,526.587803,0.0
-3.775604,50,526.62386,0.0
-3.580666,50,526.660154,0.0
-3.518653,50,526.811089,0.0
-3.978217,50,526.846778,0.0
-3.633676,50,526.883082,0.0
-3.340249,50,526.919348,0.0
-3.233902,50,526.956235,0.0
-3.150877,50,526.991866,0.0
-4.186096,50,527.027265,0.0
-3.603615,50,527.063172,0.0
-4.039252,50,527.099538,0.0
-4.055187,50,527.135826,0.0
-3.769122,50,527.172391,0.0
-4.242097,50,527.208452,0.0
-4.105656,50,527.244881,0.0
-3.775002,50,527.281154,0.0
-3.617615,50,527.31711,0.0
-4.317326,50,527.353346,0.0
-3.736128,50,527.389428,0.0
-3.635079,50,527.425677,0.0
-4.205467,50,527.461958,0.0
-3.88004,50,527.497938,0.0
-3.383367,50,527.533762,0.0
-4.02991,50,527.570017,0.0
-3.891784,50,527.606699,0.0
-3.841063,50,527.643012,0.0
-3.701386,50,527.679451,0.0
-3.149513,50,527.715164,0.0
-4.277065,50,527.750445,0.0
-3.925234,50,527.786431,0.0
-3.986127,50,527.82205,0.0
-3.840698,50,527.857339,0.0
-4.112261,50,527.892911,0.0
-3.718144,50,527.928269,0.0
-4.162657,50,527.96434,0.0
-3.680085,50,528.00091,0.0
-3.63039,50,528.036546,0.0
-3.789511,50,528.071632,0.0
-3.932286,50,528.106876,0.0
-3.845642,50,528.142955,0.0
-3.923181,50,528.178239,0.0
-4.027318,50,528.213633,0.0
-4.193127,50,528.249123,0.0
-3.457259,50,528.400112,0.0
-3.890332,50,528.435616,0.0
-3.979202,50,528.470947,0.0
-3.579102,50,528.506622,0.0
-3.850374,50,528.541982,0.0
-4.452301,50,528.577457,0.0
-3.69677,50,528.613433,0.0
-3.639922,50,528.649523,0.0
-3.817491,50,528.684647,0.0
-3.433297,50,528.720178,0.0
-4.365373,50,528.755463,0.0
-3.368574,50,528.790873,0.0
-3.647175,50,528.826217,0.0
-3.610445,50,528.861516,0.0
-3.933576,50,528.896683,0.0
-4.373873,50,528.932477,0.0
-4.036088,50,528.967795,0.0
-3.741113,50,529.003739,0.0
-3.836479,50,529.039725,0.0
-3.168851,50,529.075985,0.0
-4.028765,50,529.111315,0.0
-3.854503,50,529.146833,0.0
-3.03872,50,529.182769,0.0
-3.577604,50,529.219012,0.0
-3.649607,50,529.255424,0.0
-4.180861,50,529.2917,0.0
-3.540586,50,529.327871,0.0
-3.998515,50,529.36357,0.0
-4.226722,50,529.399723,0.0
-4.784634,50,529.43612,0.0
-3.234247,50,529.472285,0.0
-3.948964,50,529.508018,0.0
-3.877962,50,529.543653,0.0
-3.817179,50,529.579047,0.0
-3.695129,50,529.614412,0.0
-3.786286,50,529.64982,0.0
-3.707038,50,529.684913,0.0
-4.252461,50,529.72026,0.0
-3.375584,50,529.756276,0.0
-3.807074,50,529.791756,0.0
-4.146258,50,529.827687,0.0
-4.609965,50,529.977489,0.0
-3.478963,50,530.014147,0.0
-3.84969,50,530.050986,0.0
-4.36689,50,530.08677,0.0
-3.924795,50,530.122237,0.0
-4.632652,50,530.157703,0.0
-3.486047,50,530.193361,0.0
-3.290416,50,530.229188,0.0
-4.017,50,530.264821,0.0
-3.642046,50,530.300018,0.0
-4.288957,50,530.335228,0.0
-3.817847,50,530.370518,0.0
-4.257215,50,530.406181,0.0
-3.621915,50,530.441511,0.0
-3.782272,50,530.477051,0.0
-3.45752,50,530.512348,0.0
-3.749646,50,530.547973,0.0
-3.67816,50,530.584105,0.0
-3.311018,50,530.620595,0.0
-3.974026,50,530.656851,0.0
-3.896773,50,530.693151,0.0
-3.789227,50,530.728545,0.0
-3.830663,50,530.764607,0.0
-3.416626,50,530.801235,0.0
-4.115355,50,530.837515,0.0
-3.336466,50,530.873471,0.0
-4.051062,50,530.909315,0.0
-3.837223,50,530.945559,0.0
-3.159483,50,530.981697,0.0
-3.727823,50,531.017727,0.0
-3.606207,50,531.053554,0.0
-2.905824,50,531.089395,0.0
-3.79536,50,531.124405,0.0
-3.580429,50,531.160783,0.0
-4.262759,50,531.197173,0.0
-3.139174,50,531.233304,0.0
-3.74911,50,531.269552,0.0
-3.963345,50,531.305518,0.0
-3.463653,50,531.341783,0.0
-3.839565,50,531.377939,0.0
-3.749198,50,531.414218,0.0
-3.598344,50,531.56402,0.0
-4.26906,50,531.599656,0.0
-3.82597,50,531.635497,0.0
-3.741815,50,531.67084,0.0
-4.033051,50,531.706221,0.0
-3.480603,50,531.741277,0.0
-3.798237,50,531.776644,0.0
-4.024374,50,531.812026,0.0
-4.49755,50,531.847259,0.0
-4.201044,50,531.882644,0.0
-3.655235,50,531.918192,0.0
-3.664971,50,531.95342,0.0
-3.757942,50,531.989025,0.0
-3.604244,50,532.024543,0.0
-4.614406,50,532.060172,0.0
-3.320774,50,532.09547,0.0
-4.171015,50,532.130679,0.0
-3.737543,50,532.165971,0.0
-3.759505,50,532.201423,0.0
-4.460984,50,532.236882,0.0
-3.800628,50,532.272225,0.0
-3.589716,50,532.307484,0.0
-4.055061,50,532.342702,0.0
-3.96987,50,532.377908,0.0
-4.403012,50,532.413375,0.0
-3.867776,50,532.448591,0.0
-3.029806,50,532.483591,0.0
-3.563402,50,532.519163,0.0
-4.247241,50,532.554376,0.0
-3.572668,50,532.589497,0.0
-3.834898,50,532.624576,0.0
-3.333946,50,532.659572,0.0
-3.854453,50,532.694793,0.0
-4.239464,50,532.731053,0.0
-3.954434,50,532.766597,0.0
-3.643523,50,532.801188,0.0
-3.276081,50,532.837159,0.0
-3.718002,50,532.87255,0.0
-3.736246,50,532.907742,0.0
-3.873578,50,532.942965,0.0
-3.953385,50,532.978199,0.0
-3.844688,50,533.128859,0.0
-3.675453,50,533.165233,0.0
-4.012575,50,533.201967,0.0
-3.94032,50,533.238612,0.0
-3.690649,50,533.274912,0.0
-3.819978,50,533.311393,0.0
-3.78676,50,533.347127,0.0
-3.414738,50,533.383734,0.0
-4.018793,50,533.420236,0.0
-3.629987,50,533.456673,0.0
-3.998626,50,533.493082,0.0
-3.283839,50,533.529455,0.0
-3.05429,50,533.565533,0.0
-3.788898,50,533.602108,0.0
-4.183738,50,533.638628,0.0
-3.737098,50,533.674979,0.0
-3.312123,50,533.711268,0.0
-3.951254,50,533.747911,0.0
-3.919376,50,533.784252,0.0
-4.395761,50,533.820581,0.0
-3.7475,50,533.85667,0.0
-4.105662,50,533.893022,0.0
-3.823732,50,533.92906,0.0
-3.624919,50,533.96526,0.0
-3.65161,50,534.001007,0.0
-4.307631,50,534.036489,0.0
-3.654939,50,534.072655,0.0
-3.885419,50,534.109077,0.0
-3.87084,50,534.145284,0.0
-4.290426,50,534.18157,0.0
-4.049622,50,534.217946,0.0
-4.008547,50,534.254001,0.0
-4.774527,50,534.289609,0.0
-3.337413,50,534.32488,0.0
-3.784226,50,534.360438,0.0
-3.230469,50,534.395554,0.0
-3.937314,50,534.43072,0.0
-3.477352,50,534.466123,0.0
-3.975145,50,534.501267,0.0
-3.20033,50,534.536531,0.0
-3.921347,50,534.572203,0.0
-3.933613,50,534.721241,0.0
-4.198542,50,534.757139,0.0
-3.916455,50,534.792797,0.0
-4.000706,50,534.82832,0.0
-3.895705,50,534.863743,0.0
-4.030596,50,534.89921,0.0
-3.784917,50,534.935253,0.0
-3.7007,50,534.971237,0.0
-4.207166,50,535.00768,0.0
-3.693609,50,535.043079,0.0
-3.066289,50,535.078506,0.0
-3.859506,50,535.113711,0.0
-4.069054,50,535.150104,0.0
-3.681335,50,535.186728,0.0
-4.384898,50,535.223004,0.0
-4.243361,50,535.259282,0.0
-3.950128,50,535.295578,0.0
-3.529673,50,535.332073,0.0
-3.620955,50,535.368454,0.0
-4.266162,50,535.404552,0.0
-4.13305,50,535.441027,0.0
-3.545909,50,535.47737,0.0
-3.674713,50,535.513531,0.0
-4.198197,50,535.549152,0.0
-3.637299,50,535.585392,0.0
-4.176623,50,535.620839,0.0
-4.176051,50,535.656157,0.0
-3.983825,50,535.691839,0.0
-4.027306,50,535.727062,0.0
-3.650098,50,535.7629,0.0
-3.415404,50,535.799222,0.0
-3.930594,50,535.835488,0.0
-4.001312,50,535.871616,0.0
-3.640593,50,535.907664,0.0
-4.089016,50,535.943883,0.0
-3.236657,50,535.98,0.0
-3.819407,50,536.016116,0.0
-3.791561,50,536.052394,0.0
-3.831937,50,536.088389,0.0
-4.136295,50,536.124871,0.0
-4.280845,50,536.160746,0.0
-3.762052,50,536.309759,0.0
-3.770539,50,536.345465,0.0
-3.482017,50,536.381121,0.0
-3.942043,50,536.417201,0.0
-3.500557,50,536.453516,0.0
-3.882941,50,536.489745,0.0
-3.800473,50,536.525909,0.0
-3.664201,50,536.561445,0.0
-4.18331,50,536.596785,0.0
-3.35255,50,536.63334,0.0
-3.682773,50,536.669351,0.0
-3.911378,50,536.705139,0.0
-3.739834,50,536.7405,0.0
-3.273036,50,536.776127,0.0
-3.801657,50,536.811764,0.0
-3.999974,50,536.847318,0.0
-3.242272,50,536.883703,0.0
-3.380515,50,536.92005,0.0
-3.227948,50,536.955503,0.0
-3.786169,50,536.990585,0.0
-3.965035,50,537.025229,0.0
-3.530472,50,537.059741,0.0
-3.120201,50,537.095469,0.0
-4.089376,50,537.130899,0.0
-3.255609,50,537.166975,0.0
-4.334524,50,537.203344,0.0
-4.109999,50,537.239237,0.0
-3.12447,50,537.274807,0.0
-3.546876,50,537.310596,0.0
-4.107551,50,537.346271,0.0
-4.016837,50,537.38168,0.0
-4.251141,50,537.417144,0.0
-3.453555,50,537.453265,0.0
-2.987814,50,537.489647,0.0
-3.615963,50,537.525868,0.0
-3.640859,50,537.562018,0.0
-3.650159,50,537.598244,0.0
-2.961025,50,537.633575,0.0
-3.848972,50,537.6693,0.0
-3.380806,50,537.704907,0.0
-3.815171,50,537.741031,0.0
-4.24798,50,537.892224,0.0
-3.450194,50,537.928564,0.0
-3.988679,50,537.964809,0.0
-3.013138,50,538.001212,0.0
-3.929082,50,538.037725,0.0
-4.492954,50,538.073386,0.0
-3.942621,50,538.108867,0.0
-4.412046,50,538.144473,0.0
-3.537857,50,538.179715,0.0
-3.444357,50,538.215035,0.0
-3.309773,50,538.250537,0.0
-3.548124,50,538.285948,0.0
-3.886072,50,538.32145,0.0
-3.889762,50,538.356826,0.0
-3.513252,50,538.391883,0.0
-3.866047,50,538.427696,0.0
-3.598543,50,538.463297,0.0
-4.122482,50,538.498783,0.0
-4.075449,50,538.534959,0.0
-3.81043,50,538.571506,0.0
-4.17277,50,538.6075,0.0
-3.397858,50,538.642769,0.0
-3.962361,50,538.678212,0.0
-3.984319,50,538.713543,0.0
-3.829404,50,538.748643,0.0
-3.748139,50,538.783376,0.0
-3.438382,50,538.818905,0.0
-3.970093,50,538.854158,0.0
-3.87204,50,538.889209,0.0
-3.255767,50,538.924302,0.0
-4.429643,50,538.959203,0.0
-3.212181,50,538.994312,0.0
-3.999327,50,539.029664,0.0
-3.977503,50,539.064708,0.0
-3.505736,50,539.099591,0.0
-3.572099,50,539.134908,0.0
-3.957444,50,539.17009,0.0
-3.567689,50,539.205171,0.0
-3.655937,50,539.239545,0.0
-3.836849,50,539.274463,0.0
-3.836574,50,539.309842,0.0
-3.61666,50,539.457904,0.0
-3.751601,50,539.49444,0.0
-3.694577,50,539.530425,0.0
-3.924452,50,539.566637,0.0
-4.003132,50,539.603219,0.0
-4.274734,50,539.639538,0.0
-3.896958,50,539.675461,0.0
-4.010332,50,539.711245,0.0
-4.182694,50,539.747393,0.0
-3.785397,50,539.7834,0.0
-3.535523,50,539.819921,0.0
-3.55656,50,539.85589,0.0
-3.420626,50,539.892121,0.0
-4.29784,50,539.928214,0.0
-3.746951,50,539.96442,0.0
-4.132405,50,540.000471,0.0
-4.150152,50,540.036245,0.0
-3.915537,50,540.072231,0.0
-3.126621,50,540.107917,0.0
-3.945033,50,540.143914,0.0
-3.124146,50,540.179811,0.0
-4.110451,50,540.215848,0.0
-3.712861,50,540.251861,0.0
-4.59626,50,540.287674,0.0
-3.919283,50,540.323649,0.0
-4.208773,50,540.35971,0.0
-3.5432,50,540.395949,0.0
-4.340169,50,540.432004,0.0
-3.733118,50,540.468015,0.0
-3.968735,50,540.503945,0.0
-4.160524,50,540.539708,0.0
-3.998914,50,540.57556,0.0
-3.584442,50,540.611694,0.0
-3.657559,50,540.647547,0.0
-3.975854,50,540.683885,0.0
-4.137524,50,540.720072,0.0
-3.849817,50,540.755918,0.0
-3.634472,50,540.792337,0.0
-4.153164,50,540.828527,0.0
-4.021203,50,540.864052,0.0
-4.40692,50,540.899439,0.0
-3.052057,50,541.049052,0.0
-4.318414,50,541.085099,0.0
-3.62477,50,541.120955,0.0
-3.374279,50,541.15631,0.0
-3.881241,50,541.191877,0.0
-3.836909,50,541.227275,0.0
-3.179023,50,541.262624,0.0
-3.807225,50,541.297822,0.0
-3.15617,50,541.333034,0.0
-4.161231,50,541.368299,0.0
-4.073453,50,541.403606,0.0
-3.479297,50,541.439191,0.0
-3.888939,50,541.474718,0.0
-4.182166,50,541.510153,0.0
-4.204596,50,541.545322,0.0
-3.828923,50,541.580724,0.0
-3.574783,50,541.61612,0.0
-3.235251,50,541.651772,0.0
-3.325086,50,541.68727,0.0
-3.952114,50,541.722841,0.0
-3.420885,50,541.759185,0.0
-4.020627,50,541.795616,0.0
-3.565645,50,541.832074,0.0
-3.404603,50,541.868437,0.0
-3.420579,50,541.904608,0.0
-3.638281,50,541.941111,0.0
-3.825384,50,541.97726,0.0
-4.23674,50,542.012522,0.0
-3.848368,50,542.048084,0.0
-3.614032,50,542.083713,0.0
-3.555855,50,542.119351,0.0
-3.165211,50,542.154632,0.0
-3.205644,50,542.190188,0.0
-3.62497,50,542.596102,0.0
-4.522882,50,542.632101,0.0
-3.250129,50,542.668362,0.0
-3.748149,50,542.704613,0.0
-3.4336,50,542.740774,0.0
-3.626645,50,542.77717,0.0
-3.983143,50,542.812848,0.0
-3.939308,50,542.848269,0.0
-3.557899,50,542.998202,0.0
-3.943792,50,543.033687,0.0
-3.132634,50,543.069509,0.0
-3.701598,50,543.104743,0.0
-3.532781,50,543.140445,0.0
-3.445258,50,543.176156,0.0
-3.748864,50,543.21165,0.0
-3.173928,50,543.247393,0.0
-3.479551,50,543.282836,0.0
-4.194584,50,543.317976,0.0
-3.853928,50,543.352809,0.0
-3.714316,50,543.388112,0.0
-3.270112,50,543.423414,0.0
-3.951951,50,543.458784,0.0
-3.60469,50,543.493968,0.0
-4.225618,50,543.529003,0.0
-3.829477,50,543.564464,0.0
-3.6757,50,543.599749,0.0
-3.883599,50,543.635076,0.0
-3.479338,50,543.670745,0.0
-3.905525,50,543.70594,0.0
-3.895554,50,543.741526,0.0
-3.873048,50,543.777208,0.0
-3.738276,50,543.812163,0.0
-3.216254,50,543.846652,0.0
-3.87627,50,543.88165,0.0
-3.679848,50,543.91664,0.0
-3.227999,50,543.951983,0.0
-3.88537,50,543.987263,0.0
-4.040959,50,544.022622,0.0
-3.583862,50,544.057857,0.0
-3.767894,50,544.092928,0.0
-4.207527,50,544.128041,0.0
-3.87844,50,544.16336,0.0
-3.967535,50,544.198727,0.0
-3.529919,50,544.233902,0.0
-3.449098,50,544.268987,0.0
-4.279417,50,544.304286,0.0
-3.64689,50,544.339546,0.0
-4.335471,50,544.375012,0.0
-3.951242,50,544.410151,0.0
-4.059075,50,544.559954,0.0
-3.972111,50,544.59624,0.0
-4.040168,50,544.632809,0.0
-3.963702,50,544.669776,0.0
-3.99309,50,544.707056,0.0
-3.891748,50,544.743654,0.0
-4.132457,50,544.779886,0.0
-4.429513,50,544.816182,0.0
-4.359902,50,544.852226,0.0
-3.27288,50,544.888202,0.0
-3.970343,50,544.924381,0.0
-4.07469,50,544.960965,0.0
-4.210437,50,544.996574,0.0
-3.750105,50,545.03203,0.0
-3.509008,50,545.067716,0.0
-3.694995,50,545.103318,0.0
-3.881102,50,545.139192,0.0
-2.861486,50,545.174303,0.0
-4.074717,50,545.209905,0.0
-3.694572,50,545.24543,0.0
-4.243969,50,545.280932,0.0
-3.42184,50,545.316923,0.0
-3.537533,50,545.352364,0.0
-4.093918,50,545.388614,0.0
-4.358851,50,545.424688,0.0
-4.453658,50,545.461111,0.0
-3.356033,50,545.496931,0.0
-4.026962,50,545.532645,0.0
-4.339898,50,545.56828,0.0
-4.063472,50,545.603825,0.0
-3.847749,50,545.63957,0.0
-3.803771,50,545.675087,0.0
-3.874562,50,545.710797,0.0
-3.89933,50,545.745765,0.0
-3.989705,50,545.781221,0.0
-3.952794,50,545.817799,0.0
-4.111256,50,545.854492,0.0
-4.011598,50,545.890954,0.0
-4.137284,50,545.927263,0.0
-3.873071,50,545.963822,0.0
-3.537646,50,546.00024,0.0
-3.768164,50,546.150056,0.0
-3.961789,50,546.186177,0.0
-4.08566,50,546.221904,0.0
-3.286541,50,546.257987,0.0
-3.817831,50,546.293579,0.0
-3.569341,50,546.328811,0.0
-3.858093,50,546.364482,0.0
-3.314918,50,546.400273,0.0
-3.58386,50,546.435546,0.0
-4.018324,50,546.472112,0.0
-3.938476,50,546.50823,0.0
-3.61252,50,546.544541,0.0
-3.547545,50,546.580828,0.0
-3.860695,50,546.617131,0.0
-3.843023,50,546.653133,0.0
-3.628293,50,546.689022,0.0
-3.974223,50,546.724805,0.0
-3.671402,50,546.760496,0.0
-3.220893,50,546.795958,0.0
-3.150217,50,546.831355,0.0
-3.812981,50,546.866505,0.0
-3.811128,50,546.901931,0.0
-3.512733,50,546.937395,0.0
-3.577211,50,546.972569,0.0
-3.642319,50,547.007689,0.0
-3.078938,50,547.043024,0.0
-4.180465,50,547.078506,0.0
-3.553138,50,547.11359,0.0
-3.875089,50,547.148753,0.0
-4.198042,50,547.18386,0.0
-4.499359,50,547.219036,0.0
-3.71246,50,547.254228,0.0
-3.869255,50,547.289517,0.0
-3.667558,50,547.325103,0.0
-4.191067,50,547.360506,0.0
-3.608281,50,547.395604,0.0
-3.954484,50,547.431006,0.0
-3.080751,50,547.466183,0.0
-3.912595,50,547.501772,0.0
-4.65187,50,547.537064,0.0
-3.657016,50,547.572139,0.0
-4.694875,50,547.720931,0.0
-3.88804,50,547.756812,0.0
-4.043495,50,547.793367,0.0
-3.783366,50,547.829363,0.0
-3.19115,50,547.865452,0.0
-3.692088,50,547.901633,0.0
-3.455295,50,547.938015,0.0
-3.943559,50,547.974327,0.0
-4.428213,50,548.010598,0.0
-4.01952,50,548.046163,0.0
-3.030445,50,548.0819,0.0
-3.897258,50,548.116646,0.0
-4.124218,50,548.151303,0.0
-3.805916,50,548.18629,0.0
-3.537288,50,548.222198,0.0
-3.508619,50,548.259248,0.0
-4.002418,50,548.294702,0.0
-4.122466,50,548.330376,0.0
-4.281002,50,548.365341,0.0
-3.739622,50,548.400777,0.0
-3.738078,50,548.435809,0.0
-3.835298,50,548.471033,0.0
-4.1867,50,548.505651,0.0
-4.067762,50,548.540669,0.0
-3.785526,50,548.57631,0.0
-3.521652,50,548.611826,0.0
-3.740626,50,548.647119,0.0
-4.074092,50,548.681793,0.0
-3.719359,50,548.716538,0.0
-4.03723,50,548.751445,0.0
-3.230226,50,548.786319,0.0
-3.696824,50,548.821768,0.0
-3.690485,50,548.857412,0.0
-3.030978,50,548.893036,0.0
-3.516872,50,548.92801,0.0
-4.049515,50,548.963772,0.0
-4.107872,50,548.998687,0.0
-3.737145,50,549.033488,0.0
-3.955571,50,549.068642,0.0
-3.635208,50,549.104447,0.0
-3.919318,50,549.139618,0.0
-3.898422,50,549.286864,0.0
-4.138598,50,549.322282,0.0
-4.187376,50,549.356895,0.0
-4.278614,50,549.392185,0.0
-3.917755,50,549.426995,0.0
-3.43421,50,549.461652,0.0
-3.929984,50,549.496338,0.0
-3.619179,50,549.531068,0.0
-3.596186,50,549.566326,0.0
-3.849344,50,549.602135,0.0
-4.076948,50,549.637459,0.0
-3.978513,50,549.673162,0.0
-3.14576,50,549.709167,0.0
-4.143672,50,549.745158,0.0
-3.360818,50,549.78137,0.0
-4.156449,50,549.817078,0.0
-4.56566,50,549.852151,0.0
-3.447171,50,549.887778,0.0
-4.057218,50,549.924341,0.0
-3.878483,50,549.960418,0.0
-3.654407,50,549.996992,0.0
-3.716342,50,550.033284,0.0
-3.785481,50,550.06959,0.0
-4.179835,50,550.1061,0.0
-4.036277,50,550.142556,0.0
-4.353031,50,550.17888,0.0
-3.501803,50,550.214922,0.0
-3.600564,50,550.251186,0.0
-4.0624,50,550.287784,0.0
-3.966144,50,550.324355,0.0
-3.974127,50,550.36074,0.0
-3.252047,50,550.397248,0.0
-3.993867,50,550.433693,0.0
-4.176922,50,550.469267,0.0
-3.783123,50,550.50452,0.0
-3.906402,50,550.539741,0.0
-4.178553,50,550.575037,0.0
-3.867606,50,550.610224,0.0
-3.348481,50,550.645904,0.0
-3.475746,50,550.681389,0.0
-3.721778,50,550.716562,0.0
-3.276348,50,550.865636,0.0
-3.595219,50,550.90257,0.0
-3.964321,50,550.939209,0.0
-3.743702,50,550.975546,0.0
-3.942924,50,551.011629,0.0
-3.777012,50,551.047849,0.0
-4.271607,50,551.084245,0.0
-3.337178,50,551.120509,0.0
-4.017272,50,551.156774,0.0
-3.401534,50,551.193077,0.0
-3.846389,50,551.229224,0.0
-4.039333,50,551.265155,0.0
-3.347107,50,551.301286,0.0
-3.218552,50,551.337255,0.0
-3.606155,50,551.373256,0.0
-3.480796,50,551.40929,0.0
-3.727662,50,551.445486,0.0
-4.66236,50,551.481505,0.0
-3.637678,50,551.517518,0.0
-4.05466,50,551.553047,0.0
-3.901751,50,551.588308,0.0
-4.171845,50,551.623871,0.0
-4.327285,50,551.659369,0.0
-4.396953,50,551.695289,0.0
-3.207159,50,551.730991,0.0
-4.35103,50,551.767357,0.0
-3.31886,50,551.803627,0.0
-3.842792,50,551.839483,0.0
-4.471377,50,551.875598,0.0
-3.423333,50,551.911778,0.0
-3.740541,50,551.947974,0.0
-3.508592,50,551.983919,0.0
-3.35957,50,552.019975,0.0
-4.397263,50,552.056358,0.0
-3.445434,50,552.091996,0.0
-3.795228,50,552.127929,0.0
-4.094894,50,552.163345,0.0
-4.013163,50,552.198756,0.0
-3.997063,50,552.234525,0.0
-4.308813,50,552.27088,0.0
-3.9065,50,552.306863,0.0
-3.854581,50,552.456692,0.0
-3.966554,50,552.492978,0.0
-3.603335,50,552.529156,0.0
-3.548353,50,552.565407,0.0
-3.853766,50,552.601596,0.0
-3.800044,50,552.63792,0.0
-3.95875,50,552.67446,0.0
-3.97748,50,552.710753,0.0
-4.519035,50,552.747044,0.0
-4.107465,50,552.78325,0.0
-4.253255,50,552.820559,0.0
-3.400534,50,552.855976,0.0
-3.363359,50,552.892189,0.0
-3.883067,50,552.928469,0.0
-4.180487,50,552.965245,0.0
-4.315483,50,553.000926,0.0
-3.902635,50,553.037209,0.0
-3.530052,50,553.073754,0.0
-3.973463,50,553.110172,0.0
-4.539226,50,553.146716,0.0
-4.216546,50,553.183102,0.0
-4.121243,50,553.218899,0.0
-3.601338,50,553.25425,0.0
-4.021647,50,553.290583,0.0
-4.01959,50,553.327011,0.0
-3.978036,50,553.363139,0.0
-3.85235,50,553.399164,0.0
-3.514659,50,553.43603,0.0
-4.097097,50,553.472952,0.0
-3.89061,50,553.509555,0.0
-3.993189,50,553.545926,0.0
-4.13821,50,553.582375,0.0
-3.724093,50,553.618351,0.0
-3.470286,50,553.654511,0.0
-3.870484,50,553.690884,0.0
-4.447743,50,553.727038,0.0
-3.926203,50,553.763397,0.0
-3.986565,50,553.799929,0.0
-4.265294,50,553.835992,0.0
-3.567266,50,553.871944,0.0
-3.709115,50,553.907942,0.0
-3.696495,50,554.057004,0.0
-3.583189,50,554.093673,0.0
-3.781686,50,554.13012,0.0
-3.780739,50,554.166159,0.0
-3.326207,50,554.202341,0.0
-3.477184,50,554.238577,0.0
-3.984404,50,554.274847,0.0
-4.082916,50,554.311204,0.0
-3.484309,50,554.346938,0.0
-4.267481,50,554.383555,0.0
-4.025948,50,554.420268,0.0
-3.518114,50,554.456176,0.0
-3.631714,50,554.4923,0.0
-4.057904,50,554.52844,0.0
-4.366122,50,554.565117,0.0
-3.743849,50,554.601491,0.0
-3.776856,50,554.637858,0.0
-3.97015,50,554.673972,0.0
-4.021636,50,554.709375,0.0
-3.206878,50,554.74411,0.0
-3.738738,50,554.779974,0.0
-3.713371,50,554.815433,0.0
-3.809793,50,554.850675,0.0
-4.027765,50,554.886329,0.0
-3.790967,50,554.921675,0.0
-3.661175,50,554.957197,0.0
-3.570248,50,554.9931,0.0
-3.5766,50,555.028574,0.0
-3.82756,50,555.064316,0.0
-3.814241,50,555.099981,0.0
-3.234493,50,555.135414,0.0
-3.910201,50,555.17165,0.0
-4.209945,50,555.208185,0.0
-3.4906,50,555.244355,0.0
-4.179989,50,555.280593,0.0
-3.866988,50,555.316837,0.0
-3.33796,50,555.352895,0.0
-4.498243,50,555.388961,0.0
-4.137794,50,555.42517,0.0
-3.657676,50,555.461064,0.0
-3.87411,50,555.49749,0.0
-4.202571,50,555.647765,0.0
-3.753254,50,555.683547,0.0
-3.998254,50,555.718741,0.0
-3.949703,50,555.755039,0.0
-3.625275,50,555.791141,0.0
-4.04394,50,555.826708,0.0
-3.561251,50,555.862247,0.0
-4.080324,50,555.898432,0.0
-4.393986,50,555.93446,0.0
-3.711422,50,555.97043,0.0
-3.577663,50,556.005805,0.0
-3.600473,50,556.0409,0.0
-4.006366,50,556.076327,0.0
-3.81867,50,556.111741,0.0
-4.159207,50,556.146799,0.0
-4.176254,50,556.182287,0.0
-3.952595,50,556.217455,0.0
-3.381829,50,556.252965,0.0
-3.498342,50,556.288873,0.0
-4.168563,50,556.324332,0.0
-4.106249,50,556.360097,0.0
-3.699319,50,556.395875,0.0
-3.018762,50,556.432383,0.0
-3.732514,50,556.467485,0.0
-3.696321,50,556.503296,0.0
-3.489119,50,556.539847,0.0
-3.666205,50,556.57583,0.0
-4.056211,50,556.611882,0.0
-3.718166,50,556.648159,0.0
-3.803709,50,556.684376,0.0
-3.78518,50,556.720503,0.0
-3.425671,50,556.756916,0.0
-3.589925,50,556.793034,0.0
-3.36517,50,556.829403,0.0
-3.898741,50,556.865732,0.0
-3.732437,50,556.901934,0.0
-3.185553,50,556.938077,0.0
-4.031054,50,556.974187,0.0
-3.393521,50,557.010623,0.0
-3.639303,50,557.046182,0.0
-3.848343,50,557.196661,0.0
-3.714384,50,557.232181,0.0
-4.525192,50,557.268603,0.0
-3.328737,50,557.304262,0.0
-3.383304,50,557.340475,0.0
-4.291948,50,557.376706,0.0
-3.679394,50,557.413009,0.0
-3.768949,50,557.449219,0.0
-4.062594,50,557.484876,0.0
-3.77537,50,557.520002,0.0
-3.791855,50,557.555876,0.0
-4.012196,50,557.591217,0.0
-3.526479,50,557.627531,0.0
-4.194278,50,557.663337,0.0
-3.729663,50,557.699266,0.0
-3.903601,50,557.734664,0.0
-4.468167,50,557.77002,0.0
-3.937872,50,557.805554,0.0
-4.02552,50,557.841103,0.0
-3.651783,50,557.876575,0.0
-3.548743,50,557.912598,0.0
-4.015462,50,557.947681,0.0
-3.686718,50,557.983824,0.0
-4.644608,50,558.020005,0.0
-3.976117,50,558.056103,0.0
-3.883648,50,558.092371,0.0
-3.734608,50,558.128076,0.0
-3.584654,50,558.163825,0.0
-3.953481,50,558.199199,0.0
-4.120859,50,558.234423,0.0
-3.784769,50,558.269814,0.0
-3.920379,50,558.30542,0.0
-4.282697,50,558.341404,0.0
-3.780563,50,558.377568,0.0
-4.501136,50,558.413589,0.0
-4.086959,50,558.449704,0.0
-3.821191,50,558.486051,0.0
-3.392555,50,558.521716,0.0
-4.012605,50,558.557097,0.0
-3.685173,50,558.593019,0.0
-4.246818,50,558.629065,0.0
-4.675547,50,558.778426,0.0
-4.548682,50,558.814607,0.0
-4.040677,50,558.850052,0.0
-4.562064,50,558.885299,0.0
-3.594751,50,558.92072,0.0
-3.830095,50,558.957076,0.0
-3.574774,50,558.993442,0.0
-3.873311,50,559.029803,0.0
-3.501361,50,559.066249,0.0
-3.628459,50,559.102882,0.0
-3.867568,50,559.139137,0.0
-3.510124,50,559.175552,0.0
-3.981495,50,559.211402,0.0
-4.061582,50,559.24689,0.0
-3.535837,50,559.282881,0.0
-3.579271,50,559.318436,0.0
-3.795029,50,559.354893,0.0
-4.066794,50,559.391355,0.0
-4.052334,50,559.427506,0.0
-4.266248,50,559.464073,0.0
-4.02555,50,559.500382,0.0
-4.727718,50,559.536639,0.0
-4.128025,50,559.571959,0.0
-3.864271,50,559.607381,0.0
-3.723194,50,559.6429,0.0
-3.32483,50,559.678871,0.0
-3.402008,50,559.715174,0.0
-3.707207,50,559.751203,0.0
-4.018712,50,559.787363,0.0
-4.233885,50,559.823566,0.0
-3.171012,50,559.85987,0.0
-4.147242,50,559.895802,0.0
-4.401459,50,559.932236,0.0
-4.163465,50,559.96854,0.0
-4.021822,50,560.004647,0.0
-4.169752,50,560.040378,0.0
-3.335445,50,560.075995,0.0
-3.913327,50,560.111482,0.0
-3.452495,50,560.146604,0.0
-4.087763,50,560.182376,0.0
-4.109415,50,560.217428,0.0
-3.781323,50,560.367077,0.0
-3.816241,50,560.403059,0.0
-3.845185,50,560.439646,0.0
-3.937455,50,560.476093,0.0
-3.485923,50,560.512334,0.0
-3.131197,50,560.548363,0.0
-3.778034,50,560.584499,0.0
-3.668152,50,560.620519,0.0
-3.169384,50,560.65676,0.0
-3.67768,50,560.693048,0.0
-4.238604,50,560.728713,0.0
-4.695567,50,560.764076,0.0
-3.301027,50,560.799407,0.0
-3.903173,50,560.834771,0.0
-3.521691,50,560.869755,0.0
-3.860069,50,560.905255,0.0
-3.415925,50,560.940189,0.0
-3.169217,50,560.975775,0.0
-4.155497,50,561.011182,0.0
-3.699279,50,561.046468,0.0
-3.471769,50,561.081756,0.0
-4.410401,50,561.117381,0.0
-2.798231,50,561.152833,0.0
-3.984628,50,561.188287,0.0
-4.343858,50,561.224755,0.0
-3.418369,50,561.260947,0.0
-3.675433,50,561.29708,0.0
-3.733546,50,561.333298,0.0
-3.868241,50,561.368615,0.0
-3.415727,50,561.404236,0.0
-3.342375,50,561.440599,0.0
-3.1151,50,561.476007,0.0
-3.772367,50,561.51237,0.0
-4.065226,50,561.548483,0.0
-4.189426,50,561.584809,0.0
-3.268799,50,561.621387,0.0
-4.242374,50,561.657696,0.0
-3.662857,50,561.693396,0.0
-4.048228,50,561.728975,0.0
-4.012659,50,561.764678,0.0
-3.373571,50,561.799987,0.0
-4.493289,50,561.950687,0.0
-3.860298,50,561.98625,0.0
-3.873964,50,562.021974,0.0
-3.845863,50,562.057405,0.0
-4.378035,50,562.092871,0.0
-3.628823,50,562.128696,0.0
-4.367265,50,562.164396,0.0
-4.228962,50,562.200022,0.0
-4.041814,50,562.236332,0.0
-3.764291,50,562.272633,0.0
-4.082809,50,562.308877,0.0
-3.476743,50,562.345001,0.0
-3.330845,50,562.380309,0.0
-3.730641,50,562.415555,0.0
-3.079544,50,562.450843,0.0
-4.136707,50,562.486302,0.0
-4.126913,50,562.522407,0.0
-4.256406,50,562.55865,0.0
-4.120441,50,562.594761,0.0
-3.272723,50,562.630271,0.0
-3.792793,50,562.665895,0.0
-4.053138,50,562.701524,0.0
-3.382636,50,562.737803,0.0
-3.17225,50,562.773415,0.0
-3.289229,50,562.808699,0.0
-4.641609,50,562.843869,0.0
-3.723407,50,562.879341,0.0
-3.521394,50,562.914871,0.0
-4.236886,50,562.950592,0.0
-3.326346,50,562.985923,0.0
-4.051116,50,563.021729,0.0
-3.754164,50,563.057148,0.0
-3.269991,50,563.093415,0.0
-3.88018,50,563.129899,0.0
-4.142487,50,563.166309,0.0
-4.180249,50,563.202341,0.0
-3.723502,50,563.238659,0.0
-3.958804,50,563.274794,0.0
-3.542284,50,563.310697,0.0
-3.873563,50,563.345993,0.0
-3.977696,50,563.38195,0.0
-4.029003,50,563.532481,0.0
-4.315178,50,563.568096,0.0
-3.694669,50,563.603594,0.0
-3.700777,50,563.639225,0.0
-3.91217,50,563.674454,0.0
-4.264426,50,563.710037,0.0
-3.549706,50,563.746308,0.0
-3.877653,50,563.781524,0.0
-3.849411,50,563.816798,0.0
-3.747918,50,563.852295,0.0
-4.272927,50,563.888302,0.0
-4.354879,50,563.923415,0.0
-4.063913,50,563.959532,0.0
-3.552075,50,563.99585,0.0
-3.372411,50,564.032206,0.0
-3.79967,50,564.068573,0.0
-3.623917,50,564.104856,0.0
-4.040463,50,564.141071,0.0
-3.673832,50,564.176829,0.0
-3.685056,50,564.212048,0.0
-3.881852,50,564.247624,0.0
-3.967604,50,564.282891,0.0
-3.999173,50,564.318647,0.0
-3.874204,50,564.353945,0.0
-3.856344,50,564.389247,0.0
-3.813052,50,564.424717,0.0
-3.721312,50,564.46053,0.0
-4.34173,50,564.495845,0.0
-3.633083,50,564.53144,0.0
-3.695005,50,564.567307,0.0
-3.54625,50,564.603576,0.0
-3.551782,50,564.639603,0.0
-3.778193,50,564.676033,0.0
-3.271421,50,564.71175,0.0
-3.972811,50,564.747715,0.0
-3.829167,50,564.783991,0.0
-2.979363,50,564.820018,0.0
-3.631187,50,564.856512,0.0
-3.804526,50,564.892756,0.0
-3.700287,50,564.928614,0.0
-3.609556,50,564.963574,0.0
-3.637909,50,565.113779,0.0
-3.5251,50,565.149711,0.0
-3.997486,50,565.186298,0.0
-3.253201,50,565.222071,0.0
-3.69394,50,565.257432,0.0
-4.075724,50,565.293834,0.0
-3.094888,50,565.330422,0.0
-3.577704,50,565.365997,0.0
-3.750217,50,565.402353,0.0
-3.540319,50,565.438251,0.0
-3.899269,50,565.474052,0.0
-3.467597,50,565.509445,0.0
-4.464894,50,565.545126,0.0
-3.148079,50,565.581525,0.0
-3.586962,50,565.617061,0.0
-4.380606,50,565.652418,0.0
-3.725103,50,565.688203,0.0
-4.064804,50,565.723663,0.0
-3.580612,50,565.759476,0.0
-4.114935,50,565.795366,0.0
-3.661635,50,565.830962,0.0
-3.355735,50,565.866728,0.0
-3.679054,50,565.902142,0.0
-4.310645,50,565.937423,0.0
-3.312331,50,565.973125,0.0
-3.855393,50,566.008933,0.0
-4.092786,50,566.044307,0.0
-3.361071,50,566.080537,0.0
-3.950434,50,566.116918,0.0
-3.512353,50,566.153265,0.0
-3.721904,50,566.189207,0.0
-3.171585,50,566.22526,0.0
-3.620439,50,566.261365,0.0
-3.793934,50,566.29635,0.0
-4.264195,50,566.33188,0.0
-3.83389,50,566.367047,0.0
-3.668775,50,566.402665,0.0
-3.607444,50,566.438031,0.0
-3.683428,50,566.473838,0.0
-3.170403,50,566.509022,0.0
-3.650645,50,566.545229,0.0
-3.750942,50,566.694292,0.0
-4.159846,50,566.730321,0.0
-3.050319,50,566.766637,0.0
-3.821176,50,566.803053,0.0
-3.744256,50,566.839323,0.0
-3.925896,50,566.875701,0.0
-4.390928,50,566.912321,0.0
-3.891825,50,566.94826,0.0
-4.164494,50,566.984426,0.0
-3.580853,50,567.020679,0.0
-3.611812,50,567.056947,0.0
-3.718449,50,567.093571,0.0
-4.100105,50,567.12976,0.0
-3.855776,50,567.166025,0.0
-4.1263,50,567.202423,0.0
-3.877979,50,567.23869,0.0
-3.712374,50,567.274987,0.0
-3.812263,50,567.311158,0.0
-3.333878,50,567.346889,0.0
-3.907955,50,567.383066,0.0
-3.277354,50,567.419303,0.0
-3.598373,50,567.455114,0.0
-3.733125,50,567.491076,0.0
-4.097497,50,567.526888,0.0
-3.208636,50,567.562943,0.0
-4.295353,50,567.59914,0.0
-3.326565,50,567.635415,0.0
-3.419513,50,567.671397,0.0
-3.636544,50,567.70772,0.0
-3.838714,50,567.74381,0.0
-3.907044,50,567.780212,0.0
-3.846721,50,567.816371,0.0
-3.931307,50,567.852589,0.0
-4.462261,50,567.889003,0.0
-4.161791,50,567.924023,0.0
-3.878144,50,567.958705,0.0
-3.723408,50,567.994027,0.0
-4.104776,50,568.029592,0.0
-3.805042,50,568.065232,0.0
-3.711696,50,568.100469,0.0
-3.920149,50,568.135699,0.0
-4.058949,50,568.284171,0.0
-3.302007,50,568.319848,0.0
-4.2865,50,568.356348,0.0
-4.494906,50,568.392829,0.0
-4.075325,50,568.429347,0.0
-3.752235,50,568.465659,0.0
-3.955227,50,568.50227,0.0
-3.400566,50,568.538667,0.0
-3.641249,50,568.575209,0.0
-3.421351,50,568.611565,0.0
-3.732186,50,568.646971,0.0
-3.852382,50,568.683311,0.0
-4.210958,50,568.719498,0.0
-3.200557,50,568.755229,0.0
-3.581732,50,568.790672,0.0
-4.021285,50,568.827304,0.0
-3.169952,50,568.863538,0.0
-3.558226,50,568.899601,0.0
-4.067178,50,568.935764,0.0
-3.561307,50,568.971063,0.0
-3.811917,50,569.006553,0.0
-4.208445,50,569.042855,0.0
-4.175659,50,569.0796,0.0
-4.348633,50,569.115474,0.0
-3.899239,50,569.151065,0.0
-3.660928,50,569.186579,0.0
-3.761331,50,569.222053,0.0
-3.751985,50,569.257554,0.0
-4.220274,50,569.292899,0.0
-3.804841,50,569.328524,0.0
-4.12792,50,569.363878,0.0
-3.749847,50,569.399279,0.0
-3.645082,50,569.434997,0.0
-3.925514,50,569.470549,0.0
-4.239774,50,569.506907,0.0
-4.486949,50,569.542444,0.0
-4.041147,50,569.57849,0.0
-3.508203,50,569.615028,0.0
-3.359434,50,569.65131,0.0
-4.081768,50,569.686586,0.0
-4.134006,50,569.722104,0.0
-4.046037,50,569.872211,0.0
-3.349548,50,569.908096,0.0
-4.06039,50,569.944597,0.0
-3.913562,50,569.980901,0.0
-3.60232,50,570.017144,0.0
-3.905878,50,570.05379,0.0
-4.385248,50,570.090317,0.0
-3.785022,50,570.126605,0.0
-4.288399,50,570.162666,0.0
-3.801665,50,570.199789,0.0
-3.452067,50,570.236501,0.0
-3.408937,50,570.273138,0.0
-3.828333,50,570.309751,0.0
-3.640999,50,570.347328,0.0
-4.21506,50,570.384508,0.0
-3.957707,50,570.421004,0.0
-3.793825,50,570.457897,0.0
-3.747386,50,570.494591,0.0
-3.488247,50,570.530671,0.0
-3.693948,50,570.566573,0.0
-4.001149,50,570.6029,0.0
-4.101299,50,570.639245,0.0
-3.747562,50,570.675453,0.0
-3.762657,50,570.711877,0.0
-4.402123,50,570.748007,0.0
-4.470943,50,570.784256,0.0
-4.434758,50,570.820808,0.0
-4.038855,50,570.856741,0.0
-3.52364,50,570.892798,0.0
-3.982991,50,570.929292,0.0
-4.278751,50,570.965638,0.0
-4.401921,50,571.002238,0.0
-3.288489,50,571.038349,0.0
-4.157204,50,571.074755,0.0
-3.92559,50,571.111004,0.0
-3.703667,50,571.147356,0.0
-3.961048,50,571.183629,0.0
-3.577416,50,571.219702,0.0
-3.869329,50,571.255936,0.0
-4.256111,50,571.292215,0.0
-4.079525,50,571.328463,0.0
-4.199404,50,571.478365,0.0
-3.413843,50,571.51478,0.0
-4.46785,50,571.551308,0.0
-3.26918,50,571.588037,0.0
-4.26768,50,571.624258,0.0
-4.311379,50,571.660413,0.0
-3.754127,50,571.696548,0.0
-3.572151,50,571.732881,0.0
-3.578035,50,571.768528,0.0
-3.961532,50,571.80384,0.0
-4.032679,50,571.839097,0.0
-3.577174,50,571.875023,0.0
-4.205118,50,571.910584,0.0
-4.163984,50,571.946089,0.0
-4.203881,50,571.981779,0.0
-3.51849,50,572.016968,0.0
-3.484145,50,572.052636,0.0
-3.681076,50,572.088696,0.0
-3.360636,50,572.124961,0.0
-3.656903,50,572.160837,0.0
-3.754792,50,572.19718,0.0
-3.859348,50,572.233414,0.0
-3.270197,50,572.269642,0.0
-3.724016,50,572.305696,0.0
-3.388417,50,572.342004,0.0
-4.332077,50,572.378553,0.0
-3.809695,50,572.414746,0.0
-3.486424,50,572.451026,0.0
-4.258319,50,572.487022,0.0
-4.539601,50,572.524212,0.0
-3.815315,50,572.560385,0.0
-3.984209,50,572.596039,0.0
-3.467036,50,572.631368,0.0
-4.134687,50,572.666655,0.0
-3.655645,50,572.70222,0.0
-3.722182,50,572.738296,0.0
-3.860677,50,572.774698,0.0
-3.627507,50,572.811282,0.0
-4.144625,50,572.847454,0.0
-3.913277,50,572.883811,0.0
-3.505498,50,572.91956,0.0
-3.756375,50,573.069711,0.0
-4.016897,50,573.105992,0.0
-3.798899,50,573.14214,0.0
-3.883838,50,573.178633,0.0
-3.765857,50,573.214912,0.0
-4.075503,50,573.25074,0.0
-4.010811,50,573.287007,0.0
-3.896325,50,573.323387,0.0
-3.493963,50,573.359314,0.0
-3.805922,50,573.395497,0.0
-3.470708,50,573.431902,0.0
-3.602966,50,573.467864,0.0
-3.97911,50,573.503847,0.0
-3.715165,50,573.539956,0.0
-3.45103,50,573.576252,0.0
-4.272243,50,573.612339,0.0
-3.453972,50,573.648514,0.0
-3.457172,50,573.684792,0.0
-3.239124,50,573.721088,0.0
-3.788032,50,573.757422,0.0
-4.162273,50,573.793631,0.0
-3.567782,50,573.829944,0.0
-4.398616,50,573.865975,0.0
-4.111244,50,573.90223,0.0
-3.714239,50,573.938401,0.0
-4.27496,50,573.974491,0.0
-4.116389,50,574.010392,0.0
-3.89234,50,574.046372,0.0
-3.819993,50,574.082854,0.0
-4.254252,50,574.119141,0.0
-4.169733,50,574.154531,0.0
-3.510182,50,574.189554,0.0
-3.590586,50,574.22512,0.0
-3.685379,50,574.260595,0.0
-3.114406,50,574.296798,0.0
-4.02298,50,574.333031,0.0
-3.914499,50,574.369294,0.0
-3.847492,50,574.405282,0.0
-3.448468,50,574.441401,0.0
-4.050702,50,574.47773,0.0
-3.794396,50,574.513064,0.0
-4.41853,50,574.662728,0.0
-3.034051,50,574.698114,0.0
-3.448928,50,574.733755,0.0
-3.131236,50,574.76883,0.0
-4.262825,50,574.804593,0.0
-3.591723,50,574.839898,0.0
-4.038028,50,574.876392,0.0
-3.108473,50,574.912803,0.0
-3.947209,50,574.949768,0.0
-4.139921,50,574.986337,0.0
-4.086924,50,575.022673,0.0
-4.119508,50,575.059115,0.0
-3.85191,50,575.095601,0.0
-3.128527,50,575.132147,0.0
-3.649956,50,575.168553,0.0
-3.663701,50,575.204847,0.0
-3.225793,50,575.241558,0.0
-3.924404,50,575.277859,0.0
-3.417633,50,575.314108,0.0
-3.865048,50,575.350897,0.0
-3.101414,50,575.387724,0.0
-3.612226,50,575.423971,0.0
-4.279929,50,575.460215,0.0
-4.130616,50,575.496451,0.0
-3.822377,50,575.532312,0.0
-3.343476,50,575.568203,0.0
-4.207977,50,575.604758,0.0
-3.627336,50,575.641242,0.0
-3.847678,50,575.677394,0.0
-3.53918,50,575.713265,0.0
-3.56365,50,575.749768,0.0
-3.880496,50,575.786371,0.0
-3.710396,50,575.822773,0.0
-3.942056,50,575.859196,0.0
-3.808098,50,575.895605,0.0
-3.503478,50,575.932204,0.0
-3.533789,50,575.968414,0.0
-3.753831,50,576.004666,0.0
-3.088881,50,576.041303,0.0
-3.49432,50,576.077356,0.0
-3.118813,50,576.114155,0.0
-3.494735,50,576.268557,0.0
-3.974141,50,576.305025,0.0
-3.260674,50,576.341904,0.0
-4.080516,50,576.378328,0.0
-4.243999,50,576.415161,0.0
-3.947745,50,576.451747,0.0
-3.837104,50,576.488105,0.0
-4.069056,50,576.524665,0.0
-3.747255,50,576.560768,0.0
-3.478855,50,576.597813,0.0
-3.453044,50,576.634692,0.0
-3.943401,50,576.67096,0.0
-4.09953,50,576.706669,0.0
-3.909078,50,576.742939,0.0
-4.094563,50,576.779696,0.0
-3.917959,50,576.816496,0.0
-3.690484,50,576.852835,0.0
-3.349755,50,576.889379,0.0
-3.406973,50,576.925849,0.0
-3.898065,50,576.961834,0.0
-3.329366,50,576.997252,0.0
-3.603578,50,577.032991,0.0
-3.474014,50,577.069475,0.0
-3.651541,50,577.10524,0.0
-3.365099,50,577.141255,0.0
-3.482777,50,577.177786,0.0
-3.998623,50,577.214668,0.0
-4.1599,50,577.251424,0.0
-4.104665,50,577.287169,0.0
-3.311337,50,577.322766,0.0
-3.222871,50,577.359554,0.0
-3.978222,50,577.396515,0.0
-3.981294,50,577.43253,0.0
-3.647375,50,577.468679,0.0
-3.899053,50,577.505382,0.0
-3.622461,50,577.541781,0.0
-3.777609,50,577.578283,0.0
-4.439855,50,577.614574,0.0
-4.12454,50,577.651008,0.0
-3.743478,50,577.687453,0.0
-3.987274,50,577.724248,0.0
-3.674906,50,577.875357,0.0
-3.175678,50,577.911129,0.0
-3.174163,50,577.946632,0.0
-4.323341,50,577.982242,0.0
-4.266001,50,578.017813,0.0
-3.24038,50,578.052622,0.0
-3.968576,50,578.089282,0.0
-3.703241,50,578.12594,0.0
-4.280463,50,578.162365,0.0
-3.780031,50,578.198579,0.0
-3.70232,50,578.235279,0.0
-4.451134,50,578.271807,0.0
-3.998512,50,578.308493,0.0
-3.844924,50,578.344741,0.0
-3.553067,50,578.380831,0.0
-4.045789,50,578.416573,0.0
-3.66569,50,578.45271,0.0
-3.704188,50,578.487929,0.0
-3.722097,50,578.523454,0.0
-3.729882,50,578.559671,0.0
-3.469172,50,578.595136,0.0
-3.840193,50,578.630629,0.0
-3.678316,50,578.666225,0.0
-3.959012,50,578.702698,0.0
-3.58546,50,578.738787,0.0
-3.258428,50,578.775628,0.0
-3.519342,50,578.812147,0.0
-2.958909,50,578.848688,0.0
-4.295406,50,578.885293,0.0
-3.983401,50,578.921682,0.0
-3.83395,50,578.957331,0.0
-3.696906,50,578.993787,0.0
-3.914077,50,579.029227,0.0
-3.5653,50,579.064708,0.0
-3.413623,50,579.099926,0.0
-3.866798,50,579.135816,0.0
-4.196102,50,579.171301,0.0
-4.083464,50,579.207583,0.0
-3.648812,50,579.244175,0.0
-3.497951,50,579.280477,0.0
-3.66797,50,579.316986,0.0
-3.380432,50,579.466907,0.0
-4.162328,50,579.502659,0.0
-4.309384,50,579.5385,0.0
-3.835964,50,579.574111,0.0
-4.269892,50,579.610421,0.0
-3.661005,50,579.646716,0.0
-3.78728,50,579.682972,0.0
-4.045611,50,579.719488,0.0
-3.861396,50,579.755715,0.0
-3.054181,50,579.792052,0.0
-3.84264,50,579.828459,0.0
-3.454702,50,579.864529,0.0
-3.796807,50,579.900624,0.0
-3.758981,50,579.937038,0.0
-5.136239,50,579.973261,0.0
-3.177241,50,580.009264,0.0
-4.211549,50,580.045782,0.0
-3.096626,50,580.081776,0.0
-3.807133,50,580.118116,0.0
-3.530017,50,580.153692,0.0
-3.501026,50,580.189411,0.0
-4.066764,50,580.224554,0.0
-3.567615,50,580.260003,0.0
-3.483402,50,580.295299,0.0
-3.39042,50,580.330346,0.0
-3.981095,50,580.365953,0.0
-3.299711,50,580.40161,0.0
-3.962599,50,580.436693,0.0
-4.102918,50,580.472523,0.0
-3.948723,50,580.507997,0.0
-4.186996,50,580.544377,0.0
-3.31428,50,580.580667,0.0
-4.104665,50,580.616863,0.0
-3.746599,50,580.653192,0.0
-3.88185,50,580.689536,0.0
-3.646007,50,580.726024,0.0
-3.544702,50,580.762411,0.0
-3.956993,50,580.798662,0.0
-3.775859,50,580.835345,0.0
-3.705834,50,580.872217,0.0
-4.144435,50,580.908736,0.0
-3.740109,50,581.058194,0.0
-3.961722,50,581.093975,0.0
-3.990635,50,581.129545,0.0
-3.892066,50,581.16534,0.0
-4.168911,50,581.201376,0.0
-3.39435,50,581.237076,0.0
-3.21642,50,581.273204,0.0
-3.591145,50,581.309931,0.0
-4.147147,50,581.346237,0.0
-3.555467,50,581.748702,0.0
-3.805063,50,581.785054,0.0
-3.992106,50,581.821376,0.0
-4.164998,50,581.857669,0.0
-3.940794,50,581.893803,0.0
-3.975534,50,581.930056,0.0
-3.448159,50,581.966546,0.0
-4.287247,50,582.002601,0.0
-3.984169,50,582.038748,0.0
-4.214911,50,582.074238,0.0
-3.065799,50,582.111028,0.0
-3.770155,50,582.147261,0.0
-3.645896,50,582.1837,0.0
-3.370688,50,582.219651,0.0
-3.815598,50,582.255953,0.0
-3.674332,50,582.292403,0.0
-3.940048,50,582.328727,0.0
-3.819378,50,582.365018,0.0
-3.462577,50,582.401252,0.0
-3.66183,50,582.437245,0.0
-4.331561,50,582.473348,0.0
-3.785131,50,582.50937,0.0
-3.416243,50,582.545055,0.0
-3.429189,50,582.581266,0.0
-3.642358,50,582.617073,0.0
-3.145466,50,582.653177,0.0
-3.716698,50,582.689061,0.0
-3.33598,50,582.725224,0.0
-3.896888,50,582.761351,0.0
-4.104501,50,582.797648,0.0
-3.902942,50,582.833846,0.0
-3.742741,50,582.870087,0.0
-3.971275,50,583.019219,0.0
-3.415641,50,583.055693,0.0
-3.555643,50,583.091921,0.0
-3.757164,50,583.128211,0.0
-4.082945,50,583.164386,0.0
-4.034877,50,583.200609,0.0
-4.001068,50,583.236974,0.0
-3.31708,50,583.273117,0.0
-3.936501,50,583.309383,0.0
-4.300971,50,583.345613,0.0
-3.983103,50,583.381673,0.0
-4.174086,50,583.418177,0.0
-4.102286,50,583.454558,0.0
-3.955534,50,583.490605,0.0
-4.108342,50,583.52668,0.0
-4.324259,50,583.563116,0.0
-4.387408,50,583.599036,0.0
-3.283261,50,583.635047,0.0
-3.44577,50,583.671493,0.0
-3.803467,50,583.707587,0.0
-3.987867,50,583.743727,0.0
-3.831482,50,583.78008,0.0
-3.656593,50,583.816327,0.0
-3.818913,50,583.852524,0.0
-4.010343,50,583.888421,0.0
-4.214914,50,583.924444,0.0
-3.829715,50,583.960596,0.0
-3.892806,50,583.996763,0.0
-3.938915,50,584.033005,0.0
-3.55566,50,584.069058,0.0
-3.840762,50,584.104911,0.0
-3.946272,50,584.14103,0.0
-3.567659,50,584.176848,0.0
-3.814989,50,584.213074,0.0
-3.654362,50,584.249019,0.0
-3.732847,50,584.285036,0.0
-3.572667,50,584.322231,0.0
-4.297604,50,584.359025,0.0
-3.580609,50,584.395353,0.0
-3.063057,50,584.431599,0.0
-3.440835,50,584.467721,0.0
-4.120922,50,584.618197,0.0
-3.784729,50,584.65469,0.0
-3.0495,50,584.69139,0.0
-4.80177,50,584.727751,0.0
-3.432731,50,584.764734,0.0
-3.749492,50,584.801061,0.0
-3.61133,50,584.837456,0.0
-3.277889,50,584.873934,0.0
-4.416458,50,584.910293,0.0
-4.087872,50,584.946796,0.0
-4.014592,50,584.982759,0.0
-3.428311,50,585.019149,0.0
-4.755933,50,585.055282,0.0
-3.977338,50,585.09156,0.0
-3.981002,50,585.128181,0.0
-3.881413,50,585.163929,0.0
-3.731614,50,585.1992,0.0
-4.053007,50,585.236005,0.0
-3.911334,50,585.271947,0.0
-3.423046,50,585.307718,0.0
-3.101644,50,585.34347,0.0
-3.735353,50,585.380632,0.0
-3.890032,50,585.416335,0.0
-3.915582,50,585.452457,0.0
-3.442839,50,585.488637,0.0
-3.829911,50,585.5246,0.0
-3.526161,50,585.560761,0.0
-3.780169,50,585.596833,0.0
-4.260083,50,585.632995,0.0
-3.395784,50,585.669158,0.0
-3.238479,50,585.705364,0.0
-4.380133,50,585.741667,0.0
-4.027355,50,585.777785,0.0
-3.982589,50,585.813798,0.0
-3.630949,50,585.850073,0.0
-3.80477,50,585.886574,0.0
-3.647052,50,585.92261,0.0
-3.961887,50,585.958565,0.0
-3.552704,50,585.994549,0.0
-3.83073,50,586.030608,0.0
-3.820029,50,586.066904,0.0
-3.176052,50,586.216189,0.0
-4.258391,50,586.251766,0.0
-3.837653,50,586.287411,0.0
-4.209742,50,586.323249,0.0
-3.390096,50,586.358679,0.0
-3.803948,50,586.394187,0.0
-3.369712,50,586.429414,0.0
-3.83796,50,586.464722,0.0
-4.15656,50,586.50046,0.0
-3.590908,50,586.53605,0.0
-3.508584,50,586.571883,0.0
-3.610562,50,586.608422,0.0
-3.729437,50,586.644891,0.0
-3.938196,50,586.681101,0.0
-3.856039,50,586.71622,0.0
-3.745078,50,586.75159,0.0
-3.998748,50,586.786668,0.0
-3.947477,50,586.822465,0.0
-4.09013,50,586.858725,0.0
-3.681677,50,586.894925,0.0
-3.56762,50,586.930369,0.0
-4.127093,50,586.965503,0.0
-3.474653,50,587.000999,0.0
-3.417828,50,587.035985,0.0
-3.732311,50,587.07138,0.0
-3.893885,50,587.106777,0.0
-3.870328,50,587.141901,0.0
-3.956873,50,587.177298,0.0
-3.767189,50,587.212681,0.0
-3.879497,50,587.248803,0.0
-4.198447,50,587.284417,0.0
-3.414871,50,587.319625,0.0
-3.189282,50,587.354891,0.0
-3.333807,50,587.390205,0.0
-4.020544,50,587.425241,0.0
-4.760657,50,587.461526,0.0
-3.807897,50,587.497485,0.0
-3.249834,50,587.533461,0.0
-3.74651,50,587.569222,0.0
-4.632338,50,587.604728,0.0
-3.910892,50,587.640446,0.0
-3.626969,50,587.789477,0.0
-3.337297,50,587.825158,0.0
-3.759267,50,587.860693,0.0
-3.758757,50,587.895944,0.0
-3.824995,50,587.931147,0.0
-3.877892,50,587.966907,0.0
-3.84963,50,588.002592,0.0
-3.590675,50,588.038198,0.0
-4.104714,50,588.073508,0.0
-3.947215,50,588.109684,0.0
-3.496969,50,588.145496,0.0
-3.929669,50,588.181104,0.0
-3.354809,50,588.216502,0.0
-3.786938,50,588.251159,0.0
-4.100165,50,588.287072,0.0
-3.052845,50,588.323326,0.0
-3.844833,50,588.359603,0.0
-4.122817,50,588.395589,0.0
-3.453471,50,588.431266,0.0
-3.068325,50,588.467231,0.0
-3.343593,50,588.503126,0.0
-4.003959,50,588.538578,0.0
-3.86562,50,588.57398,0.0
-3.757044,50,588.609453,0.0
-4.065364,50,588.644712,0.0
-3.881752,50,588.680293,0.0
-3.821883,50,588.716103,0.0
-3.757967,50,588.751637,0.0
-3.826527,50,588.787078,0.0
-3.13899,50,588.822561,0.0
-3.539457,50,588.85848,0.0
-3.31616,50,588.893824,0.0
-3.494373,50,588.929835,0.0
-3.746745,50,588.966242,0.0
-4.297935,50,589.002209,0.0
-4.092931,50,589.038422,0.0
-4.176606,50,589.074217,0.0
-3.639965,50,589.1097,0.0
-4.10661,50,589.144989,0.0
-3.812251,50,589.180445,0.0
-3.776708,50,589.215766,0.0
-3.169686,50,589.366256,0.0
-3.277085,50,589.401812,0.0
-3.425452,50,589.437103,0.0
-4.213125,50,589.472485,0.0
-3.869306,50,589.507669,0.0
-4.051709,50,589.542791,0.0
-3.715618,50,589.578095,0.0
-3.79919,50,589.613705,0.0
-4.220805,50,589.649249,0.0
-3.696118,50,589.684439,0.0
-3.927181,50,589.719924,0.0
-3.463841,50,589.755729,0.0
-3.387463,50,589.792402,0.0
-3.708728,50,589.828674,0.0
-3.192864,50,589.864569,0.0
-3.923049,50,589.900517,0.0
-3.146156,50,589.935903,0.0
-3.585079,50,589.971289,0.0
-4.264804,50,590.006637,0.0
-4.030189,50,590.042983,0.0
-3.943584,50,590.079296,0.0
-3.48043,50,590.114757,0.0
-3.306448,50,590.150618,0.0
-4.253991,50,590.185891,0.0
-3.767829,50,590.221061,0.0
-4.12968,50,590.257004,0.0
-4.021437,50,590.293101,0.0
-4.053735,50,590.329483,0.0
-3.858343,50,590.365073,0.0
-4.141657,50,590.400394,0.0
-3.893788,50,590.435692,0.0
-3.558384,50,590.471108,0.0
-4.521866,50,590.506289,0.0
-4.13794,50,590.541885,0.0
-3.685118,50,590.577775,0.0
-3.486541,50,590.612952,0.0
-3.441633,50,590.648462,0.0
-3.967207,50,590.684532,0.0
-3.956458,50,590.720312,0.0
-4.202521,50,590.756485,0.0
-3.506423,50,590.792938,0.0
-3.939259,50,590.943087,0.0
-3.676236,50,590.97846,0.0
-3.831787,50,591.013685,0.0
-3.484499,50,591.05032,0.0
-4.096386,50,591.086326,0.0
-3.524717,50,591.121529,0.0
-3.866742,50,591.15742,0.0
-3.357911,50,591.192665,0.0
-3.667461,50,591.228353,0.0
-3.586723,50,591.263445,0.0
-4.073202,50,591.2989,0.0
-3.669203,50,591.335369,0.0
-3.765057,50,591.371575,0.0
-3.659513,50,591.406982,0.0
-3.551507,50,591.442238,0.0
-3.196311,50,591.477249,0.0
-4.425297,50,591.512553,0.0
-3.313472,50,591.548654,0.0
-3.683449,50,591.584278,0.0
-3.700111,50,591.619562,0.0
-3.232399,50,591.654673,0.0
-4.051453,50,591.68974,0.0
-3.337796,50,591.725262,0.0
-4.343172,50,591.761324,0.0
-3.184257,50,591.797533,0.0
-4.03575,50,591.833492,0.0
-3.499102,50,591.869526,0.0
-3.136322,50,591.905506,0.0
-4.059294,50,591.94169,0.0
-3.231274,50,591.977601,0.0
-3.548222,50,592.013539,0.0
-3.374106,50,592.0496,0.0
-4.115385,50,592.084962,0.0
-3.583061,50,592.120067,0.0
-3.533713,50,592.156609,0.0
-3.678435,50,592.192667,0.0
-3.100776,50,592.227758,0.0
-3.926712,50,592.263516,0.0
-3.288914,50,592.299194,0.0
-3.45964,50,592.33461,0.0
-3.805578,50,592.371254,0.0
-4.043964,50,592.521848,0.0
-3.508983,50,592.558543,0.0
-4.245637,50,592.595117,0.0
-4.036841,50,592.631419,0.0
-3.670438,50,592.667673,0.0
-4.165549,50,592.704267,0.0
-4.090758,50,592.740112,0.0
-4.032287,50,592.776431,0.0
-4.238654,50,592.81287,0.0
-4.074885,50,592.849453,0.0
-3.441317,50,592.886074,0.0
-4.139941,50,592.922653,0.0
-3.189133,50,592.959341,0.0
-3.971962,50,592.995803,0.0
-4.824311,50,593.031862,0.0
-3.650728,50,593.068368,0.0
-3.635157,50,593.104824,0.0
-4.07627,50,593.1416,0.0
-3.589657,50,593.178154,0.0
-3.456101,50,593.214444,0.0
-3.751425,50,593.250637,0.0
-4.099844,50,593.286864,0.0
-3.748001,50,593.323353,0.0
-3.961216,50,593.359713,0.0
-4.426874,50,593.395754,0.0
-4.438437,50,593.431936,0.0
-3.877049,50,593.468152,0.0
-4.158569,50,593.50453,0.0
-3.312651,50,593.541002,0.0
-3.7245,50,593.576702,0.0
-3.290462,50,593.612491,0.0
-3.748512,50,593.648826,0.0
-3.777905,50,593.684869,0.0
-4.143631,50,593.721146,0.0
-3.588687,50,593.757621,0.0
-3.622856,50,593.793664,0.0
-3.507751,50,593.829421,0.0
-3.787562,50,593.865814,0.0
-3.863208,50,593.901944,0.0
-3.968204,50,593.938305,0.0
-3.846407,50,593.974074,0.0
-3.869163,50,594.124396,0.0
-3.813313,50,594.160595,0.0
-3.542369,50,594.195897,0.0
-4.17292,50,594.23119,0.0
-3.397166,50,594.266388,0.0
-3.61027,50,594.302102,0.0
-4.027316,50,594.33825,0.0
-4.446477,50,594.373747,0.0
-4.02502,50,594.410452,0.0
-4.056204,50,594.446942,0.0
-3.617985,50,594.483218,0.0
-4.113384,50,594.519084,0.0
-4.151366,50,594.55438,0.0
-3.634754,50,594.589812,0.0
-3.939268,50,594.625339,0.0
-3.545119,50,594.660814,0.0
-3.795276,50,594.695805,0.0
-3.756313,50,594.731134,0.0
-4.141465,50,594.766437,0.0
-3.894773,50,594.80147,0.0
-3.915231,50,594.836871,0.0
-3.645137,50,594.872429,0.0
-4.256416,50,594.908497,0.0
-3.306591,50,594.94493,0.0
-3.684895,50,594.981345,0.0
-4.159994,50,595.017112,0.0
-3.725312,50,595.052404,0.0
-3.588621,50,595.08834,0.0
-4.281601,50,595.124451,0.0
-3.247657,50,595.160373,0.0
-3.789128,50,595.196755,0.0
-3.753516,50,595.232317,0.0
-4.053915,50,595.267821,0.0
-3.387593,50,595.303197,0.0
-3.022669,50,595.338841,0.0
-3.393595,50,595.374196,0.0
-3.151489,50,595.410661,0.0
-3.551337,50,595.447236,0.0
-3.410124,50,595.483057,0.0
-3.621339,50,595.518703,0.0
-4.20404,50,595.554075,0.0
-4.362464,50,595.703821,0.0
-4.150097,50,595.739768,0.0
-4.088948,50,595.775101,0.0
-3.92013,50,595.811151,0.0
-3.359874,50,595.847605,0.0
-3.148613,50,595.883521,0.0
-4.007925,50,595.919373,0.0
-3.32209,50,595.955194,0.0
-3.605192,50,595.990562,0.0
-3.96999,50,596.026337,0.0
-3.737772,50,596.062798,0.0
-3.966055,50,596.099034,0.0
-3.525501,50,596.135138,0.0
-3.33213,50,596.171535,0.0
-3.756535,50,596.207626,0.0
-4.275884,50,596.243692,0.0
-3.729503,50,596.280007,0.0
-3.677102,50,596.315925,0.0
-3.944291,50,596.351399,0.0
-3.524522,50,596.386907,0.0
-3.9876,50,596.422431,0.0
-3.915001,50,596.45846,0.0
-3.511356,50,596.494153,0.0
-3.483527,50,596.529837,0.0
-3.841236,50,596.565372,0.0
-3.724526,50,596.600925,0.0
-4.290549,50,596.636358,0.0
-3.880624,50,596.671695,0.0
-3.556724,50,596.708019,0.0
-3.53757,50,596.743855,0.0
-3.62651,50,596.779437,0.0
-3.563791,50,596.814578,0.0
-3.654809,50,596.850323,0.0
-3.738567,50,596.885471,0.0
-3.879705,50,596.921773,0.0
-3.984825,50,596.958584,0.0
-3.867883,50,596.994017,0.0
-3.725457,50,597.029436,0.0
-4.193647,50,597.065655,0.0
-3.199788,50,597.102036,0.0
-3.791092,50,597.251982,0.0
-4.123744,50,597.287704,0.0
-3.912978,50,597.323565,0.0
-3.725977,50,597.359246,0.0
-3.267077,50,597.394716,0.0
-3.538254,50,597.429773,0.0
-3.431553,50,597.466047,0.0
-3.613158,50,597.502477,0.0
-3.608024,50,597.538813,0.0
-3.882393,50,597.575114,0.0
-3.541358,50,597.611368,0.0
-3.904506,50,597.647796,0.0
-3.574823,50,597.683875,0.0
-3.121892,50,597.719716,0.0
-3.424956,50,597.755795,0.0
-4.228909,50,597.791487,0.0
-3.412045,50,597.826761,0.0
-3.356086,50,597.861354,0.0
-3.649202,50,597.896775,0.0
-3.794191,50,597.932289,0.0
-4.301124,50,597.967855,0.0
-4.128698,50,598.004127,0.0
-3.635936,50,598.040201,0.0
-4.094784,50,598.075467,0.0
-4.065982,50,598.111378,0.0
-3.274895,50,598.147859,0.0
-4.154014,50,598.18432,0.0
-4.210541,50,598.21995,0.0
-3.764278,50,598.256377,0.0
-3.809358,50,598.292483,0.0
-3.801054,50,598.328854,0.0
-4.273344,50,598.364731,0.0
-3.997229,50,598.401023,0.0
-3.788072,50,598.437366,0.0
-3.991131,50,598.473308,0.0
-3.691215,50,598.50847,0.0
-3.832672,50,598.543575,0.0
-4.221292,50,598.578627,0.0
-3.558607,50,598.613969,0.0
-3.899746,50,598.649294,0.0
-4.150957,50,598.684752,0.0
-3.935316,50,598.834705,0.0
-3.73678,50,598.870526,0.0
-3.758993,50,598.906449,0.0
-3.972731,50,598.941987,0.0
-4.142879,50,598.978404,0.0
-3.728193,50,599.014913,0.0
-3.799625,50,599.051412,0.0
-4.032428,50,599.087347,0.0
-4.391496,50,599.12284,0.0
-3.126179,50,599.1587,0.0
-3.811714,50,599.19494,0.0
-3.572652,50,599.231687,0.0
-3.486843,50,599.267813,0.0
-4.120156,50,599.303967,0.0
-3.756885,50,599.340504,0.0
-3.605921,50,599.375892,0.0
-3.890069,50,599.411125,0.0
-4.239946,50,599.446427,0.0
-3.676206,50,599.481749,0.0
-4.080142,50,599.516876,0.0
-3.823584,50,599.552703,0.0
-3.32491,50,599.588954,0.0
-4.014856,50,599.624754,0.0
-3.600945,50,599.660181,0.0
-4.02733,50,599.695545,0.0
-4.248858,50,599.730749,0.0
-3.312282,50,599.765958,0.0
-3.727391,50,599.801832,0.0
-3.973142,50,599.83729,0.0
-4.367695,50,599.873648,0.0
-3.857866,50,599.91006,0.0
-4.128436,50,599.945829,0.0
-3.510773,50,599.98119,0.0
-3.937713,50,600.016418,0.0
-3.907623,50,600.051874,0.0
-4.172615,50,600.087425,0.0
-3.252337,50,600.122662,0.0
-3.681372,50,600.158809,0.0
-4.091944,50,600.19452,0.0
-3.575819,50,600.229727,0.0
-3.89693,50,600.265096,0.0
-3.773945,50,600.414445,0.0
-4.132185,50,600.449918,0.0
-3.599255,50,600.485457,0.0
-4.41884,50,600.520815,0.0
-3.305344,50,600.55631,0.0
-4.710111,50,600.591539,0.0
-3.69681,50,600.627296,0.0
-3.732736,50,600.662657,0.0
-3.930341,50,600.698554,0.0
-3.74458,50,600.734218,0.0
-3.610374,50,600.770079,0.0
-3.943271,50,600.805663,0.0
-3.064024,50,600.840844,0.0
-3.483588,50,600.876746,0.0
-3.620251,50,600.912923,0.0
-3.527644,50,600.949292,0.0
-3.795713,50,600.98564,0.0
-4.233749,50,601.02194,0.0
-4.140786,50,601.05738,0.0
-3.628326,50,601.093087,0.0
-3.712271,50,601.128888,0.0
-4.206411,50,601.164798,0.0
-3.9466,50,601.201153,0.0
-4.098068,50,601.237523,0.0
-3.372589,50,601.2736,0.0
-3.505979,50,601.309222,0.0
-4.617609,50,601.344898,0.0
-4.14787,50,601.380172,0.0
-3.860477,50,601.415232,0.0
-3.818194,50,601.450892,0.0
-3.290387,50,601.486581,0.0
-3.830197,50,601.52237,0.0
-4.473844,50,601.5579,0.0
-3.89933,50,601.594637,0.0
-3.513342,50,601.630494,0.0
-3.884777,50,601.666373,0.0
-4.119865,50,601.702567,0.0
-3.659493,50,601.738693,0.0
-4.147188,50,601.774493,0.0
-3.452033,50,601.809851,0.0
-3.77641,50,601.845309,0.0
-3.168378,50,601.994038,0.0
-4.111581,50,602.030142,0.0
-4.69501,50,602.066248,0.0
-3.642386,50,602.102452,0.0
-4.074169,50,602.138448,0.0
-3.33017,50,602.174947,0.0
-3.542345,50,602.211452,0.0
-3.689304,50,602.247783,0.0
-3.734417,50,602.283483,0.0
-4.132797,50,602.319794,0.0
-4.19176,50,602.356053,0.0
-3.998584,50,602.392135,0.0
-3.987854,50,602.428296,0.0
-3.649644,50,602.464508,0.0
-4.015962,50,602.500223,0.0
-3.964811,50,602.535787,0.0
-4.514512,50,602.571615,0.0
-3.652052,50,602.607759,0.0
-3.786782,50,602.643766,0.0
-3.858953,50,602.679685,0.0
-3.40782,50,602.715263,0.0
-3.767741,50,602.750544,0.0
-3.175871,50,602.78621,0.0
-4.091422,50,602.822363,0.0
-3.536718,50,602.858422,0.0
-3.688448,50,602.894751,0.0
-3.606179,50,602.930714,0.0
-3.273311,50,602.966779,0.0
-3.451269,50,603.002886,0.0
-3.006109,50,603.038881,0.0
-4.410611,50,603.075436,0.0
-3.84243,50,603.110989,0.0
-3.880506,50,603.146464,0.0
-3.655153,50,603.181827,0.0
-3.844776,50,603.217183,0.0
-3.6525,50,603.252569,0.0
-3.692642,50,603.28793,0.0
-4.000512,50,603.323306,0.0
-3.857842,50,603.358746,0.0
-3.745598,50,603.394227,0.0
-3.015156,50,603.429276,0.0
-4.011776,50,603.578332,0.0
-4.1336,50,603.614185,0.0
-3.778102,50,603.650856,0.0
-3.434669,50,603.687077,0.0
-3.922615,50,603.723458,0.0
-4.176558,50,603.760055,0.0
-3.360795,50,603.796597,0.0
-3.704144,50,603.832964,0.0
-3.715039,50,603.869243,0.0
-3.758812,50,603.905796,0.0
-3.901925,50,603.942307,0.0
-4.365053,50,603.978234,0.0
-3.807375,50,604.013721,0.0
-4.2957,50,604.049969,0.0
-3.774886,50,604.086176,0.0
-3.612031,50,604.122548,0.0
-3.321898,50,604.158829,0.0
-4.041252,50,604.195262,0.0
-3.593445,50,604.231649,0.0
-4.115129,50,604.267828,0.0
-3.471289,50,604.304085,0.0
-4.583701,50,604.339905,0.0
-4.155558,50,604.376243,0.0
-3.27731,50,604.412713,0.0
-4.138184,50,604.448905,0.0
-3.731441,50,604.484886,0.0
-4.215133,50,604.521141,0.0
-3.406848,50,604.557541,0.0
-4.172675,50,604.593725,0.0
-4.570768,50,604.630018,0.0
-4.241673,50,604.666446,0.0
-3.444771,50,604.702489,0.0
-3.549902,50,604.738623,0.0
-3.850957,50,604.774997,0.0
-3.96931,50,604.811501,0.0
-4.30979,50,604.847428,0.0
-3.443996,50,604.883824,0.0
-3.906323,50,604.920205,0.0
-4.112806,50,604.956674,0.0
-3.39914,50,604.992834,0.0
-3.634284,50,605.029118,0.0
-3.293336,50,605.179197,0.0
-4.066054,50,605.215573,0.0
-3.708435,50,605.251755,0.0
-3.909401,50,605.288256,0.0
-3.657031,50,605.3243,0.0
-3.687703,50,605.36085,0.0
-4.289445,50,605.397125,0.0
-4.147744,50,605.433255,0.0
-4.095101,50,605.469753,0.0
-3.572001,50,605.50583,0.0
-3.483186,50,605.541928,0.0
-4.135353,50,605.578117,0.0
-4.233521,50,605.614558,0.0
-3.36685,50,605.651273,0.0
-4.213921,50,605.687541,0.0
-3.403405,50,605.723991,0.0
-3.856916,50,605.760649,0.0
-3.871392,50,605.797084,0.0
-3.700572,50,605.832999,0.0
-3.972029,50,605.868464,0.0
-3.412733,50,605.90413,0.0
-3.615433,50,605.939487,0.0
-3.373603,50,605.974891,0.0
-3.416874,50,606.010115,0.0
-4.16962,50,606.045851,0.0
-4.167798,50,606.082183,0.0
-3.361028,50,606.118405,0.0
-4.113871,50,606.154081,0.0
-3.269342,50,606.18971,0.0
-3.815769,50,606.225155,0.0
-3.588596,50,606.260807,0.0
-3.318803,50,606.29639,0.0
-3.413873,50,606.331977,0.0
-3.366634,50,606.367457,0.0
-3.567334,50,606.402886,0.0
-4.458713,50,606.438266,0.0
-3.561607,50,606.473487,0.0
-4.042544,50,606.508958,0.0
-3.874779,50,606.54414,0.0
-4.461067,50,606.579195,0.0
-3.385961,50,606.61466,0.0
-3.802468,50,606.764221,0.0
-3.770602,50,606.80039,0.0
-4.188356,50,606.836776,0.0
-4.420463,50,606.873053,0.0
-3.492691,50,606.909395,0.0
-3.743938,50,606.945722,0.0
-3.616173,50,606.982016,0.0
-3.931298,50,607.01851,0.0
-4.105192,50,607.054669,0.0
-3.636631,50,607.090516,0.0
-4.058228,50,607.126732,0.0
-4.157722,50,607.162724,0.0
-3.939729,50,607.198252,0.0
-3.149587,50,607.233513,0.0
-3.153522,50,607.268816,0.0
-3.85498,50,607.304296,0.0
-3.401601,50,607.339569,0.0
-3.294872,50,607.374809,0.0
-3.384483,50,607.410186,0.0
-3.568431,50,607.445338,0.0
-4.060993,50,607.480746,0.0
-4.422761,50,607.515695,0.0
-3.623313,50,607.551349,0.0
-3.452668,50,607.586526,0.0
-4.01686,50,607.621741,0.0
-3.242522,50,607.657149,0.0
-4.084662,50,607.692332,0.0
-3.974733,50,607.727585,0.0
-3.972952,50,607.763292,0.0
-3.71139,50,607.79889,0.0
-4.300312,50,607.834374,0.0
-3.69066,50,607.870161,0.0
-3.881044,50,607.905812,0.0
-3.937667,50,607.942081,0.0
-3.470431,50,607.978179,0.0
-3.845838,50,608.01458,0.0
-3.759253,50,608.050852,0.0
-3.74421,50,608.086904,0.0
-3.760099,50,608.122993,0.0
-4.203461,50,608.158532,0.0
-3.531267,50,608.194603,0.0
-4.016566,50,608.344747,0.0
-3.81855,50,608.381114,0.0
-3.444229,50,608.41716,0.0
-4.436266,50,608.453641,0.0
-4.243632,50,608.489133,0.0
-4.112716,50,608.524423,0.0
-4.274404,50,608.559851,0.0
-3.9191,50,608.595563,0.0
-3.663267,50,608.631897,0.0
-4.24517,50,608.668213,0.0
-3.247083,50,608.703852,0.0
-3.970896,50,608.740148,0.0
-3.876077,50,608.775963,0.0
-3.848082,50,608.811637,0.0
-3.805693,50,608.847855,0.0
-3.695857,50,608.884373,0.0
-4.407544,50,608.920543,0.0
-3.676793,50,608.956942,0.0
-4.043628,50,608.993128,0.0
-4.136285,50,609.029527,0.0
-3.755093,50,609.065948,0.0
-3.801721,50,609.102046,0.0
-3.32529,50,609.138125,0.0
-4.222792,50,609.17414,0.0
-3.570067,50,609.209701,0.0
-3.422953,50,609.245394,0.0
-3.527183,50,609.280676,0.0
-3.587072,50,609.316425,0.0
-3.958131,50,609.352946,0.0
-3.647471,50,609.389302,0.0
-3.636127,50,609.425625,0.0
-3.852626,50,609.461663,0.0
-3.518814,50,609.49797,0.0
-3.313079,50,609.534215,0.0
-3.429545,50,609.570198,0.0
-3.761855,50,609.606521,0.0
-3.686469,50,609.642803,0.0
-3.378937,50,609.678996,0.0
-3.834475,50,609.715545,0.0
-3.499557,50,609.751825,0.0
-3.898545,50,609.787729,0.0
-3.758687,50,609.938151,0.0
-3.691546,50,609.973929,0.0
-4.416651,50,610.01008,0.0
-3.60292,50,610.045529,0.0
-3.30184,50,610.081295,0.0
-3.275921,50,610.116593,0.0
-3.264457,50,610.151952,0.0
-3.019343,50,610.187072,0.0
-3.900976,50,610.222093,0.0
-3.672043,50,610.258287,0.0
-3.527534,50,610.294546,0.0
-3.708154,50,610.330698,0.0
-4.104491,50,610.3671,0.0
-4.035163,50,610.403348,0.0
-3.20241,50,610.439585,0.0
-3.896677,50,610.476051,0.0
-3.303563,50,610.512403,0.0
-3.557079,50,610.548878,0.0
-3.79932,50,610.585144,0.0
-3.539405,50,610.621181,0.0
-4.030389,50,610.656555,0.0
-3.857182,50,610.691829,0.0
-3.892085,50,610.72848,0.0
-4.144956,50,610.764488,0.0
-4.135503,50,610.800134,0.0
-3.295568,50,610.835687,0.0
-3.376998,50,610.871097,0.0
-3.757545,50,610.906257,0.0
-3.329104,50,610.941573,0.0
-3.011735,50,610.976993,0.0
-4.221933,50,611.01259,0.0
-4.271928,50,611.048321,0.0
-4.293529,50,611.083939,0.0
-3.875902,50,611.11926,0.0
-3.407015,50,611.154542,0.0
-3.699343,50,611.189823,0.0
-3.056966,50,611.225168,0.0
-3.871125,50,611.260682,0.0
-3.617683,50,611.297105,0.0
-3.401517,50,611.333288,0.0
-3.710673,50,611.369335,0.0
-4.078106,50,611.518188,0.0
-3.778673,50,611.553084,0.0
-3.704375,50,611.588745,0.0
-3.823765,50,611.624161,0.0
-3.739869,50,611.659726,0.0
-4.123262,50,611.69544,0.0
-3.943501,50,611.731248,0.0
-3.263327,50,611.767441,0.0
-3.734624,50,611.802823,0.0
-3.679875,50,611.837655,0.0
-3.376124,50,611.872279,0.0
-3.779389,50,611.906771,0.0
-3.592926,50,611.942634,0.0
-3.982581,50,611.978214,0.0
-4.117388,50,612.013695,0.0
-3.772228,50,612.049534,0.0
-3.7319,50,612.085813,0.0
-3.765518,50,612.121743,0.0
-3.434873,50,612.157977,0.0
-3.803545,50,612.194459,0.0
-3.946978,50,612.230397,0.0
-3.696822,50,612.266265,0.0
-3.604307,50,612.30238,0.0
-4.21844,50,612.33802,0.0
-4.072228,50,612.372579,0.0
-3.592076,50,612.407017,0.0
-3.524493,50,612.441736,0.0
-3.804211,50,612.47704,0.0
-3.800083,50,612.512615,0.0
-4.153755,50,612.548095,0.0
-3.565221,50,612.582734,0.0
-3.895189,50,612.618426,0.0
-3.320796,50,612.653798,0.0
-4.000605,50,612.690157,0.0
-3.385488,50,612.725701,0.0
-4.21719,50,612.761419,0.0
-4.046129,50,612.796885,0.0
-3.694669,50,612.832618,0.0
-3.511508,50,612.868153,0.0
-3.951505,50,612.903555,0.0
-3.948875,50,612.938932,0.0
-3.924664,50,613.085948,0.0
-3.703425,50,613.121691,0.0
-4.059027,50,613.156983,0.0
-3.563717,50,613.192504,0.0
-3.891744,50,613.228124,0.0
-3.611575,50,613.263708,0.0
-3.825115,50,613.298987,0.0
-3.714834,50,613.334036,0.0
-4.053776,50,613.368911,0.0
-3.913278,50,613.403962,0.0
-4.049511,50,613.439238,0.0
-3.575441,50,613.474461,0.0
-3.96488,50,613.510036,0.0
-3.901922,50,613.544699,0.0
-3.916502,50,613.579508,0.0
-3.252919,50,613.614257,0.0
-4.083563,50,613.648937,0.0
-3.883557,50,613.68477,0.0
-3.515733,50,613.719704,0.0
-3.552126,50,613.754806,0.0
-3.929812,50,613.790524,0.0
-4.031409,50,613.826247,0.0
-4.237465,50,613.861286,0.0
-3.895094,50,613.896546,0.0
-3.141823,50,613.931345,0.0
-3.607319,50,613.966911,0.0
-3.765317,50,614.002558,0.0
-3.921485,50,614.038202,0.0
-3.381767,50,614.073555,0.0
-3.843492,50,614.109085,0.0
-3.894293,50,614.144706,0.0
-4.569343,50,614.180348,0.0
-4.217422,50,614.216317,0.0
-3.586986,50,614.251882,0.0
-3.764517,50,614.287543,0.0
-3.117291,50,614.323192,0.0
-3.041111,50,614.358845,0.0
-3.427505,50,614.394384,0.0
-4.018287,50,614.430076,0.0
-3.593103,50,614.465669,0.0
-3.974337,50,614.501077,0.0
-3.682456,50,614.648069,0.0
-3.916385,50,614.683449,0.0
-3.859873,50,614.718211,0.0
-3.705971,50,614.753102,0.0
-3.327082,50,614.78891,0.0
-2.888674,50,614.824674,0.0
-3.329296,50,614.860441,0.0
-3.617658,50,614.895764,0.0
-4.16245,50,614.931122,0.0
-4.198026,50,614.966662,0.0
-3.727113,50,615.002081,0.0
-4.010978,50,615.037338,0.0
-3.532112,50,615.073078,0.0
-4.478555,50,615.108716,0.0
-3.595456,50,615.144094,0.0
-4.077283,50,615.179558,0.0
-3.368378,50,615.215069,0.0
-3.826247,50,615.250591,0.0
-3.599796,50,615.286129,0.0
-3.607805,50,615.321747,0.0
-3.58873,50,615.357249,0.0
-4.621892,50,615.392858,0.0
-4.071305,50,615.428567,0.0
-3.797603,50,615.464349,0.0
-3.732539,50,615.500071,0.0
-3.658509,50,615.535528,0.0
-3.916704,50,615.570923,0.0
-3.060549,50,615.606243,0.0
-3.757368,50,615.641681,0.0
-3.392893,50,615.677311,0.0
-3.262908,50,615.712831,0.0
-3.240018,50,615.749392,0.0
-3.941245,50,615.785459,0.0
-4.077121,50,615.822259,0.0
-3.390278,50,615.858658,0.0
-4.232204,50,615.894674,0.0
-3.541189,50,615.930579,0.0
-3.756715,50,615.966747,0.0
-4.555174,50,616.00312,0.0
-3.557027,50,616.039369,0.0
-3.951346,50,616.075222,0.0
-3.410471,50,616.224997,0.0
-3.606813,50,616.261065,0.0
-3.387921,50,616.297392,0.0
-3.500851,50,616.333894,0.0
-3.900592,50,616.369803,0.0
-3.851772,50,616.406393,0.0
-3.987116,50,616.442334,0.0
-3.757122,50,616.478554,0.0
-3.671979,50,616.514663,0.0
-3.768985,50,616.551112,0.0
-4.07109,50,616.58734,0.0
-4.04195,50,616.623407,0.0
-3.552487,50,616.65956,0.0
-3.643783,50,616.695795,0.0
-3.98832,50,616.731973,0.0
-3.930103,50,616.768631,0.0
-3.23683,50,616.805195,0.0
-3.674343,50,616.841467,0.0
-3.654678,50,616.877594,0.0
-4.077494,50,616.914074,0.0
-3.780467,50,616.950618,0.0
-3.805229,50,616.986889,0.0
-3.914719,50,617.023189,0.0
-3.735901,50,617.059719,0.0
-3.926727,50,617.095455,0.0
-3.345722,50,617.13144,0.0
-3.930435,50,617.167883,0.0
-3.260058,50,617.203948,0.0
-3.980229,50,617.240447,0.0
-3.767417,50,617.276314,0.0
-3.293352,50,617.312387,0.0
-3.552773,50,617.348322,0.0
-4.384677,50,617.384505,0.0
-3.814805,50,617.42066,0.0
-3.375009,50,617.457063,0.0
-3.832844,50,617.49302,0.0
-3.759364,50,617.528518,0.0
-3.335243,50,617.563937,0.0
-4.067901,50,617.599183,0.0
-3.878756,50,617.634509,0.0
-4.231661,50,617.670128,0.0
-3.632184,50,617.82063,0.0
-3.87037,50,617.856876,0.0
-3.863586,50,617.893146,0.0
-4.06648,50,617.929092,0.0
-3.255745,50,617.964863,0.0
-3.845851,50,618.000177,0.0
-3.637564,50,618.035931,0.0
-3.920699,50,618.071987,0.0
-3.461169,50,618.107445,0.0
-4.079385,50,618.143831,0.0
-3.877119,50,618.180257,0.0
-3.583868,50,618.216427,0.0
-4.202919,50,618.252083,0.0
-3.766917,50,618.288166,0.0
-3.499201,50,618.324418,0.0
-4.251066,50,618.360813,0.0
-3.365634,50,618.397233,0.0
-3.302025,50,618.433596,0.0
-3.457394,50,618.469638,0.0
-3.505344,50,618.50578,0.0
-4.258154,50,618.541691,0.0
-3.644426,50,618.578097,0.0
-4.239813,50,618.614021,0.0
-3.997146,50,618.649881,0.0
-3.733333,50,618.685896,0.0
-3.84776,50,618.721379,0.0
-3.745526,50,618.756695,0.0
-3.745847,50,618.792104,0.0
-3.591631,50,618.827517,0.0
-3.286788,50,618.863194,0.0
-3.563775,50,618.899568,0.0
-4.589014,50,618.935705,0.0
-3.675159,50,618.97214,0.0
-3.845158,50,619.008424,0.0
-3.784932,50,619.044964,0.0
-3.664212,50,619.08116,0.0
-3.399176,50,619.117443,0.0
-3.687871,50,619.153726,0.0
-3.415583,50,619.190062,0.0
-3.656713,50,619.226365,0.0
-3.386782,50,619.26254,0.0
-4.001032,50,619.411863,0.0
-3.536424,50,619.447254,0.0
-3.976085,50,619.482646,0.0
-3.840003,50,619.518518,0.0
-4.182503,50,619.555022,0.0
-3.805691,50,619.591042,0.0
-4.273426,50,619.627131,0.0
-3.873328,50,619.663138,0.0
-3.325805,50,619.699627,0.0
-4.032456,50,619.735795,0.0
-3.389104,50,619.771165,0.0
-3.681382,50,619.806602,0.0
-3.974561,50,619.842007,0.0
-3.884289,50,619.877774,0.0
-4.042239,50,619.914059,0.0
-3.596394,50,619.950488,0.0
-3.91114,50,619.986474,0.0
-3.734992,50,620.022865,0.0
-3.41838,50,620.059174,0.0
-3.225878,50,620.095232,0.0
-3.82346,50,620.131397,0.0
-4.086286,50,620.167832,0.0
-4.332406,50,620.204088,0.0
-3.643357,50,620.240055,0.0
-3.895845,50,620.27608,0.0
-3.841262,50,620.312134,0.0
-3.179261,50,620.715366,0.0
-3.683219,50,620.751837,0.0
-4.022047,50,620.788499,0.0
-3.900284,50,620.824889,0.0
-4.090483,50,620.860826,0.0
-3.891298,50,620.896269,0.0
-3.648174,50,620.93214,0.0
-3.777256,50,620.967915,0.0
-3.74662,50,621.003584,0.0
-3.815057,50,621.03904,0.0
-3.93502,50,621.074536,0.0
-3.566819,50,621.110034,0.0
-4.054569,50,621.145463,0.0
-3.647848,50,621.18113,0.0
-3.81909,50,621.216698,0.0
-3.905085,50,621.367584,0.0
-3.72369,50,621.403416,0.0
-3.396449,50,621.439123,0.0
-3.563725,50,621.475474,0.0
-4.196238,50,621.511588,0.0
-3.34003,50,621.547263,0.0
-4.209749,50,621.582568,0.0
-3.874598,50,621.618149,0.0
-3.747479,50,621.653563,0.0
-3.97609,50,621.689358,0.0
-3.124193,50,621.725102,0.0
-3.798228,50,621.760678,0.0
-3.988775,50,621.796624,0.0
-3.732599,50,621.832418,0.0
-3.583636,50,621.868238,0.0
-3.704071,50,621.903488,0.0
-3.828176,50,621.939484,0.0
-3.607676,50,621.974747,0.0
-3.957965,50,622.010392,0.0
-3.427625,50,622.046283,0.0
-3.098283,50,622.081677,0.0
-3.628602,50,622.11761,0.0
-3.232412,50,622.154427,0.0
-3.498129,50,622.190198,0.0
-3.361758,50,622.225925,0.0
-3.272625,50,622.262216,0.0
-3.871528,50,622.29814,0.0
-3.183002,50,622.333327,0.0
-4.142759,50,622.368791,0.0
-4.135103,50,622.404369,0.0
-3.344799,50,622.4408,0.0
-3.511031,50,622.477391,0.0
-3.753093,50,622.514024,0.0
-3.454191,50,622.550649,0.0
-3.953003,50,622.586146,0.0
-3.017618,50,622.622487,0.0
-3.698608,50,622.659003,0.0
-4.029282,50,622.695018,0.0
-3.948819,50,622.730602,0.0
-3.2424,50,622.766096,0.0
-3.834908,50,622.801936,0.0
-4.030319,50,622.953393,0.0
-4.584399,50,622.990135,0.0
-3.558085,50,623.026422,0.0
-4.028296,50,623.062703,0.0
-3.864396,50,623.099192,0.0
-3.894501,50,623.135456,0.0
-3.199657,50,623.171586,0.0
-3.93933,50,623.207888,0.0
-3.829152,50,623.244119,0.0
-3.576912,50,623.280258,0.0
-3.282061,50,623.316581,0.0
-3.618338,50,623.35276,0.0
-3.225637,50,623.388636,0.0
-3.936475,50,623.424767,0.0
-3.690392,50,623.460943,0.0
-3.748971,50,623.497382,0.0
-3.444723,50,623.533536,0.0
-3.919779,50,623.569645,0.0
-3.761235,50,623.605565,0.0
-4.469476,50,623.641528,0.0
-3.985339,50,623.677712,0.0
-3.190896,50,623.714525,0.0
-3.634768,50,623.749746,0.0
-4.431566,50,623.784902,0.0
-4.025022,50,623.820449,0.0
-3.601394,50,623.856412,0.0
-4.147715,50,623.892294,0.0
-3.683585,50,623.927947,0.0
-3.819123,50,623.963656,0.0
-4.095539,50,623.999214,0.0
-4.020956,50,624.034725,0.0
-3.775362,50,624.070075,0.0
-3.449799,50,624.105175,0.0
-4.232513,50,624.140356,0.0
-3.807178,50,624.1756,0.0
-3.189997,50,624.210811,0.0
-3.854886,50,624.247025,0.0
-3.669415,50,624.283317,0.0
-3.795808,50,624.318634,0.0
-4.160347,50,624.354524,0.0
-3.428045,50,624.389837,0.0
-3.092859,50,624.539053,0.0
-3.915417,50,624.575451,0.0
-3.685387,50,624.611641,0.0
-3.41287,50,624.648445,0.0
-3.885445,50,624.684604,0.0
-4.063679,50,624.721098,0.0
-3.800833,50,624.757336,0.0
-3.716742,50,624.79367,0.0
-4.015843,50,624.829961,0.0
-4.08994,50,624.865932,0.0
-3.481159,50,624.902155,0.0
-3.939766,50,624.938152,0.0
-3.755628,50,624.974397,0.0
-3.822268,50,625.010704,0.0
-3.593179,50,625.047134,0.0
-3.684188,50,625.083554,0.0
-3.79075,50,625.119402,0.0
-3.528386,50,625.155149,0.0
-3.639869,50,625.190779,0.0
-3.472581,50,625.226263,0.0
-4.205173,50,625.262208,0.0
-3.5968,50,625.297598,0.0
-3.35517,50,625.333064,0.0
-3.732868,50,625.369426,0.0
-3.098229,50,625.405492,0.0
-3.926262,50,625.441557,0.0
-3.500402,50,625.478139,0.0
-3.588749,50,625.514806,0.0
-3.619678,50,625.55132,0.0
-4.67702,50,625.587787,0.0
-3.625381,50,625.624371,0.0
-3.774237,50,625.660631,0.0
-3.473262,50,625.697522,0.0
-3.231521,50,625.733322,0.0
-3.221552,50,625.76974,0.0
-4.409153,50,625.805964,0.0
-3.713968,50,625.842086,0.0
-3.248538,50,625.878293,0.0
-3.891031,50,625.914571,0.0
-3.995586,50,625.95086,0.0
-3.405199,50,625.987137,0.0
-4.078131,50,626.136391,0.0
-3.599701,50,626.172898,0.0
-3.802405,50,626.209201,0.0
-3.646001,50,626.245525,0.0
-4.282094,50,626.281341,0.0
-3.87394,50,626.317575,0.0
-3.848732,50,626.353477,0.0
-4.011266,50,626.389773,0.0
-4.150752,50,626.425803,0.0
-3.487703,50,626.462116,0.0
-3.913436,50,626.498013,0.0
-3.820288,50,626.533932,0.0
-3.214902,50,626.56996,0.0
-3.613846,50,626.606542,0.0
-3.613295,50,626.641499,0.0
-3.565855,50,626.677169,0.0
-3.849881,50,626.71355,0.0
-3.881158,50,626.749223,0.0
-3.631508,50,626.785654,0.0
-3.370849,50,626.82166,0.0
-3.715567,50,626.858003,0.0
-3.614992,50,626.893924,0.0
-4.21271,50,626.930081,0.0
-3.336466,50,626.966075,0.0
-4.125882,50,627.001997,0.0
-3.581937,50,627.038328,0.0
-3.784784,50,627.074433,0.0
-3.482281,50,627.110759,0.0
-4.073549,50,627.146827,0.0
-3.478569,50,627.182821,0.0
-3.653338,50,627.218925,0.0
-3.076394,50,627.25496,0.0
-3.338084,50,627.291002,0.0
-3.829856,50,627.32687,0.0
-3.927328,50,627.363427,0.0
-4.107593,50,627.399442,0.0
-3.745596,50,627.435537,0.0
-4.481226,50,627.471911,0.0
-3.77662,50,627.507921,0.0
-4.156432,50,627.544279,0.0
-4.211863,50,627.580537,0.0
-3.59821,50,627.730666,0.0
-3.811635,50,627.767004,0.0
-4.004003,50,627.80288,0.0
-3.415965,50,627.838665,0.0
-3.645939,50,627.874804,0.0
-3.748956,50,627.911288,0.0
-3.898228,50,627.947886,0.0
-3.705659,50,627.984064,0.0
-3.928036,50,628.020376,0.0
-3.347914,50,628.056729,0.0
-3.680158,50,628.093015,0.0
-3.338476,50,628.129173,0.0
-3.688593,50,628.165182,0.0
-3.291287,50,628.20157,0.0
-3.535424,50,628.237474,0.0
-3.966253,50,628.273434,0.0
-3.686373,50,628.309031,0.0
-4.281938,50,628.344483,0.0
-3.856271,50,628.379965,0.0
-3.913957,50,628.416375,0.0
-3.668284,50,628.45262,0.0
-4.306467,50,628.489058,0.0
-3.765987,50,628.525366,0.0
-3.469289,50,628.561622,0.0
-4.037096,50,628.597744,0.0
-4.074337,50,628.633825,0.0
-4.184984,50,628.669938,0.0
-3.662582,50,628.706315,0.0
-4.04422,50,628.742814,0.0
-3.529505,50,628.779053,0.0
-3.646898,50,628.815015,0.0
-3.786898,50,628.851539,0.0
-3.744713,50,628.888011,0.0
-3.580877,50,628.924401,0.0
-3.124457,50,628.960561,0.0
-4.142366,50,628.996961,0.0
-4.114741,50,629.03334,0.0
-3.706674,50,629.069487,0.0
-3.345609,50,629.105683,0.0
-3.311514,50,629.14228,0.0
-3.738278,50,629.178088,0.0
-4.163209,50,629.32677,0.0
-3.429558,50,629.362174,0.0
-3.556229,50,629.397749,0.0
-3.661506,50,629.433202,0.0
-3.365082,50,629.468517,0.0
-4.096795,50,629.504153,0.0
-3.997203,50,629.539745,0.0
-4.165947,50,629.57501,0.0
-3.754538,50,629.610966,0.0
-3.419037,50,629.64715,0.0
-3.764259,50,629.683804,0.0
-3.580756,50,629.719682,0.0
-3.457567,50,629.755399,0.0
-4.385492,50,629.791072,0.0
-4.135489,50,629.826778,0.0
-3.737501,50,629.862639,0.0
-3.857614,50,629.899007,0.0
-3.338253,50,629.935175,0.0
-4.107889,50,629.971596,0.0
-3.447542,50,630.00813,0.0
-3.635702,50,630.044605,0.0
-3.775622,50,630.079902,0.0
-3.936179,50,630.115376,0.0
-3.882494,50,630.150928,0.0
-3.307499,50,630.186047,0.0
-3.290869,50,630.221673,0.0
-3.211621,50,630.257076,0.0
-3.662485,50,630.292822,0.0
-3.513653,50,630.328892,0.0
-4.368442,50,630.365243,0.0
-3.827008,50,630.401424,0.0
-3.456352,50,630.437905,0.0
-4.2593,50,630.474309,0.0
-3.896239,50,630.510639,0.0
-4.256941,50,630.546964,0.0
-4.043453,50,630.583223,0.0
-4.731354,50,630.619186,0.0
-3.911382,50,630.654567,0.0
-4.016578,50,630.690197,0.0
-4.029116,50,630.726326,0.0
-3.879586,50,630.762504,0.0
-3.296845,50,630.912382,0.0
-4.087736,50,630.94863,0.0
-3.62537,50,630.985014,0.0
-3.484609,50,631.021493,0.0
-3.959065,50,631.057922,0.0
-3.501296,50,631.094457,0.0
-4.120384,50,631.130906,0.0
-3.591216,50,631.16729,0.0
-3.717843,50,631.203473,0.0
-3.390891,50,631.239692,0.0
-3.669148,50,631.276308,0.0
-3.821147,50,631.312462,0.0
-3.720998,50,631.349634,0.0
-3.918327,50,631.385712,0.0
-3.97236,50,631.421755,0.0
-3.078731,50,631.458187,0.0
-3.896965,50,631.494365,0.0
-3.455752,50,631.531174,0.0
-4.00274,50,631.568271,0.0
-3.835419,50,631.604884,0.0
-4.092114,50,631.641317,0.0
-3.740205,50,631.677516,0.0
-4.084276,50,631.714096,0.0
-3.011427,50,631.749866,0.0
-3.043439,50,631.786464,0.0
-3.883093,50,631.822969,0.0
-4.740209,50,631.859467,0.0
-3.854984,50,631.895631,0.0
-4.163487,50,631.932057,0.0
-4.309169,50,631.967762,0.0
-4.043808,50,632.002976,0.0
-3.887842,50,632.038766,0.0
-3.869023,50,632.074201,0.0
-3.457465,50,632.109605,0.0
-3.541189,50,632.145315,0.0
-3.642985,50,632.180746,0.0
-3.60242,50,632.216295,0.0
-3.696073,50,632.252023,0.0
-3.380674,50,632.287612,0.0
-4.215947,50,632.322781,0.0
-3.294376,50,632.358415,0.0
-3.844928,50,632.507983,0.0
-4.207934,50,632.544354,0.0
-3.775067,50,632.5809,0.0
-3.559859,50,632.61716,0.0
-3.681998,50,632.653609,0.0
-3.90091,50,632.689821,0.0
-3.578856,50,632.725933,0.0
-3.609438,50,632.761876,0.0
-4.085702,50,632.798151,0.0
-3.42186,50,632.834519,0.0
-3.886514,50,632.870426,0.0
-3.823709,50,632.906829,0.0
-3.70671,50,632.942943,0.0
-3.669101,50,632.979158,0.0
-3.260714,50,633.015018,0.0
-4.117146,50,633.051404,0.0
-3.561224,50,633.08742,0.0
-3.449519,50,633.123622,0.0
-3.618181,50,633.159749,0.0
-4.196114,50,633.195997,0.0
-3.573407,50,633.232435,0.0
-4.128703,50,633.268474,0.0
-3.852482,50,633.304388,0.0
-3.790418,50,633.340559,0.0
-3.086004,50,633.376561,0.0
-3.407552,50,633.412499,0.0
-3.928616,50,633.448849,0.0
-3.36384,50,633.485028,0.0
-3.421725,50,633.521331,0.0
-3.518969,50,633.557662,0.0
-3.597457,50,633.593868,0.0
-3.683366,50,633.630092,0.0
-3.575924,50,633.666401,0.0
-3.175748,50,633.702381,0.0
-3.356095,50,633.738648,0.0
-3.754586,50,633.774413,0.0
-3.756497,50,633.809989,0.0
-3.764869,50,633.845338,0.0
-3.841403,50,633.88108,0.0
-3.720106,50,633.91726,0.0
-3.676442,50,633.953788,0.0
-3.927134,50,634.103786,0.0
-3.639932,50,634.140336,0.0
-3.177878,50,634.176676,0.0
-3.464845,50,634.212595,0.0
-3.482031,50,634.248723,0.0
-4.092693,50,634.285003,0.0
-4.075128,50,634.321144,0.0
-3.976801,50,634.357334,0.0
-3.299509,50,634.392511,0.0
-3.618128,50,634.430374,0.0
-3.398252,50,634.467089,0.0
-3.305828,50,634.503774,0.0
-3.843616,50,634.539874,0.0
-3.414928,50,634.576025,0.0
-4.133783,50,634.612411,0.0
-3.337133,50,634.648828,0.0
-3.59944,50,634.684475,0.0
-3.959204,50,634.720303,0.0
-3.864315,50,634.756278,0.0
-3.854355,50,634.792256,0.0
-3.496808,50,634.830077,0.0
-3.88678,50,634.867158,0.0
-3.927848,50,634.903773,0.0
-4.154976,50,634.940396,0.0
-4.068643,50,634.977397,0.0
-3.741314,50,635.01416,0.0
-4.121561,50,635.050381,0.0
-3.466194,50,635.086525,0.0
-4.225397,50,635.122973,0.0
-3.692265,50,635.159125,0.0
-3.90072,50,635.195488,0.0
-3.916509,50,635.232041,0.0
-3.97986,50,635.268732,0.0
-3.327059,50,635.305657,0.0
-3.709605,50,635.34226,0.0
-3.773881,50,635.378341,0.0
-3.49132,50,635.4141,0.0
-3.305957,50,635.450068,0.0
-3.651818,50,635.486167,0.0
-4.300865,50,635.521868,0.0
-4.201471,50,635.557689,0.0
-4.1186,50,635.711067,0.0
-4.290191,50,635.747413,0.0
-3.20472,50,635.783508,0.0
-3.563872,50,635.819803,0.0
-3.650309,50,635.855802,0.0
-3.313538,50,635.891884,0.0
-3.366574,50,635.928071,0.0
-3.676033,50,635.964361,0.0
-3.592315,50,636.001197,0.0
-3.399951,50,636.0372,0.0
-3.753718,50,636.072756,0.0
-3.352202,50,636.109551,0.0
-3.903282,50,636.145464,0.0
-4.837368,50,636.18127,0.0
-3.191117,50,636.217353,0.0
-3.525213,50,636.253322,0.0
-3.530491,50,636.289668,0.0
-3.193897,50,636.325934,0.0
-3.472143,50,636.362312,0.0
-3.221948,50,636.398487,0.0
-4.119426,50,636.433868,0.0
-3.958307,50,636.469998,0.0
-3.808268,50,636.505863,0.0
-3.774468,50,636.54176,0.0
-3.450755,50,636.577436,0.0
-3.213857,50,636.613545,0.0
-3.866851,50,636.650276,0.0
-3.582648,50,636.686178,0.0
-4.101164,50,636.721672,0.0
-3.642478,50,636.757833,0.0
-4.194461,50,636.793654,0.0
-3.610387,50,636.829118,0.0
-3.67217,50,636.865514,0.0
-3.889126,50,636.900555,0.0
-3.881787,50,636.936589,0.0
-3.473353,50,636.972456,0.0
-3.661456,50,637.008212,0.0
-3.718483,50,637.044173,0.0
-3.649549,50,637.080634,0.0
-3.640234,50,637.116978,0.0
-3.332131,50,637.265352,0.0
-3.858693,50,637.301282,0.0
-3.81386,50,637.336854,0.0
-3.878108,50,637.373213,0.0
-3.871477,50,637.410076,0.0
-3.992727,50,637.446529,0.0
-3.628772,50,637.483041,0.0
-3.72345,50,637.519218,0.0
-3.791547,50,637.554961,0.0
-3.695668,50,637.591426,0.0
-4.082283,50,637.627241,0.0
-3.381235,50,637.664045,0.0
-3.632007,50,637.700406,0.0
-4.151406,50,637.736839,0.0
-4.098461,50,637.772958,0.0
-3.54404,50,637.80934,0.0
-4.16659,50,637.844956,0.0
-3.596677,50,637.88122,0.0
-4.238075,50,637.91731,0.0
-3.540726,50,637.952714,0.0
-3.416492,50,637.98898,0.0
-4.240857,50,638.024767,0.0
-3.42475,50,638.060295,0.0
-4.013299,50,638.096335,0.0
-3.440283,50,638.132702,0.0
-4.157473,50,638.168981,0.0
-4.068171,50,638.204714,0.0
-3.851769,50,638.240709,0.0
-3.347531,50,638.276892,0.0
-3.353387,50,638.313012,0.0
-3.457819,50,638.349214,0.0
-3.783049,50,638.384847,0.0
-3.659255,50,638.420104,0.0
-3.573508,50,638.455824,0.0
-3.556773,50,638.491384,0.0
-3.935416,50,638.527652,0.0
-3.839067,50,638.563146,0.0
-3.224257,50,638.598919,0.0
-3.37372,50,638.634683,0.0
-4.308328,50,638.670337,0.0
-3.263489,50,638.705908,0.0
-3.752964,50,638.856723,0.0
-3.968358,50,638.892656,0.0
-3.993241,50,638.928832,0.0
-4.120103,50,638.964244,0.0
-3.869528,50,638.999647,0.0
-3.676904,50,639.035259,0.0
-4.126766,50,639.070535,0.0
-3.297956,50,639.105979,0.0
-4.155891,50,639.141368,0.0
-3.340838,50,639.176784,0.0
-4.481734,50,639.212015,0.0
-3.382664,50,639.248064,0.0
-4.184321,50,639.283629,0.0
-3.951076,50,639.319245,0.0
-3.557204,50,639.354462,0.0
-4.179046,50,639.390121,0.0
-3.7679,50,639.425461,0.0
-3.43919,50,639.461343,0.0
-3.779666,50,639.497095,0.0
-4.078683,50,639.532307,0.0
-4.180372,50,639.568414,0.0
-3.351083,50,639.604359,0.0
-3.402523,50,639.640682,0.0
-3.574596,50,639.676866,0.0
-3.639995,50,639.712937,0.0
-3.958741,50,639.749324,0.0
-3.665191,50,639.785563,0.0
-4.220048,50,639.821674,0.0
-3.959423,50,639.857355,0.0
-3.697972,50,639.892734,0.0
-4.25019,50,639.928686,0.0
-3.82116,50,639.964852,0.0
-4.289578,50,640.000974,0.0
-3.22652,50,640.036972,0.0
-3.938937,50,640.072147,0.0
-3.817164,50,640.107906,0.0
-3.681174,50,640.143761,0.0
-3.715675,50,640.179747,0.0
-3.725978,50,640.215932,0.0
-3.753102,50,640.25165,0.0
-3.546498,50,640.287402,0.0
-2.933416,50,640.436977,0.0
-3.788453,50,640.473074,0.0
-3.45261,50,640.508689,0.0
-3.771594,50,640.544245,0.0
-3.439094,50,640.580317,0.0
-3.736951,50,640.616123,0.0
-3.707975,50,640.65223,0.0
-3.821944,50,640.687718,0.0
-3.552346,50,640.723059,0.0
-3.770271,50,640.759037,0.0
-3.817049,50,640.794278,0.0
-3.408213,50,640.830325,0.0
-3.315719,50,640.865848,0.0
-3.978942,50,640.901938,0.0
-4.045631,50,640.938237,0.0
-3.975124,50,640.974413,0.0
-3.254527,50,641.010437,0.0
-3.902131,50,641.045977,0.0
-3.3872,50,641.081482,0.0
-3.86248,50,641.11772,0.0
-4.473374,50,641.153302,0.0
-3.761047,50,641.188916,0.0
-3.763383,50,641.225066,0.0
-3.658062,50,641.261299,0.0
-3.106368,50,641.297123,0.0
-3.239186,50,641.332255,0.0
-3.504731,50,641.367392,0.0
-4.064611,50,641.403681,0.0
-3.940489,50,641.43999,0.0
-4.018125,50,641.475218,0.0
-3.325128,50,641.51084,0.0
-3.82953,50,641.546409,0.0
-4.027833,50,641.581896,0.0
-3.736532,50,641.617419,0.0
-4.174309,50,641.652863,0.0
-3.400095,50,641.688135,0.0
-4.125169,50,641.723835,0.0
-3.619007,50,641.7593,0.0
-3.99682,50,641.794878,0.0
-3.404385,50,641.830805,0.0
-4.293961,50,641.866534,0.0
-3.715093,50,642.015434,0.0
-3.733421,50,642.051691,0.0
-3.648328,50,642.087773,0.0
-3.783233,50,642.123913,0.0
-3.83978,50,642.159862,0.0
-3.607717,50,642.195508,0.0
-3.163949,50,642.231824,0.0
-4.234851,50,642.268048,0.0
-3.297346,50,642.304378,0.0
-3.697794,50,642.34069,0.0
-3.348695,50,642.376642,0.0
-3.837633,50,642.412151,0.0
-4.080787,50,642.447887,0.0
-4.049741,50,642.483338,0.0
-3.908693,50,642.518734,0.0
-3.8266,50,642.553693,0.0
-3.746199,50,642.589282,0.0
-3.936388,50,642.624723,0.0
-4.297089,50,642.660812,0.0
-4.160002,50,642.696305,0.0
-3.398673,50,642.731746,0.0
-3.757136,50,642.766424,0.0
-3.615034,50,642.802178,0.0
-3.612352,50,642.837285,0.0
-3.312204,50,642.873355,0.0
-3.843632,50,642.909001,0.0
-3.547601,50,642.945286,0.0
-3.62252,50,642.980967,0.0
-3.982416,50,643.016944,0.0
-3.648722,50,643.052947,0.0
-3.8789,50,643.088266,0.0
-4.231254,50,643.123481,0.0
-3.193293,50,643.158917,0.0
-3.530187,50,643.19501,0.0
-3.527739,50,643.230607,0.0
-4.233353,50,643.266002,0.0
-3.492838,50,643.302023,0.0
-3.601703,50,643.33728,0.0
-3.762958,50,643.373013,0.0
-3.700822,50,643.408506,0.0
-4.169201,50,643.444404,0.0
-3.572469,50,643.594816,0.0
-3.799211,50,643.630744,0.0
-3.791971,50,643.666403,0.0
-3.706733,50,643.702436,0.0
-3.8002,50,643.738345,0.0
-3.538203,50,643.774613,0.0
-3.928097,50,643.810606,0.0
-3.840038,50,643.846009,0.0
-3.35583,50,643.881799,0.0
-3.890788,50,643.916935,0.0
-4.221494,50,643.952395,0.0
-3.91539,50,643.987934,0.0
-3.96196,50,644.023517,0.0
-3.588115,50,644.059089,0.0
-3.683387,50,644.094758,0.0
-3.432017,50,644.130265,0.0
-3.329268,50,644.165492,0.0
-3.540255,50,644.201072,0.0
-3.940682,50,644.236819,0.0
-3.682448,50,644.272213,0.0
-3.810314,50,644.307762,0.0
-3.855974,50,644.34401,0.0
-3.968111,50,644.380064,0.0
-4.072118,50,644.416087,0.0
-3.372052,50,644.451504,0.0
-3.817698,50,644.486801,0.0
-3.853078,50,644.522425,0.0
-3.48184,50,644.558897,0.0
-4.704224,50,644.594501,0.0
-3.840144,50,644.630358,0.0
-3.46822,50,644.666151,0.0
-4.527947,50,644.702056,0.0
-3.568096,50,644.737236,0.0
-3.434941,50,644.773284,0.0
-3.680199,50,644.808506,0.0
-3.794172,50,644.844458,0.0
-4.399287,50,644.880136,0.0
-3.11268,50,644.915548,0.0
-3.77894,50,644.951517,0.0
-3.587479,50,644.986937,0.0
-3.747467,50,645.022859,0.0
-3.88839,50,645.172151,0.0
-3.325847,50,645.208267,0.0
-4.51106,50,645.243574,0.0
-3.457599,50,645.280133,0.0
-3.462427,50,645.315817,0.0
-3.719099,50,645.350919,0.0
-3.438572,50,645.386845,0.0
-3.783324,50,645.422401,0.0
-3.657834,50,645.458039,0.0
-3.509015,50,645.493173,0.0
-3.921814,50,645.529109,0.0
-3.40342,50,645.564958,0.0
-3.848691,50,645.600466,0.0
-3.924101,50,645.635877,0.0
-3.432232,50,645.671416,0.0
-4.000744,50,645.706913,0.0
-3.686677,50,645.742197,0.0
-3.885532,50,645.777771,0.0
-3.576241,50,645.813809,0.0
-3.539581,50,645.848753,0.0
-3.524666,50,645.884374,0.0
-3.725049,50,645.919942,0.0
-3.676866,50,645.955082,0.0
-3.671835,50,645.990495,0.0
-3.727544,50,646.025786,0.0
-4.426169,50,646.060726,0.0
-4.091315,50,646.096495,0.0
-3.862719,50,646.132352,0.0
-3.983977,50,646.167386,0.0
-3.547467,50,646.202745,0.0
-4.007319,50,646.237872,0.0
-3.631189,50,646.273032,0.0
-4.086989,50,646.308353,0.0
-3.832307,50,646.343356,0.0
-3.468606,50,646.378928,0.0
-3.801558,50,646.414343,0.0
-3.63919,50,646.449837,0.0
-3.446477,50,646.485069,0.0
-3.975708,50,646.52028,0.0
-3.530486,50,646.555775,0.0
-4.067665,50,646.591079,0.0
-4.293427,50,646.739132,0.0
-3.399246,50,646.775674,0.0
-3.600966,50,646.81214,0.0
-3.198308,50,646.848384,0.0
-3.862248,50,646.884201,0.0
-4.048573,50,646.919857,0.0
-3.250696,50,646.95504,0.0
-3.753013,50,646.990426,0.0
-3.586286,50,647.025751,0.0
-3.516721,50,647.061017,0.0
-4.001077,50,647.09661,0.0
-3.999494,50,647.132558,0.0
-3.522919,50,647.168241,0.0
-3.482831,50,647.204193,0.0
-3.708986,50,647.240111,0.0
-3.610305,50,647.275595,0.0
-3.61362,50,647.31166,0.0
-3.69087,50,647.347958,0.0
-3.881778,50,647.38342,0.0
-4.095511,50,647.418908,0.0
-3.722699,50,647.455497,0.0
-3.975366,50,647.491459,0.0
-3.407384,50,647.527256,0.0
-3.636686,50,647.5629,0.0
-3.960744,50,647.598579,0.0
-3.512762,50,647.634061,0.0
-4.02763,50,647.669989,0.0
-3.305596,50,647.706025,0.0
-3.966132,50,647.74218,0.0
-3.754258,50,647.777997,0.0
-4.19389,50,647.813824,0.0
-4.031638,50,647.850469,0.0
-3.647706,50,647.88616,0.0
-3.860575,50,647.92173,0.0
-3.673426,50,647.957222,0.0
-3.606082,50,647.992792,0.0
-3.616667,50,648.028898,0.0
-4.138277,50,648.06532,0.0
-3.904087,50,648.101084,0.0
-3.809063,50,648.137347,0.0
-3.855472,50,648.173391,0.0
-3.868637,50,648.321946,0.0
-4.043986,50,648.357577,0.0
-3.735953,50,648.393212,0.0
-3.513285,50,648.428941,0.0
-3.764905,50,648.465131,0.0
-3.373771,50,648.500735,0.0
-3.543682,50,648.536048,0.0
-3.943522,50,648.571583,0.0
-3.724755,50,648.607032,0.0
-4.124178,50,648.642342,0.0
-3.885214,50,648.678115,0.0
-3.587358,50,648.714322,0.0
-3.657164,50,648.74976,0.0
-3.615942,50,648.785628,0.0
-3.885314,50,648.821101,0.0
-3.863906,50,648.856615,0.0
-3.7107,50,648.89199,0.0
-4.242371,50,648.927191,0.0
-3.663931,50,648.96306,0.0
-3.465844,50,648.999437,0.0
-3.660164,50,649.035327,0.0
-3.492681,50,649.071231,0.0
-3.603967,50,649.106926,0.0
-3.384216,50,649.142503,0.0
-3.880734,50,649.178572,0.0
-3.530042,50,649.214646,0.0
-4.250232,50,649.250476,0.0
-4.053286,50,649.286428,0.0
-3.528156,50,649.322754,0.0
-3.572934,50,649.358571,0.0
-3.831739,50,649.394778,0.0
-4.122835,50,649.431075,0.0
-3.434729,50,649.467293,0.0
-3.806589,50,649.502932,0.0
-4.646589,50,649.538267,0.0
-3.984108,50,649.573786,0.0
-3.652251,50,649.609014,0.0
-3.707956,50,649.644302,0.0
-4.003794,50,649.679682,0.0
-4.052449,50,649.715539,0.0
-3.854444,50,649.752126,0.0
-3.421962,50,649.902113,0.0
-3.662856,50,649.93807,0.0
-3.503785,50,649.974031,0.0
-3.847737,50,650.009757,0.0
-4.025969,50,650.045754,0.0
-3.321657,50,650.081534,0.0
-3.923648,50,650.117278,0.0
-4.181875,50,650.153203,0.0
-4.304533,50,650.189479,0.0
-3.747948,50,650.225573,0.0
-3.873389,50,650.261252,0.0
-4.104745,50,650.297196,0.0
-3.813957,50,650.333213,0.0
-3.635126,50,650.369126,0.0
-3.71586,50,650.404764,0.0
-3.646441,50,650.440665,0.0
-3.929713,50,650.476171,0.0
-3.8454,50,650.511736,0.0
-3.994157,50,650.547896,0.0
-3.821658,50,650.583807,0.0
-4.093167,50,650.620026,0.0
-3.15019,50,650.656435,0.0
-3.589458,50,650.692537,0.0
-3.594117,50,650.728457,0.0
-3.760318,50,650.764741,0.0
-4.240925,50,650.800716,0.0
-3.906286,50,650.836828,0.0
-4.161261,50,650.872684,0.0
-3.806433,50,650.908815,0.0
-4.115766,50,650.944975,0.0
-3.951646,50,650.981379,0.0
-3.597013,50,651.017708,0.0
-3.371255,50,651.053282,0.0
-4.224854,50,651.089173,0.0
-3.757264,50,651.124719,0.0
-3.582051,50,651.160341,0.0
-3.191705,50,651.195845,0.0
-3.836259,50,651.231227,0.0
-4.152295,50,651.267124,0.0
-4.078168,50,651.302241,0.0
-4.003984,50,651.33782,0.0
-3.888928,50,651.487983,0.0
-3.768337,50,651.523569,0.0
-3.831843,50,651.559967,0.0
-3.810261,50,651.59602,0.0
-3.636801,50,651.631986,0.0
-3.413959,50,651.667704,0.0
-3.648485,50,651.703563,0.0
-3.831285,50,651.739264,0.0
-3.705802,50,651.775645,0.0
-4.136697,50,651.812518,0.0
-3.665962,50,651.848217,0.0
-3.806116,50,651.884106,0.0
-3.75946,50,651.919971,0.0
-3.442271,50,651.956243,0.0
-3.377772,50,651.992695,0.0
-4.167211,50,652.029402,0.0
-3.82294,50,652.06597,0.0
-3.853706,50,652.10262,0.0
-3.35638,50,652.139104,0.0
-3.645049,50,652.174698,0.0
-3.91518,50,652.210336,0.0
-4.330592,50,652.246389,0.0
-3.786735,50,652.282029,0.0
-3.734696,50,652.317657,0.0
-4.080439,50,652.353385,0.0
-3.490797,50,652.388606,0.0
-3.563652,50,652.423892,0.0
-3.183653,50,652.459776,0.0
-3.681601,50,652.495447,0.0
-3.795426,50,652.530932,0.0
-3.967852,50,652.566637,0.0
-4.09961,50,652.602418,0.0
-3.692059,50,652.637902,0.0
-3.513962,50,652.673234,0.0
-3.478892,50,652.70901,0.0
-3.633031,50,652.744351,0.0
-3.966945,50,652.779616,0.0
-3.93158,50,652.815237,0.0
-4.146413,50,652.850559,0.0
-3.846109,50,652.885754,0.0
-4.27632,50,652.921105,0.0
-3.462344,50,653.071027,0.0
-3.254301,50,653.106572,0.0
-3.713699,50,653.14289,0.0
-3.45175,50,653.178693,0.0
-3.385114,50,653.214791,0.0
-4.027762,50,653.250926,0.0
-3.688523,50,653.287062,0.0
-3.319978,50,653.322754,0.0
-3.859499,50,653.358764,0.0
-4.098782,50,653.39499,0.0
-3.718517,50,653.431413,0.0
-4.04033,50,653.467711,0.0
-3.920896,50,653.503889,0.0
-4.243518,50,653.540565,0.0
-4.036916,50,653.576097,0.0
-4.219892,50,653.611577,0.0
-3.808459,50,653.647046,0.0
-4.555811,50,653.682452,0.0
-4.263626,50,653.717708,0.0
-3.847444,50,653.75353,0.0
-4.057118,50,653.79008,0.0
-3.352273,50,653.826117,0.0
-3.663948,50,653.86135,0.0
-3.840478,50,653.897347,0.0
-3.896995,50,653.933486,0.0
-3.905809,50,653.969943,0.0
-4.132302,50,654.006323,0.0
-3.705686,50,654.042191,0.0
-4.108938,50,654.077681,0.0
-3.98005,50,654.114305,0.0
-3.972418,50,654.15053,0.0
-4.017437,50,654.186553,0.0
-3.788223,50,654.222232,0.0
-3.162658,50,654.257845,0.0
-3.23956,50,654.293234,0.0
-3.931754,50,654.32897,0.0
-4.234187,50,654.365459,0.0
-3.646618,50,654.400997,0.0
-3.184164,50,654.436993,0.0
-4.503667,50,654.472553,0.0
-3.821216,50,654.507895,0.0
-3.679274,50,654.65747,0.0
-3.621908,50,654.692968,0.0
-4.104298,50,654.728738,0.0
-3.452209,50,654.764851,0.0
-3.55894,50,654.801154,0.0
-3.793943,50,654.837745,0.0
-3.528904,50,654.873875,0.0
-3.647995,50,654.90944,0.0
-4.150553,50,654.944829,0.0
-3.54153,50,654.980932,0.0
-3.750009,50,655.016493,0.0
-4.227952,50,655.052193,0.0
-3.743234,50,655.088093,0.0
-4.225446,50,655.123555,0.0
-4.096383,50,655.158963,0.0
-3.998141,50,655.194824,0.0
-3.404297,50,655.230203,0.0
-3.985063,50,655.265855,0.0
-3.535213,50,655.301724,0.0
-3.948447,50,655.337208,0.0
-3.647662,50,655.372904,0.0
-3.842502,50,655.40851,0.0
-3.447887,50,655.44487,0.0
-4.408125,50,655.480282,0.0
-3.87072,50,655.515744,0.0
-3.579678,50,655.552197,0.0
-3.714871,50,655.588069,0.0
-3.510428,50,655.623489,0.0
-4.097248,50,655.659236,0.0
-4.18581,50,655.69451,0.0
-3.331026,50,655.729851,0.0
-3.445005,50,655.765201,0.0
-3.932471,50,655.801196,0.0
-3.204121,50,655.837219,0.0
-4.056266,50,655.873686,0.0
-3.749846,50,655.909934,0.0
-3.824877,50,655.9464,0.0
-3.567779,50,655.98192,0.0
-3.871285,50,656.018352,0.0
-3.520564,50,656.054234,0.0
-4.057554,50,656.090492,0.0
-3.749352,50,656.240578,0.0
-3.681467,50,656.276687,0.0
-3.728238,50,656.312674,0.0
-3.303141,50,656.34818,0.0
-3.469009,50,656.383395,0.0
-3.932789,50,656.418972,0.0
-4.174464,50,656.454499,0.0
-3.94955,50,656.490599,0.0
-3.768797,50,656.526626,0.0
-4.264006,50,656.562209,0.0
-3.978532,50,656.597263,0.0
-4.10338,50,656.634122,0.0
-3.78729,50,656.669991,0.0
-3.603567,50,656.705591,0.0
-3.607353,50,656.741168,0.0
-3.517907,50,656.776754,0.0
-4.247672,50,656.812141,0.0
-3.746629,50,656.847804,0.0
-4.132348,50,656.883131,0.0
-4.095,50,656.919026,0.0
-3.425329,50,656.955174,0.0
-4.204761,50,656.991548,0.0
-4.19907,50,657.027691,0.0
-3.404615,50,657.063818,0.0
-4.019787,50,657.099007,0.0
-4.222001,50,657.135354,0.0
-3.789955,50,657.170605,0.0
-3.959071,50,657.205926,0.0
-3.271258,50,657.241684,0.0
-3.98575,50,657.277159,0.0
-3.386115,50,657.313245,0.0
-3.591558,50,657.349158,0.0
-3.435759,50,657.384375,0.0
-3.87833,50,657.419966,0.0
-3.91643,50,657.455489,0.0
-3.837383,50,657.49099,0.0
-3.94929,50,657.527204,0.0
-3.395984,50,657.562682,0.0
-3.995589,50,657.598883,0.0
-3.640415,50,657.634953,0.0
-3.512153,50,657.670316,0.0
-3.915663,50,657.819496,0.0
-4.001375,50,657.85518,0.0
-3.812196,50,657.890476,0.0
-3.667923,50,657.925982,0.0
-3.825145,50,657.961583,0.0
-3.484292,50,657.997046,0.0
-3.617315,50,658.032696,0.0
-4.126274,50,658.067975,0.0
-4.047715,50,658.103267,0.0
-4.252658,50,658.138918,0.0
-4.06913,50,658.17459,0.0
-3.646669,50,658.209981,0.0
-3.36857,50,658.245094,0.0
-3.438294,50,658.281093,0.0
-4.2236,50,658.316995,0.0
-3.830748,50,658.352812,0.0
-3.462153,50,658.388379,0.0
-4.005303,50,658.423866,0.0
-3.76536,50,658.458978,0.0
-3.359329,50,658.494714,0.0
-3.806116,50,658.530899,0.0
-3.868359,50,658.566909,0.0
-3.379054,50,658.602986,0.0
-4.11579,50,658.638759,0.0
-4.257095,50,658.674902,0.0
-3.862619,50,658.710077,0.0
-3.772141,50,658.745222,0.0
-3.467899,50,658.780647,0.0
-3.576356,50,658.815577,0.0
-3.741608,50,658.851425,0.0
-3.306702,50,658.887213,0.0
-4.301497,50,658.922543,0.0
-4.140671,50,658.957612,0.0
-3.578268,50,658.993191,0.0
-3.63015,50,659.028968,0.0
-3.550716,50,659.064186,0.0
-3.078981,50,659.0997,0.0
-3.58758,50,659.136145,0.0
-4.038436,50,659.171431,0.0
-4.170713,50,659.207453,0.0
-3.886641,50,659.243082,0.0
-3.186362,50,659.392394,0.0
-4.047793,50,659.427721,0.0
-3.822165,50,659.82807,0.0
-3.556603,50,659.864257,0.0
-3.127174,50,659.900919,0.0
-3.75266,50,659.937515,0.0
-3.093371,50,659.973679,0.0
-4.014285,50,660.010111,0.0
-3.698888,50,660.046341,0.0
-3.614826,50,660.082761,0.0
-3.314559,50,660.118525,0.0
-3.910876,50,660.154372,0.0
-4.174456,50,660.190019,0.0
-4.361885,50,660.225833,0.0
-3.86392,50,660.261044,0.0
-3.34945,50,660.296409,0.0
-3.712686,50,660.332469,0.0
-3.537273,50,660.368534,0.0
-3.117486,50,660.404069,0.0
-3.374642,50,660.439621,0.0
-3.06318,50,660.475138,0.0
-3.806314,50,660.51039,0.0
-4.239079,50,660.5456,0.0
-3.299128,50,660.580832,0.0
-3.932833,50,660.616315,0.0
-3.489944,50,660.651263,0.0
-3.383682,50,660.686782,0.0
-4.260693,50,660.722343,0.0
-3.618334,50,660.758085,0.0
-3.293718,50,660.793448,0.0
-3.793602,50,660.828659,0.0
-4.007165,50,660.864072,0.0
-4.068577,50,660.899648,0.0
-3.482086,50,660.935093,0.0
-3.202092,50,660.97063,0.0
-4.223689,50,661.005962,0.0
-4.04187,50,661.040933,0.0
-3.176246,50,661.076061,0.0
-3.837341,50,661.111622,0.0
-3.712937,50,661.147062,0.0
-3.832673,50,661.183126,0.0
-3.594017,50,661.333213,0.0
-4.280181,50,661.368971,0.0
-3.275905,50,661.405195,0.0
-3.710189,50,661.441866,0.0
-3.399877,50,661.478007,0.0
-4.057362,50,661.513303,0.0
-3.783596,50,661.549324,0.0
-3.998345,50,661.585573,0.0
-3.381563,50,661.621857,0.0
-3.892876,50,661.657247,0.0
-4.612129,50,661.69253,0.0
-4.212455,50,661.728094,0.0
-3.154333,50,661.763659,0.0
-3.640567,50,661.798824,0.0
-4.013643,50,661.833956,0.0
-3.678298,50,661.869657,0.0
-3.856749,50,661.90511,0.0
-3.820392,50,661.940537,0.0
-3.688687,50,661.976103,0.0
-4.032459,50,662.012411,0.0
-4.009776,50,662.048602,0.0
-3.33499,50,662.08438,0.0
-4.043828,50,662.120077,0.0
-4.162983,50,662.155936,0.0
-4.112327,50,662.191582,0.0
-4.123464,50,662.226907,0.0
-3.864555,50,662.262986,0.0
-3.422838,50,662.299598,0.0
-3.847473,50,662.335713,0.0
-3.401976,50,662.372025,0.0
-3.938908,50,662.408893,0.0
-3.162288,50,662.445373,0.0
-3.481357,50,662.480585,0.0
-3.320164,50,662.516735,0.0
-3.510452,50,662.552195,0.0
-3.716123,50,662.588398,0.0
-3.388279,50,662.62454,0.0
-3.670404,50,662.660762,0.0
-3.618951,50,662.697197,0.0
-3.816931,50,662.733653,0.0
-4.350058,50,662.770074,0.0
-3.72504,50,662.919362,0.0
-3.445571,50,662.955457,0.0
-3.921283,50,662.991811,0.0
-3.851518,50,663.02796,0.0
-3.279971,50,663.064153,0.0
-3.809953,50,663.100218,0.0
-3.894572,50,663.136385,0.0
-3.763065,50,663.172764,0.0
-3.865699,50,663.208625,0.0
-3.295185,50,663.243995,0.0
-4.073825,50,663.280025,0.0
-3.95072,50,663.316435,0.0
-3.802521,50,663.352474,0.0
-3.389734,50,663.38805,0.0
-4.401919,50,663.423834,0.0
-3.677179,50,663.460344,0.0
-4.002277,50,663.496696,0.0
-3.893607,50,663.532961,0.0
-4.062461,50,663.569301,0.0
-3.584315,50,663.604668,0.0
-4.093553,50,663.639881,0.0
-3.280448,50,663.676171,0.0
-3.248686,50,663.711701,0.0
-4.022751,50,663.747139,0.0
-3.694446,50,663.783012,0.0
-3.781624,50,663.818693,0.0
-3.629853,50,663.854483,0.0
-3.431284,50,663.89024,0.0
-3.626321,50,663.925894,0.0
-3.671508,50,663.961193,0.0
-3.672993,50,663.996726,0.0
-3.826216,50,664.032455,0.0
-3.590361,50,664.068482,0.0
-4.389096,50,664.104171,0.0
-3.970489,50,664.141065,0.0
-3.454472,50,664.177255,0.0
-3.282567,50,664.213267,0.0
-3.640682,50,664.249583,0.0
-3.851708,50,664.285667,0.0
-4.307247,50,664.321926,0.0
-3.538603,50,664.357863,0.0
-3.734381,50,664.507488,0.0
-3.899786,50,664.544244,0.0
-3.702216,50,664.580749,0.0
-3.782485,50,664.617206,0.0
-3.408361,50,664.653082,0.0
-4.065082,50,664.688883,0.0
-3.566936,50,664.724,0.0
-3.95331,50,664.759659,0.0
-3.547351,50,664.795904,0.0
-3.811216,50,664.831154,0.0
-3.34886,50,664.8666,0.0
-4.194831,50,664.901912,0.0
-3.688517,50,664.937009,0.0
-3.25263,50,664.972487,0.0
-3.711613,50,665.008294,0.0
-3.430642,50,665.043433,0.0
-3.463215,50,665.078646,0.0
-3.627854,50,665.114451,0.0
-4.085846,50,665.149687,0.0
-4.221865,50,665.185449,0.0
-3.85129,50,665.22141,0.0
-4.004784,50,665.256768,0.0
-3.8392,50,665.292127,0.0
-3.799378,50,665.327535,0.0
-4.158854,50,665.362493,0.0
-3.443995,50,665.397741,0.0
-3.249426,50,665.433845,0.0
-3.691456,50,665.469479,0.0
-3.597883,50,665.504565,0.0
-3.276513,50,665.540581,0.0
-3.446873,50,665.576691,0.0
-4.085186,50,665.612438,0.0
-3.859615,50,665.647591,0.0
-3.320026,50,665.682992,0.0
-3.31951,50,665.718432,0.0
-3.363508,50,665.75424,0.0
-3.397698,50,665.78993,0.0
-3.520419,50,665.825893,0.0
-4.071504,50,665.86172,0.0
-3.496804,50,665.897449,0.0
-3.868268,50,665.933174,0.0
-3.276888,50,666.081992,0.0
-3.774907,50,666.118747,0.0
-3.791694,50,666.15506,0.0
-3.10981,50,666.191258,0.0
-3.951745,50,666.22754,0.0
-3.667224,50,666.263934,0.0
-4.326145,50,666.300459,0.0
-3.885159,50,666.33647,0.0
-3.394619,50,666.372767,0.0
-4.255065,50,666.408273,0.0
-3.727771,50,666.443877,0.0
-4.437175,50,666.479325,0.0
-3.917253,50,666.514798,0.0
-3.719354,50,666.550259,0.0
-4.746532,50,666.586674,0.0
-3.710112,50,666.623136,0.0
-3.515498,50,666.659415,0.0
-3.627894,50,666.694811,0.0
-3.208899,50,666.73025,0.0
-3.448797,50,666.765818,0.0
-3.968601,50,666.801066,0.0
-3.150231,50,666.836692,0.0
-3.656805,50,666.871957,0.0
-3.349384,50,666.907692,0.0
-3.746413,50,666.943577,0.0
-3.92507,50,666.979115,0.0
-3.458502,50,667.014632,0.0
-3.753827,50,667.050861,0.0
-3.705904,50,667.086736,0.0
-3.508977,50,667.122248,0.0
-3.989076,50,667.158502,0.0
-3.550674,50,667.19444,0.0
-3.200826,50,667.229806,0.0
-3.836141,50,667.26594,0.0
-3.782081,50,667.301199,0.0
-3.491801,50,667.336462,0.0
-4.158879,50,667.371706,0.0
-3.67553,50,667.407196,0.0
-3.793643,50,667.442543,0.0
-3.65856,50,667.479324,0.0
-3.598275,50,667.515511,0.0
-3.902671,50,667.665308,0.0
-4.190758,50,667.701321,0.0
-3.53428,50,667.737395,0.0
-3.843274,50,667.773534,0.0
-4.0376,50,667.809284,0.0
-3.306918,50,667.845387,0.0
-3.54525,50,667.881772,0.0
-3.898664,50,667.918078,0.0
-3.52423,50,667.954233,0.0
-4.261337,50,667.990575,0.0
-3.720743,50,668.026797,0.0
-3.967872,50,668.062446,0.0
-3.744159,50,668.09865,0.0
-3.428445,50,668.134914,0.0
-3.8068,50,668.171111,0.0
-3.907297,50,668.207373,0.0
-3.675663,50,668.243609,0.0
-3.900788,50,668.281265,0.0
-3.386282,50,668.317641,0.0
-3.605696,50,668.353316,0.0
-3.667319,50,668.389295,0.0
-3.690326,50,668.425617,0.0
-3.984719,50,668.462269,0.0
-3.775237,50,668.497696,0.0
-3.811075,50,668.533512,0.0
-3.645228,50,668.569747,0.0
-4.687436,50,668.605985,0.0
-3.846396,50,668.642302,0.0
-3.756126,50,668.678339,0.0
-3.797574,50,668.714298,0.0
-3.732769,50,668.750799,0.0
-4.06169,50,668.786264,0.0
-3.842635,50,668.821806,0.0
-4.052837,50,668.85703,0.0
-3.818079,50,668.892495,0.0
-3.417844,50,668.927711,0.0
-3.457292,50,668.963079,0.0
-4.025684,50,668.998524,0.0
-4.353171,50,669.034253,0.0
-3.734468,50,669.069792,0.0
-3.819827,50,669.105369,0.0
-3.688895,50,669.254555,0.0
-4.30402,50,669.290374,0.0
-4.091179,50,669.326248,0.0
-3.459365,50,669.361493,0.0
-3.710752,50,669.396618,0.0
-3.372375,50,669.432546,0.0
-4.035696,50,669.467908,0.0
-3.816718,50,669.503518,0.0
-3.906906,50,669.539221,0.0
-3.997522,50,669.574565,0.0
-3.774755,50,669.610015,0.0
-3.758396,50,669.646203,0.0
-3.578206,50,669.681473,0.0
-3.743751,50,669.716783,0.0
-3.433565,50,669.7523,0.0
-3.30287,50,669.787431,0.0
-3.818278,50,669.823418,0.0
-4.389457,50,669.858777,0.0
-3.733808,50,669.894427,0.0
-3.481201,50,669.93071,0.0
-3.640313,50,669.966141,0.0
-3.719171,50,670.001324,0.0
-3.828059,50,670.037378,0.0
-4.13779,50,670.073179,0.0
-4.238444,50,670.109022,0.0
-3.755312,50,670.144371,0.0
-3.487082,50,670.179852,0.0
-3.763992,50,670.215382,0.0
-3.571195,50,670.251055,0.0
-4.179174,50,670.286611,0.0
-3.914716,50,670.322341,0.0
-4.072625,50,670.357815,0.0
-4.10932,50,670.392915,0.0
-3.306865,50,670.428157,0.0
-4.101097,50,670.46418,0.0
-3.797241,50,670.499642,0.0
-3.539274,50,670.535413,0.0
-3.231319,50,670.57073,0.0
-3.877099,50,670.606668,0.0
-3.89424,50,670.642096,0.0
-3.888569,50,670.677662,0.0
-3.480325,50,670.827794,0.0
-3.465663,50,670.863362,0.0
-3.619189,50,670.898853,0.0
-3.430462,50,670.934112,0.0
-3.367552,50,670.969816,0.0
-3.696107,50,671.0048,0.0
-4.095198,50,671.0404,0.0
-3.683539,50,671.075951,0.0
-4.080312,50,671.111351,0.0
-3.492729,50,671.146595,0.0
-3.939406,50,671.181819,0.0
-3.990189,50,671.217985,0.0
-3.523798,50,671.25365,0.0
-3.780278,50,671.288788,0.0
-4.216978,50,671.324327,0.0
-3.764635,50,671.360453,0.0
-3.270803,50,671.396144,0.0
-3.950411,50,671.431582,0.0
-3.636834,50,671.467554,0.0
-3.426428,50,671.503365,0.0
-3.865981,50,671.538726,0.0
-3.666238,50,671.573747,0.0
-3.288666,50,671.609186,0.0
-3.258701,50,671.644139,0.0
-3.227149,50,671.679633,0.0
-3.920816,50,671.715211,0.0
-3.913415,50,671.75072,0.0
-4.021508,50,671.787169,0.0
-3.655644,50,671.822872,0.0
-3.989081,50,671.858429,0.0
-3.591112,50,671.894316,0.0
-4.058308,50,671.929852,0.0
-3.395376,50,671.966421,0.0
-3.428592,50,672.002087,0.0
-3.514194,50,672.037791,0.0
-3.681042,50,672.073088,0.0
-3.645431,50,672.108838,0.0
-3.892948,50,672.144965,0.0
-4.139945,50,672.180466,0.0
-3.616089,50,672.216673,0.0
-3.737786,50,672.252858,0.0
-4.007534,50,672.406013,0.0
-3.417165,50,672.441817,0.0
-4.257433,50,672.477735,0.0
-3.460385,50,672.513381,0.0
-4.013672,50,672.548467,0.0
-3.878764,50,672.583792,0.0
-3.433588,50,672.619778,0.0
-3.797988,50,672.655796,0.0
-4.064117,50,672.692324,0.0
-4.320338,50,672.728088,0.0
-3.960129,50,672.763664,0.0
-3.711831,50,672.799942,0.0
-3.543546,50,672.83611,0.0
-3.893691,50,672.871986,0.0
-3.429969,50,672.908188,0.0
-3.358661,50,672.944509,0.0
-3.417231,50,672.979706,0.0
-4.002699,50,673.01494,0.0
-3.834713,50,673.050226,0.0
-3.920235,50,673.085599,0.0
-3.959764,50,673.121024,0.0
-3.83027,50,673.156398,0.0
-3.592257,50,673.191795,0.0
-3.914645,50,673.227823,0.0
-4.064649,50,673.263103,0.0
-4.450602,50,673.298397,0.0
-4.155548,50,673.334255,0.0
-3.5817,50,673.370135,0.0
-3.439643,50,673.405674,0.0
-3.585609,50,673.441269,0.0
-4.069371,50,673.476496,0.0
-4.091074,50,673.511761,0.0
-3.744863,50,673.548134,0.0
-3.890567,50,673.584786,0.0
-3.483503,50,673.621354,0.0
-4.345897,50,673.657609,0.0
-3.755646,50,673.693886,0.0
-4.241008,50,673.729944,0.0
-3.348409,50,673.766133,0.0
-3.978404,50,673.801634,0.0
-4.019134,50,673.837306,0.0
-3.413252,50,673.987059,0.0
-3.752794,50,674.023202,0.0
-3.781158,50,674.059185,0.0
-3.703567,50,674.095535,0.0
-4.129592,50,674.131495,0.0
-2.950787,50,674.166973,0.0
-3.397123,50,674.202055,0.0
-3.951767,50,674.237484,0.0
-3.650471,50,674.27296,0.0
-3.864155,50,674.308979,0.0
-3.697843,50,674.344729,0.0
-3.696414,50,674.380129,0.0
-3.860396,50,674.415116,0.0
-3.387073,50,674.451108,0.0
-3.682709,50,674.487427,0.0
-3.986699,50,674.523596,0.0
-3.365316,50,674.559637,0.0
-3.599535,50,674.595366,0.0
-3.427662,50,674.631382,0.0
-3.561241,50,674.667783,0.0
-3.805793,50,674.70296,0.0
-3.784877,50,674.738263,0.0
-4.157969,50,674.77475,0.0
-3.400012,50,674.810828,0.0
-3.617746,50,674.846341,0.0
-3.828225,50,674.88187,0.0
-3.708912,50,674.917734,0.0
-3.413262,50,674.953848,0.0
-3.878931,50,674.990121,0.0
-3.983483,50,675.026286,0.0
-3.506679,50,675.061813,0.0
-3.589182,50,675.097255,0.0
-3.785117,50,675.132692,0.0
-3.548314,50,675.168099,0.0
-3.472489,50,675.203267,0.0
-4.052911,50,675.238584,0.0
-4.332322,50,675.27357,0.0
-3.871432,50,675.308668,0.0
-4.232856,50,675.343972,0.0
-3.723588,50,675.379173,0.0
-3.322065,50,675.415269,0.0
-3.528947,50,675.566104,0.0
-3.745144,50,675.602443,0.0
-3.697814,50,675.638999,0.0
-3.818948,50,675.674584,0.0
-4.001426,50,675.710611,0.0
-3.639547,50,675.746286,0.0
-3.7209,50,675.781777,0.0
-3.790027,50,675.817571,0.0
-3.397061,50,675.853182,0.0
-3.833622,50,675.888657,0.0
-3.61704,50,675.92363,0.0
-3.727594,50,675.962191,0.0
-3.942648,50,675.997715,0.0
-3.914181,50,676.033832,0.0
-3.278524,50,676.069833,0.0
-4.062114,50,676.105598,0.0
-4.027631,50,676.141148,0.0
-4.077701,50,676.177562,0.0
-3.493376,50,676.213804,0.0
-3.732749,50,676.250337,0.0
-4.038118,50,676.286419,0.0
-3.890134,50,676.322092,0.0
-3.5402,50,676.357869,0.0
-3.815135,50,676.394383,0.0
-4.083848,50,676.431378,0.0
-3.890178,50,676.468055,0.0
-3.126142,50,676.504299,0.0
-3.548464,50,676.540307,0.0
-3.744612,50,676.576028,0.0
-3.574274,50,676.611465,0.0
-3.837621,50,676.646835,0.0
-4.307012,50,676.682063,0.0
-3.754971,50,676.716983,0.0
-3.964883,50,676.752575,0.0
-3.638251,50,676.78834,0.0
-3.528139,50,676.823961,0.0
-3.270065,50,676.860098,0.0
-3.765245,50,676.895343,0.0
-3.548059,50,676.930804,0.0
-3.980221,50,676.967239,0.0
-3.638533,50,677.121854,0.0
-3.929137,50,677.157274,0.0
-3.55077,50,677.193206,0.0
-3.899243,50,677.228922,0.0
-3.943091,50,677.264593,0.0
-3.902234,50,677.300755,0.0
-3.323582,50,677.33698,0.0
-3.607197,50,677.372942,0.0
-3.714186,50,677.408774,0.0
-3.878829,50,677.444,0.0
-3.719405,50,677.479658,0.0
-3.90645,50,677.515301,0.0
-3.573808,50,677.550539,0.0
-3.447294,50,677.585914,0.0
-4.227313,50,677.621301,0.0
-3.281222,50,677.656904,0.0
-3.613588,50,677.692327,0.0
-4.229135,50,677.727987,0.0
-3.50726,50,677.763462,0.0
-3.591219,50,677.799226,0.0
-3.242943,50,677.83501,0.0
-3.817249,50,677.870886,0.0
-3.901128,50,677.907075,0.0
-4.405539,50,677.943092,0.0
-3.405218,50,677.979348,0.0
-3.852702,50,678.015405,0.0
-3.492798,50,678.051276,0.0
-3.911142,50,678.086782,0.0
-3.541614,50,678.122468,0.0
-3.113551,50,678.157924,0.0
-4.004583,50,678.193377,0.0
-3.910487,50,678.228693,0.0
-3.745028,50,678.263587,0.0
-3.867563,50,678.298836,0.0
-3.470295,50,678.334133,0.0
-3.990935,50,678.369622,0.0
-3.358988,50,678.404826,0.0
-3.516488,50,678.440369,0.0
-3.847011,50,678.476086,0.0
-3.475944,50,678.511756,0.0
-3.631957,50,678.547061,0.0
-4.259653,50,678.696894,0.0
-3.771644,50,678.733074,0.0
-3.971547,50,678.769257,0.0
-3.575355,50,678.805244,0.0
-3.505849,50,678.841652,0.0
-3.72242,50,678.877028,0.0
-3.630428,50,678.91232,0.0
-3.753921,50,678.947597,0.0
-3.337421,50,678.983197,0.0
-3.551914,50,679.018712,0.0
-3.805591,50,679.054551,0.0
-4.151831,50,679.090161,0.0
-3.974415,50,679.126207,0.0
-3.253882,50,679.161924,0.0
-4.084052,50,679.197173,0.0
-3.452115,50,679.232546,0.0
-3.100041,50,679.268165,0.0
-3.560246,50,679.303783,0.0
-3.478493,50,679.339653,0.0
-3.734943,50,679.375504,0.0
-4.1722,50,679.411037,0.0
-3.798888,50,679.446371,0.0
-3.907084,50,679.482126,0.0
-3.704731,50,679.51806,0.0
-3.857675,50,679.553969,0.0
-3.58182,50,679.589992,0.0
-3.566411,50,679.625626,0.0
-4.24352,50,679.660972,0.0
-3.917415,50,679.697347,0.0
-3.249382,50,679.733484,0.0
-3.875077,50,679.769675,0.0
-3.664834,50,679.805669,0.0
-3.73242,50,679.842056,0.0
-3.674003,50,679.878569,0.0
-3.665795,50,679.914919,0.0
-3.313743,50,679.951128,0.0
-3.977987,50,679.987302,0.0
-3.345918,50,680.023344,0.0
-3.862431,50,680.059286,0.0
-4.020334,50,680.095615,0.0
-3.732331,50,680.131693,0.0
-3.284912,50,680.282046,0.0
-3.518755,50,680.317896,0.0
-4.544275,50,680.353655,0.0
-4.389532,50,680.389228,0.0
-3.696138,50,680.424545,0.0
-3.275711,50,680.460792,0.0
-3.25562,50,680.49725,0.0
-3.83142,50,680.533203,0.0
-3.623739,50,680.568637,0.0
-3.935038,50,680.604432,0.0
-3.996274,50,680.640641,0.0
-3.072126,50,680.676338,0.0
-3.42702,50,680.711907,0.0
-4.043905,50,680.747519,0.0
-3.753185,50,680.783109,0.0
-3.453161,50,680.818655,0.0
-3.512139,50,680.85398,0.0
-4.109603,50,680.889165,0.0
-3.53476,50,680.924838,0.0
-3.629483,50,680.960864,0.0
-3.487874,50,680.996241,0.0
-3.857096,50,681.031251,0.0
-4.293889,50,681.066917,0.0
-3.300557,50,681.102348,0.0
-3.407294,50,681.137814,0.0
-4.62649,50,681.17343,0.0
-3.712193,50,681.209659,0.0
-4.076767,50,681.245345,0.0
-4.217883,50,681.280858,0.0
-3.207835,50,681.316333,0.0
-3.995104,50,681.352039,0.0
-3.863068,50,681.3879,0.0
-3.848563,50,681.422953,0.0
-3.63983,50,681.45838,0.0
-3.657717,50,681.493827,0.0
-4.250597,50,681.529277,0.0
-3.558335,50,681.564557,0.0
-3.882311,50,681.600696,0.0
-4.251106,50,681.636825,0.0
-3.227149,50,681.672982,0.0
-3.982755,50,681.70925,0.0
-4.230328,50,681.859747,0.0
-4.060308,50,681.895743,0.0
-3.385791,50,681.931724,0.0
-3.171248,50,681.967803,0.0
-3.926178,50,682.00413,0.0
-3.79813,50,682.040365,0.0
-3.609738,50,682.076017,0.0
-2.931105,50,682.111582,0.0
-3.304211,50,682.147179,0.0
-3.644248,50,682.182474,0.0
-4.036488,50,682.217881,0.0
-3.746288,50,682.253644,0.0
-3.613748,50,682.290081,0.0
-3.876929,50,682.326584,0.0
-3.728537,50,682.36324,0.0
-3.587539,50,682.400332,0.0
-3.617294,50,682.435876,0.0
-3.535985,50,682.471311,0.0
-3.922734,50,682.506591,0.0
-3.269348,50,682.541875,0.0
-3.730058,50,682.578181,0.0
-3.508793,50,682.614391,0.0
-3.198048,50,682.650345,0.0
-3.681275,50,682.686191,0.0
-3.927708,50,682.721515,0.0
-4.005088,50,682.757189,0.0
-4.19987,50,682.793466,0.0
-3.471657,50,682.829762,0.0
-3.409041,50,682.86546,0.0
-3.65333,50,682.900647,0.0
-4.421012,50,682.93639,0.0
-3.739815,50,682.97251,0.0
-3.60019,50,683.008608,0.0
-3.56882,50,683.044447,0.0
-3.246261,50,683.080515,0.0
-4.058088,50,683.116029,0.0
-3.861697,50,683.151224,0.0
-3.695565,50,683.18695,0.0
-3.525797,50,683.22225,0.0
-3.407238,50,683.257568,0.0
-3.701742,50,683.292822,0.0
-3.206147,50,683.441423,0.0
-3.219807,50,683.477075,0.0
-3.398292,50,683.512829,0.0
-3.381975,50,683.548694,0.0
-3.76953,50,683.584193,0.0
-3.43352,50,683.619654,0.0
-3.4522,50,683.654926,0.0
-4.198848,50,683.690334,0.0
-3.791314,50,683.726024,0.0
-3.419224,50,683.76228,0.0
-3.855785,50,683.797875,0.0
-4.210554,50,683.833777,0.0
-3.3632,50,683.869278,0.0
-3.435344,50,683.905446,0.0
-3.58787,50,683.941454,0.0
-3.552129,50,683.977633,0.0
-3.91404,50,684.013353,0.0
-3.34451,50,684.048732,0.0
-3.520999,50,684.084177,0.0
-3.59805,50,684.119323,0.0
-3.630231,50,684.155208,0.0
-3.777243,50,684.19095,0.0
-3.303489,50,684.226392,0.0
-3.754499,50,684.262736,0.0
-3.609213,50,684.298192,0.0
-3.600901,50,684.333594,0.0
-3.440264,50,684.368776,0.0
-3.761257,50,684.404724,0.0
-3.864991,50,684.440315,0.0
-3.610463,50,684.475863,0.0
-4.444753,50,684.511398,0.0
-3.716682,50,684.547488,0.0
-3.617525,50,684.583771,0.0
-3.720613,50,684.619343,0.0
-3.512788,50,684.654597,0.0
-3.436178,50,684.689856,0.0
-3.938841,50,684.725604,0.0
-3.309601,50,684.761127,0.0
-4.092258,50,684.797484,0.0
-3.721649,50,684.833159,0.0
-3.827116,50,684.86867,0.0
-4.030116,50,685.017848,0.0
-3.817159,50,685.054211,0.0
-3.484024,50,685.089195,0.0
-3.758772,50,685.126182,0.0
-3.93053,50,685.161689,0.0
-3.593098,50,685.198152,0.0
-3.410959,50,685.233719,0.0
-4.309972,50,685.269047,0.0
-4.619223,50,685.304311,0.0
-4.180173,50,685.340136,0.0
-3.86083,50,685.37659,0.0
-3.508765,50,685.412767,0.0
-3.436057,50,685.448807,0.0
-3.711602,50,685.485119,0.0
-4.050534,50,685.521118,0.0
-4.181216,50,685.557054,0.0
-3.843984,50,685.593241,0.0
-3.972205,50,685.629478,0.0
-3.80135,50,685.66576,0.0
-4.06492,50,685.701768,0.0
-3.484808,50,685.738183,0.0
-4.007504,50,685.774582,0.0
-3.810049,50,685.81052,0.0
-4.110629,50,685.846493,0.0
-3.836501,50,685.88245,0.0
-3.703553,50,685.918827,0.0
-3.410004,50,685.954549,0.0
-3.90767,50,685.990056,0.0
-3.442921,50,686.025261,0.0
-3.606831,50,686.060508,0.0
-3.798654,50,686.095796,0.0
-3.317593,50,686.131461,0.0
-3.58847,50,686.166874,0.0
-4.117994,50,686.202737,0.0
-4.03306,50,686.23885,0.0
-3.787945,50,686.275026,0.0
-3.883443,50,686.311791,0.0
-3.483042,50,686.347897,0.0
-3.787622,50,686.384014,0.0
-4.177346,50,686.419637,0.0
-4.142731,50,686.454715,0.0
-3.219142,50,686.603621,0.0
-3.560778,50,686.63984,0.0
-3.886161,50,686.67536,0.0
-3.209713,50,686.710973,0.0
-4.013793,50,686.746361,0.0
-3.683022,50,686.782722,0.0
-3.688052,50,686.818655,0.0
-3.794732,50,686.854344,0.0
-4.512635,50,686.889684,0.0
-4.394096,50,686.925447,0.0
-3.293502,50,686.961133,0.0
-3.369847,50,686.997098,0.0
-3.460044,50,687.032738,0.0
-3.740918,50,687.06925,0.0
-3.759061,50,687.105385,0.0
-3.882111,50,687.141667,0.0
-3.740196,50,687.177491,0.0
-4.295627,50,687.212751,0.0
-3.635626,50,687.247898,0.0
-3.512625,50,687.283543,0.0
-3.828393,50,687.319013,0.0
-3.429089,50,687.354313,0.0
-4.352628,50,687.389897,0.0
-3.733689,50,687.426346,0.0
-3.77131,50,687.46214,0.0
-3.834511,50,687.497751,0.0
-3.455487,50,687.534172,0.0
-3.948873,50,687.569544,0.0
-4.157833,50,687.605281,0.0
-3.847585,50,687.641091,0.0
-3.731094,50,687.677625,0.0
-4.192747,50,687.713933,0.0
-3.53147,50,687.749348,0.0
-3.967741,50,687.785395,0.0
-3.492702,50,687.821054,0.0
-3.323719,50,687.856265,0.0
-3.676798,50,687.892138,0.0
-3.30708,50,687.928025,0.0
-3.397233,50,687.963906,0.0
-3.224203,50,687.999916,0.0
-4.439575,50,688.035606,0.0
-3.687944,50,688.185423,0.0
-3.822798,50,688.221988,0.0
-3.638385,50,688.258844,0.0
-3.669277,50,688.295471,0.0
-3.978391,50,688.331782,0.0
-3.751939,50,688.368376,0.0
-4.233787,50,688.404151,0.0
-3.306577,50,688.439721,0.0
-3.755182,50,688.475209,0.0
-3.635806,50,688.51042,0.0
-4.029304,50,688.545847,0.0
-3.842639,50,688.581237,0.0
-3.850363,50,688.617656,0.0
-3.76723,50,688.654469,0.0
-4.183916,50,688.690763,0.0
-3.38107,50,688.726676,0.0
-3.790202,50,688.763264,0.0
-4.219329,50,688.800846,0.0
-3.753281,50,688.839145,0.0
-3.471014,50,688.87589,0.0
-3.651701,50,688.911755,0.0
-3.800945,50,688.947248,0.0
-3.760151,50,688.98364,0.0
-4.194715,50,689.019969,0.0
-3.687084,50,689.055715,0.0
-3.602787,50,689.091077,0.0
-3.740083,50,689.126775,0.0
-3.602668,50,689.16225,0.0
-3.730216,50,689.197527,0.0
-3.679003,50,689.233468,0.0
-3.75297,50,689.269375,0.0
-3.949354,50,689.305159,0.0
-3.941887,50,689.341194,0.0
-3.954675,50,689.376796,0.0
-4.038846,50,689.412363,0.0
-3.939606,50,689.448588,0.0
-3.883957,50,689.485268,0.0
-3.354883,50,689.521564,0.0
-3.495522,50,689.557641,0.0
-3.746974,50,689.594173,0.0
-3.681323,50,689.630648,0.0
-4.225402,50,689.782298,0.0
-3.661891,50,689.818931,0.0
-3.785312,50,689.855586,0.0
-3.8741,50,689.892074,0.0
-3.569858,50,689.928312,0.0
-3.563512,50,689.964116,0.0
-3.925255,50,689.999781,0.0
-3.466924,50,690.035465,0.0
-3.853134,50,690.070992,0.0
-3.525388,50,690.107943,0.0
-3.637,50,690.143521,0.0
-3.777929,50,690.17902,0.0
-3.723428,50,690.214376,0.0
-3.754537,50,690.249661,0.0
-3.77375,50,690.286031,0.0
-3.525092,50,690.321376,0.0
-3.661194,50,690.356729,0.0
-4.101985,50,690.392512,0.0
-3.954732,50,690.428099,0.0
-3.565458,50,690.463409,0.0
-3.51721,50,690.49911,0.0
-3.868045,50,690.534565,0.0
-3.588875,50,690.569976,0.0
-4.045691,50,690.605291,0.0
-4.204226,50,690.640708,0.0
-3.166244,50,690.675909,0.0
-4.051465,50,690.711508,0.0
-4.181419,50,690.747114,0.0
-4.126553,50,690.782822,0.0
-3.608902,50,690.818282,0.0
-3.525511,50,690.853922,0.0
-3.53909,50,690.889853,0.0
-3.778505,50,690.925243,0.0
-3.329563,50,690.960968,0.0
-3.915387,50,690.99611,0.0
-3.541035,50,691.032536,0.0
-3.726014,50,691.068209,0.0
-3.355835,50,691.103675,0.0
-3.26213,50,691.139604,0.0
-3.662558,50,691.175817,0.0
-3.687801,50,691.211829,0.0
-3.557136,50,691.363864,0.0
-3.738244,50,691.400322,0.0
-3.606698,50,691.436448,0.0
-3.862603,50,691.472465,0.0
-3.428486,50,691.507745,0.0
-3.421025,50,691.543412,0.0
-3.711684,50,691.578986,0.0
-3.644892,50,691.614074,0.0
-4.063175,50,691.64967,0.0
-3.59574,50,691.685466,0.0
-4.181866,50,691.720969,0.0
-4.050662,50,691.756948,0.0
-4.071882,50,691.792796,0.0
-3.780112,50,691.828256,0.0
-3.905149,50,691.86368,0.0
-3.998338,50,691.899531,0.0
-3.738178,50,691.935118,0.0
-3.503731,50,691.970891,0.0
-3.908995,50,692.006569,0.0
-4.138822,50,692.041822,0.0
-3.54228,50,692.077136,0.0
-3.399822,50,692.112083,0.0
-4.264435,50,692.147665,0.0
-3.738743,50,692.183681,0.0
-3.483504,50,692.219307,0.0
-3.354348,50,692.255181,0.0
-3.351291,50,692.291595,0.0
-3.937218,50,692.327304,0.0
-2.952258,50,692.363317,0.0
-4.206191,50,692.398891,0.0
-3.820058,50,692.434405,0.0
-3.784677,50,692.46958,0.0
-3.849811,50,692.504777,0.0
-3.458217,50,692.540234,0.0
-3.575383,50,692.575666,0.0
-3.912292,50,692.611114,0.0
-3.37513,50,692.646586,0.0
-3.841191,50,692.682375,0.0
-3.813187,50,692.717856,0.0
-4.259402,50,692.753521,0.0
-3.507393,50,692.789109,0.0
-3.75866,50,692.938845,0.0
-3.308378,50,692.974507,0.0
-3.922626,50,693.010509,0.0
-3.537981,50,693.046737,0.0
-3.470004,50,693.082098,0.0
-3.336603,50,693.117493,0.0
-3.776504,50,693.152989,0.0
-3.649478,50,693.188502,0.0
-3.843399,50,693.223689,0.0
-3.714818,50,693.259809,0.0
-4.149058,50,693.296336,0.0
-4.36384,50,693.332406,0.0
-4.06832,50,693.368743,0.0
-3.6871,50,693.405604,0.0
-3.674427,50,693.442392,0.0
-4.488743,50,693.47831,0.0
-3.630996,50,693.514712,0.0
-3.725896,50,693.551263,0.0
-4.104626,50,693.587189,0.0
-3.129689,50,693.623375,0.0
-4.048634,50,693.659017,0.0
-3.616132,50,693.694513,0.0
-3.91524,50,693.730372,0.0
-3.613974,50,693.766336,0.0
-4.290798,50,693.802118,0.0
-3.894644,50,693.837808,0.0
-3.416484,50,693.873469,0.0
-3.964007,50,693.909028,0.0
-3.987266,50,693.944403,0.0
-3.384113,50,693.980094,0.0
-3.337347,50,694.016587,0.0
-3.674346,50,694.052473,0.0
-3.734835,50,694.087951,0.0
-3.734607,50,694.124043,0.0
-3.852077,50,694.159751,0.0
-4.080172,50,694.196045,0.0
-3.623626,50,694.232764,0.0
-3.441568,50,694.2689,0.0
-3.791432,50,694.304878,0.0
-4.188072,50,694.341358,0.0
-3.523184,50,694.377001,0.0
-3.891587,50,694.527446,0.0
-4.171406,50,694.563887,0.0
-3.177144,50,694.599414,0.0
-4.05625,50,694.634909,0.0
-3.991212,50,694.67039,0.0
-3.612841,50,694.705913,0.0
-3.570861,50,694.742121,0.0
-3.773063,50,694.7783,0.0
-3.514629,50,694.814855,0.0
-4.088272,50,694.851753,0.0
-3.624645,50,694.888784,0.0
-3.810513,50,694.925641,0.0
-3.276282,50,694.962592,0.0
-4.129484,50,694.999135,0.0
-4.392181,50,695.035677,0.0
-3.493758,50,695.07221,0.0
-4.391691,50,695.108575,0.0
-4.106812,50,695.145121,0.0
-4.292726,50,695.181037,0.0
-3.638693,50,695.217014,0.0
-3.859816,50,695.253516,0.0
-3.673727,50,695.28997,0.0
-3.634986,50,695.325721,0.0
-3.938359,50,695.361139,0.0
-3.618539,50,695.396384,0.0
-3.418134,50,695.432736,0.0
-3.914845,50,695.470044,0.0
-3.291409,50,695.506285,0.0
-4.16704,50,695.542783,0.0
-3.279591,50,695.579583,0.0
-3.725141,50,695.616162,0.0
-4.080699,50,695.652713,0.0
-3.933541,50,695.689239,0.0
-3.559498,50,695.725709,0.0
-3.848397,50,695.761625,0.0
-3.75553,50,695.798167,0.0
-3.660132,50,695.834834,0.0
-3.673993,50,695.872012,0.0
-3.688923,50,695.907548,0.0
-3.654761,50,695.943908,0.0
-3.726415,50,695.980344,0.0
-4.151743,50,696.130484,0.0
-3.516905,50,696.167408,0.0
-3.728097,50,696.203248,0.0
-4.072522,50,696.239008,0.0
-4.193289,50,696.275382,0.0
-3.877899,50,696.312246,0.0
-4.276232,50,696.348437,0.0
-2.814938,50,696.384988,0.0
-3.484845,50,696.420871,0.0
-3.330661,50,696.457078,0.0
-3.748826,50,696.493818,0.0
-4.413334,50,696.530545,0.0
-3.459095,50,696.567207,0.0
-4.122669,50,696.602811,0.0
-3.760562,50,696.638678,0.0
-3.673071,50,696.674947,0.0
-3.944904,50,696.711114,0.0
-3.353481,50,696.746812,0.0
-4.085564,50,696.782297,0.0
-3.221969,50,696.818585,0.0
-3.333721,50,696.854774,0.0
-3.520055,50,696.891149,0.0
-3.453397,50,696.927495,0.0
-3.836731,50,696.962783,0.0
-3.274391,50,696.998346,0.0
-3.479082,50,697.034523,0.0
-4.273251,50,697.07073,0.0
-3.561967,50,697.106057,0.0
-3.609445,50,697.142184,0.0
-3.558752,50,697.177954,0.0
-3.87719,50,697.213714,0.0
-3.81934,50,697.249408,0.0
-3.314722,50,697.285152,0.0
-3.202911,50,697.320992,0.0
-3.549802,50,697.357434,0.0
-3.823127,50,697.393177,0.0
-3.801631,50,697.429192,0.0
-3.514378,50,697.464523,0.0
-3.457344,50,697.500149,0.0
-3.46242,50,697.535546,0.0
-3.578151,50,697.571942,0.0
-3.803588,50,697.7214,0.0
-3.849232,50,697.75695,0.0
-3.983108,50,697.793083,0.0
-4.12638,50,697.828733,0.0
-3.50335,50,697.864129,0.0
-3.423004,50,697.899806,0.0
-3.338916,50,697.935411,0.0
-3.53113,50,697.970807,0.0
-3.418171,50,698.006004,0.0
-4.111322,50,698.041457,0.0
-3.443087,50,698.07669,0.0
-3.035005,50,698.11223,0.0
-3.93029,50,698.147815,0.0
-3.423795,50,698.184048,0.0
-3.52589,50,698.220434,0.0
-3.802173,50,698.257138,0.0
-3.476146,50,698.293464,0.0
-3.774933,50,698.329664,0.0
-3.349548,50,698.365328,0.0
-3.434822,50,698.770714,0.0
-3.695706,50,698.806644,0.0
-3.304629,50,698.842251,0.0
-3.604888,50,698.877947,0.0
-3.867721,50,698.913574,0.0
-3.584296,50,698.949897,0.0
-3.763177,50,698.985836,0.0
-3.638581,50,699.021355,0.0
-4.06048,50,699.056819,0.0
-3.418816,50,699.092771,0.0
-3.357381,50,699.128822,0.0
-3.74125,50,699.164925,0.0
-3.982409,50,699.200168,0.0
-4.280025,50,699.235606,0.0
-3.898438,50,699.270841,0.0
-3.682647,50,699.30626,0.0
-3.671553,50,699.342059,0.0
-4.06681,50,699.3775,0.0
-3.714111,50,699.412713,0.0
-3.552753,50,699.448681,0.0
-3.35315,50,699.48487,0.0
-4.093202,50,699.520915,0.0
-4.015773,50,699.671271,0.0
-3.917429,50,699.706798,0.0
-3.755551,50,699.742683,0.0
-3.397087,50,699.777823,0.0
-3.837751,50,699.812876,0.0
-3.744996,50,699.849343,0.0
-3.520489,50,699.885576,0.0
-3.576232,50,699.920921,0.0
-3.927251,50,699.956834,0.0
-3.817766,50,699.993353,0.0
-3.178582,50,700.029315,0.0
-3.675555,50,700.066105,0.0
-4.240778,50,700.101895,0.0
-3.456525,50,700.138163,0.0
-4.066101,50,700.173568,0.0
-4.130881,50,700.20915,0.0
-3.84207,50,700.244331,0.0
-3.748157,50,700.280036,0.0
-3.524483,50,700.315703,0.0
-3.455421,50,700.351041,0.0
-3.980953,50,700.386925,0.0
-3.72785,50,700.423009,0.0
-4.172019,50,700.459061,0.0
-3.842411,50,700.494553,0.0
-3.974775,50,700.529753,0.0
-3.342706,50,700.565183,0.0
-3.913136,50,700.600859,0.0
-3.541565,50,700.637095,0.0
-3.713879,50,700.672624,0.0
-3.206932,50,700.707812,0.0
-3.56098,50,700.74403,0.0
-3.616913,50,700.780076,0.0
-4.356083,50,700.81662,0.0
-3.429325,50,700.853282,0.0
-3.707032,50,700.889968,0.0
-3.432649,50,700.926369,0.0
-3.778313,50,700.962736,0.0
-3.317627,50,700.999043,0.0
-3.982316,50,701.035394,0.0
-3.652532,50,701.071795,0.0
-3.424706,50,701.107556,0.0
-3.58295,50,701.258854,0.0
-3.516933,50,701.294542,0.0
-3.387548,50,701.329918,0.0
-4.023693,50,701.366292,0.0
-3.542572,50,701.403057,0.0
-3.944946,50,701.438585,0.0
-3.846653,50,701.474354,0.0
-3.507042,50,701.509449,0.0
-3.858693,50,701.54503,0.0
-3.777814,50,701.580223,0.0
-3.034166,50,701.61488,0.0
-3.746417,50,701.649746,0.0
-3.382668,50,701.687095,0.0
-4.312622,50,701.722981,0.0
-3.656016,50,701.75873,0.0
-3.359902,50,701.794542,0.0
-3.906062,50,701.83016,0.0
-3.797786,50,701.866432,0.0
-3.32773,50,701.902964,0.0
-3.937333,50,701.939017,0.0
-3.76013,50,701.975537,0.0
-3.682533,50,702.012095,0.0
-4.584723,50,702.047871,0.0
-4.067358,50,702.083054,0.0
-3.638626,50,702.118556,0.0
-3.542467,50,702.154191,0.0
-3.738125,50,702.189778,0.0
-4.02409,50,702.225185,0.0
-3.952234,50,702.260511,0.0
-3.463798,50,702.295939,0.0
-3.714831,50,702.332591,0.0
-3.662666,50,702.36914,0.0
-3.868474,50,702.404616,0.0
-3.372785,50,702.440344,0.0
-3.715082,50,702.47593,0.0
-3.703348,50,702.511904,0.0
-3.391113,50,702.548077,0.0
-4.085481,50,702.584173,0.0
-3.678857,50,702.620282,0.0
-3.682001,50,702.655906,0.0
-3.672585,50,702.691396,0.0
-4.058283,50,702.840982,0.0
-3.446815,50,702.877723,0.0
-3.549569,50,702.913557,0.0
-3.879986,50,702.949147,0.0
-3.96642,50,702.985475,0.0
-4.111493,50,703.021659,0.0
-3.686726,50,703.057738,0.0
-3.630573,50,703.093382,0.0
-3.452228,50,703.128871,0.0
-3.455757,50,703.164453,0.0
-3.84764,50,703.200536,0.0
-3.381816,50,703.23595,0.0
-3.736367,50,703.271645,0.0
-3.50454,50,703.307328,0.0
-4.024082,50,703.342652,0.0
-4.055538,50,703.378718,0.0
-3.950493,50,703.414706,0.0
-3.100789,50,703.450451,0.0
-3.517935,50,703.485967,0.0
-3.868488,50,703.521477,0.0
-4.339409,50,703.556935,0.0
-3.297134,50,703.592696,0.0
-3.263261,50,703.628845,0.0
-4.649601,50,703.664924,0.0
-4.218314,50,703.700864,0.0
-4.006496,50,703.737029,0.0
-3.822344,50,703.772591,0.0
-4.113358,50,703.808423,0.0
-3.697554,50,703.844142,0.0
-3.317273,50,703.87963,0.0
-4.055138,50,703.915104,0.0
-3.836415,50,703.951518,0.0
-3.882026,50,703.987211,0.0
-4.07855,50,704.022648,0.0
-3.904835,50,704.058793,0.0
-3.729533,50,704.094862,0.0
-3.858816,50,704.130294,0.0
-3.3619,50,704.166612,0.0
-3.474076,50,704.202499,0.0
-3.832124,50,704.237919,0.0
-3.93228,50,704.273484,0.0
-3.713164,50,704.423566,0.0
-3.788965,50,704.460058,0.0
-4.110181,50,704.496343,0.0
-3.717342,50,704.532277,0.0
-3.407171,50,704.568227,0.0
-4.340394,50,704.604109,0.0
-3.483991,50,704.640023,0.0
-4.105414,50,704.675674,0.0
-4.111955,50,704.711945,0.0
-3.184341,50,704.747766,0.0
-3.921673,50,704.783044,0.0
-3.721627,50,704.818045,0.0
-3.429764,50,704.853325,0.0
-4.254111,50,704.888712,0.0
-3.840398,50,704.923883,0.0
-3.819196,50,704.959824,0.0
-3.692839,50,704.995224,0.0
-4.040605,50,705.030933,0.0
-3.363863,50,705.066422,0.0
-3.237026,50,705.102196,0.0
-3.415482,50,705.138428,0.0
-3.418195,50,705.174882,0.0
-3.749865,50,705.211295,0.0
-3.353737,50,705.247277,0.0
-3.928653,50,705.2827,0.0
-3.340068,50,705.318895,0.0
-3.873217,50,705.354701,0.0
-3.812011,50,705.390199,0.0
-3.509819,50,705.425981,0.0
-3.280862,50,705.461326,0.0
-4.049158,50,705.496586,0.0
-3.389374,50,705.533093,0.0
-3.615579,50,705.56969,0.0
-4.182116,50,705.605644,0.0
-3.907202,50,705.641594,0.0
-3.399614,50,705.677271,0.0
-3.82323,50,705.71299,0.0
-3.899999,50,705.748935,0.0
-4.187792,50,705.785306,0.0
-3.810406,50,705.821578,0.0
-4.151777,50,705.856731,0.0
-3.390493,50,706.007598,0.0
-3.481438,50,706.043361,0.0
-4.105415,50,706.078895,0.0
-3.575124,50,706.114264,0.0
-3.601133,50,706.149528,0.0
-4.038507,50,706.185022,0.0
-3.459487,50,706.22054,0.0
-3.848626,50,706.256093,0.0
-4.128182,50,706.292243,0.0
-3.624797,50,706.328041,0.0
-3.602427,50,706.3635,0.0
-3.739306,50,706.398692,0.0
-3.865475,50,706.435104,0.0
-3.856804,50,706.470645,0.0
-3.82081,50,706.506077,0.0
-3.778194,50,706.541353,0.0
-3.544034,50,706.5764,0.0
-3.776486,50,706.612201,0.0
-2.996539,50,706.648403,0.0
-3.889018,50,706.684432,0.0
-3.359158,50,706.720085,0.0
-3.645801,50,706.755672,0.0
-3.500649,50,706.790594,0.0
-4.6137,50,706.825904,0.0
-3.976377,50,706.861377,0.0
-3.046348,50,706.896476,0.0
-3.912305,50,706.932192,0.0
-3.825897,50,706.967817,0.0
-3.684796,50,707.004128,0.0
-4.26103,50,707.039894,0.0
-3.943668,50,707.075296,0.0
-3.338218,50,707.110844,0.0
-3.725925,50,707.147137,0.0
-3.479563,50,707.182897,0.0
-3.506236,50,707.218505,0.0
-3.971557,50,707.254171,0.0
-4.128605,50,707.289779,0.0
-3.75452,50,707.325183,0.0
-3.555711,50,707.360623,0.0
-3.423232,50,707.396174,0.0
-3.552732,50,707.432482,0.0
-3.534309,50,707.584917,0.0
-4.333533,50,707.620714,0.0
-3.99321,50,707.657106,0.0
-4.049936,50,707.693372,0.0
-3.25285,50,707.72955,0.0
-3.665407,50,707.765323,0.0
-3.792994,50,707.801395,0.0
-3.745237,50,707.837512,0.0
-4.050925,50,707.873525,0.0
-3.679855,50,707.909496,0.0
-3.488363,50,707.944551,0.0
-3.919589,50,707.979809,0.0
-3.45984,50,708.015433,0.0
-3.644036,50,708.051494,0.0
-3.61961,50,708.08705,0.0
-4.170846,50,708.122553,0.0
-3.321195,50,708.158673,0.0
-3.687363,50,708.194375,0.0
-3.877695,50,708.230159,0.0
-3.706347,50,708.266908,0.0
-3.598754,50,708.303066,0.0
-3.536911,50,708.338058,0.0
-3.495805,50,708.373724,0.0
-3.734155,50,708.409538,0.0
-3.652667,50,708.445055,0.0
-3.708513,50,708.480936,0.0
-3.808822,50,708.516602,0.0
-3.298303,50,708.552353,0.0
-4.230318,50,708.587613,0.0
-3.910064,50,708.623309,0.0
-3.405867,50,708.659556,0.0
-4.113879,50,708.694835,0.0
-3.721974,50,708.73045,0.0
-3.733663,50,708.766196,0.0
-3.516278,50,708.801865,0.0
-3.720134,50,708.838141,0.0
-3.54651,50,708.873776,0.0
-3.770223,50,708.909314,0.0
-3.914525,50,708.9454,0.0
-3.416502,50,708.981105,0.0
-3.697247,50,709.016694,0.0
-3.300825,50,709.167748,0.0
-3.532557,50,709.204009,0.0
-3.849509,50,709.239434,0.0
-3.738745,50,709.274876,0.0
-3.956803,50,709.31024,0.0
-4.216914,50,709.345624,0.0
-3.855784,50,709.381219,0.0
-3.806256,50,709.416872,0.0
-4.210454,50,709.45257,0.0
-3.961091,50,709.488007,0.0
-3.916731,50,709.524243,0.0
-3.671248,50,709.56072,0.0
-4.118921,50,709.597026,0.0
-3.936048,50,709.63304,0.0
-4.051244,50,709.668498,0.0
-3.561909,50,709.703608,0.0
-3.377235,50,709.739122,0.0
-3.620415,50,709.774564,0.0
-3.660797,50,709.810281,0.0
-4.418048,50,709.845479,0.0
-3.553895,50,709.880749,0.0
-3.797272,50,709.916225,0.0
-3.896286,50,709.951466,0.0
-3.349767,50,709.987279,0.0
-3.807451,50,710.02293,0.0
-3.902781,50,710.058022,0.0
-3.636507,50,710.093496,0.0
-3.589665,50,710.128783,0.0
-4.065471,50,710.164491,0.0
-3.550349,50,710.200816,0.0
-4.366925,50,710.23734,0.0
-3.901109,50,710.272937,0.0
-3.820985,50,710.308076,0.0
-3.794511,50,710.343739,0.0
-4.134032,50,710.379732,0.0
-4.157798,50,710.415177,0.0
-3.767165,50,710.450555,0.0
-4.028757,50,710.48609,0.0
-3.383569,50,710.521772,0.0
-3.704637,50,710.556962,0.0
-3.698844,50,710.592222,0.0
-3.859819,50,710.74176,0.0
-3.820721,50,710.777172,0.0
-4.014509,50,710.813304,0.0
-3.645404,50,710.849571,0.0
-4.150907,50,710.885808,0.0
-3.756385,50,710.921343,0.0
-3.651152,50,710.957094,0.0
-3.984421,50,710.992773,0.0
-3.702023,50,711.028856,0.0
-3.561731,50,711.064465,0.0
-4.159062,50,711.100577,0.0
-3.925499,50,711.136235,0.0
-3.323384,50,711.172356,0.0
-3.992268,50,711.207685,0.0
-4.094788,50,711.243056,0.0
-4.248986,50,711.278992,0.0
-3.968207,50,711.314611,0.0
-3.632887,50,711.350307,0.0
-3.721262,50,711.385903,0.0
-3.977416,50,711.421247,0.0
-3.368494,50,711.456836,0.0
-3.705257,50,711.492523,0.0
-3.890463,50,711.528356,0.0
-3.486896,50,711.563779,0.0
-3.783767,50,711.599143,0.0
-3.720254,50,711.634169,0.0
-3.784186,50,711.669745,0.0
-3.219093,50,711.705367,0.0
-3.82517,50,711.741357,0.0
-3.580629,50,711.776786,0.0
-4.046948,50,711.81238,0.0
-3.477581,50,711.847816,0.0
-3.236861,50,711.883874,0.0
-3.490294,50,711.919242,0.0
-4.422423,50,711.954552,0.0
-3.787993,50,711.990022,0.0
-3.5122,50,712.025233,0.0
-3.246337,50,712.060572,0.0
-3.270217,50,712.09592,0.0
-4.414392,50,712.131714,0.0
-4.471038,50,712.166951,0.0
-3.563992,50,712.317127,0.0
-3.984119,50,712.35355,0.0
-3.733439,50,712.38981,0.0
-3.744961,50,712.426274,0.0
-3.673012,50,712.462032,0.0
-3.216194,50,712.497961,0.0
-4.446732,50,712.534775,0.0
-3.911515,50,712.571385,0.0
-3.291566,50,712.60736,0.0
-3.445862,50,712.643005,0.0
-3.951809,50,712.679571,0.0
-3.497786,50,712.715266,0.0
-3.411649,50,712.750519,0.0
-3.425546,50,712.786444,0.0
-3.977693,50,712.822764,0.0
-3.439718,50,712.857912,0.0
-3.537936,50,712.89346,0.0
-3.941027,50,712.929629,0.0
-4.143877,50,712.965949,0.0
-3.266219,50,713.002296,0.0
-3.341513,50,713.038265,0.0
-3.967658,50,713.073747,0.0
-4.05709,50,713.109292,0.0
-3.61521,50,713.144685,0.0
-3.769013,50,713.180625,0.0
-3.854509,50,713.216714,0.0
-3.749232,50,713.252253,0.0
-3.91557,50,713.28729,0.0
-3.979543,50,713.323183,0.0
-3.757132,50,713.359613,0.0
-3.973573,50,713.395315,0.0
-4.076416,50,713.430562,0.0
-3.382039,50,713.465862,0.0
-3.883119,50,713.501043,0.0
-3.681846,50,713.537486,0.0
-4.177503,50,713.574095,0.0
-3.610891,50,713.610071,0.0
-3.718088,50,713.646257,0.0
-4.114689,50,713.682798,0.0
-3.366727,50,713.718917,0.0
-4.154677,50,713.755022,0.0
-3.553311,50,713.904621,0.0
-4.501786,50,713.940894,0.0
-3.874632,50,713.97641,0.0
-3.76495,50,714.012523,0.0
-4.409402,50,714.048506,0.0
-3.790963,50,714.084071,0.0
-3.508597,50,714.119949,0.0
-4.179159,50,714.155467,0.0
-4.168401,50,714.190853,0.0
-3.317368,50,714.227148,0.0
-3.068813,50,714.263248,0.0
-3.441264,50,714.299431,0.0
-4.018092,50,714.335722,0.0
-3.735714,50,714.37204,0.0
-3.711007,50,714.40804,0.0
-4.06044,50,714.444211,0.0
-3.677822,50,714.480076,0.0
-3.587154,50,714.515538,0.0
-3.933062,50,714.55162,0.0
-3.978219,50,714.587766,0.0
-3.323094,50,714.623772,0.0
-4.060593,50,714.659792,0.0
-3.831812,50,714.696069,0.0
-3.770047,50,714.732167,0.0
-3.422486,50,714.768349,0.0
-4.902221,50,714.804584,0.0
-3.496699,50,714.840885,0.0
-3.8038,50,714.877109,0.0
-3.547582,50,714.913386,0.0
-4.136887,50,714.95001,0.0
-3.785286,50,714.986318,0.0
-3.45909,50,715.021637,0.0
-3.497042,50,715.057379,0.0
-3.925703,50,715.093499,0.0
-4.271009,50,715.129345,0.0
-3.419374,50,715.164893,0.0
-3.541551,50,715.200571,0.0
-3.969187,50,715.236162,0.0
-3.909759,50,715.271927,0.0
-3.924111,50,715.307195,0.0
-3.43072,50,715.342749,0.0
-3.6877,50,715.492443,0.0
-3.700736,50,715.528025,0.0
-3.707048,50,715.564089,0.0
-3.646229,50,715.600034,0.0
-3.712635,50,715.635485,0.0
-3.821213,50,715.672005,0.0
-4.047626,50,715.707764,0.0
-3.624438,50,715.7436,0.0
-3.90584,50,715.778964,0.0
-3.768885,50,715.814628,0.0
-4.536461,50,715.850633,0.0
-3.681904,50,715.886451,0.0
-3.787006,50,715.921929,0.0
-3.260382,50,715.957897,0.0
-3.380329,50,715.993543,0.0
-3.277195,50,716.029413,0.0
-3.726409,50,716.065142,0.0
-3.391257,50,716.100433,0.0
-3.512017,50,716.136886,0.0
-3.610289,50,716.172548,0.0
-4.153639,50,716.208197,0.0
-3.368268,50,716.244294,0.0
-3.700679,50,716.279936,0.0
-4.090001,50,716.315269,0.0
-3.177985,50,716.350464,0.0
-3.821151,50,716.38631,0.0
-3.94358,50,716.422076,0.0
-4.083198,50,716.457573,0.0
-3.374339,50,716.493407,0.0
-3.334729,50,716.528584,0.0
-4.455562,50,716.56404,0.0
-3.778211,50,716.599423,0.0
-4.131144,50,716.634607,0.0
-4.137834,50,716.67022,0.0
-3.902991,50,716.705898,0.0
-3.647252,50,716.742276,0.0
-3.664131,50,716.778594,0.0
-3.912626,50,716.815072,0.0
-3.420985,50,716.850727,0.0
-3.14287,50,716.886042,0.0
-4.068618,50,717.035247,0.0
-4.068924,50,717.071204,0.0
-3.479579,50,717.10735,0.0
-3.815317,50,717.143176,0.0
-3.134107,50,717.179043,0.0
-3.476945,50,717.21419,0.0
-3.642654,50,717.249817,0.0
-3.379493,50,717.285442,0.0
-4.043679,50,717.320814,0.0
-3.514484,50,717.355917,0.0
-3.933707,50,717.390952,0.0
-3.326824,50,717.426456,0.0
-4.051874,50,717.461525,0.0
-3.774462,50,717.497759,0.0
-3.670834,50,717.533889,0.0
-3.548433,50,717.569597,0.0
-3.789629,50,717.605695,0.0
-3.99307,50,717.641966,0.0
-3.73566,50,717.677101,0.0
-3.662936,50,717.712313,0.0
-3.332146,50,717.747671,0.0
-3.860131,50,717.782981,0.0
-3.607743,50,717.818649,0.0
-3.506762,50,717.854071,0.0
-3.656189,50,717.88914,0.0
-3.826726,50,717.924274,0.0
-3.462983,50,717.959628,0.0
-3.444336,50,717.995173,0.0
-3.876624,50,718.030977,0.0
-3.752674,50,718.067133,0.0
-3.637139,50,718.103331,0.0
-3.613203,50,718.139113,0.0
-3.374388,50,718.174635,0.0
-3.638176,50,718.209696,0.0
-3.917906,50,718.245373,0.0
-3.32576,50,718.28099,0.0
-4.024148,50,718.317141,0.0
-4.052301,50,718.352419,0.0
-3.718074,50,718.388133,0.0
-4.185165,50,718.423206,0.0
-3.62074,50,718.458394,0.0
-4.226668,50,718.608476,0.0
-3.875365,50,718.644177,0.0
-3.490743,50,718.680264,0.0
-3.489042,50,718.715628,0.0
-3.756673,50,718.75102,0.0
-3.963493,50,718.786628,0.0
-4.198674,50,718.821821,0.0
-3.71455,50,718.857633,0.0
-3.54931,50,718.893227,0.0
-4.32479,50,718.928228,0.0
-3.967079,50,718.96352,0.0
-3.585976,50,718.998837,0.0
-3.605014,50,719.033694,0.0
-3.743103,50,719.069119,0.0
-3.824359,50,719.104437,0.0
-3.649098,50,719.139876,0.0
-3.657084,50,719.175533,0.0
-2.959766,50,719.211139,0.0
-3.681347,50,719.246348,0.0
-3.470154,50,719.28195,0.0
-3.90448,50,719.317414,0.0
-3.947822,50,719.353434,0.0
-3.309735,50,719.389229,0.0
-3.497434,50,719.424329,0.0
-3.523745,50,719.460036,0.0
-3.792373,50,719.495533,0.0
-4.320379,50,719.531647,0.0
-3.757673,50,719.568263,0.0
-3.465369,50,719.603945,0.0
-3.770752,50,719.639236,0.0
-4.107411,50,719.675187,0.0
-4.054967,50,719.710899,0.0
-3.935651,50,719.746378,0.0
-3.670544,50,719.781699,0.0
-3.594741,50,719.817712,0.0
-3.751423,50,719.854192,0.0
-3.527082,50,719.890397,0.0
-3.68485,50,719.926275,0.0
-3.585677,50,719.961867,0.0
-3.156184,50,719.998302,0.0
-4.209528,50,720.033884,0.0
-3.627752,50,720.184271,0.0
-4.070332,50,720.220379,0.0
-4.100382,50,720.257035,0.0
-3.678501,50,720.293559,0.0
-3.923301,50,720.329416,0.0
-3.674993,50,720.364834,0.0
-3.332509,50,720.400462,0.0
-4.13364,50,720.436163,0.0
-3.485745,50,720.472317,0.0
-3.716738,50,720.50875,0.0
-3.747786,50,720.543932,0.0
-3.716067,50,720.579635,0.0
-3.59861,50,720.615587,0.0
-3.677179,50,720.651707,0.0
-3.940997,50,720.687496,0.0
-3.755698,50,720.723165,0.0
-3.908335,50,720.758702,0.0
-3.867906,50,720.794373,0.0
-3.982652,50,720.829855,0.0
-3.775021,50,720.86577,0.0
-3.862289,50,720.901322,0.0
-3.619386,50,720.936785,0.0
-3.708275,50,720.972325,0.0
-3.573958,50,721.007942,0.0
-3.962849,50,721.043242,0.0
-3.507554,50,721.078545,0.0
-3.783431,50,721.114159,0.0
-3.761324,50,721.149388,0.0
-3.58887,50,721.18463,0.0
-3.719812,50,721.220356,0.0
-3.519204,50,721.256232,0.0
-3.963369,50,721.292108,0.0
-3.958336,50,721.327502,0.0
-4.379088,50,721.36276,0.0
-4.038818,50,721.397827,0.0
-3.839772,50,721.433012,0.0
-3.697377,50,721.468488,0.0
-4.423832,50,721.503578,0.0
-3.421355,50,721.53871,0.0
-4.073732,50,721.573996,0.0
-4.293739,50,721.60917,0.0
-3.532569,50,721.758362,0.0
-3.787105,50,721.794764,0.0
-3.666882,50,721.831755,0.0
-3.426835,50,721.867628,0.0
-3.946962,50,721.90335,0.0
-4.019803,50,721.939272,0.0
-4.274262,50,721.974753,0.0
-4.005035,50,722.010165,0.0
-3.576486,50,722.045576,0.0
-4.573179,50,722.081386,0.0
-4.0158,50,722.116833,0.0
-3.543314,50,722.152706,0.0
-3.643587,50,722.188855,0.0
-4.109298,50,722.225249,0.0
-2.823045,50,722.261085,0.0
-3.892994,50,722.297209,0.0
-3.393522,50,722.333664,0.0
-3.604705,50,722.369882,0.0
-3.940882,50,722.406394,0.0
-3.749758,50,722.44262,0.0
-3.276177,50,722.478894,0.0
-3.752339,50,722.514908,0.0
-3.983292,50,722.551267,0.0
-3.978267,50,722.587388,0.0
-3.612975,50,722.6226,0.0
-4.104657,50,722.658286,0.0
-3.932891,50,722.693678,0.0
-3.821439,50,722.72885,0.0
-4.013983,50,722.764354,0.0
-3.721127,50,722.79973,0.0
-3.615881,50,722.835992,0.0
-3.779942,50,722.871812,0.0
-3.548356,50,722.907294,0.0
-2.903727,50,722.942732,0.0
-3.770381,50,722.978209,0.0
-3.890955,50,723.014514,0.0
-3.164651,50,723.050445,0.0
-3.374362,50,723.086157,0.0
-4.253957,50,723.121577,0.0
-3.452552,50,723.157503,0.0
-3.862704,50,723.19367,0.0
-3.278044,50,723.344327,0.0
-4.058776,50,723.380269,0.0
-4.089966,50,723.416402,0.0
-3.985166,50,723.452674,0.0
-3.689789,50,723.489041,0.0
-3.737761,50,723.524959,0.0
-3.884709,50,723.561493,0.0
-3.295616,50,723.597111,0.0
-3.263718,50,723.633033,0.0
-3.617017,50,723.668967,0.0
-3.914849,50,723.705356,0.0
-3.686416,50,723.741123,0.0
-4.554908,50,723.777062,0.0
-3.600231,50,723.812383,0.0
-3.621272,50,723.848283,0.0
-3.668703,50,723.883939,0.0
-3.772046,50,723.920133,0.0
-3.651835,50,723.95665,0.0
-3.693316,50,723.992894,0.0
-3.839459,50,724.029051,0.0
-3.531088,50,724.06546,0.0
-3.948354,50,724.102009,0.0
-3.86282,50,724.137579,0.0
-3.873993,50,724.173271,0.0
-3.746095,50,724.209035,0.0
-3.582206,50,724.244803,0.0
-3.81834,50,724.280583,0.0
-3.6872,50,724.316782,0.0
-4.654625,50,724.352624,0.0
-3.592899,50,724.388368,0.0
-3.928426,50,724.424163,0.0
-3.781525,50,724.460728,0.0
-4.277217,50,724.496642,0.0
-3.477598,50,724.532398,0.0
-4.058922,50,724.568305,0.0
-3.790524,50,724.603842,0.0
-3.710105,50,724.638968,0.0
-3.423135,50,724.674944,0.0
-4.512172,50,724.710958,0.0
-3.449004,50,724.746209,0.0
-3.471376,50,724.78136,0.0
-3.418715,50,724.932113,0.0
-3.649406,50,724.968535,0.0
-4.038784,50,725.004991,0.0
-4.209925,50,725.041,0.0
-3.370044,50,725.076863,0.0
-3.633118,50,725.11293,0.0
-3.38798,50,725.149136,0.0
-3.334572,50,725.185128,0.0
-4.076701,50,725.220703,0.0
-3.94707,50,725.256103,0.0
-3.671608,50,725.292028,0.0
-3.345768,50,725.327798,0.0
-3.460848,50,725.364291,0.0
-4.153741,50,725.399837,0.0
-3.439732,50,725.435297,0.0
-3.997953,50,725.470857,0.0
-3.738971,50,725.505985,0.0
-3.819471,50,725.541154,0.0
-3.47345,50,725.576878,0.0
-3.78258,50,725.612113,0.0
-4.024225,50,725.647476,0.0
-3.857101,50,725.682411,0.0
-3.87347,50,725.718202,0.0
-3.937209,50,725.754612,0.0
-3.755581,50,725.790673,0.0
-3.262153,50,725.827014,0.0
-3.800396,50,725.863263,0.0
-3.587222,50,725.899145,0.0
-4.153861,50,725.934631,0.0
-3.259547,50,725.969887,0.0
-4.252324,50,726.005121,0.0
-3.974499,50,726.040347,0.0
-3.796982,50,726.076357,0.0
-3.529878,50,726.112337,0.0
-3.493292,50,726.148457,0.0
-3.352581,50,726.184122,0.0
-3.806703,50,726.219634,0.0
-3.505017,50,726.255329,0.0
-3.470758,50,726.290596,0.0
-3.590153,50,726.326155,0.0
-3.709279,50,726.361437,0.0
-4.074967,50,726.511706,0.0
-3.763918,50,726.548319,0.0
-3.750367,50,726.584228,0.0
-4.013177,50,726.619442,0.0
-3.578067,50,726.655853,0.0
-4.248329,50,726.691206,0.0
-3.777703,50,726.726643,0.0
-3.992971,50,726.762092,0.0
-3.800283,50,726.797718,0.0
-3.49185,50,726.833834,0.0
-3.429292,50,726.870138,0.0
-3.519717,50,726.906117,0.0
-3.738503,50,726.941932,0.0
-3.78257,50,726.977889,0.0
-3.993122,50,727.013693,0.0
-3.602012,50,727.049467,0.0
-3.94965,50,727.085565,0.0
-3.873303,50,727.121697,0.0
-3.432482,50,727.157387,0.0
-3.711401,50,727.192985,0.0
-3.788114,50,727.228001,0.0
-4.035116,50,727.263655,0.0
-3.741739,50,727.299108,0.0
-4.182399,50,727.333942,0.0
-3.812047,50,727.369416,0.0
-3.723475,50,727.404878,0.0
-3.764797,50,727.440062,0.0
-3.737102,50,727.47603,0.0
-3.351084,50,727.512425,0.0
-3.801638,50,727.547864,0.0
-3.579652,50,727.58329,0.0
-3.473558,50,727.619076,0.0
-3.415894,50,727.654456,0.0
-4.158565,50,727.689984,0.0
-3.809248,50,727.725231,0.0
-3.601818,50,727.760548,0.0
-3.374974,50,727.796693,0.0
-3.345983,50,727.832261,0.0
-3.561205,50,727.867811,0.0
-3.763641,50,727.903454,0.0
-3.127886,50,727.939364,0.0
-3.932201,50,728.087992,0.0
-3.624171,50,728.123662,0.0
-3.684826,50,728.159787,0.0
-3.793374,50,728.19617,0.0
-3.229189,50,728.231989,0.0
-3.489184,50,728.267747,0.0
-3.363087,50,728.303649,0.0
-4.122107,50,728.338664,0.0
-3.556349,50,728.373858,0.0
-3.65514,50,728.409068,0.0
-4.101888,50,728.445183,0.0
-3.719816,50,728.480862,0.0
-3.677365,50,728.516625,0.0
-3.335165,50,728.552255,0.0
-3.477958,50,728.587806,0.0
-3.336212,50,728.623182,0.0
-3.815752,50,728.659426,0.0
-3.95504,50,728.695366,0.0
-3.387875,50,728.731385,0.0
-4.233581,50,728.767424,0.0
-3.410622,50,728.803241,0.0
-4.227404,50,728.838538,0.0
-3.133474,50,728.873801,0.0
-3.284989,50,728.909607,0.0
-3.767976,50,728.945746,0.0
-4.095685,50,728.981143,0.0
-3.734638,50,729.016518,0.0
-3.702397,50,729.052199,0.0
-3.65267,50,729.087831,0.0
-3.657108,50,729.123594,0.0
-3.958642,50,729.159083,0.0
-3.935316,50,729.194555,0.0
-3.953718,50,729.230131,0.0
-3.976637,50,729.265386,0.0
-3.752086,50,729.300656,0.0
-3.611973,50,729.336048,0.0
-3.530865,50,729.370286,0.0
-3.816796,50,729.405365,0.0
-3.75535,50,729.440736,0.0
-4.126526,50,729.476635,0.0
-3.982075,50,729.51206,0.0
-3.717892,50,729.661482,0.0
-3.963805,50,729.697057,0.0
-4.26501,50,729.732157,0.0
-3.844409,50,729.767557,0.0
-3.492805,50,729.802825,0.0
-3.836133,50,729.838501,0.0
-3.831031,50,729.874214,0.0
-3.757509,50,729.91037,0.0
-4.041604,50,729.945557,0.0
-3.387412,50,729.980815,0.0
-3.423539,50,730.016488,0.0
-3.9126,50,730.051851,0.0
-3.824494,50,730.087896,0.0
-3.592588,50,730.123385,0.0
-4.147531,50,730.158698,0.0
-3.843297,50,730.194245,0.0
-3.740575,50,730.23041,0.0
-3.577668,50,730.266429,0.0
-3.671059,50,730.301919,0.0
-3.827825,50,730.337582,0.0
-4.134949,50,730.373104,0.0
-3.470707,50,730.408707,0.0
-3.861232,50,730.444187,0.0
-3.98344,50,730.48005,0.0
-3.819911,50,730.516245,0.0
-3.579886,50,730.551415,0.0
-3.395025,50,730.586561,0.0
-3.943199,50,730.622201,0.0
-3.335892,50,730.657374,0.0
-3.938798,50,730.692613,0.0
-3.3036,50,730.728112,0.0
-3.284429,50,730.763733,0.0
-3.776567,50,730.79917,0.0
-3.597498,50,730.835047,0.0
-3.307408,50,730.870654,0.0
-3.185892,50,730.905802,0.0
-3.646557,50,730.941191,0.0
-3.848309,50,730.976974,0.0
-3.971494,50,731.012493,0.0
-3.798341,50,731.048047,0.0
-4.024918,50,731.084195,0.0
-3.388107,50,731.235067,0.0
-4.277734,50,731.270947,0.0
-3.827428,50,731.307253,0.0
-3.580602,50,731.342858,0.0
-4.112845,50,731.37869,0.0
-3.35386,50,731.413822,0.0
-3.847124,50,731.450033,0.0
-3.523568,50,731.486256,0.0
-3.627734,50,731.522027,0.0
-3.233751,50,731.557029,0.0
-3.355689,50,731.591604,0.0
-3.498898,50,731.626352,0.0
-4.002766,50,731.661461,0.0
-3.933341,50,731.697855,0.0
-3.702066,50,731.733869,0.0
-3.917821,50,731.769851,0.0
-3.360409,50,731.805549,0.0
-3.278524,50,731.841239,0.0
-3.727307,50,731.8778,0.0
-3.247498,50,731.914288,0.0
-3.521869,50,731.950635,0.0
-4.167661,50,731.985987,0.0
-3.814386,50,732.021758,0.0
-3.475463,50,732.057125,0.0
-3.943565,50,732.092917,0.0
-3.894361,50,732.129352,0.0
-3.773276,50,732.165642,0.0
-3.41249,50,732.201215,0.0
-3.678744,50,732.236762,0.0
-3.81876,50,732.272354,0.0
-3.828514,50,732.308051,0.0
-3.943481,50,732.3444,0.0
-3.645569,50,732.380468,0.0
-3.84041,50,732.41676,0.0
-3.214918,50,732.452805,0.0
-3.673853,50,732.489314,0.0
-3.455754,50,732.525226,0.0
-4.194169,50,732.560949,0.0
-3.732073,50,732.59697,0.0
-3.422368,50,732.632892,0.0
-3.806487,50,732.668727,0.0
-3.788663,50,732.81856,0.0
-3.683272,50,732.85359,0.0
-3.923304,50,732.88897,0.0
-3.714058,50,732.924611,0.0
-3.802485,50,732.959937,0.0
-3.743709,50,732.996213,0.0
-3.452882,50,733.031325,0.0
-3.796697,50,733.066966,0.0
-3.53839,50,733.103405,0.0
-3.379088,50,733.1395,0.0
-3.455607,50,733.175103,0.0
-3.851891,50,733.211224,0.0
-3.869169,50,733.24698,0.0
-3.261163,50,733.282585,0.0
-3.843104,50,733.317793,0.0
-4.065138,50,733.35302,0.0
-3.456779,50,733.388319,0.0
-3.827447,50,733.423349,0.0
-3.788836,50,733.459171,0.0
-4.422472,50,733.495297,0.0
-3.618991,50,733.531089,0.0
-4.179207,50,733.566269,0.0
-3.779823,50,733.601648,0.0
-3.860797,50,733.637577,0.0
-3.934987,50,733.673884,0.0
-3.778052,50,733.710988,0.0
-3.218957,50,733.746424,0.0
-3.551589,50,733.781282,0.0
-4.186007,50,733.81611,0.0
-4.159684,50,733.851373,0.0
-3.434462,50,733.887139,0.0
-3.72023,50,733.922892,0.0
-3.80178,50,733.958504,0.0
-4.044971,50,733.994034,0.0
-3.651804,50,734.029326,0.0
-3.983052,50,734.06487,0.0
-3.933727,50,734.100097,0.0
-3.938667,50,734.135538,0.0
-3.36901,50,734.170264,0.0
-3.786767,50,734.205201,0.0
-3.490174,50,734.239999,0.0
-4.445353,50,734.389602,0.0
-3.992861,50,734.425895,0.0
-3.72642,50,734.461616,0.0
-3.51355,50,734.496946,0.0
-4.008568,50,734.532316,0.0
-4.064534,50,734.567558,0.0
-4.037422,50,734.6028,0.0
-4.168851,50,734.638237,0.0
-3.805645,50,734.674222,0.0
-3.534094,50,734.709639,0.0
-4.178621,50,734.745587,0.0
-3.70605,50,734.781458,0.0
-3.484973,50,734.817839,0.0
-3.752809,50,734.853194,0.0
-3.472678,50,734.888198,0.0
-3.915214,50,734.923404,0.0
-3.922053,50,734.958888,0.0
-3.796258,50,734.995186,0.0
-3.544193,50,735.030879,0.0
-3.59325,50,735.066099,0.0
-3.451743,50,735.10161,0.0
-4.015333,50,735.137763,0.0
-3.948984,50,735.172878,0.0
-3.515346,50,735.208172,0.0
-3.612837,50,735.243107,0.0
-3.596457,50,735.27873,0.0
-3.634746,50,735.314052,0.0
-4.575585,50,735.350126,0.0
-3.614995,50,735.385264,0.0
-3.451564,50,735.420977,0.0
-3.985584,50,735.456637,0.0
-3.78989,50,735.492177,0.0
-3.807719,50,735.528727,0.0
-3.928287,50,735.563854,0.0
-3.960144,50,735.599303,0.0
-4.380347,50,735.635526,0.0
-3.845197,50,735.671613,0.0
-3.592059,50,735.707482,0.0
-3.764246,50,735.743964,0.0
-3.69077,50,735.780236,0.0
-3.644534,50,735.81629,0.0
-3.474815,50,735.966711,0.0
-3.370095,50,736.002838,0.0
-3.389107,50,736.038827,0.0
-4.006705,50,736.074665,0.0
-4.10875,50,736.110293,0.0
-3.825722,50,736.145863,0.0
-4.101093,50,736.182206,0.0
-3.414117,50,736.217895,0.0
-3.080325,50,736.253843,0.0
-3.481341,50,736.289604,0.0
-3.264685,50,736.325507,0.0
-3.773784,50,736.36074,0.0
-3.827519,50,736.396663,0.0
-3.709137,50,736.432602,0.0
-3.824448,50,736.468902,0.0
-3.842388,50,736.504543,0.0
-4.213676,50,736.539944,0.0
-3.494995,50,736.575068,0.0
-3.444142,50,736.610387,0.0
-3.373178,50,736.646047,0.0
-4.219752,50,736.681539,0.0
-3.982125,50,736.717269,0.0
-3.394059,50,736.752689,0.0
-3.270407,50,736.788528,0.0
-4.011343,50,736.824689,0.0
-3.700572,50,736.860116,0.0
-3.54524,50,736.895232,0.0
-3.105887,50,736.930898,0.0
-3.257409,50,736.966391,0.0
-3.661287,50,737.001513,0.0
-4.019707,50,737.037576,0.0
-3.697544,50,737.073421,0.0
-3.950697,50,737.109234,0.0
-3.49417,50,737.144672,0.0
-3.532287,50,737.179817,0.0
-3.472664,50,737.214915,0.0
-4.251905,50,737.610841,0.0
-4.38884,50,737.64698,0.0
-3.757534,50,737.682347,0.0
-3.687626,50,737.718101,0.0
-3.968628,50,737.754025,0.0
-4.127442,50,737.904948,0.0
-3.256793,50,737.939873,0.0
-3.561974,50,737.975669,0.0
-3.361235,50,738.011883,0.0
-3.741896,50,738.047333,0.0
-3.264436,50,738.083181,0.0
-3.227097,50,738.119425,0.0
-3.195681,50,738.155616,0.0
-4.158637,50,738.192102,0.0
-3.668373,50,738.227974,0.0
-3.622057,50,738.263177,0.0
-3.376015,50,738.298419,0.0
-3.722945,50,738.33363,0.0
-3.909749,50,738.369527,0.0
-3.621363,50,738.405296,0.0
-3.538097,50,738.440698,0.0
-3.310652,50,738.47618,0.0
-3.167432,50,738.511818,0.0
-3.885113,50,738.547718,0.0
-3.776853,50,738.582568,0.0
-3.826379,50,738.617799,0.0
-3.432326,50,738.653116,0.0
-3.814868,50,738.688307,0.0
-3.701621,50,738.723626,0.0
-3.653845,50,738.759383,0.0
-3.307075,50,738.795209,0.0
-3.718802,50,738.831279,0.0
-3.536923,50,738.867617,0.0
-3.674106,50,738.903573,0.0
-3.270654,50,738.939615,0.0
-3.499933,50,738.974866,0.0
-3.880181,50,739.010312,0.0
-3.655656,50,739.045543,0.0
-3.801753,50,739.080781,0.0
-3.630599,50,739.116095,0.0
-3.693232,50,739.151356,0.0
-3.718516,50,739.187682,0.0
-3.431525,50,739.223812,0.0
-4.280058,50,739.260102,0.0
-3.907609,50,739.296012,0.0
-3.859913,50,739.332103,0.0
-3.894373,50,739.482371,0.0
-3.967597,50,739.518359,0.0
-3.643058,50,739.554672,0.0
-3.211773,50,739.591466,0.0
-3.833348,50,739.627746,0.0
-3.724242,50,739.664048,0.0
-3.779455,50,739.701013,0.0
-4.246795,50,739.738028,0.0
-3.634266,50,739.773611,0.0
-3.638914,50,739.809944,0.0
-3.846961,50,739.846665,0.0
-3.782109,50,739.882423,0.0
-3.151663,50,739.91862,0.0
-3.758964,50,739.954786,0.0
-3.910784,50,739.990459,0.0
-3.485063,50,740.026795,0.0
-3.744191,50,740.062501,0.0
-3.931448,50,740.098152,0.0
-3.708443,50,740.13393,0.0
-3.936314,50,740.17005,0.0
-3.360017,50,740.206502,0.0
-3.847645,50,740.242295,0.0
-3.85305,50,740.279103,0.0
-3.974315,50,740.314788,0.0
-4.392271,50,740.350816,0.0
-3.944586,50,740.386494,0.0
-3.621023,50,740.422459,0.0
-4.145109,50,740.458,0.0
-3.427068,50,740.493926,0.0
-3.363006,50,740.529328,0.0
-3.734695,50,740.565325,0.0
-3.57132,50,740.600861,0.0
-3.824916,50,740.636336,0.0
-3.993584,50,740.671866,0.0
-3.613656,50,740.707618,0.0
-3.359622,50,740.744034,0.0
-3.703096,50,740.779611,0.0
-3.907923,50,740.815142,0.0
-3.695988,50,740.850977,0.0
-3.713991,50,740.887273,0.0
-3.908279,50,740.923771,0.0
-4.184724,50,741.074441,0.0
-3.891277,50,741.11095,0.0
-3.924265,50,741.147551,0.0
-3.773705,50,741.183495,0.0
-3.501158,50,741.219375,0.0
-3.76114,50,741.255719,0.0
-3.616711,50,741.292825,0.0
-3.770815,50,741.328274,0.0
-3.40016,50,741.363518,0.0
-3.454831,50,741.398915,0.0
-3.819151,50,741.434134,0.0
-3.368305,50,741.470524,0.0
-3.691286,50,741.506905,0.0
-3.565889,50,741.543459,0.0
-3.591391,50,741.578891,0.0
-4.324224,50,741.614536,0.0
-3.566076,50,741.649873,0.0
-4.271418,50,741.68559,0.0
-3.90923,50,741.721298,0.0
-3.617866,50,741.756507,0.0
-3.639887,50,741.791411,0.0
-3.539845,50,741.827271,0.0
-3.428206,50,741.86258,0.0
-3.32476,50,741.897739,0.0
-4.010304,50,741.933675,0.0
-3.343257,50,741.969805,0.0
-3.774815,50,742.005597,0.0
-4.143815,50,742.04101,0.0
-3.646021,50,742.07713,0.0
-3.678672,50,742.113437,0.0
-3.853264,50,742.14976,0.0
-3.677134,50,742.185578,0.0
-4.00079,50,742.221475,0.0
-3.46797,50,742.256997,0.0
-3.718829,50,742.292465,0.0
-3.701876,50,742.328007,0.0
-3.475159,50,742.36301,0.0
-4.107853,50,742.39831,0.0
-3.360417,50,742.434187,0.0
-3.772702,50,742.469222,0.0
-3.96452,50,742.504822,0.0
-3.695722,50,742.653818,0.0
-3.628294,50,742.690264,0.0
-3.849488,50,742.726355,0.0
-4.021621,50,742.762697,0.0
-3.376743,50,742.798319,0.0
-3.919263,50,742.834143,0.0
-3.586282,50,742.870597,0.0
-3.594582,50,742.906304,0.0
-3.194435,50,742.941452,0.0
-3.022222,50,742.977176,0.0
-3.462229,50,743.013469,0.0
-3.810769,50,743.049479,0.0
-3.721198,50,743.086125,0.0
-3.660552,50,743.121657,0.0
-3.648918,50,743.157789,0.0
-3.693178,50,743.193486,0.0
-3.851349,50,743.229333,0.0
-3.626564,50,743.264595,0.0
-3.241519,50,743.300099,0.0
-3.677016,50,743.335486,0.0
-3.854712,50,743.371028,0.0
-3.896847,50,743.406153,0.0
-3.593525,50,743.442664,0.0
-3.35555,50,743.478796,0.0
-3.89621,50,743.514248,0.0
-3.79743,50,743.549537,0.0
-3.998935,50,743.585152,0.0
-3.981742,50,743.620608,0.0
-3.318974,50,743.65676,0.0
-4.149689,50,743.692844,0.0
-3.487333,50,743.72896,0.0
-3.042504,50,743.764761,0.0
-3.949208,50,743.800225,0.0
-3.718099,50,743.836528,0.0
-3.647914,50,743.872353,0.0
-3.463501,50,743.907846,0.0
-3.440989,50,743.944008,0.0
-3.730523,50,743.980485,0.0
-3.679628,50,744.01612,0.0
-3.924663,50,744.051873,0.0
-3.753819,50,744.087382,0.0
-3.912906,50,744.236982,0.0
-3.669644,50,744.273056,0.0
-3.846492,50,744.308824,0.0
-3.578665,50,744.344448,0.0
-3.291693,50,744.380032,0.0
-3.526248,50,744.415332,0.0
-3.779649,50,744.451119,0.0
-3.586999,50,744.487126,0.0
-3.297499,50,744.522999,0.0
-3.430841,50,744.558588,0.0
-3.439913,50,744.594522,0.0
-3.47377,50,744.630683,0.0
-4.034934,50,744.666362,0.0
-3.323508,50,744.70268,0.0
-3.130015,50,744.739071,0.0
-3.817916,50,744.77517,0.0
-4.394408,50,744.811675,0.0
-4.013916,50,744.847238,0.0
-3.838311,50,744.882867,0.0
-3.576462,50,744.91828,0.0
-3.745384,50,744.953474,0.0
-3.418797,50,744.989021,0.0
-3.727239,50,745.024122,0.0
-3.805959,50,745.0597,0.0
-3.445454,50,745.095904,0.0
-3.601792,50,745.13234,0.0
-3.603926,50,745.168474,0.0
-3.714264,50,745.203589,0.0
-4.08438,50,745.239234,0.0
-3.516774,50,745.274752,0.0
-3.219931,50,745.309973,0.0
-3.510061,50,745.345391,0.0
-3.239159,50,745.380662,0.0
-3.295979,50,745.415959,0.0
-3.726743,50,745.451289,0.0
-4.311594,50,745.487203,0.0
-3.196825,50,745.522532,0.0
-3.277112,50,745.557872,0.0
-3.508216,50,745.593332,0.0
-3.533497,50,745.629339,0.0
-4.265568,50,745.665606,0.0
-3.2235,50,745.815726,0.0
-4.106139,50,745.851898,0.0
-3.843463,50,745.888176,0.0
-3.208957,50,745.924506,0.0
-3.361093,50,745.96048,0.0
-3.612206,50,745.996245,0.0
-3.66747,50,746.031577,0.0
-4.102545,50,746.067118,0.0
-3.388218,50,746.102714,0.0
-3.469889,50,746.138106,0.0
-4.244325,50,746.173556,0.0
-4.265806,50,746.209115,0.0
-3.630936,50,746.244491,0.0
-3.638139,50,746.279912,0.0
-3.65882,50,746.31538,0.0
-3.63949,50,746.350842,0.0
-3.500646,50,746.387005,0.0
-3.404433,50,746.422763,0.0
-3.697791,50,746.458294,0.0
-3.500371,50,746.494076,0.0
-3.507272,50,746.529717,0.0
-3.130693,50,746.56573,0.0
-4.027253,50,746.60111,0.0
-3.566806,50,746.637183,0.0
-3.738569,50,746.672982,0.0
-3.935647,50,746.709247,0.0
-4.090439,50,746.745678,0.0
-3.265781,50,746.781787,0.0
-3.812441,50,746.818281,0.0
-3.152702,50,746.854525,0.0
-3.868747,50,746.890902,0.0
-3.884312,50,746.926982,0.0
-3.620933,50,746.963015,0.0
-4.020293,50,746.999432,0.0
-4.042441,50,747.034953,0.0
-3.489672,50,747.070604,0.0
-3.871674,50,747.106432,0.0
-3.648766,50,747.142003,0.0
-4.195336,50,747.177509,0.0
-4.341739,50,747.213401,0.0
-3.697536,50,747.249424,0.0
-4.424814,50,747.398881,0.0
-3.087723,50,747.435014,0.0
-3.389466,50,747.471001,0.0
-3.724888,50,747.507106,0.0
-3.6459,50,747.54265,0.0
-3.67301,50,747.578469,0.0
-4.068518,50,747.613948,0.0
-3.515701,50,747.649673,0.0
-3.476274,50,747.685341,0.0
-3.563937,50,747.721362,0.0
-3.893428,50,747.757429,0.0
-3.717492,50,747.793555,0.0
-3.866367,50,747.829506,0.0
-3.966368,50,747.865587,0.0
-3.851174,50,747.901697,0.0
-3.410877,50,747.937698,0.0
-3.693352,50,747.973116,0.0
-3.55459,50,748.008614,0.0
-3.763925,50,748.043849,0.0
-3.118122,50,748.080172,0.0
-3.330387,50,748.116163,0.0
-3.666654,50,748.15255,0.0
-3.172508,50,748.189031,0.0
-3.624932,50,748.225332,0.0
-3.566984,50,748.261534,0.0
-3.72513,50,748.297159,0.0
-3.041243,50,748.333025,0.0
-3.664699,50,748.368445,0.0
-4.163775,50,748.403807,0.0
-3.409546,50,748.439492,0.0
-3.282702,50,748.47435,0.0
-3.746765,50,748.510573,0.0
-4.269043,50,748.545692,0.0
-3.551413,50,748.581631,0.0
-3.363624,50,748.617367,0.0
-4.35415,50,748.65305,0.0
-3.787245,50,748.688634,0.0
-3.875046,50,748.724634,0.0
-4.21144,50,748.760716,0.0
-4.316134,50,748.796775,0.0
-3.399185,50,748.832961,0.0
-4.447814,50,748.983003,0.0
-4.09842,50,749.019379,0.0
-3.541347,50,749.05571,0.0
-3.344914,50,749.091869,0.0
-4.253544,50,749.128013,0.0
-3.665676,50,749.163711,0.0
-3.795223,50,749.199511,0.0
-3.71975,50,749.23496,0.0
-3.858088,50,749.270441,0.0
-3.929735,50,749.305761,0.0
-3.813935,50,749.340849,0.0
-3.69902,50,749.376591,0.0
-3.678501,50,749.41249,0.0
-3.725479,50,749.447747,0.0
-4.495558,50,749.483065,0.0
-3.547406,50,749.518334,0.0
-3.709948,50,749.553472,0.0
-3.51128,50,749.588546,0.0
-3.307377,50,749.624337,0.0
-4.057872,50,749.66061,0.0
-3.299276,50,749.69682,0.0
-3.84601,50,749.733028,0.0
-3.959673,50,749.769101,0.0
-3.580106,50,749.804826,0.0
-3.7948,50,749.840649,0.0
-3.416098,50,749.876161,0.0
-3.925414,50,749.912642,0.0
-3.378449,50,749.949071,0.0
-4.495268,50,749.98469,0.0
-3.868391,50,750.020042,0.0
-3.587552,50,750.055337,0.0
-4.112344,50,750.090982,0.0
-3.547286,50,750.126555,0.0
-3.632669,50,750.162289,0.0
-3.956242,50,750.197541,0.0
-3.855723,50,750.232777,0.0
-3.61202,50,750.268215,0.0
-3.70589,50,750.304169,0.0
-3.768309,50,750.340388,0.0
-3.256881,50,750.376563,0.0
-3.874541,50,750.41289,0.0
-3.36234,50,750.564518,0.0
-3.541405,50,750.60045,0.0
-3.247834,50,750.635606,0.0
-3.571484,50,750.671518,0.0
-3.862785,50,750.706965,0.0
-3.381538,50,750.742368,0.0
-3.861842,50,750.77824,0.0
-3.645897,50,750.813813,0.0
-4.449045,50,750.849485,0.0
-3.939036,50,750.885829,0.0
-3.717709,50,750.922773,0.0
-3.957605,50,750.958656,0.0
-3.423642,50,750.994717,0.0
-3.404781,50,751.03125,0.0
-4.102783,50,751.068066,0.0
-3.250535,50,751.105283,0.0
-3.820626,50,751.142094,0.0
-3.463322,50,751.179239,0.0
-4.1832,50,751.215497,0.0
-4.112009,50,751.251235,0.0
-3.661794,50,751.287274,0.0
-3.693975,50,751.323065,0.0
-4.099968,50,751.35877,0.0
-3.941228,50,751.395641,0.0
-4.28039,50,751.431899,0.0
-3.868283,50,751.467379,0.0
-3.367737,50,751.503177,0.0
-4.119608,50,751.539277,0.0
-3.727346,50,751.575032,0.0
-3.626484,50,751.610824,0.0
-3.983129,50,751.646763,0.0
-3.694006,50,751.683106,0.0
-3.367618,50,751.7188,0.0
-3.880997,50,751.754479,0.0
-3.691783,50,751.790523,0.0
-3.058599,50,751.826666,0.0
-3.006977,50,751.862274,0.0
-3.255239,50,751.898114,0.0
-3.991754,50,751.934218,0.0
-4.089696,50,751.969693,0.0
-3.508984,50,752.005495,0.0
-3.646773,50,752.155849,0.0
-3.872144,50,752.192021,0.0
-3.97726,50,752.228067,0.0
-4.150956,50,752.263503,0.0
-3.831648,50,752.298803,0.0
-4.207888,50,752.334482,0.0
-4.025697,50,752.370089,0.0
-3.694412,50,752.405863,0.0
-3.455993,50,752.442022,0.0
-3.724505,50,752.478438,0.0
-3.907394,50,752.514219,0.0
-3.471886,50,752.550384,0.0
-4.282434,50,752.586736,0.0
-4.098204,50,752.622751,0.0
-3.773604,50,752.659066,0.0
-3.127155,50,752.69556,0.0
-3.696761,50,752.731579,0.0
-4.125579,50,752.767289,0.0
-4.110453,50,752.802981,0.0
-3.915046,50,752.838761,0.0
-3.581119,50,752.874885,0.0
-3.186165,50,752.91124,0.0
-3.843017,50,752.946798,0.0
-3.54237,50,752.981934,0.0
-4.182826,50,753.017695,0.0
-4.179996,50,753.053725,0.0
-3.721042,50,753.089831,0.0
-3.845203,50,753.125713,0.0
-3.865089,50,753.161875,0.0
-3.605779,50,753.198269,0.0
-3.378365,50,753.233803,0.0
-3.336707,50,753.270244,0.0
-3.486593,50,753.306482,0.0
-3.68538,50,753.342827,0.0
-4.173722,50,753.378945,0.0
-3.912615,50,753.414635,0.0
-3.499088,50,753.450752,0.0
-3.51312,50,753.486632,0.0
-3.911414,50,753.522312,0.0
-4.316876,50,753.55784,0.0
-3.157729,50,753.593382,0.0
-4.41888,50,753.743341,0.0
-3.339104,50,753.778614,0.0
-3.619614,50,753.814323,0.0
-3.895138,50,753.849674,0.0
-3.219933,50,753.885138,0.0
-3.412534,50,753.920711,0.0
-3.831259,50,753.955847,0.0
-4.05343,50,753.991917,0.0
-3.702631,50,754.027989,0.0
-3.545097,50,754.063551,0.0
-3.643667,50,754.09978,0.0
-3.442842,50,754.136317,0.0
-4.291217,50,754.171956,0.0
-3.935301,50,754.207113,0.0
-3.668803,50,754.242367,0.0
-3.858081,50,754.277565,0.0
-3.44922,50,754.313112,0.0
-3.677339,50,754.349394,0.0
-3.204402,50,754.385496,0.0
-3.25375,50,754.42134,0.0
-3.415386,50,754.457132,0.0
-4.083589,50,754.492321,0.0
-3.904875,50,754.527451,0.0
-4.331416,50,754.562929,0.0
-4.123264,50,754.599339,0.0
-4.012134,50,754.635155,0.0
-4.035567,50,754.670912,0.0
-3.721046,50,754.707007,0.0
-4.033757,50,754.742971,0.0
-3.872258,50,754.779073,0.0
-3.535622,50,754.814618,0.0
-3.425839,50,754.850229,0.0
-3.844171,50,754.885718,0.0
-3.525761,50,754.921633,0.0
-3.756836,50,754.95775,0.0
-3.554186,50,754.993913,0.0
-3.267092,50,755.029898,0.0
-3.643321,50,755.066023,0.0
-3.672164,50,755.101702,0.0
-3.757307,50,755.137821,0.0
-3.76968,50,755.174164,0.0
-3.960922,50,755.323409,0.0
-4.257157,50,755.359841,0.0
-4.147327,50,755.396386,0.0
-3.320238,50,755.432193,0.0
-3.626995,50,755.467979,0.0
-3.565787,50,755.503201,0.0
-3.785069,50,755.538538,0.0
-4.050154,50,755.574185,0.0
-4.402969,50,755.609516,0.0
-3.85223,50,755.645454,0.0
-3.817511,50,755.681308,0.0
-3.718249,50,755.716829,0.0
-3.786986,50,755.752717,0.0
-3.710397,50,755.788204,0.0
-3.839643,50,755.824072,0.0
-3.608716,50,755.86055,0.0
-3.243422,50,755.896285,0.0
-3.599405,50,755.93267,0.0
-3.922003,50,755.96888,0.0
-3.469305,50,756.004827,0.0
-3.686586,50,756.040609,0.0
-3.811,50,756.075898,0.0
-3.667123,50,756.111258,0.0
-3.566126,50,756.146335,0.0
-3.824778,50,756.182377,0.0
-3.47699,50,756.217973,0.0
-3.682991,50,756.253447,0.0
-3.877747,50,756.28853,0.0
-3.392319,50,756.3237,0.0
-3.649973,50,756.359698,0.0
-4.057933,50,756.395467,0.0
-3.516033,50,756.431131,0.0
-3.820766,50,756.466131,0.0
-3.502402,50,756.501705,0.0
-3.405008,50,756.537041,0.0
-4.134892,50,756.57299,0.0
-3.629948,50,756.609354,0.0
-3.907563,50,756.645807,0.0
-3.498241,50,756.682133,0.0
-3.985498,50,756.718146,0.0
-3.898984,50,756.868304,0.0
-3.54839,50,756.904682,0.0
-3.770655,50,756.9404,0.0
-4.537442,50,756.97589,0.0
-4.192158,50,757.011376,0.0
-4.137112,50,757.046626,0.0
-3.479421,50,757.082683,0.0
-3.535303,50,757.118681,0.0
-3.772994,50,757.155135,0.0
-4.106324,50,757.19172,0.0
-3.84304,50,757.228054,0.0
-3.967501,50,757.264317,0.0
-3.893628,50,757.300011,0.0
-3.528047,50,757.336199,0.0
-4.087877,50,757.372145,0.0
-3.695875,50,757.4077,0.0
-3.510548,50,757.443713,0.0
-3.657449,50,757.480225,0.0
-3.36459,50,757.516582,0.0
-3.71384,50,757.553333,0.0
-3.425429,50,757.58974,0.0
-3.412267,50,757.626478,0.0
-3.99986,50,757.662736,0.0
-4.41948,50,757.698989,0.0
-3.739525,50,757.735199,0.0
-3.800469,50,757.771518,0.0
-3.910105,50,757.80994,0.0
-3.566721,50,757.84791,0.0
-3.879432,50,757.885023,0.0
-3.903447,50,757.921489,0.0
-3.680534,50,757.957434,0.0
-4.027909,50,757.994436,0.0
-3.940596,50,758.031385,0.0
-3.899732,50,758.067717,0.0
-4.136768,50,758.103526,0.0
-3.681139,50,758.140453,0.0
-3.308458,50,758.176765,0.0
-3.92284,50,758.213279,0.0
-3.494308,50,758.249597,0.0
-3.966547,50,758.285645,0.0
-3.994905,50,758.321685,0.0
-3.634277,50,758.474731,0.0
-4.123585,50,758.511788,0.0
-3.779904,50,758.548101,0.0
-3.77081,50,758.584412,0.0
-4.368494,50,758.620867,0.0
-4.169467,50,758.657337,0.0
-4.103712,50,758.693637,0.0
-3.477584,50,758.729819,0.0
-4.139881,50,758.766022,0.0
-3.717448,50,758.801675,0.0
-3.452477,50,758.836984,0.0
-3.551311,50,758.872592,0.0
-3.707097,50,758.908034,0.0
-3.081902,50,758.943127,0.0
-3.410692,50,758.97843,0.0
-3.413691,50,759.014027,0.0
-3.852452,50,759.049622,0.0
-3.452474,50,759.085738,0.0
-3.395486,50,759.121825,0.0
-3.628127,50,759.158449,0.0
-3.506595,50,759.194857,0.0
-4.245263,50,759.23137,0.0
-3.758699,50,759.26818,0.0
-3.786965,50,759.304241,0.0
-3.665116,50,759.34061,0.0
-4.247702,50,759.376843,0.0
-3.810401,50,759.412282,0.0
-3.763981,50,759.447761,0.0
-3.989757,50,759.483448,0.0
-3.611769,50,759.51956,0.0
-3.716255,50,759.556002,0.0
-4.213186,50,759.592279,0.0
-3.915082,50,759.62876,0.0
-4.197155,50,759.664423,0.0
-3.359622,50,759.700559,0.0
-3.399534,50,759.736783,0.0
-3.588574,50,759.772331,0.0
-3.574409,50,759.807704,0.0
-3.640107,50,759.844164,0.0
-3.764422,50,759.881472,0.0
-3.601081,50,759.917656,0.0
-4.137836,50,760.067755,0.0
-4.280828,50,760.104332,0.0
-3.680819,50,760.140934,0.0
-3.479849,50,760.177199,0.0
-4.15408,50,760.213239,0.0
-3.853716,50,760.248936,0.0
-3.887915,50,760.284488,0.0
-3.540281,50,760.320446,0.0
-3.661624,50,760.356991,0.0
-3.810043,50,760.393797,0.0
-3.8409,50,760.430889,0.0
-3.336717,50,760.467037,0.0
-3.205089,50,760.502567,0.0
-4.156395,50,760.53879,0.0
-4.145855,50,760.575235,0.0
-4.196867,50,760.611831,0.0
-3.880432,50,760.647693,0.0
-4.074062,50,760.683373,0.0
-3.296206,50,760.718737,0.0
-3.696216,50,760.754679,0.0
-3.452097,50,760.790858,0.0
-4.438899,50,760.827411,0.0
-3.259525,50,760.862764,0.0
-3.596517,50,760.898326,0.0
-3.294047,50,760.933694,0.0
-3.963021,50,760.969234,0.0
-3.485777,50,761.005321,0.0
-3.67714,50,761.041601,0.0
-3.386569,50,761.076857,0.0
-3.827372,50,761.112883,0.0
-3.904147,50,761.149042,0.0
-3.883614,50,761.185472,0.0
-3.681242,50,761.221658,0.0
-3.710233,50,761.257558,0.0
-4.218613,50,761.29328,0.0
-3.352659,50,761.32941,0.0
-3.363132,50,761.365688,0.0
-3.333015,50,761.401734,0.0
-4.128027,50,761.437846,0.0
-3.223147,50,761.473935,0.0
-3.445516,50,761.510202,0.0
-4.016958,50,761.655474,0.0
-3.653722,50,761.692983,0.0
-3.966327,50,761.729103,0.0
-3.862047,50,761.764704,0.0
-3.335683,50,761.800409,0.0
-3.846686,50,761.837031,0.0
-3.330259,50,761.872768,0.0
-3.90078,50,761.908115,0.0
-3.47147,50,761.944215,0.0
-3.647499,50,761.979979,0.0
-3.550839,50,762.01555,0.0
-3.433357,50,762.050966,0.0
-3.687898,50,762.086544,0.0
-3.404736,50,762.122103,0.0
-3.508846,50,762.157576,0.0
-3.827805,50,762.193314,0.0
-3.62667,50,762.228459,0.0
-4.253973,50,762.263096,0.0
-3.194263,50,762.299117,0.0
-3.446302,50,762.334718,0.0
-3.06761,50,762.370603,0.0
-4.015997,50,762.407127,0.0
-3.727231,50,762.442748,0.0
-4.104395,50,762.47825,0.0
-3.427612,50,762.513806,0.0
-3.991889,50,762.549189,0.0
-3.729353,50,762.584623,0.0
-4.457838,50,762.620268,0.0
-3.623804,50,762.655669,0.0
-3.43006,50,762.690846,0.0
-3.694863,50,762.726449,0.0
-3.356297,50,762.762332,0.0
-3.490963,50,762.798535,0.0
-3.619834,50,762.834114,0.0
-3.462442,50,762.869812,0.0
-3.673332,50,762.905596,0.0
-3.551675,50,762.942015,0.0
-3.569751,50,762.978102,0.0
-3.696485,50,763.013511,0.0
-3.564716,50,763.049138,0.0
-3.826974,50,763.084815,0.0
-3.302297,50,763.234315,0.0
-3.795455,50,763.270745,0.0
-3.429387,50,763.306665,0.0
-3.208337,50,763.342554,0.0
-3.516797,50,763.378155,0.0
-3.662453,50,763.413373,0.0
-3.515634,50,763.449234,0.0
-3.958574,50,763.483904,0.0
-3.560188,50,763.520081,0.0
-3.543538,50,763.556409,0.0
-3.926261,50,763.59251,0.0
-2.992284,50,763.628029,0.0
-4.295038,50,763.663486,0.0
-3.992716,50,763.699725,0.0
-3.448111,50,763.735109,0.0
-3.791006,50,763.770197,0.0
-3.562174,50,763.805921,0.0
-3.944464,50,763.84157,0.0
-3.485176,50,763.877717,0.0
-4.034451,50,763.912796,0.0
-3.554896,50,763.947751,0.0
-3.701011,50,763.983119,0.0
-3.837795,50,764.018688,0.0
-4.103745,50,764.053941,0.0
-3.740267,50,764.089094,0.0
-3.949193,50,764.124716,0.0
-3.5287,50,764.160059,0.0
-3.494815,50,764.196146,0.0
-3.70663,50,764.232156,0.0
-3.777411,50,764.267286,0.0
-3.628988,50,764.302714,0.0
-3.198241,50,764.338241,0.0
-3.613999,50,764.374434,0.0
-3.35272,50,764.410419,0.0
-3.763972,50,764.445904,0.0
-3.186695,50,764.48184,0.0
-3.700297,50,764.517795,0.0
-3.414717,50,764.553686,0.0
-4.331331,50,764.58963,0.0
-3.619778,50,764.625245,0.0
-3.455149,50,764.661088,0.0
-3.213982,50,764.81051,0.0
-3.589948,50,764.846255,0.0
-3.88308,50,764.881844,0.0
-3.672092,50,764.91705,0.0
-3.27083,50,764.952128,0.0
-4.026919,50,764.987637,0.0
-3.594389,50,765.022835,0.0
-3.858988,50,765.057927,0.0
-3.807413,50,765.093311,0.0
-3.709078,50,765.128757,0.0
-3.269399,50,765.16498,0.0
-3.564409,50,765.201138,0.0
-3.451523,50,765.237499,0.0
-3.675188,50,765.274086,0.0
-3.608012,50,765.309704,0.0
-3.969699,50,765.345171,0.0
-3.804542,50,765.381437,0.0
-4.305746,50,765.416909,0.0
-3.908375,50,765.452615,0.0
-3.782419,50,765.489036,0.0
-3.538314,50,765.524717,0.0
-4.257578,50,765.560912,0.0
-3.268209,50,765.596635,0.0
-3.757612,50,765.633024,0.0
-3.785315,50,765.668208,0.0
-3.830334,50,765.704165,0.0
-3.670947,50,765.740431,0.0
-3.682689,50,765.776622,0.0
-3.767826,50,765.812865,0.0
-3.387844,50,765.848561,0.0
-3.731382,50,765.88505,0.0
-4.110257,50,765.921214,0.0
-3.88258,50,765.956985,0.0
-3.892892,50,765.992664,0.0
-3.838457,50,766.028049,0.0
-3.145223,50,766.063151,0.0
-3.453511,50,766.098431,0.0
-3.753244,50,766.133812,0.0
-3.858072,50,766.169664,0.0
-3.929351,50,766.205411,0.0
-3.551619,50,766.240516,0.0
-3.553665,50,766.389545,0.0
-3.505419,50,766.424926,0.0
-3.222313,50,766.461094,0.0
-3.722428,50,766.496828,0.0
-3.644615,50,766.532759,0.0
-3.583581,50,766.568393,0.0
-3.840624,50,766.603389,0.0
-3.594715,50,766.639023,0.0
-3.322866,50,766.674816,0.0
-3.666678,50,766.710136,0.0
-3.813334,50,766.745967,0.0
-3.82361,50,766.781861,0.0
-3.75388,50,766.817871,0.0
-3.589561,50,766.854132,0.0
-3.940116,50,766.890511,0.0
-3.263144,50,766.926236,0.0
-4.37264,50,766.962508,0.0
-3.888703,50,766.998367,0.0
-3.163909,50,767.034439,0.0
-3.060167,50,767.069716,0.0
-3.931736,50,767.105195,0.0
-3.336908,50,767.140745,0.0
-3.908437,50,767.176488,0.0
-3.873951,50,767.211744,0.0
-3.217602,50,767.247343,0.0
-4.101562,50,767.283528,0.0
-3.621619,50,767.318832,0.0
-3.828847,50,767.35442,0.0
-3.48303,50,767.389652,0.0
-4.589727,50,767.425445,0.0
-3.954205,50,767.46138,0.0
-3.622273,50,767.497065,0.0
-3.701302,50,767.533011,0.0
-4.062196,50,767.569272,0.0
-3.785879,50,767.604617,0.0
-3.695532,50,767.640348,0.0
-4.058202,50,767.676614,0.0
-4.073423,50,767.712342,0.0
-3.676573,50,767.748329,0.0
-3.669881,50,767.784726,0.0
-3.439228,50,767.820168,0.0
-3.51286,50,767.970887,0.0
-3.929087,50,768.0083,0.0
-3.615996,50,768.044513,0.0
-4.236216,50,768.081057,0.0
-3.283144,50,768.116636,0.0
-4.280578,50,768.152016,0.0
-3.658674,50,768.187508,0.0
-3.699132,50,768.222964,0.0
-3.944856,50,768.258997,0.0
-3.273948,50,768.294699,0.0
-4.285519,50,768.330121,0.0
-3.493758,50,768.366027,0.0
-3.565984,50,768.40224,0.0
-4.009865,50,768.437447,0.0
-3.765891,50,768.472891,0.0
-3.51269,50,768.508999,0.0
-4.058699,50,768.544922,0.0
-3.905757,50,768.581113,0.0
-3.448947,50,768.617978,0.0
-3.875217,50,768.654504,0.0
-3.850861,50,768.690624,0.0
-3.772514,50,768.725865,0.0
-3.855289,50,768.762232,0.0
-3.26257,50,768.798276,0.0
-3.779864,50,768.833406,0.0
-3.590872,50,768.868575,0.0
-3.687444,50,768.904858,0.0
-4.121758,50,768.940065,0.0
-4.05864,50,768.975839,0.0
-3.349546,50,769.011948,0.0
-3.92305,50,769.04804,0.0
-3.915671,50,769.083572,0.0
-3.741281,50,769.118761,0.0
-3.48162,50,769.154479,0.0
-4.060757,50,769.190038,0.0
-3.588709,50,769.225553,0.0
-3.698299,50,769.261559,0.0
-3.430354,50,769.297173,0.0
-4.366571,50,769.332849,0.0
-3.341714,50,769.368789,0.0
-3.672755,50,769.404054,0.0
-3.27444,50,769.554343,0.0
-4.224501,50,769.589824,0.0
-4.027832,50,769.625914,0.0
-3.822953,50,769.661976,0.0
-3.559621,50,769.697361,0.0
-3.493482,50,769.733378,0.0
-3.730544,50,769.769855,0.0
-4.415234,50,769.805367,0.0
-3.948823,50,769.840974,0.0
-3.896086,50,769.876687,0.0
-3.769683,50,769.91212,0.0
-3.420532,50,769.947402,0.0
-3.255917,50,769.982908,0.0
-3.620859,50,770.018901,0.0
-3.271487,50,770.054886,0.0
-3.710968,50,770.091017,0.0
-3.738066,50,770.126938,0.0
-3.842007,50,770.162208,0.0
-3.164742,50,770.198251,0.0
-3.778273,50,770.233933,0.0
-3.247957,50,770.269349,0.0
-3.591277,50,770.304683,0.0
-3.407139,50,770.340592,0.0
-4.360031,50,770.3766,0.0
-3.590472,50,770.412295,0.0
-3.921396,50,770.448016,0.0
-3.216972,50,770.483507,0.0
-3.27105,50,770.519771,0.0
-3.629117,50,770.556172,0.0
-3.762405,50,770.591688,0.0
-4.12094,50,770.627202,0.0
-3.1249,50,770.662962,0.0
-3.470943,50,770.698403,0.0
-4.157936,50,770.733716,0.0
-3.988524,50,770.769498,0.0
-3.980936,50,770.805451,0.0
-3.811212,50,770.840622,0.0
-3.959121,50,770.876262,0.0
-3.768225,50,770.912285,0.0
-4.116774,50,770.947354,0.0
-3.980264,50,770.982339,0.0
-3.365286,50,771.132657,0.0
-3.446569,50,771.168498,0.0
-4.18979,50,771.204676,0.0
-4.308374,50,771.240214,0.0
-3.869355,50,771.275595,0.0
-3.748954,50,771.311801,0.0
-3.52858,50,771.347999,0.0
-3.725212,50,771.3841,0.0
-3.264651,50,771.420103,0.0
-3.754439,50,771.456449,0.0
-3.459279,50,771.491949,0.0
-4.089266,50,771.527766,0.0
-3.765631,50,771.563292,0.0
-3.449232,50,771.598712,0.0
-3.533692,50,771.634163,0.0
-3.157888,50,771.669801,0.0
-3.488621,50,771.706131,0.0
-3.50277,50,771.742755,0.0
-3.866401,50,771.778395,0.0
-4.540786,50,771.813456,0.0
-4.275731,50,771.84907,0.0
-3.869719,50,771.88503,0.0
-3.535221,50,771.920329,0.0
-3.204994,50,771.955819,0.0
-3.431433,50,771.991254,0.0
-3.750609,50,772.026518,0.0
-3.542221,50,772.061737,0.0
-3.269735,50,772.096937,0.0
-3.60537,50,772.132597,0.0
-3.678304,50,772.167959,0.0
-3.538017,50,772.203613,0.0
-3.501196,50,772.239203,0.0
-3.943844,50,772.275076,0.0
-3.951451,50,772.310956,0.0
-3.808004,50,772.346827,0.0
-3.58597,50,772.3822,0.0
-3.330983,50,772.417602,0.0
-4.097097,50,772.453193,0.0
-3.632942,50,772.489292,0.0
-4.040691,50,772.524813,0.0
-3.268863,50,772.560804,0.0
-3.979248,50,772.710163,0.0
-4.002064,50,772.746469,0.0
-3.386884,50,772.782705,0.0
-3.315844,50,772.818871,0.0
-3.704313,50,772.85544,0.0
-3.468226,50,772.891657,0.0
-3.363379,50,772.927736,0.0
-3.50226,50,772.963812,0.0
-4.120593,50,772.99985,0.0
-3.578997,50,773.035939,0.0
-3.843458,50,773.071155,0.0
-4.015237,50,773.107638,0.0
-3.837434,50,773.144026,0.0
-3.792224,50,773.179762,0.0
-3.164647,50,773.21581,0.0
-3.204863,50,773.251946,0.0
-4.192247,50,773.288286,0.0
-3.839901,50,773.323863,0.0
-3.715303,50,773.359304,0.0
-3.759994,50,773.394502,0.0
-3.931769,50,773.429728,0.0
-3.732419,50,773.465824,0.0
-3.53426,50,773.501904,0.0
-3.350317,50,773.537497,0.0
-3.720361,50,773.573149,0.0
-3.710032,50,773.608833,0.0
-4.055674,50,773.644468,0.0
-3.698209,50,773.679377,0.0
-4.227818,50,773.714993,0.0
-3.898023,50,773.749931,0.0
-4.113935,50,773.785761,0.0
-4.429817,50,773.821162,0.0
-3.754013,50,773.856964,0.0
-3.708924,50,773.892993,0.0
-3.523134,50,773.929171,0.0
-3.397509,50,773.965203,0.0
-4.052741,50,774.001147,0.0
-4.009817,50,774.037321,0.0
-3.338591,50,774.073551,0.0
-4.132742,50,774.108696,0.0
-3.703291,50,774.144382,0.0
-3.340627,50,774.293758,0.0
-3.750247,50,774.330389,0.0
-3.303408,50,774.366612,0.0
-3.737676,50,774.401877,0.0
-3.486804,50,774.437661,0.0
-3.763831,50,774.473075,0.0
-3.960191,50,774.508187,0.0
-3.55661,50,774.543713,0.0
-3.424577,50,774.579324,0.0
-3.923428,50,774.614786,0.0
-3.586476,50,774.650047,0.0
-3.419563,50,774.68532,0.0
-3.128207,50,774.72097,0.0
-3.564968,50,774.75661,0.0
-3.302916,50,774.792086,0.0
-3.829114,50,774.827561,0.0
-3.708651,50,774.862976,0.0
-3.534024,50,774.898489,0.0
-4.06085,50,774.934038,0.0
-3.94374,50,774.969649,0.0
-3.86847,50,775.005434,0.0
-3.231527,50,775.041356,0.0
-3.390299,50,775.077151,0.0
-4.020872,50,775.112958,0.0
-3.368239,50,775.149336,0.0
-3.759545,50,775.185766,0.0
-3.875525,50,775.222264,0.0
-3.636222,50,775.258379,0.0
-3.601324,50,775.294693,0.0
-3.54711,50,775.331071,0.0
-3.748696,50,775.366926,0.0
-3.585476,50,775.403059,0.0
-3.682837,50,775.439585,0.0
-4.024869,50,775.475787,0.0
-3.663705,50,775.511114,0.0
-3.264456,50,775.547162,0.0
-3.55371,50,775.582858,0.0
-3.661389,50,775.619041,0.0
-3.395757,50,775.655296,0.0
-4.037118,50,775.691664,0.0
-3.268589,50,775.728065,0.0
-3.947867,50,775.876498,0.0
-4.025579,50,775.912288,0.0
-3.593912,50,775.947497,0.0
-3.344904,50,775.983757,0.0
-3.522069,50,776.019952,0.0
-3.95481,50,776.056042,0.0
-3.850741,50,776.092219,0.0
-3.951307,50,776.128491,0.0
-3.75749,50,776.164416,0.0
-3.249827,50,776.200483,0.0
-3.794651,50,776.236872,0.0
-3.441948,50,776.273148,0.0
-3.687729,50,776.670683,0.0
-3.47447,50,776.706817,0.0
-3.824272,50,776.742531,0.0
-4.177666,50,776.778521,0.0
-3.65288,50,776.814443,0.0
-3.780267,50,776.849787,0.0
-3.618229,50,776.885179,0.0
-3.628328,50,776.920732,0.0
-3.711326,50,776.95591,0.0
-3.936206,50,776.991082,0.0
-4.055258,50,777.02647,0.0
-3.714888,50,777.061688,0.0
-3.660012,50,777.097016,0.0
-3.409479,50,777.132183,0.0
-4.289839,50,777.167524,0.0
-3.952926,50,777.202631,0.0
-3.403027,50,777.238087,0.0
-3.410552,50,777.273506,0.0
-3.660366,50,777.308759,0.0
-3.694885,50,777.344048,0.0
-4.096357,50,777.379079,0.0
-3.424906,50,777.414127,0.0
-4.20705,50,777.449777,0.0
-3.543642,50,777.48538,0.0
-3.150461,50,777.521107,0.0
-4.035849,50,777.55707,0.0
-3.835295,50,777.592725,0.0
-3.150212,50,777.627829,0.0
-3.856386,50,777.662496,0.0
