rollout/success_rate,time/time_elapsed,time/total_timesteps,time/iterations,rollout/ep_rew_mean,time/fps,rollout/ep_len_mean,train/clip_range,train/entropy_loss,train/policy_gradient_loss,train/std,train/clip_fraction,train/explained_variance,train/value_loss,train/loss,train/approx_kl,train/learning_rate,train/n_updates
0.0,1,2048,1,-6.073148625,1413,50.0,,,,,,,,,,,
0.0,3,4096,2,-6.054496432098766,1361,50.0,0.1,-8.377728247642517,-0.025403587776236237,0.36783525347709656,0.1583984375,-0.6691951751708984,1.1103626489639282,0.1906878501176834,0.0039837775,3e-05,10
0.0,4,6144,3,-6.03598444,1346,50.0,0.1,-8.373969316482544,-0.02105870154337026,0.3677257001399994,0.15224609375,-0.7343262434005737,0.8703039612621069,0.12071575224399567,0.0034081128,3e-05,20
0.0,6,8192,4,-5.96494385,1338,50.0,0.1,-8.368156480789185,-0.021306174175697377,0.367636114358902,0.153857421875,-0.7136662006378174,0.6446241710335017,0.1471387892961502,0.00395819,3e-05,30
0.0,7,10240,5,-5.938807040000001,1334,50.0,0.1,-8.363049721717834,-0.022709329810459165,0.36753544211387634,0.175927734375,-0.8812347650527954,0.5018402472138405,0.09515684098005295,0.0038450393,3e-05,40
0.0,9,12288,6,-5.94545262,1332,50.0,0.1,-8.35731062889099,-0.021225821564439685,0.36741894483566284,0.148681640625,-1.10760498046875,0.4129337636753917,0.11560438573360443,0.003825703,3e-05,50
0.0,10,14336,7,-5.871901790000001,1329,50.0,0.1,-8.350260996818543,-0.02235566084855236,0.3672764003276825,0.166259765625,-1.376413345336914,0.3595012605190277,0.08029533177614212,0.003915693,3e-05,60
0.0,12,16384,8,-5.804319949999999,1328,50.0,0.1,-8.340245521068573,-0.02277472821297124,0.36705124378204346,0.1619140625,-1.1544198989868164,0.2691434592008591,0.0662425234913826,0.0038253106,3e-05,70
0.0,13,18432,9,-5.780029000000001,1327,50.0,0.1,-8.329292798042298,-0.023475289111956954,0.36688223481178284,0.16982421875,-1.114262342453003,0.21309078931808473,0.03859494626522064,0.0038792598,3e-05,80
0.0,15,20480,10,-5.799670089999999,1327,50.0,0.1,-8.320484566688538,-0.023661455255933106,0.3667263984680176,0.163037109375,-1.5098330974578857,0.17572434544563292,0.024736978113651276,0.003910216,3e-05,90
0.0,16,22528,11,-5.80539267,1326,50.0,0.1,-8.312426674365998,-0.02362718158401549,0.36659902334213257,0.158984375,-1.4135355949401855,0.15380073050037027,0.014446888118982315,0.0038668916,3e-05,100
0.0,18,24576,12,-5.7251128399999995,1325,50.0,0.1,-8.308209252357482,-0.02638624534010887,0.3665677011013031,0.196826171875,-1.3429067134857178,0.1359225006774068,0.017418500036001205,0.004171094,3e-05,110
0.0,20,26624,13,-5.653206899999999,1324,50.0,0.1,-8.307113289833069,-0.026037563395220786,0.36655253171920776,0.19306640625,-1.560152530670166,0.10034308768808842,-0.00474877655506134,0.0041562365,3e-05,120
0.0,21,28672,14,-5.58745415,1323,50.0,0.1,-8.304398131370544,-0.02570896055549383,0.3664669096469879,0.20400390625,-0.9717342853546143,0.09548805616796016,0.0062483325600624084,0.0041025067,3e-05,130
0.0,23,30720,15,-5.55213914,1322,50.0,0.1,-8.298986291885376,-0.026706501725129783,0.36636289954185486,0.214306640625,-1.1583318710327148,0.07723073158413171,-0.011316485702991486,0.004571008,3e-05,140
0.0,24,32768,16,-5.58720061,1322,50.0,0.1,-8.29476844072342,-0.02602882933570072,0.36633986234664917,0.197802734375,-1.5032603740692139,0.07788774902001024,-0.00492805615067482,0.004056326,3e-05,150
0.0,26,34816,17,-5.603362880000001,1321,50.0,0.1,-8.293079447746276,-0.026419335167156534,0.36628493666648865,0.205615234375,-1.0204377174377441,0.0785947831813246,-0.006902273744344711,0.004549805,3e-05,160
0.0,27,36864,18,-5.55218651,1321,50.0,0.1,-8.289874160289765,-0.02629730185144581,0.36622175574302673,0.188330078125,-1.8487217426300049,0.06476857224479318,-0.0106729194521904,0.0047079697,3e-05,170
0.0,29,38912,19,-5.5091891099999994,1320,50.0,0.1,-8.285625076293945,-0.02827987833879888,0.3661216199398041,0.211669921875,-0.8791506290435791,0.06695604524575174,-0.014380957931280136,0.004408039,3e-05,180
0.0,31,40960,20,-5.46011668,1319,50.0,0.1,-8.282695746421814,-0.026872935285791755,0.3661159574985504,0.201416015625,-1.1141986846923828,0.06616496127098799,-0.010404085740447044,0.0041953083,3e-05,190
0.0,32,43008,21,-5.415546099999999,1319,50.0,0.1,-8.282130432128906,-0.026469987386371942,0.3661055266857147,0.2119140625,-1.194066047668457,0.05891578174196184,-0.015363205224275589,0.0044477405,3e-05,200
0.0,34,45056,22,-5.378911730000001,1318,50.0,0.1,-8.279363536834717,-0.026692325744079426,0.3660009205341339,0.207958984375,-2.027982711791992,0.05506086619570851,-0.01158931478857994,0.0040581254,3e-05,210
0.0,35,47104,23,-5.31163979,1318,50.0,0.1,-8.275540721416473,-0.025977383460849525,0.3659706711769104,0.209765625,-0.9822241067886353,0.057666891952976584,-0.009170103818178177,0.0042668134,3e-05,220
0.0,37,49152,24,-5.3157524,1318,50.0,0.1,-8.274403750896454,-0.027196116803679615,0.36596763134002686,0.22353515625,-0.7599812746047974,0.05599325578659773,-0.013772822916507721,0.004533998,3e-05,230
0.0,39,51200,25,-5.22853024,1306,50.0,0.1,-8.275271284580231,-0.027454611280700193,0.36599865555763245,0.203271484375,-1.7972538471221924,0.050079734064638615,-0.020349059253931046,0.004303256,3e-05,240
0.0,40,53248,26,-5.165735499999999,1306,50.0,0.1,-8.27629382610321,-0.02695558846462518,0.36600032448768616,0.198828125,-0.9249874353408813,0.04681741935200989,-0.01583276502788067,0.0040201186,3e-05,250
0.0,42,55296,27,-5.20276994,1306,50.0,0.1,-8.274397075176239,-0.026541611476568507,0.365931898355484,0.202783203125,-0.7428439855575562,0.05474081207066774,-0.014040116220712662,0.004254707,3e-05,260
0.0,43,57344,28,-5.123611629999999,1306,50.0,0.1,-8.271735644340515,-0.026912817638367413,0.36591678857803345,0.2166015625,-0.9015803337097168,0.04803358553908765,-0.021059425547719002,0.004367549,3e-05,270
0.0,45,59392,29,-5.0749315699999995,1306,50.0,0.1,-8.26978396177292,-0.026907641813158988,0.3658357262611389,0.20732421875,-0.6518455743789673,0.056733139371499416,-0.0175276231020689,0.004319115,3e-05,280
0.0,47,61440,30,-5.13137623,1306,50.0,0.1,-8.264830791950226,-0.02498716689879075,0.36574432253837585,0.168017578125,-0.8863662481307983,0.05117522547952831,-0.012227725237607956,0.0040108934,3e-05,290
0.0,48,63488,31,-5.22267638,1306,50.0,0.1,-8.258947587013244,-0.025506771105574443,0.3656284213066101,0.19248046875,-0.9996393918991089,0.044013195158913734,-0.01593625918030739,0.0042322986,3e-05,300
0.0,50,65536,32,-5.188094259999999,1306,50.0,0.1,-8.254474484920502,-0.025780002705869266,0.36558762192726135,0.195556640625,-1.0020465850830078,0.047645198088139294,-0.019258622080087662,0.0044096266,3e-05,310
0.0,51,67584,33,-5.05702167,1306,50.0,0.1,-8.25365982055664,-0.027536258316831663,0.36558860540390015,0.205322265625,-0.6193598508834839,0.05422044233419001,-0.015415199100971222,0.0046853516,3e-05,320
0.0,53,69632,34,-4.97400312,1306,50.0,0.1,-8.252978444099426,-0.02684556433232501,0.3655596375465393,0.1833984375,-0.42605292797088623,0.05260539008304477,-0.014928437769412994,0.004227574,3e-05,330
0.0,54,71680,35,-5.07995918,1305,50.0,0.1,-8.251287639141083,-0.027344764152076095,0.36553582549095154,0.216455078125,-1.0205192565917969,0.03667582797352224,-0.026866700500249863,0.0047990177,3e-05,340
0.0,56,73728,36,-5.10755336,1305,50.0,0.1,-8.24870365858078,-0.026947955961804836,0.3654536306858063,0.205908203125,-0.5372787714004517,0.04617552757263184,-0.023171667009592056,0.004540733,3e-05,350
0.0,58,75776,37,-4.99149613,1305,50.0,0.1,-8.247210824489594,-0.026861305331112816,0.36550113558769226,0.18505859375,-0.7148367166519165,0.04545047269202769,-0.023762296885252,0.004447121,3e-05,360
0.0,59,77824,38,-4.91939962,1305,50.0,0.1,-8.245930659770966,-0.027834876358974726,0.3653857409954071,0.227099609375,-0.4021327495574951,0.04369113780558109,-0.02312466688454151,0.0049498766,3e-05,370
0.0,61,79872,39,-5.00198265,1305,50.0,0.1,-8.240480780601501,-0.027499360020738096,0.36531487107276917,0.21904296875,-0.6901836395263672,0.03723863335326314,-0.0255875363945961,0.004608875,3e-05,380
0.0,62,81920,40,-5.02632019,1305,50.0,0.1,-8.235082292556763,-0.0281737731769681,0.3651968836784363,0.23046875,-0.5521801710128784,0.04577535237185657,-0.021125484257936478,0.004929302,3e-05,390
0.0,64,83968,41,-5.011074870000001,1305,50.0,0.1,-8.232943034172058,-0.027670079917879776,0.365230530500412,0.230224609375,-0.31909751892089844,0.050945968553423884,-0.022348448634147644,0.004502746,3e-05,400
0.0,65,86016,42,-4.920059479999999,1305,50.0,0.1,-8.234583616256714,-0.02751734514022246,0.3652445673942566,0.200048828125,-0.5208135843276978,0.04279185002669692,-0.022399209439754486,0.0042819865,3e-05,410
0.0,67,88064,43,-4.904762590000001,1305,50.0,0.1,-8.234498798847198,-0.02605780161684379,0.36523324251174927,0.2021484375,-0.6704907417297363,0.04060619468800723,-0.02295234426856041,0.0046103895,3e-05,420
0.0,69,90112,44,-4.857818910000001,1305,50.0,0.1,-8.23107635974884,-0.025935494567966087,0.36511310935020447,0.195458984375,-0.8466503620147705,0.036746721086092296,-0.023501301184296608,0.0043851826,3e-05,430
0.0,70,92160,45,-4.87366092,1305,50.0,0.1,-8.227087450027465,-0.026128151954617353,0.3651145398616791,0.18212890625,-0.35977792739868164,0.04424870698712766,-0.019448058679699898,0.004697644,3e-05,440
0.0,72,94208,46,-4.94969344,1305,50.0,0.1,-8.226792526245116,-0.02661067426088266,0.3650805354118347,0.203662109375,-0.6309956312179565,0.03758954592049122,-0.028036927804350853,0.0044240206,3e-05,450
0.0,73,96256,47,-4.886296399999999,1305,50.0,0.1,-8.222969460487366,-0.026648824400035666,0.3649730980396271,0.191796875,-0.5411398410797119,0.03956006774678826,-0.01860584318637848,0.004356607,3e-05,460
0.0,75,98304,48,-4.87654445,1305,50.0,0.1,-8.217240035533905,-0.027307043733890167,0.36488112807273865,0.2107421875,-0.3321624994277954,0.049274132726714014,-0.020822860300540924,0.0047009434,3e-05,470
0.0,77,100352,49,-4.90552713,1299,50.0,0.1,-8.212650334835052,-0.026142656966112555,0.36479616165161133,0.204296875,-0.43137454986572266,0.04001572565175593,-0.02512008138000965,0.0047977613,3e-05,480
0.0,78,102400,50,-4.88884228,1299,50.0,0.1,-8.209000360965728,-0.02698393214959651,0.364753395318985,0.218701171875,-0.35891711711883545,0.03978680525906384,-0.022351717576384544,0.0050709806,3e-05,490
0.0,80,104448,51,-4.898800710000001,1299,50.0,0.1,-8.206729090213775,-0.02629779380222317,0.36473309993743896,0.199462890625,-0.4546583890914917,0.042761892266571525,-0.0197922233492136,0.004404211,3e-05,500
0.0,81,106496,52,-4.82984333,1300,50.0,0.1,-8.204959034919739,-0.025293793488526718,0.3646640181541443,0.193017578125,-0.2943129539489746,0.043897540168836714,-0.023721620440483093,0.0045342194,3e-05,510
0.0,83,108544,53,-4.855403259999999,1300,50.0,0.1,-8.200916934013367,-0.026883475302020086,0.36460477113723755,0.19794921875,-0.25156593322753906,0.042164013162255286,-0.018110070377588272,0.00475102,3e-05,520
0.0,85,110592,54,-4.822441,1300,50.0,0.1,-8.199029898643493,-0.027356329455506055,0.3645917773246765,0.233984375,-0.18086838722229004,0.04332834235392511,-0.02281028963625431,0.0052482123,3e-05,530
0.0,86,112640,55,-4.7959555599999995,1300,50.0,0.1,-8.197651302814483,-0.02570901540457271,0.3645358681678772,0.1845703125,-0.3497612476348877,0.04164092007558793,-0.024305183440446854,0.004609037,3e-05,540
0.0,88,114688,56,-4.74833518,1300,50.0,0.1,-8.193088841438293,-0.027252638107165696,0.3644356429576874,0.20302734375,-0.24945127964019775,0.053585762483999134,-0.01580958440899849,0.004801215,3e-05,550
0.0,89,116736,57,-4.84682137,1300,50.0,0.1,-8.191699314117432,-0.026453777297865598,0.36449185013771057,0.202734375,-0.261454701423645,0.047351653967052695,-0.018549174070358276,0.004705785,3e-05,560
0.0,91,118784,58,-4.90887078,1301,50.0,0.1,-8.191720354557038,-0.027462114673107864,0.36440807580947876,0.204736328125,-0.9144819974899292,0.02492775986902416,-0.03571333736181259,0.004247298,3e-05,570
0.0,92,120832,59,-4.903166290000001,1301,50.0,0.1,-8.186180877685548,-0.026429024559911342,0.36432695388793945,0.193505859375,-0.24134838581085205,0.037701597856357696,-0.025762192904949188,0.0043106987,3e-05,580
0.0,94,122880,60,-4.8416909200000005,1301,50.0,0.1,-8.181009352207184,-0.02464794591651298,0.3642036020755768,0.179541015625,-0.41807663440704346,0.03784222556278109,-0.019111990928649902,0.004107858,3e-05,590
0.0,96,124928,61,-4.830772619999999,1301,50.0,0.1,-8.175860059261321,-0.027934593334794044,0.364152729511261,0.2384765625,-0.12723124027252197,0.042745960876345634,-0.024797581136226654,0.005107923,3e-05,600
0.0,97,126976,62,-4.74102375,1301,50.0,0.1,-8.173947322368623,-0.027057687449268997,0.36411887407302856,0.201904296875,-0.14305758476257324,0.039829276781529185,-0.022743329405784607,0.0047181835,3e-05,610
0.0,99,129024,63,-4.7815575,1301,50.0,0.1,-8.171050441265105,-0.02669364446774125,0.36404335498809814,0.213916015625,-0.09530925750732422,0.04459080356173217,-0.020377380773425102,0.0047612013,3e-05,620
0.0,100,131072,64,-4.8904395,1301,50.0,0.1,-8.16892546415329,-0.026500515884254127,0.3640521168708801,0.205078125,-0.12648332118988037,0.035751092503778635,-0.025331558659672737,0.004694023,3e-05,630
0.0,102,133120,65,-4.81412757,1301,50.0,0.1,-8.168537414073944,-0.02784980626311153,0.36403900384902954,0.2001953125,-0.4249718189239502,0.02986096190288663,-0.034133657813072205,0.004816445,3e-05,640
0.0,103,135168,66,-4.790566440000001,1301,50.0,0.1,-8.167291557788849,-0.026280432468047364,0.36400169134140015,0.2185546875,-0.1858348846435547,0.04323591394349933,-0.028806209564208984,0.0044955304,3e-05,650
0.0,105,137216,67,-4.76198049,1301,50.0,0.1,-8.16391214132309,-0.026084370061289518,0.3639238476753235,0.200537109375,-0.2882591485977173,0.0329331147717312,-0.02358243241906166,0.0044802316,3e-05,660
0.0,106,139264,68,-4.77590064,1302,50.0,0.1,-8.162333941459655,-0.02699289619922638,0.3639223575592041,0.204052734375,-0.18995976448059082,0.04290184224955738,-0.021044982597231865,0.004882384,3e-05,670
0.0,108,141312,69,-4.77479641,1302,50.0,0.1,-8.162325119972229,-0.02807078479672782,0.3639470040798187,0.243310546875,-0.2332777976989746,0.03197318085003644,-0.03215295448899269,0.0052992087,3e-05,680
0.0,110,143360,70,-4.76108658,1302,50.0,0.1,-8.162360346317291,-0.02733702186960727,0.3639025092124939,0.207861328125,-0.24559366703033447,0.03417960286606103,-0.027140360325574875,0.0050877435,3e-05,690
0.0,111,145408,71,-4.776705239999999,1302,50.0,0.1,-8.16005802154541,-0.025817044789437204,0.3638884425163269,0.19462890625,-0.08805811405181885,0.039667523046955463,-0.023119695484638214,0.004668583,3e-05,700
0.0,113,147456,72,-4.701350290000001,1302,50.0,0.1,-8.159889101982117,-0.0268507813452743,0.363880455493927,0.223583984375,-0.24925339221954346,0.031190519384108484,-0.02901119738817215,0.0049228407,3e-05,710
0.0,114,149504,73,-4.663801590000001,1302,50.0,0.1,-8.158971560001373,-0.028209593682549893,0.36385416984558105,0.24482421875,0.009341716766357422,0.049193184543401006,-0.019882604479789734,0.0051924214,3e-05,720
0.0,116,151552,74,-4.73824651,1299,50.0,0.1,-8.15345320701599,-0.02652351334108971,0.3636907935142517,0.223193359375,-0.0543818473815918,0.035180999781005085,-0.026719000190496445,0.0047401134,3e-05,730
0.0,118,153600,75,-4.73872433,1299,50.0,0.1,-8.147164344787598,-0.026764501072466373,0.36362600326538086,0.198779296875,-0.1688462495803833,0.03276106326375157,-0.029682336375117302,0.004658631,3e-05,740
0.0,119,155648,76,-4.76480775,1299,50.0,0.1,-8.145107531547547,-0.02678081423509866,0.36360782384872437,0.2203125,-0.10175728797912598,0.031560490909032526,-0.027217969298362732,0.00469118,3e-05,750
0.0,121,157696,77,-4.702945499999999,1299,50.0,0.1,-8.14401409626007,-0.026258990762289613,0.36359041929244995,0.21689453125,-0.04574394226074219,0.04469543676823377,-0.01979314535856247,0.0047478187,3e-05,760
0.0,122,159744,78,-4.628957890000001,1299,50.0,0.1,-8.144817399978638,-0.02656955522543285,0.36364054679870605,0.215478515625,-0.1429288387298584,0.034716386324726047,-0.026647699996829033,0.004977455,3e-05,770
0.0,124,161792,79,-4.61267135,1299,50.0,0.1,-8.144307148456573,-0.025696682423586026,0.3635644316673279,0.19970703125,-0.025969505310058594,0.038608241570182146,-0.017737068235874176,0.0042997706,3e-05,780
0.0,126,163840,80,-4.54785469,1299,50.0,0.1,-8.14187194108963,-0.027504513808526098,0.36356204748153687,0.241064453125,-0.1672757863998413,0.03244403712451458,-0.025292014703154564,0.004722576,3e-05,790
0.0,127,165888,81,-4.648422700000001,1300,50.0,0.1,-8.138235485553741,-0.026545233838260174,0.3634251058101654,0.210107421875,-0.05531966686248779,0.046935728983953595,-0.01743820682168007,0.004531159,3e-05,800
0.0,129,167936,82,-4.695347989999999,1300,50.0,0.1,-8.131810438632964,-0.02546910293167457,0.36334139108657837,0.188427734375,-0.11197888851165771,0.03152080371510237,-0.024513470008969307,0.0041677747,3e-05,810
0.0,130,169984,83,-4.733360399999999,1300,50.0,0.1,-8.127949929237365,-0.025826547079486773,0.36328762769699097,0.190283203125,-0.19253039360046387,0.027537321019917727,-0.02601069211959839,0.0044585387,3e-05,820
0.0,132,172032,84,-4.70755537,1300,50.0,0.1,-8.122861504554749,-0.026852913957554847,0.3631574511528015,0.217138671875,-0.17384064197540283,0.026333797024562955,-0.028485652059316635,0.0048113214,3e-05,830
0.0,133,174080,85,-4.632701170000001,1300,50.0,0.1,-8.117361497879028,-0.02559367768408265,0.3630753457546234,0.19052734375,0.037804245948791504,0.04524267762899399,-0.01662188023328781,0.004357689,3e-05,840
0.0,135,176128,86,-4.58442291,1300,50.0,0.1,-8.115609788894654,-0.026196445622190367,0.36310750246047974,0.20126953125,-0.12025249004364014,0.029716140031814574,-0.023521456867456436,0.0045692027,3e-05,850
0.0,136,178176,87,-4.5888028,1300,50.0,0.1,-8.116599476337433,-0.026106000534491615,0.36310893297195435,0.19609375,-0.03517639636993408,0.03434401578269899,-0.023062491789460182,0.0045354133,3e-05,860
0.0,138,180224,88,-4.625847609999999,1300,50.0,0.1,-8.11516830921173,-0.02820025896653533,0.3630583882331848,0.223828125,-0.12092101573944092,0.027586829499341547,-0.025976812466979027,0.0051469933,3e-05,870
0.0,140,182272,89,-4.57460928,1301,50.0,0.1,-8.111575174331666,-0.028061227849684657,0.362982839345932,0.22783203125,-0.08484303951263428,0.024850758910179137,-0.03258180245757103,0.004966924,3e-05,880
0.0,141,184320,90,-4.62420834,1301,50.0,0.1,-8.106802296638488,-0.027803825470618902,0.3628755807876587,0.23701171875,0.0680881142616272,0.042154199443757534,-0.021075578406453133,0.0052603036,3e-05,890
0.0,143,186368,91,-4.67568387,1301,50.0,0.1,-8.102368950843811,-0.026754839785280638,0.36281633377075195,0.2119140625,-0.007259011268615723,0.031338232662528755,-0.031251564621925354,0.0045773573,3e-05,900
0.0,144,188416,92,-4.609841589999999,1301,50.0,0.1,-8.099888002872467,-0.02614616951905191,0.36280012130737305,0.20390625,-0.009539365768432617,0.028221047762781382,-0.02492643892765045,0.0043208515,3e-05,910
0.0,146,190464,93,-4.60329902,1301,50.0,0.1,-8.098394584655761,-0.027469210047274827,0.3627386689186096,0.22548828125,-0.000522613525390625,0.04028471671044827,-0.023250337690114975,0.0047570877,3e-05,920
0.0,147,192512,94,-4.71288746,1301,50.0,0.1,-8.093190479278565,-0.02593308297218755,0.36262625455856323,0.21572265625,0.002108931541442871,0.02648437947500497,-0.03079816699028015,0.004765018,3e-05,930
0.0,149,194560,95,-4.65835112,1301,50.0,0.1,-8.090619361400604,-0.024549816001672296,0.36265578866004944,0.194189453125,-0.04895579814910889,0.0278894261457026,-0.024442240595817566,0.004725257,3e-05,940
0.0,151,196608,96,-4.6293389000000005,1301,50.0,0.1,-8.091081142425537,-0.026891069393604992,0.36263060569763184,0.2248046875,0.038881003856658936,0.040197630692273376,-0.02059999108314514,0.005076542,3e-05,950
0.0,152,198656,97,-4.6287110799999995,1301,50.0,0.1,-8.088946807384492,-0.025473467039410023,0.3625600039958954,0.20400390625,-0.07553505897521973,0.029512748727574943,-0.027125995606184006,0.0044060145,3e-05,960
0.0,154,200704,98,-4.532264039999999,1299,50.0,0.1,-8.083910286426544,-0.026576388243120162,0.36247578263282776,0.222216796875,0.06454437971115112,0.042653130181133744,-0.01458331011235714,0.005189105,3e-05,970
0.0,156,202752,99,-4.53276753,1299,50.0,0.1,-8.080858159065247,-0.026495720422826708,0.362446129322052,0.2162109375,0.074429452419281,0.03602104946039617,-0.027138756588101387,0.0047279247,3e-05,980
0.0,157,204800,100,-4.51268196,1299,50.0,0.1,-8.075655448436738,-0.02762620444991626,0.36226028203964233,0.218603515625,0.021320343017578125,0.04160749530419707,-0.020127125084400177,0.0050589023,3e-05,990
0.0,159,206848,101,-4.5068240799999995,1299,50.0,0.1,-8.06722538471222,-0.02568760611466132,0.362175315618515,0.20712890625,0.05305743217468262,0.04298317390494048,-0.022176096215844154,0.0046927473,3e-05,1000
0.0,160,208896,102,-4.448672859999999,1299,50.0,0.1,-8.062976777553558,-0.02559688332839869,0.3621041774749756,0.198388671875,0.05271023511886597,0.036458184383809565,-0.025924034416675568,0.004820563,3e-05,1010
0.0,162,210944,103,-4.48301363,1299,50.0,0.1,-8.05895801782608,-0.027147512626834215,0.36201542615890503,0.22041015625,0.07292068004608154,0.041588225914165375,-0.024066617712378502,0.004821628,3e-05,1020
0.0,163,212992,104,-4.53243933,1299,50.0,0.1,-8.053572511672973,-0.026145562378223984,0.3619210720062256,0.207421875,0.04867440462112427,0.039166200114414094,-0.022356638684868813,0.0049855392,3e-05,1030
0.0,165,215040,105,-4.510269460000001,1299,50.0,0.1,-8.050143146514893,-0.0277368342038244,0.3618738055229187,0.23076171875,-0.03529489040374756,0.024854751233942807,-0.032296061515808105,0.0054980055,3e-05,1040
0.0,167,217088,106,-4.48742594,1299,50.0,0.1,-8.046085333824157,-0.027066166506847365,0.3617780804634094,0.221337890625,0.08134579658508301,0.038870861660689114,-0.02365715056657791,0.0048449035,3e-05,1050
0.0,168,219136,107,-4.46140254,1299,50.0,0.1,-8.041631960868836,-0.026602356531657278,0.3617275655269623,0.227880859375,0.12565457820892334,0.04370557288639247,-0.019514840096235275,0.0046482338,3e-05,1060
0.0,170,221184,108,-4.399350139999999,1299,50.0,0.1,-8.036874949932098,-0.02730712164193392,0.3616063594818115,0.2134765625,0.08409303426742554,0.04563368950039148,-0.023220619186758995,0.0049861893,3e-05,1070
0.0,171,223232,109,-4.45984669,1300,50.0,0.1,-8.031882309913636,-0.02666889357496984,0.36154666543006897,0.19345703125,0.08017581701278687,0.028687737043946983,-0.0317532978951931,0.0047850953,3e-05,1080
0.0,173,225280,110,-4.49947694,1300,50.0,0.1,-8.02588415145874,-0.026816460175905377,0.36138421297073364,0.240771484375,0.08369606733322144,0.03721932638436556,-0.024694854393601418,0.0051081385,3e-05,1090
0.0,174,227328,111,-4.51195789,1299,50.0,0.1,-8.018997490406036,-0.027295564039377496,0.3613154888153076,0.2232421875,0.07971709966659546,0.037191566964611414,-0.022415557876229286,0.0050859456,3e-05,1100
0.0,176,229376,112,-4.50175574,1299,50.0,0.1,-8.016503095626831,-0.02737509968574159,0.36127910017967224,0.2025390625,0.12659358978271484,0.03192166993394494,-0.0278022401034832,0.005064505,3e-05,1110
0.0,178,231424,113,-4.39397461,1300,50.0,0.1,-8.011958396434784,-0.02784761697985232,0.36116182804107666,0.22177734375,0.05433917045593262,0.03545818431302905,-0.02594982460141182,0.005179148,3e-05,1120
0.0,179,233472,114,-4.45199197,1300,50.0,0.1,-8.007121109962464,-0.027626100688939913,0.36109763383865356,0.219921875,0.04740983247756958,0.024970844830386342,-0.03034406527876854,0.0049405196,3e-05,1130
0.0,181,235520,115,-4.515057729999999,1300,50.0,0.1,-8.006094527244567,-0.02827479011612013,0.3611255884170532,0.21484375,-0.11756253242492676,0.021506880631204695,-0.035912469029426575,0.0049310657,3e-05,1140
0.0,182,237568,116,-4.52841018,1300,50.0,0.1,-8.0044576048851,-0.02632808752823621,0.36101001501083374,0.21279296875,0.09034287929534912,0.03296778576914221,-0.026836099103093147,0.005017303,3e-05,1150
0.0,184,239616,117,-4.52032075,1300,50.0,0.1,-7.999423670768738,-0.025634027094929478,0.3609809875488281,0.211474609375,0.05587458610534668,0.027228508866392075,-0.029522277414798737,0.0045136977,3e-05,1160
0.0,185,241664,118,-4.435048780000001,1300,50.0,0.1,-7.996775990724563,-0.027313604182563723,0.36089879274368286,0.23486328125,-0.042014479637145996,0.020376217109151183,-0.034162864089012146,0.005296753,3e-05,1170
0.0,187,243712,119,-4.41081286,1300,50.0,0.1,-7.992072683572769,-0.0275306114112027,0.3608289361000061,0.216845703125,0.08318346738815308,0.028253258275799453,-0.03447596728801727,0.0049355086,3e-05,1180
0.0,188,245760,120,-4.489332569999999,1300,50.0,0.1,-7.990633147954941,-0.027334431096096522,0.3608388304710388,0.23671875,0.11665397882461548,0.03166673365049064,-0.03525130823254585,0.0049697272,3e-05,1190
0.0,190,247808,121,-4.48380431,1300,50.0,0.1,-7.989376509189606,-0.026203459408134223,0.3607713580131531,0.201220703125,0.021040618419647217,0.017689087730832397,-0.0342814065515995,0.004863071,3e-05,1200
0.0,192,249856,122,-4.477588050000001,1300,50.0,0.1,-7.985626304149628,-0.027255640411749483,0.36070728302001953,0.21025390625,-0.023044586181640625,0.02102440616581589,-0.03217484802007675,0.0048650336,3e-05,1210
0.0,193,251904,123,-4.49632956,1298,50.0,0.1,-7.984813296794892,-0.02766477782279253,0.3607487678527832,0.247998046875,-0.12762224674224854,0.016979358484968544,-0.03147967904806137,0.005497574,3e-05,1220
0.0,195,253952,124,-4.45870357,1298,50.0,0.1,-7.982224220037461,-0.02814462056849152,0.36059802770614624,0.22333984375,0.12141191959381104,0.031223038560710847,-0.029208824038505554,0.0053929817,3e-05,1230
0.0,197,256000,125,-4.434195489999999,1298,50.0,0.1,-7.976794600486755,-0.027230665838578715,0.3605964779853821,0.238720703125,0.06622564792633057,0.02704821734223515,-0.030056839808821678,0.0051345816,3e-05,1240
0.0,198,258048,126,-4.39459731,1298,50.0,0.1,-7.976758456230163,-0.026938705594511704,0.3605807423591614,0.21923828125,0.10133695602416992,0.026223224797286095,-0.030147040262818336,0.004900515,3e-05,1250
0.0,200,260096,127,-4.353564700000001,1298,50.0,0.1,-7.975296449661255,-0.02858714705798775,0.36051487922668457,0.231884765625,0.12222522497177124,0.030125931790098547,-0.031731970608234406,0.0053556603,3e-05,1260
0.0,201,262144,128,-4.3480374699999995,1298,50.0,0.1,-7.970734280347824,-0.026637697801925243,0.360443651676178,0.224267578125,0.155198872089386,0.035526256915181874,-0.019781026989221573,0.005103689,3e-05,1270
0.0,203,264192,129,-4.4057499600000005,1298,50.0,0.1,-7.967641550302505,-0.027651280048303306,0.36040323972702026,0.242529296875,0.06370538473129272,0.023658102122135462,-0.034548353403806686,0.0053621437,3e-05,1280
0.0,204,266240,130,-4.477827260000001,1299,50.0,0.1,-7.963415199518204,-0.02874511481495574,0.36029142141342163,0.2517578125,0.11013805866241455,0.024353989399969578,-0.03188782557845116,0.00557094,3e-05,1290
0.0,206,268288,131,-4.47365524,1299,50.0,0.1,-7.959590208530426,-0.02834864560281858,0.3602697253227234,0.238330078125,0.05087268352508545,0.01742430996382609,-0.03444363921880722,0.0053762053,3e-05,1300
0.0,208,270336,132,-4.44677624,1299,50.0,0.1,-7.958278572559356,-0.0270393134909682,0.36024272441864014,0.217919921875,0.011146128177642822,0.020221673394553365,-0.03489900380373001,0.005119212,3e-05,1310
0.0,209,272384,133,-4.376682249999999,1299,50.0,0.1,-7.957186645269394,-0.027882437070365994,0.3602507710456848,0.241748046875,0.006383419036865234,0.018303565948735924,-0.03444310650229454,0.0053482866,3e-05,1320
0.0,211,274432,134,-4.3782669400000005,1299,50.0,0.1,-7.953751772642136,-0.02768453573808074,0.36010080575942993,0.21396484375,0.13506221771240234,0.032429853826761244,-0.03114740550518036,0.0049869004,3e-05,1330
0.0,212,276480,135,-4.428408379999999,1299,50.0,0.1,-7.947459745407104,-0.027947673026937993,0.36003586649894714,0.236083984375,-0.02614748477935791,0.016918693052139132,-0.041983529925346375,0.00498088,3e-05,1340
0.0,214,278528,136,-4.50531284,1299,50.0,0.1,-7.943673098087311,-0.026873420079937205,0.3599693775177002,0.23701171875,0.06355226039886475,0.02027991630602628,-0.033381152898073196,0.005605965,3e-05,1350
0.0,215,280576,137,-4.39617235,1299,50.0,0.1,-7.939714670181274,-0.028093816840555518,0.3598936200141907,0.232275390625,-0.03260242938995361,0.016111242829356342,-0.03577588126063347,0.005297423,3e-05,1360
0.0,217,282624,138,-4.2866482999999995,1299,50.0,0.1,-7.936470568180084,-0.02772902019205503,0.35986238718032837,0.231494140625,0.11285901069641113,0.031180963991209863,-0.032743051648139954,0.0054403245,3e-05,1370
0.0,219,284672,139,-4.25951059,1299,50.0,0.1,-7.935102438926696,-0.026876215660013258,0.35981935262680054,0.21748046875,0.16020923852920532,0.02962949457578361,-0.030357088893651962,0.0052211895,3e-05,1380
0.0,220,286720,140,-4.37345874,1299,50.0,0.1,-7.931781560182571,-0.027665989525848998,0.35974860191345215,0.240185546875,0.09968197345733643,0.021933621843345463,-0.0390339232981205,0.0058430145,3e-05,1390
0.0,222,288768,141,-4.36109373,1299,50.0,0.1,-7.928486710786819,-0.0278947371058166,0.3597061336040497,0.23671875,0.12688863277435303,0.023185939970426263,-0.028570406138896942,0.0052633537,3e-05,1400
0.0,223,290816,142,-4.331066929999999,1299,50.0,0.1,-7.9257274746894835,-0.02697766477940604,0.3596542477607727,0.227734375,0.1632799506187439,0.02977571610826999,-0.029112502932548523,0.005076479,3e-05,1410
0.0,225,292864,143,-4.3082072799999995,1299,50.0,0.1,-7.9223986804485325,-0.02888924095022958,0.3595791459083557,0.245458984375,0.14151030778884888,0.023383411508984864,-0.030734140425920486,0.0058319164,3e-05,1420
0.0,226,294912,144,-4.33486607,1299,50.0,0.1,-7.915890145301819,-0.027047913311980663,0.3594277501106262,0.235400390625,0.08189201354980469,0.018708112998865545,-0.0373879037797451,0.005152123,3e-05,1430
0.0,228,296960,145,-4.37165421,1299,50.0,0.1,-7.908053535223007,-0.027983043889980762,0.35931196808815,0.240234375,0.1637789011001587,0.019811815675348045,-0.03563860431313515,0.0055483077,3e-05,1440
0.0,230,299008,146,-4.34273423,1299,50.0,0.1,-7.904768246412277,-0.02872277279384434,0.359298437833786,0.2484375,-0.10155129432678223,0.014911853743251413,-0.03855240345001221,0.0052112294,3e-05,1450
0.0,232,301056,147,-4.29884354,1297,50.0,0.1,-7.903903657197953,-0.027231606777058916,0.35928231477737427,0.224853515625,0.17791563272476196,0.027471829927526413,-0.02751808613538742,0.00577639,3e-05,1460
0.0,233,303104,148,-4.34143491,1297,50.0,0.1,-7.903051394224167,-0.028510827769059686,0.35927239060401917,0.23671875,0.16821211576461792,0.031029039644636214,-0.029284439980983734,0.0054396708,3e-05,1470
0.0,235,305152,149,-4.3749110899999994,1297,50.0,0.1,-7.901757353544236,-0.028902016091160478,0.3592361509799957,0.241943359375,0.0660238265991211,0.02312390909064561,-0.0341770201921463,0.005891123,3e-05,1480
0.0,236,307200,150,-4.376630969999999,1297,50.0,0.1,-7.898172980546951,-0.027879464253783227,0.3591267168521881,0.243115234375,0.13128548860549927,0.018047815677709876,-0.03499278798699379,0.0051011317,3e-05,1490
0.0,238,309248,151,-4.29266479,1297,50.0,0.1,-7.891767305135727,-0.027294221019838007,0.3590393364429474,0.221337890625,0.1242443323135376,0.020697519788518547,-0.028615860268473625,0.0056512994,3e-05,1500
0.0,239,311296,152,-4.35856647,1297,50.0,0.1,-7.8878127336502075,-0.026870292000239715,0.3589755892753601,0.241162109375,0.18275904655456543,0.021484139550011605,-0.028941519558429718,0.0055441456,3e-05,1510
0.0,241,313344,153,-4.29574297,1297,50.0,0.1,-7.882878172397613,-0.027557303855428473,0.3588654100894928,0.23154296875,-0.14207065105438232,0.014722040528431535,-0.03207550570368767,0.0052856933,3e-05,1520
0.0,243,315392,154,-4.217644140000001,1297,50.0,0.1,-7.880965524911881,-0.02849943097680807,0.3589138686656952,0.235009765625,0.19221091270446777,0.028900469024665653,-0.028646979480981827,0.0054599848,3e-05,1530
0.0,244,317440,155,-4.1801429500000005,1297,50.0,0.1,-7.880955630540848,-0.028690599254332483,0.3588608205318451,0.26279296875,0.18255925178527832,0.021899213548749685,-0.03424934670329094,0.0058196574,3e-05,1540
0.0,246,319488,156,-4.24331789,1297,50.0,0.1,-7.875022488832474,-0.02874305957229808,0.35870030522346497,0.248388671875,0.1496019959449768,0.024124806746840477,-0.03397468477487564,0.0058232285,3e-05,1550
0.0,247,321536,157,-4.26350036,1297,50.0,0.1,-7.864946472644806,-0.028546322695910932,0.35851722955703735,0.23759765625,0.08038997650146484,0.016590132587589325,-0.03405843302607536,0.005545663,3e-05,1560
0.0,249,323584,158,-4.24653696,1297,50.0,0.1,-7.858793407678604,-0.029411150972009636,0.35847797989845276,0.251318359375,0.18601566553115845,0.031206735759042203,-0.030857328325510025,0.005525518,3e-05,1570
0.0,250,325632,159,-4.33821151,1297,50.0,0.1,-7.856515818834305,-0.027978695865022017,0.3584311008453369,0.222021484375,0.019350767135620117,0.015382447175215929,-0.04125508666038513,0.0050681354,3e-05,1580
0.0,252,327680,160,-4.3171010899999995,1297,50.0,0.1,-7.854152512550354,-0.02796773585723713,0.35841062664985657,0.237353515625,0.1091158390045166,0.018669621914159506,-0.03236991912126541,0.005270795,3e-05,1590
0.0,254,329728,161,-4.27654643,1297,50.0,0.1,-7.855199271440506,-0.028999591257888823,0.3584499955177307,0.24658203125,0.16996443271636963,0.017913147725630553,-0.040005650371313095,0.0054639764,3e-05,1600
0.0,255,331776,162,-4.233414780000001,1297,50.0,0.1,-7.852882170677185,-0.028135830274550244,0.35833144187927246,0.251123046875,0.1754302978515625,0.02580143082886934,-0.034271374344825745,0.005364377,3e-05,1610
0.0,257,333824,163,-4.309298330000001,1297,50.0,0.1,-7.848306179046631,-0.029190972581272946,0.3582794964313507,0.260791015625,0.13126760721206665,0.02209233387839049,-0.03472020849585533,0.0056290347,3e-05,1620
0.0,258,335872,164,-4.3179554,1297,50.0,0.1,-7.84535898566246,-0.02899048526305705,0.35823947191238403,0.2685546875,0.052112579345703125,0.017957197746727615,-0.03858741372823715,0.0053614024,3e-05,1630
0.0,260,337920,165,-4.21592662,1297,50.0,0.1,-7.842433136701584,-0.028521922559593803,0.35815945267677307,0.23837890625,0.11266976594924927,0.01801775934873149,-0.03646795079112053,0.005653467,3e-05,1640
0.0,261,339968,166,-4.15582968,1297,50.0,0.1,-7.837642818689346,-0.026753660540271083,0.3580797612667084,0.206787109375,0.19911903142929077,0.024755405774340034,-0.02706734649837017,0.00492489,3e-05,1650
0.0,263,342016,167,-4.181649570000001,1297,50.0,0.1,-7.8331250011920925,-0.02779209646396339,0.3579992651939392,0.231982421875,0.17618095874786377,0.025095694628544152,-0.03200029209256172,0.005455077,3e-05,1660
0.0,265,344064,168,-4.217296900000001,1297,50.0,0.1,-7.828061807155609,-0.027802513760980217,0.35790395736694336,0.22373046875,0.12341248989105225,0.022680585668422282,-0.033159855753183365,0.00543337,3e-05,1670
0.0,266,346112,169,-4.215509440000001,1297,50.0,0.1,-7.825110071897507,-0.030412234185496344,0.35789698362350464,0.247509765625,-0.12071835994720459,0.009913136367686093,-0.043914441019296646,0.005509514,3e-05,1680
0.0,268,348160,170,-4.113588899999999,1297,50.0,0.1,-7.8251925766468045,-0.028458212036639452,0.3579079508781433,0.237451171875,0.2980424165725708,0.023514102655462922,-0.035238705575466156,0.0052827513,3e-05,1690
0.0,270,350208,171,-4.145258020000001,1296,50.0,0.1,-7.824493193626404,-0.029183155193459244,0.35786303877830505,0.2484375,0.2051730751991272,0.025096762948669492,-0.03268851339817047,0.0055380412,3e-05,1700
0.0,271,352256,172,-4.19826497,1296,50.0,0.1,-7.821825104951858,-0.027715616044588387,0.35782530903816223,0.23125,0.0003063678741455078,0.013847712869755923,-0.04157990217208862,0.005550474,3e-05,1710
0.0,273,354304,173,-4.22127304,1296,50.0,0.1,-7.8186809599399565,-0.028281134412100072,0.3577447235584259,0.24169921875,0.16274648904800415,0.021380485384725034,-0.02759465202689171,0.005986766,3e-05,1720
0.0,274,356352,174,-4.2079954100000005,1296,50.0,0.1,-7.813356959819794,-0.02715206522261724,0.35763123631477356,0.211181640625,0.12520277500152588,0.02092998120933771,-0.025108613073825836,0.005088254,3e-05,1730
0.0,276,358400,175,-4.175236140000001,1296,50.0,0.1,-7.8099517047405245,-0.028628804796608166,0.3576399087905884,0.234619140625,0.1241040825843811,0.014505692152306437,-0.037172067910432816,0.0054686884,3e-05,1740
0.0,278,360448,176,-4.198203009999999,1296,50.0,0.1,-7.807390320301056,-0.02781293966108933,0.35752588510513306,0.205078125,0.21443140506744385,0.024101239489391448,-0.033288173377513885,0.005159364,3e-05,1750
0.0,279,362496,177,-4.183264289999999,1296,50.0,0.1,-7.802699100971222,-0.029012190585490316,0.3574862778186798,0.247412109375,0.19261711835861206,0.02036670008674264,-0.03649156540632248,0.005642553,3e-05,1760
0.0,281,364544,178,-4.22373649,1296,50.0,0.1,-7.801486641168594,-0.027916442358400673,0.3574652671813965,0.217626953125,0.17535489797592163,0.020605286303907632,-0.03279940038919449,0.0050038765,3e-05,1770
0.0,282,366592,179,-4.29735058,1296,50.0,0.1,-7.800241881608963,-0.028365531156305225,0.35747218132019043,0.22724609375,0.09574359655380249,0.015716311300639062,-0.03923428803682327,0.0056552035,3e-05,1780
0.0,284,368640,180,-4.24790697,1296,50.0,0.1,-7.801542514562607,-0.02771878534113057,0.35748711228370667,0.217822265625,0.18668556213378906,0.014309747656807304,-0.04398330673575401,0.0051376633,3e-05,1790
0.0,285,370688,181,-4.22015175,1296,50.0,0.1,-7.799276918172836,-0.028096683986950664,0.3574172556400299,0.24794921875,0.1578986644744873,0.02094983730930835,-0.03356705978512764,0.005284117,3e-05,1800
0.0,287,372736,182,-4.198353989999998,1296,50.0,0.1,-7.795392382144928,-0.02860555574297905,0.3573388159275055,0.235791015625,0.14541810750961304,0.019861698569729924,-0.03483259305357933,0.005531411,3e-05,1810
0.0,289,374784,183,-4.201935199999999,1296,50.0,0.1,-7.790921199321747,-0.029771466297097503,0.3572619557380676,0.24677734375,0.07096701860427856,0.013698762806598097,-0.03760609030723572,0.0058307685,3e-05,1820
0.0,290,376832,184,-4.23348424,1296,50.0,0.1,-7.786713260412216,-0.027622947527561337,0.35720616579055786,0.260888671875,0.09191614389419556,0.0148767264559865,-0.03756090998649597,0.005259242,3e-05,1830
0.0,292,378880,185,-4.20765763,1296,50.0,0.1,-7.78321406841278,-0.029222311824560164,0.3571174740791321,0.24619140625,0.10812664031982422,0.013051219133194536,-0.03813985735177994,0.0051440597,3e-05,1840
0.0,293,380928,186,-4.146801440000001,1296,50.0,0.1,-7.779676109552383,-0.029827576864045115,0.35708534717559814,0.26728515625,0.17204642295837402,0.018782309058588,-0.042701952159404755,0.0059094275,3e-05,1850
0.0,295,382976,187,-4.0838062299999995,1296,50.0,0.1,-7.777226799726487,-0.029443077830364928,0.3570384085178375,0.23603515625,0.2266864776611328,0.020680352533236145,-0.039466992020606995,0.005776299,3e-05,1860
0.0,296,385024,188,-4.04099798,1296,50.0,0.1,-7.777278500795364,-0.027811072953045368,0.3570801913738251,0.230419921875,0.20426607131958008,0.018490759923588486,-0.031283680349588394,0.005087606,3e-05,1870
0.0,298,387072,189,-4.08951481,1296,50.0,0.1,-7.77626011967659,-0.03127517838729545,0.3569945693016052,0.267431640625,0.22582131624221802,0.02044621338136494,-0.041836217045784,0.0063533783,3e-05,1880
0.0,300,389120,190,-4.1063568099999985,1296,50.0,0.1,-7.770316857099533,-0.029426010407041757,0.3568840026855469,0.243359375,0.26268523931503296,0.025811495329253375,-0.03510364145040512,0.005715221,3e-05,1890
0.0,301,391168,191,-4.1600671799999995,1296,50.0,0.1,-7.765713775157929,-0.03021882232860662,0.3568341135978699,0.27607421875,0.14980000257492065,0.01709593564737588,-0.03754919767379761,0.0058978563,3e-05,1900
0.0,303,393216,192,-4.158730700000001,1296,50.0,0.1,-7.761841017007828,-0.028540528391022234,0.35674118995666504,0.23369140625,0.20758867263793945,0.019919099740218372,-0.035819098353385925,0.0055776956,3e-05,1910
0.0,304,395264,193,-4.120231110000001,1296,50.0,0.1,-7.758883094787597,-0.03169804466306232,0.3567434251308441,0.26103515625,0.0706186294555664,0.01330328753683716,-0.046335551887750626,0.0055798166,3e-05,1920
0.0,306,397312,194,-4.17254437,1296,50.0,0.1,-7.756517171859741,-0.030342638329602777,0.35664206743240356,0.279541015625,0.13205909729003906,0.01339208687422797,-0.03607691824436188,0.006500339,3e-05,1930
0.0,308,399360,195,-4.16290848,1296,50.0,0.1,-7.751817834377289,-0.03036519136512652,0.35658374428749084,0.260498046875,0.16241174936294556,0.017406371852848677,-0.04010748490691185,0.00594237,3e-05,1940
0.0,309,401408,196,-4.117405260000001,1294,50.0,0.1,-7.749060416221619,-0.02904270855942741,0.35653775930404663,0.25146484375,0.2683165669441223,0.014704879373311996,-0.037340182811021805,0.005733341,3e-05,1950
0.0,311,403456,197,-4.12747459,1294,50.0,0.1,-7.746532726287842,-0.028610667050816118,0.3565071225166321,0.224951171875,0.17927736043930054,0.016188485862221567,-0.042192913591861725,0.005339683,3e-05,1960
0.0,313,405504,198,-4.17244418,1294,50.0,0.1,-7.7461181640625,-0.028877319523599,0.3564993441104889,0.241748046875,0.2132834792137146,0.018052292161155493,-0.03594433516263962,0.00508379,3e-05,1970
0.0,314,407552,199,-4.1749727000000005,1295,50.0,0.1,-7.742910224199295,-0.02912948097800836,0.3564002513885498,0.2470703125,-0.0008158683776855469,0.010937868617475033,-0.043677859008312225,0.005962489,3e-05,1980
0.0,316,409600,200,-4.26202267,1295,50.0,0.1,-7.738534688949585,-0.02886906542116776,0.35635247826576233,0.26357421875,0.20535141229629517,0.014578050805721433,-0.03910193592309952,0.0057436405,3e-05,1990
0.0,317,411648,201,-4.2500563399999995,1295,50.0,0.1,-7.735081988573074,-0.03045578350429423,0.35627496242523193,0.2544921875,0.12686622142791748,0.01379534121369943,-0.035108860582113266,0.0055517196,3e-05,2000
0.0,319,413696,202,-4.113493640000001,1295,50.0,0.1,-7.731122392416,-0.029523496940964834,0.35623103380203247,0.2552734375,0.11957073211669922,0.014707018493209035,-0.04635418578982353,0.005427029,3e-05,2010
0.0,321,415744,203,-4.04620529,1295,50.0,0.1,-7.72855024933815,-0.030578230213723145,0.3561660945415497,0.2673828125,0.24434351921081543,0.01721377143403515,-0.04024995118379593,0.005806612,3e-05,2020
0.0,322,417792,204,-4.1262681,1295,50.0,0.1,-7.725011855363846,-0.02892315241624601,0.3561089038848877,0.25634765625,0.23654156923294067,0.016751325898803772,-0.03973710536956787,0.005477207,3e-05,2030
0.0,324,419840,205,-4.15647803,1294,50.0,0.1,-7.721337747573853,-0.02872815804439597,0.3560336232185364,0.24345703125,0.1349812150001526,0.013193636073265225,-0.0419917106628418,0.0055590416,3e-05,2040
0.0,325,421888,206,-4.17104878,1295,50.0,0.1,-7.7170218288898464,-0.028906261699739845,0.3559695780277252,0.24228515625,0.2166273593902588,0.016455085237976164,-0.038293663412332535,0.00545636,3e-05,2050
0.0,327,423936,207,-4.20131193,1295,50.0,0.1,-7.712990605831147,-0.031093116744887083,0.35589537024497986,0.269580078125,0.11837303638458252,0.009664627001620829,-0.04863212630152702,0.006017428,3e-05,2060
0.0,328,425984,208,-4.16161795,1295,50.0,0.1,-7.710540515184403,-0.027910455502569674,0.3558814823627472,0.241650390625,0.10859960317611694,0.012516976532060653,-0.04065472632646561,0.005420059,3e-05,2070
0.0,330,428032,209,-4.093652889999999,1295,50.0,0.1,-7.709209191799164,-0.029213253827765583,0.35585808753967285,0.26171875,0.2001296877861023,0.016282584331929684,-0.040512215346097946,0.00578258,3e-05,2080
0.0,332,430080,210,-4.06790429,1295,50.0,0.1,-7.706935715675354,-0.030138825153699145,0.35579439997673035,0.26083984375,0.2326951026916504,0.019942493073176592,-0.03971320018172264,0.0058510676,3e-05,2090
0.0,333,432128,211,-4.119069550000001,1295,50.0,0.1,-7.704891645908356,-0.028851488186046482,0.35577672719955444,0.235107421875,0.18298214673995972,0.013815337466076017,-0.04213104397058487,0.005601422,3e-05,2100
0.0,335,434176,212,-4.105009890000001,1295,50.0,0.1,-7.701222360134125,-0.029795539390761405,0.3556750416755676,0.258837890625,0.12792730331420898,0.015631152188871057,-0.0396369993686676,0.005740946,3e-05,2110
0.0,336,436224,213,-4.118095970000001,1295,50.0,0.1,-7.695568525791169,-0.030030939955031498,0.3555949926376343,0.248095703125,0.2565891146659851,0.020836154744029046,-0.03720727562904358,0.005884193,3e-05,2120
0.0,338,438272,214,-4.10248857,1295,50.0,0.1,-7.690851759910584,-0.02802899210655596,0.3555071949958801,0.242041015625,0.20019763708114624,0.012821292085573078,-0.040125519037246704,0.0053569674,3e-05,2130
0.0,339,440320,215,-4.05523386,1295,50.0,0.1,-7.687079232931137,-0.031259184377267955,0.3554525077342987,0.257568359375,0.14312702417373657,0.016358340426813812,-0.04275984689593315,0.0059257927,3e-05,2140
0.0,341,442368,216,-4.06126188,1295,50.0,0.1,-7.684522163867951,-0.031029968918301166,0.35543006658554077,0.262255859375,0.25252586603164673,0.018765588267706336,-0.03760715574026108,0.005837784,3e-05,2150
0.0,343,444416,217,-4.07008817,1295,50.0,0.1,-7.6845460593700405,-0.02810432909755036,0.35544246435165405,0.24560546875,0.15037262439727783,0.014010575879365206,-0.041092243045568466,0.0057682395,3e-05,2160
0.0,344,446464,218,-4.114629010000001,1295,50.0,0.1,-7.682641714811325,-0.030904492211993782,0.3553597331047058,0.266259765625,0.21240586042404175,0.012496544001623987,-0.04037044569849968,0.00573954,3e-05,2170
0.0,346,448512,219,-4.0980853900000005,1295,50.0,0.1,-7.6782386839389805,-0.030101532387197948,0.3552957773208618,0.26943359375,0.19026827812194824,0.013243686978239567,-0.04272866249084473,0.0056262035,3e-05,2180
0.0,348,450560,220,-4.02415703,1293,50.0,0.1,-7.675737488269806,-0.031065219186712057,0.35526496171951294,0.272509765625,0.13179194927215576,0.00966766279307194,-0.046530697494745255,0.0058328044,3e-05,2190
0.0,349,452608,221,-4.06168837,1293,50.0,0.1,-7.671827441453933,-0.031002240348607303,0.35516175627708435,0.255615234375,0.20152223110198975,0.014387219212949276,-0.03971836715936661,0.0057367557,3e-05,2200
0.0,351,454656,222,-4.050803419999999,1293,50.0,0.1,-7.667478996515274,-0.030943302909145133,0.3551173210144043,0.2482421875,0.14852827787399292,0.015355960477609187,-0.036886416375637054,0.0058575626,3e-05,2210
0.0,352,456704,223,-4.07610456,1294,50.0,0.1,-7.664780575037002,-0.030028638383373617,0.3550551235675812,0.248291015625,0.30504459142684937,0.016830221796408296,-0.04010230302810669,0.00543256,3e-05,2220
0.0,354,458752,224,-4.05460056,1294,50.0,0.1,-7.661518311500549,-0.030912226787768303,0.3550180196762085,0.27216796875,0.2683015465736389,0.01357759105740115,-0.037025026977062225,0.005644402,3e-05,2230
0.0,356,460800,225,-4.12992364,1294,50.0,0.1,-7.659457218647003,-0.029139213392045348,0.35497093200683594,0.247412109375,0.31060469150543213,0.014370623405557125,-0.035833898931741714,0.0055863247,3e-05,2240
0.0,357,462848,226,-4.1160694,1294,50.0,0.1,-7.657924526929856,-0.03131242125527933,0.3549669086933136,0.2701171875,0.1389087438583374,0.012593216123059392,-0.041071243584156036,0.0059080925,3e-05,2250
0.0,359,464896,227,-4.043002650000001,1294,50.0,0.1,-7.65518952012062,-0.029520438140025362,0.35486850142478943,0.245166015625,0.22894221544265747,0.01575144090456888,-0.04011576995253563,0.005678623,3e-05,2260
0.0,360,466944,228,-3.9940662700000003,1294,50.0,0.1,-7.6515547931194305,-0.031090452778153123,0.35486921668052673,0.24521484375,0.20634382963180542,0.016169499047100543,-0.041990846395492554,0.0057764915,3e-05,2270
0.0,362,468992,229,-3.96688373,1294,50.0,0.1,-7.649857497215271,-0.029612632130738347,0.3547791838645935,0.267578125,0.29464560747146606,0.014466762484516948,-0.04518793895840645,0.006022114,3e-05,2280
0.0,363,471040,230,-4.048860660000001,1294,50.0,0.1,-7.6444871604442595,-0.029281466036627533,0.3546818494796753,0.24501953125,0.22280353307724,0.017434968869201838,-0.03963032364845276,0.005580481,3e-05,2290
0.0,365,473088,231,-4.05187461,1294,50.0,0.1,-7.637622457742691,-0.02983680192846805,0.3545384407043457,0.246240234375,0.23149675130844116,0.013700198021251709,-0.04503756761550903,0.0056970357,3e-05,2300
0.0,367,475136,232,-4.06551693,1294,50.0,0.1,-7.630855530500412,-0.029618780114105903,0.35446831583976746,0.265771484375,0.2153489589691162,0.012063803896307946,-0.04199308529496193,0.0058695357,3e-05,2310
0.0,368,477184,233,-4.00184309,1294,50.0,0.1,-7.628902840614319,-0.030983382021076977,0.35445427894592285,0.258740234375,0.18783068656921387,0.014547743764705957,-0.04113210737705231,0.006008451,3e-05,2320
0.0,370,479232,234,-4.04210844,1294,50.0,0.1,-7.626943969726563,-0.03131263299146667,0.35439354181289673,0.268798828125,0.2897234559059143,0.01527794465655461,-0.041088782250881195,0.0063229883,3e-05,2330
0.0,371,481280,235,-4.104984759999999,1294,50.0,0.1,-7.624780023097992,-0.028323857620125636,0.3543953001499176,0.228466796875,0.20121991634368896,0.013533504877705127,-0.03865619748830795,0.005163287,3e-05,2340
0.0,373,483328,236,-4.060101029999999,1294,50.0,0.1,-7.6246678054332735,-0.03002284064423293,0.35437753796577454,0.267724609375,0.21223366260528564,0.011304687021765857,-0.03966867923736572,0.0062403902,3e-05,2350
0.0,374,485376,237,-4.011335979999999,1294,50.0,0.1,-7.623281502723694,-0.029936964192893357,0.35435280203819275,0.2587890625,0.20061123371124268,0.011173716059420257,-0.044817231595516205,0.0058826096,3e-05,2360
0.0,376,487424,238,-4.01937452,1294,50.0,0.1,-7.6207403361797335,-0.03032583082676865,0.354281485080719,0.264111328125,0.24633997678756714,0.012493618321605027,-0.03823213279247284,0.005983311,3e-05,2370
0.0,378,489472,239,-4.04402301,1294,50.0,0.1,-7.6159194767475125,-0.029267845896538348,0.3541949391365051,0.24501953125,0.28050071001052856,0.01515365953091532,-0.036202460527420044,0.005453634,3e-05,2380
0.0,379,491520,240,-4.05052284,1294,50.0,0.1,-7.611829447746277,-0.03042272133170627,0.3541482090950012,0.253857421875,0.13000094890594482,0.011059881304390728,-0.042227912694215775,0.005812385,3e-05,2390
0.0,381,493568,241,-4.09057532,1294,50.0,0.1,-7.612299782037735,-0.030243211874039843,0.3541974425315857,0.2556640625,0.244007408618927,0.015703566931188108,-0.03816267102956772,0.0060116965,3e-05,2400
0.0,382,495616,242,-4.09389335,1294,50.0,0.1,-7.61094291806221,-0.03102560681873001,0.3540896773338318,0.25595703125,0.11123549938201904,0.01163158864947036,-0.04232218116521835,0.005959142,3e-05,2410
0.0,384,497664,243,-4.03661956,1294,50.0,0.1,-7.605571246147155,-0.02919459032127634,0.3540530800819397,0.247119140625,0.16587620973587036,0.010426083905622363,-0.042360417544841766,0.0052029537,3e-05,2420
0.0,385,499712,244,-3.9484289299999995,1294,50.0,0.1,-7.603741371631623,-0.030415285320486873,0.35400816798210144,0.2568359375,0.2633613348007202,0.013964411418419332,-0.042813077569007874,0.006087478,3e-05,2430
0.0,387,501760,245,-3.9577141400000007,1293,50.0,0.1,-7.6010204434394835,-0.031258455105125905,0.35395416617393494,0.26103515625,0.28346896171569824,0.013940600317437202,-0.03956545889377594,0.0058102757,3e-05,2440
0.0,389,503808,246,-4.00295754,1293,50.0,0.1,-7.5961628496646885,-0.02976092214230448,0.35383978486061096,0.2576171875,0.25514644384384155,0.016811338416300715,-0.03843141719698906,0.0054234364,3e-05,2450
0.0,391,505856,247,-4.02557219,1293,50.0,0.1,-7.591644954681397,-0.03108321930048987,0.35382241010665894,0.25634765625,0.24878299236297607,0.011364197102375328,-0.03930375725030899,0.005848064,3e-05,2460
0.0,392,507904,248,-4.0201354,1293,50.0,0.1,-7.590355724096298,-0.03150216925423592,0.35376685857772827,0.267236328125,0.09465408325195312,0.011459679389372469,-0.04512422904372215,0.00604863,3e-05,2470
0.0,394,509952,249,-3.9817630400000006,1293,50.0,0.1,-7.587017297744751,-0.029498690768377855,0.3537200093269348,0.249072265625,0.21871012449264526,0.010924793989397585,-0.04577215760946274,0.005623089,3e-05,2480
0.0,395,512000,250,-4.0198079799999995,1293,50.0,0.1,-7.583678257465363,-0.029867562337312848,0.35362955927848816,0.265771484375,0.18635845184326172,0.010448743851156905,-0.038626618683338165,0.0061758305,3e-05,2490
0.0,397,514048,251,-3.979533869999999,1293,50.0,0.1,-7.578178805112839,-0.030763588461559264,0.35354843735694885,0.2513671875,0.013751626014709473,0.009610158880241216,-0.04421389102935791,0.0061140447,3e-05,2500
0.0,399,516096,252,-3.989035899999999,1293,50.0,0.1,-7.573572087287903,-0.029984073527157307,0.3534596860408783,0.256005859375,0.31918156147003174,0.01168118165805936,-0.0422297827899456,0.005765578,3e-05,2510
0.0,400,518144,253,-3.9527058099999994,1293,50.0,0.1,-7.568053936958313,-0.02865219273371622,0.35334882140159607,0.243798828125,0.22029519081115723,0.011922944395337254,-0.03917133808135986,0.0054226806,3e-05,2520
0.0,402,520192,254,-3.9588650499999996,1293,50.0,0.1,-7.561250019073486,-0.030263436870882288,0.3532320559024811,0.2673828125,0.24408984184265137,0.014646333199925721,-0.038431599736213684,0.005738233,3e-05,2530
0.0,403,522240,255,-3.9073312100000006,1293,50.0,0.1,-7.555296158790588,-0.028913486929377542,0.3531244397163391,0.261572265625,0.16748154163360596,0.012872369273100048,-0.042762089520692825,0.005539345,3e-05,2540
0.0,405,524288,256,-3.9106008,1293,50.0,0.1,-7.5513160765171055,-0.03026348417624831,0.35310083627700806,0.270703125,0.34231728315353394,0.015506418829318136,-0.039518360048532486,0.0060681053,3e-05,2550
0.0,406,526336,257,-3.865996569999999,1293,50.0,0.1,-7.547857159376145,-0.03044283005874604,0.35300132632255554,0.271923828125,0.2779804468154907,0.011340195348020643,-0.04227335751056671,0.0060551376,3e-05,2560
0.0,408,528384,258,-3.9281730899999996,1293,50.0,0.1,-7.544875138998032,-0.03193642212427221,0.35301122069358826,0.2599609375,0.22757035493850708,0.01368934994097799,-0.042797721922397614,0.0056106416,3e-05,2570
0.0,410,530432,259,-3.9922185199999998,1293,50.0,0.1,-7.545205986499786,-0.02926800644490868,0.35298585891723633,0.250244140625,0.2206190824508667,0.010425729572307318,-0.04086112976074219,0.005611035,3e-05,2580
0.0,411,532480,260,-4.01020511,1293,50.0,0.1,-7.541323578357696,-0.029792937939055263,0.3528894782066345,0.261962890625,0.06450027227401733,0.008567875146400183,-0.044517770409584045,0.005884696,3e-05,2590
0.0,413,534528,261,-3.9423033800000002,1293,50.0,0.1,-7.535085219144821,-0.030150523030897602,0.3527746796607971,0.2783203125,0.18789160251617432,0.0133601168054156,-0.04537452757358551,0.006255458,3e-05,2600
0.0,414,536576,262,-3.96240685,1293,50.0,0.1,-7.527781015634536,-0.030681051430292428,0.3526422083377838,0.25595703125,0.10950934886932373,0.010932658100500703,-0.0411531999707222,0.005633343,3e-05,2610
0.0,416,538624,263,-3.93687124,1293,50.0,0.1,-7.520251768827438,-0.030081344628706576,0.35250717401504517,0.2455078125,0.2207479476928711,0.008908152999356388,-0.04719322919845581,0.0060498416,3e-05,2620
0.0,417,540672,264,-3.9184867100000003,1293,50.0,0.1,-7.514254087209702,-0.03154540949035436,0.3524475693702698,0.288525390625,0.3453648090362549,0.013326432660687716,-0.03802613541483879,0.0061661755,3e-05,2630
0.0,419,542720,265,-3.89970213,1293,50.0,0.1,-7.5112448036670685,-0.030574587697628886,0.35239937901496887,0.2529296875,0.29448074102401733,0.010644216579385102,-0.0421484038233757,0.0058590127,3e-05,2640
0.0,421,544768,266,-3.98391504,1293,50.0,0.1,-7.506711262464523,-0.03044850945007056,0.35227784514427185,0.238427734375,0.17734575271606445,0.009328815835760906,-0.046634335070848465,0.005507703,3e-05,2650
0.0,422,546816,267,-3.93234487,1293,50.0,0.1,-7.499980419874191,-0.0305056078301277,0.35217830538749695,0.261083984375,0.2338094711303711,0.011106061423197389,-0.04387272894382477,0.005790354,3e-05,2660
0.0,424,548864,268,-3.9591170099999995,1293,50.0,0.1,-7.4943231582641605,-0.032101518800482155,0.35207581520080566,0.27275390625,0.3261251449584961,0.01834891983307898,-0.04006035625934601,0.0064160572,3e-05,2670
0.0,426,550912,269,-3.91913381,1292,50.0,0.1,-7.489335685968399,-0.02977706235833466,0.3520098626613617,0.247998046875,0.27627116441726685,0.014350579434540123,-0.03899439051747322,0.0051967227,3e-05,2680
0.0,427,552960,270,-3.9082208299999994,1292,50.0,0.1,-7.486436027288437,-0.03058740941924043,0.3519531190395355,0.250341796875,0.2580621838569641,0.011147186276502907,-0.04236253350973129,0.0055001285,3e-05,2690
0.0,429,555008,271,-3.8744989400000005,1292,50.0,0.1,-7.482970315217972,-0.031810484197922054,0.35193222761154175,0.27890625,0.25284069776535034,0.01211041510105133,-0.038987405598163605,0.006608975,3e-05,2700
0.0,430,557056,272,-3.95139724,1292,50.0,0.1,-7.483062893152237,-0.03142990370397456,0.35192614793777466,0.26376953125,0.3467281460762024,0.011151331372093409,-0.0432310625910759,0.006027335,3e-05,2710
0.0,432,559104,273,-3.966201619999999,1292,50.0,0.1,-7.481781005859375,-0.029732309916289522,0.35190874338150024,0.25966796875,0.2002848982810974,0.008436224976321682,-0.03882827237248421,0.0057772794,3e-05,2720
0.0,434,561152,274,-3.9501083,1292,50.0,0.1,-7.478811013698578,-0.0317486472078599,0.3518087565898895,0.265185546875,0.2699960470199585,0.01299778720131144,-0.041556280106306076,0.0059374953,3e-05,2730
0.0,435,563200,275,-3.9466337899999995,1292,50.0,0.1,-7.472536045312881,-0.030371486727381124,0.35170039534568787,0.25791015625,0.1480197310447693,0.008991498639807105,-0.04429702088236809,0.00562821,3e-05,2740
0.0,437,565248,276,-3.9337653099999996,1292,50.0,0.1,-7.466317510604858,-0.029703610914293677,0.3515907824039459,0.262939453125,0.21206963062286377,0.012956416397355498,-0.0407358780503273,0.005879063,3e-05,2750
0.0,438,567296,277,-3.9421012300000005,1292,50.0,0.1,-7.4602437853813175,-0.030705271509941668,0.3514929413795471,0.262890625,0.29945898056030273,0.012013817764818668,-0.041075870394706726,0.0057438165,3e-05,2760
0.0,440,569344,278,-3.9623843799999996,1292,50.0,0.1,-7.456181645393372,-0.03047413223539479,0.35145536065101624,0.267822265625,0.25764113664627075,0.01615704791620374,-0.039998624473810196,0.005872919,3e-05,2770
0.0,441,571392,279,-3.93082492,1292,50.0,0.1,-7.4515388906002045,-0.03152544138720259,0.35132741928100586,0.27490234375,0.21214359998703003,0.008912683051312343,-0.04940715804696083,0.006159701,3e-05,2780
0.0,443,573440,280,-3.88432953,1292,50.0,0.1,-7.448690605163574,-0.03132199627580121,0.3513612151145935,0.2798828125,0.16726696491241455,0.012665249733254313,-0.044757455587387085,0.006627362,3e-05,2790
0.0,445,575488,281,-3.8815479000000006,1292,50.0,0.1,-7.448820489645004,-0.03055009952513501,0.3513275980949402,0.26923828125,0.2771925926208496,0.011862467171158641,-0.04219803214073181,0.006088458,3e-05,2800
0.0,446,577536,282,-3.9694352200000003,1292,50.0,0.1,-7.446152335405349,-0.02967735523125157,0.35129478573799133,0.2673828125,0.3411980867385864,0.010833908931817859,-0.04699346795678139,0.006198308,3e-05,2810
0.0,448,579584,283,-3.9606404699999995,1292,50.0,0.1,-7.445909255743027,-0.030177969468059018,0.35131776332855225,0.26142578125,0.14036309719085693,0.01197285772068426,-0.04112546145915985,0.005967276,3e-05,2820
0.0,449,581632,284,-3.96166516,1292,50.0,0.1,-7.448735123872757,-0.029823288950137795,0.3513854742050171,0.266455078125,0.26695913076400757,0.010604600817896426,-0.0467294305562973,0.0060606687,3e-05,2830
0.0,451,583680,285,-3.8993043700000003,1292,50.0,0.1,-7.450680035352707,-0.030379632410767955,0.3513634204864502,0.26259765625,0.17650359869003296,0.010736125567927957,-0.045658595860004425,0.0060345335,3e-05,2840
0.0,453,585728,286,-3.9083531899999993,1292,50.0,0.1,-7.4488894701004025,-0.03075452135526575,0.3513609766960144,0.273876953125,0.1348881721496582,0.009577844163868577,-0.04142569378018379,0.00631471,3e-05,2850
0.0,454,587776,287,-3.93757185,1292,50.0,0.1,-7.448864668607712,-0.02953284349059686,0.351367712020874,0.250927734375,0.3204469084739685,0.012951860902830958,-0.038377515971660614,0.005738375,3e-05,2860
0.0,456,589824,288,-3.9229014,1292,50.0,0.1,-7.451050329208374,-0.031497165915789084,0.3514300584793091,0.273193359375,0.20513266324996948,0.009135961177526042,-0.04292990639805794,0.0061631026,3e-05,2870
0.0,457,591872,289,-3.9238427500000004,1292,50.0,0.1,-7.4495636284351345,-0.030491029609402177,0.35130342841148376,0.240869140625,0.39133012294769287,0.011880049924366176,-0.04085098206996918,0.0054211216,3e-05,2880
0.0,459,593920,290,-3.8636294099999997,1292,50.0,0.1,-7.4415355861186985,-0.029948809905909,0.35118651390075684,0.256201171875,0.26693910360336304,0.012359923706389964,-0.04019341617822647,0.005935182,3e-05,2890
0.0,460,595968,291,-3.8819446500000003,1292,50.0,0.1,-7.4351984560489655,-0.029808779689483346,0.35107651352882385,0.257275390625,0.3343501687049866,0.01247067010262981,-0.041467975825071335,0.005822893,3e-05,2900
0.0,462,598016,292,-3.89040287,1292,50.0,0.1,-7.431254184246063,-0.03111835813615471,0.35107797384262085,0.2810546875,0.34198760986328125,0.011944014485925436,-0.042255911976099014,0.006246373,3e-05,2910
0.0,464,600064,293,-3.8918474100000005,1291,50.0,0.1,-7.4292584478855135,-0.030598890129476787,0.35094332695007324,0.259130859375,0.00038182735443115234,0.009275292488746345,-0.04685794562101364,0.005965321,3e-05,2920
0.0,466,602112,294,-3.89380922,1291,50.0,0.1,-7.422886037826538,-0.0320660283905454,0.3508748412132263,0.2654296875,0.3417733907699585,0.011947269144002348,-0.04317842051386833,0.0062983744,3e-05,2930
0.0,467,604160,295,-3.87588632,1291,50.0,0.1,-7.416395926475525,-0.03012513016583398,0.35073742270469666,0.24833984375,0.3173207640647888,0.012803674465976656,-0.04093439504504204,0.0055864323,3e-05,2940
0.0,469,606208,296,-3.87930076,1291,50.0,0.1,-7.411070173978805,-0.030319084972143175,0.35068339109420776,0.26611328125,0.3529970645904541,0.014011542848311364,-0.042528461664915085,0.0060456526,3e-05,2950
0.0,470,608256,297,-3.92504222,1291,50.0,0.1,-7.407517522573471,-0.032159432320622724,0.35060667991638184,0.27900390625,0.2870699167251587,0.012093020475003869,-0.0490540936589241,0.0062797824,3e-05,2960
0.0,472,610304,298,-3.8996742799999997,1291,50.0,0.1,-7.402706891298294,-0.03037287472980097,0.35052528977394104,0.27705078125,0.22628051042556763,0.01222654696321115,-0.03973262012004852,0.005876222,3e-05,2970
0.0,473,612352,299,-3.88158139,1291,50.0,0.1,-7.3970792353153225,-0.03148481533280574,0.3503948450088501,0.267138671875,0.2531811594963074,0.007251067541074008,-0.04721437022089958,0.0061827833,3e-05,2980
0.0,475,614400,300,-3.8721844799999996,1291,50.0,0.1,-7.391256707906723,-0.030559991364134474,0.3503347933292389,0.276025390625,0.29524755477905273,0.009069169306894765,-0.04486185312271118,0.005854805,3e-05,2990
0.0,477,616448,301,-3.9019677599999993,1291,50.0,0.1,-7.386869496107101,-0.03010500662494451,0.3502236008644104,0.273779296875,0.29572564363479614,0.013055794034153223,-0.04082677140831947,0.005770998,3e-05,3000
0.0,478,618496,302,-3.8703730399999996,1291,50.0,0.1,-7.380181658267975,-0.03253389406017959,0.35010209679603577,0.29697265625,0.36179184913635254,0.011147387453820556,-0.04527929425239563,0.0070489747,3e-05,3010
0.0,480,620544,303,-3.8248127700000008,1291,50.0,0.1,-7.3744834661483765,-0.029765096353366972,0.3500436842441559,0.243798828125,0.31618058681488037,0.009559944632928818,-0.043229520320892334,0.005562491,3e-05,3020
0.0,481,622592,304,-3.88331763,1291,50.0,0.1,-7.372464042901993,-0.03112740742508322,0.3500048816204071,0.281103515625,0.3685857653617859,0.009715442464221269,-0.04048721864819527,0.0059101447,3e-05,3030
0.0,483,624640,305,-3.86086027,1291,50.0,0.1,-7.368909507989883,-0.030360837839543818,0.3499198853969574,0.256689453125,0.38615673780441284,0.012293775496073068,-0.04522806406021118,0.0053580827,3e-05,3040
0.0,485,626688,306,-3.85020152,1291,50.0,0.1,-7.361761617660522,-0.031048344145528973,0.3497815728187561,0.262109375,0.15640902519226074,0.00918444652343169,-0.04927145317196846,0.0057530357,3e-05,3050
0.0,486,628736,307,-3.84804926,1292,50.0,0.1,-7.355583387613296,-0.03009293080540374,0.349712610244751,0.267431640625,0.21563786268234253,0.00874859991017729,-0.0436554029583931,0.0061698714,3e-05,3060
0.0,488,630784,308,-3.8487007100000006,1292,50.0,0.1,-7.352672064304352,-0.03115021249977872,0.34968262910842896,0.2609375,0.3113366961479187,0.012332065927330405,-0.044240232557058334,0.00558325,3e-05,3070
0.0,489,632832,309,-3.8502926599999996,1292,50.0,0.1,-7.3536267399787905,-0.03139813455636613,0.34973978996276855,0.26953125,0.27173560857772827,0.01216034471290186,-0.04458020627498627,0.006005516,3e-05,3080
0.0,491,634880,310,-3.86770407,1292,50.0,0.1,-7.354302227497101,-0.03202693369239569,0.349709153175354,0.2892578125,0.2615395784378052,0.008743383071850986,-0.04478814825415611,0.0065608826,3e-05,3090
0.0,492,636928,311,-3.8861517000000005,1292,50.0,0.1,-7.349762398004532,-0.030766021920135243,0.3495860993862152,0.265673828125,0.37365901470184326,0.01152837104164064,-0.04097805917263031,0.005713663,3e-05,3100
0.0,494,638976,312,-3.848426229999999,1292,50.0,0.1,-7.345388519763946,-0.032017151769832705,0.3495680093765259,0.2947265625,0.3433573246002197,0.011183461803011597,-0.04054400697350502,0.0062486515,3e-05,3110
0.0,496,641024,313,-3.8483952599999998,1292,50.0,0.1,-7.343704867362976,-0.031573311891406775,0.34951090812683105,0.2724609375,0.16840583086013794,0.006839393393602222,-0.04883212596178055,0.005949979,3e-05,3120
0.0,497,643072,314,-3.8384080799999993,1292,50.0,0.1,-7.339958727359772,-0.030153817567043006,0.3494550585746765,0.26865234375,0.33976346254348755,0.008082331594778225,-0.04505843296647072,0.0061017578,3e-05,3130
0.0,499,645120,315,-3.82612805,1291,50.0,0.1,-7.33806785941124,-0.03067271980980877,0.3494434952735901,0.27275390625,0.3377089500427246,0.010744395770598204,-0.04321572184562683,0.006331715,3e-05,3140
0.0,500,647168,316,-3.8962933800000004,1291,50.0,0.1,-7.335112446546555,-0.03017767634592019,0.34936296939849854,0.26025390625,0.26169323921203613,0.01004630895331502,-0.044039227068424225,0.0060978886,3e-05,3150
0.0,502,649216,317,-3.91186409,1291,50.0,0.1,-7.329575783014297,-0.030395646393299103,0.3492503762245178,0.254833984375,0.3509870171546936,0.009576449345331639,-0.04147600755095482,0.005756354,3e-05,3160
0.0,504,651264,318,-3.90423372,1291,50.0,0.1,-7.325316292047501,-0.03165046332869679,0.3492153584957123,0.280224609375,0.21143251657485962,0.007340092794038355,-0.046152811497449875,0.0067609707,3e-05,3170
0.0,506,653312,319,-3.821232840000001,1291,50.0,0.1,-7.323796814680099,-0.03084385651163757,0.3492065668106079,0.270068359375,0.22935998439788818,0.009117426828015595,-0.04310712218284607,0.006024381,3e-05,3180
0.0,507,655360,320,-3.8047682800000002,1291,50.0,0.1,-7.321575808525085,-0.03132119057700038,0.34913530945777893,0.269580078125,0.44305169582366943,0.015809061040636153,-0.04459897428750992,0.006281182,3e-05,3190
0.0,509,657408,321,-3.83997593,1291,50.0,0.1,-7.3168810367584225,-0.030227635672781618,0.34904998540878296,0.257080078125,0.42651140689849854,0.008846574096241965,-0.04354405403137207,0.0060381284,3e-05,3200
0.0,510,659456,322,-3.8022324100000002,1291,50.0,0.1,-7.3128667831420895,-0.030081868055276573,0.34897491335868835,0.2833984375,0.28487908840179443,0.008558227872708813,-0.043721769005060196,0.0063196053,3e-05,3210
0.0,512,661504,323,-3.8220104900000007,1291,50.0,0.1,-7.309922766685486,-0.03204939102870412,0.3489648401737213,0.297314453125,0.4115307331085205,0.010147804830921814,-0.045559220016002655,0.0062221885,3e-05,3220
0.0,513,663552,324,-3.857908890000001,1291,50.0,0.1,-7.307404595613479,-0.03273337663849816,0.34889301657676697,0.294970703125,0.10855370759963989,0.007285080093424767,-0.048798568546772,0.0069121155,3e-05,3230
0.0,515,665600,325,-3.87874,1291,50.0,0.1,-7.305287432670593,-0.03074704753817059,0.34890684485435486,0.267724609375,0.31412720680236816,0.012736607494298368,-0.04798770323395729,0.0060645742,3e-05,3240
0.0,517,667648,326,-3.8664791,1291,50.0,0.1,-7.302052211761475,-0.03147929065162316,0.3487623333930969,0.25107421875,0.35729438066482544,0.009995101555250584,-0.043157413601875305,0.0062385825,3e-05,3250
0.0,518,669696,327,-3.82526577,1291,50.0,0.1,-7.291825938224792,-0.030358653905568644,0.3485749363899231,0.277783203125,0.24153268337249756,0.009545727679505945,-0.044728171080350876,0.0061931135,3e-05,3260
0.0,520,671744,328,-3.7852787300000004,1291,50.0,0.1,-7.283979338407517,-0.033172185363946484,0.3484998345375061,0.29375,0.31995558738708496,0.008708538714563474,-0.04411683604121208,0.0065848716,3e-05,3270
0.0,521,673792,329,-3.7941470000000006,1290,50.0,0.1,-7.2819102823734285,-0.029897157088271342,0.3485122323036194,0.27041015625,0.2479419708251953,0.008947474759770558,-0.04144257307052612,0.0060452064,3e-05,3280
0.0,523,675840,330,-3.75275348,1290,50.0,0.1,-7.279049932956696,-0.030955990380607545,0.34839051961898804,0.276171875,0.3237718939781189,0.010383379133418202,-0.044558215886354446,0.0064610424,3e-05,3290
0.0,525,677888,331,-3.739165349999999,1290,50.0,0.1,-7.273920178413391,-0.031059077696409077,0.3483451008796692,0.28359375,0.43514925241470337,0.008515283837914467,-0.04501742497086525,0.0064840117,3e-05,3300
0.0,526,679936,332,-3.7726609100000004,1290,50.0,0.1,-7.269918000698089,-0.031971401872579006,0.3482472896575928,0.2732421875,0.36146509647369385,0.0074666133732534945,-0.04517524689435959,0.0062097,3e-05,3310
0.0,528,681984,333,-3.81821521,1290,50.0,0.1,-7.267241841554641,-0.03046003872877918,0.3482707440853119,0.262451171875,0.2956661581993103,0.009078139741905033,-0.04314327612519264,0.0058725225,3e-05,3320
0.0,529,684032,334,-3.8202144299999996,1290,50.0,0.1,-7.266716086864472,-0.03220419627323281,0.34820231795310974,0.285302734375,0.32234227657318115,0.0076163695135619495,-0.04413075000047684,0.0065360377,3e-05,3330
0.0,531,686080,335,-3.80594349,1290,50.0,0.1,-7.264308911561966,-0.03174442846793681,0.3482099175453186,0.2865234375,0.18702465295791626,0.010893999855034054,-0.043712060898542404,0.0061018285,3e-05,3340
0.0,532,688128,336,-3.81792933,1291,50.0,0.1,-7.26239515542984,-0.029919731593690813,0.3481237292289734,0.26630859375,0.36380815505981445,0.00863254779833369,-0.042751312255859375,0.0055553745,3e-05,3350
0.0,534,690176,337,-3.79550433,1291,50.0,0.1,-7.261195415258408,-0.03201711560832336,0.3481696546077728,0.297802734375,0.29260462522506714,0.0093884555157274,-0.0420854389667511,0.0068940893,3e-05,3360
0.0,536,692224,338,-3.83599761,1291,50.0,0.1,-7.260377967357636,-0.031886324507649985,0.34809350967407227,0.29912109375,0.24179458618164062,0.009334086201852188,-0.04215142875909805,0.006702484,3e-05,3370
0.0,537,694272,339,-3.78584792,1291,50.0,0.1,-7.2556510150432585,-0.03201811112230644,0.34803253412246704,0.269921875,0.190171480178833,0.007374453620286658,-0.045441169291734695,0.006163053,3e-05,3380
0.0,539,696320,340,-3.754766309999999,1291,50.0,0.1,-7.253936433792115,-0.031433764763642104,0.34802183508872986,0.28291015625,0.4377092123031616,0.008945956866955384,-0.046164337545633316,0.0062367106,3e-05,3390
0.0,540,698368,341,-3.81256838,1291,50.0,0.1,-7.2516977965831755,-0.031822692282730713,0.34794628620147705,0.278125,0.3089839220046997,0.00824804404983297,-0.0439760684967041,0.0063359654,3e-05,3400
0.0,542,700416,342,-3.7864090699999995,1290,50.0,0.1,-7.247240048646927,-0.03150568472919986,0.347877562046051,0.273193359375,0.3440070152282715,0.008031671796925367,-0.04721272736787796,0.0060818614,3e-05,3410
0.0,544,702464,343,-3.7641255399999993,1290,50.0,0.1,-7.24404639005661,-0.031651092611718924,0.3478521704673767,0.2828125,0.3472011685371399,0.008987587003502995,-0.04663465544581413,0.0066088093,3e-05,3420
0.0,546,704512,344,-3.8015054,1290,50.0,0.1,-7.241459941864013,-0.03101040094916243,0.34778735041618347,0.28798828125,0.21760684251785278,0.007234561024233699,-0.044193897396326065,0.0064593656,3e-05,3430
0.0,547,706560,345,-3.8279182000000005,1290,50.0,0.1,-7.2366723120212555,-0.03175328056677244,0.34768959879875183,0.278076171875,0.3642627000808716,0.008426817564759404,-0.05121477693319321,0.006594749,3e-05,3440
0.0,549,708608,346,-3.8195529599999993,1290,50.0,0.1,-7.23352364897728,-0.03204828228335828,0.347687304019928,0.29921875,0.3926457166671753,0.008128630026476458,-0.04380697384476662,0.006669821,3e-05,3450
0.0,550,710656,347,-3.83570384,1290,50.0,0.1,-7.231751543283463,-0.03165167141705751,0.34762102365493774,0.266796875,0.29276829957962036,0.008498618769226595,-0.042414113879203796,0.0062686885,3e-05,3460
0.0,552,712704,348,-3.8263881200000003,1290,50.0,0.1,-7.227877575159073,-0.031180297484388574,0.34755390882492065,0.260791015625,0.3430081009864807,0.007879712420981377,-0.04499717429280281,0.005685944,3e-05,3470
0.0,553,714752,349,-3.8724844899999997,1290,50.0,0.1,-7.226290458440781,-0.030582818906987087,0.3475843071937561,0.27890625,0.24097168445587158,0.010636752098798751,-0.04454632103443146,0.0061704917,3e-05,3480
0.0,555,716800,350,-3.8623329099999997,1290,50.0,0.1,-7.229117852449417,-0.031515633536037056,0.3476349711418152,0.288720703125,0.13038307428359985,0.007861669815611094,-0.04384222254157066,0.0060647153,3e-05,3490
0.0,557,718848,351,-3.80479085,1290,50.0,0.1,-7.226759052276611,-0.030995802872348578,0.34752127528190613,0.26103515625,0.17731833457946777,0.008002502226736397,-0.04838084802031517,0.0057126367,3e-05,3500
0.0,558,720896,352,-3.8345279200000006,1290,50.0,0.1,-7.220739412307739,-0.03293494956451468,0.3474370539188385,0.294140625,0.28458327054977417,0.007078571553574875,-0.04777151346206665,0.0069804685,3e-05,3510
0.0,560,722944,353,-3.86185534,1290,50.0,0.1,-7.219152170419693,-0.031086345895892008,0.347451776266098,0.292626953125,0.10652917623519897,0.00946740276995115,-0.045006051659584045,0.007042683,3e-05,3520
0.0,561,724992,354,-3.8455122799999994,1290,50.0,0.1,-7.217831087112427,-0.032379714140552095,0.34740161895751953,0.302001953125,0.25367724895477295,0.01029929840588011,-0.03977353125810623,0.0067883646,3e-05,3530
0.0,563,727040,355,-3.7930121199999998,1290,50.0,0.1,-7.215238296985627,-0.029775198188144714,0.3473602831363678,0.281640625,0.28110671043395996,0.012783324194606394,-0.03650260344147682,0.0061938795,3e-05,3540
0.0,564,729088,356,-3.8096084,1290,50.0,0.1,-7.211864656209945,-0.030869573669042437,0.3472868800163269,0.2728515625,0.3238295912742615,0.010080448095686733,-0.041530542075634,0.006145137,3e-05,3550
0.0,566,731136,357,-3.7596054100000003,1290,50.0,0.1,-7.206820112466812,-0.03185136039974168,0.34719163179397583,0.2833984375,0.2844700217247009,0.006413268850883469,-0.04629775136709213,0.0068909544,3e-05,3560
0.0,568,733184,358,-3.7488814,1290,50.0,0.1,-7.202390897274017,-0.03093387798871845,0.3471498489379883,0.27421875,0.33604931831359863,0.008373083802871406,-0.04130525141954422,0.0066528376,3e-05,3570
0.0,569,735232,359,-3.8129006800000003,1290,50.0,0.1,-7.199462741613388,-0.03065612936625257,0.3470795750617981,0.274560546875,0.19125986099243164,0.00794454586575739,-0.047483354806900024,0.006561541,3e-05,3580
0.0,571,737280,360,-3.8789174099999997,1290,50.0,0.1,-7.195537757873535,-0.03216848069569096,0.34704649448394775,0.27509765625,0.22350245714187622,0.008539762668078765,-0.044053807854652405,0.0060889167,3e-05,3590
0.0,572,739328,361,-3.8800929199999996,1290,50.0,0.1,-7.19162284731865,-0.030616934492718427,0.34693366289138794,0.2787109375,0.24924904108047485,0.0073939342226367446,-0.045678962022066116,0.006179953,3e-05,3600
0.0,574,741376,362,-3.8544265199999996,1290,50.0,0.1,-7.187668883800507,-0.031443752133054656,0.34692317247390747,0.277978515625,0.21388232707977295,0.008992158889304847,-0.04880848899483681,0.0062524346,3e-05,3610
0.0,576,743424,363,-3.7672837500000007,1290,50.0,0.1,-7.185299605131149,-0.03178951391018927,0.34684813022613525,0.273291015625,0.31522417068481445,0.007650696387281641,-0.048248790204524994,0.00638724,3e-05,3620
0.0,577,745472,364,-3.750984490000001,1290,50.0,0.1,-7.181731528043747,-0.03102556363737676,0.3467932343482971,0.2765625,0.43587154150009155,0.009043111221399159,-0.044973839074373245,0.005714539,3e-05,3630
0.0,579,747520,365,-3.7465528700000004,1290,50.0,0.1,-7.178827494382858,-0.029951504815835507,0.34675800800323486,0.2689453125,0.3976691961288452,0.0063089628762099895,-0.044457290321588516,0.0060491255,3e-05,3640
0.0,580,749568,366,-3.7792685,1290,50.0,0.1,-7.178230774402619,-0.032132710580481214,0.3467559814453125,0.28720703125,0.3809436559677124,0.008436939213424921,-0.050377726554870605,0.0061469814,3e-05,3650
0.0,582,751616,367,-3.7658376400000004,1289,50.0,0.1,-7.176812762022019,-0.029256230720784517,0.34672364592552185,0.276708984375,0.3513256907463074,0.00977562579791993,-0.038842134177684784,0.0061475555,3e-05,3660
0.0,584,753664,368,-3.7951359199999994,1289,50.0,0.1,-7.173701965808869,-0.031752524245530364,0.3466673493385315,0.285302734375,0.4321526288986206,0.006693635514238849,-0.05011717975139618,0.0072503104,3e-05,3670
0.0,586,755712,369,-3.80257531,1289,50.0,0.1,-7.168751430511475,-0.03136288555106148,0.3465624153614044,0.302587890625,0.3073177933692932,0.00718602086417377,-0.042110394686460495,0.0063039716,3e-05,3680
0.0,587,757760,370,-3.7970675300000005,1289,50.0,0.1,-7.165020447969437,-0.031062174309045076,0.3465397357940674,0.27001953125,0.35557830333709717,0.009977868403075263,-0.04708125442266464,0.0062069246,3e-05,3690
0.0,589,759808,371,-3.77067204,1289,50.0,0.1,-7.163467872142792,-0.03074074993492104,0.3464920222759247,0.27705078125,0.3582858443260193,0.009661699511343613,-0.04517940431833267,0.0060084173,3e-05,3700
0.0,590,761856,372,-3.77516143,1289,50.0,0.1,-7.161711430549621,-0.03099738929886371,0.3465028703212738,0.268505859375,0.34946566820144653,0.006897685711737722,-0.04706722870469093,0.006024864,3e-05,3710
0.0,592,763904,373,-3.7322593299999998,1289,50.0,0.1,-7.160372185707092,-0.0325516521523241,0.34645840525627136,0.2876953125,0.35493725538253784,0.008388529816875235,-0.04599383473396301,0.0061617494,3e-05,3720
0.0,593,765952,374,-3.78905079,1289,50.0,0.1,-7.155926316976547,-0.031457175081595776,0.3463435471057892,0.29208984375,0.4332207441329956,0.007835563801927492,-0.04846736043691635,0.006860122,3e-05,3730
0.0,595,768000,375,-3.78330158,1289,50.0,0.1,-7.150373262166977,-0.03205039573949762,0.3462664484977722,0.305859375,0.3290138840675354,0.00802464848384261,-0.05076855421066284,0.0063252747,3e-05,3740
0.0,597,770048,376,-3.780609160000001,1289,50.0,0.1,-7.147024863958359,-0.032473082037176935,0.3462354242801666,0.288037109375,0.29644477367401123,0.00841325895744376,-0.04933428391814232,0.006788647,3e-05,3750
0.0,598,772096,377,-3.75705292,1289,50.0,0.1,-7.145613884925842,-0.033084593393141404,0.3462080657482147,0.308251953125,0.31232738494873047,0.006978958839317784,-0.045259907841682434,0.0063627283,3e-05,3760
0.0,600,774144,378,-3.8010781600000008,1289,50.0,0.1,-7.142250323295594,-0.031801637192256746,0.34613436460494995,0.285693359375,0.3210660219192505,0.007860263378825038,-0.04442095756530762,0.006381512,3e-05,3770
0.0,601,776192,379,-3.85303553,1289,50.0,0.1,-7.139679688215256,-0.03217855042312294,0.3461077809333801,0.282861328125,0.32822316884994507,0.006934265856398269,-0.04535248503088951,0.006449285,3e-05,3780
0.0,603,778240,380,-3.81039963,1289,50.0,0.1,-7.137028682231903,-0.032790232927072796,0.34604400396347046,0.305859375,0.2642820477485657,0.0104469156707637,-0.04441725090146065,0.006872652,3e-05,3790
0.0,605,780288,381,-3.8222239999999994,1289,50.0,0.1,-7.133435088396072,-0.031134087743703277,0.34599703550338745,0.282763671875,0.3541903495788574,0.009846191317774356,-0.044089265167713165,0.006418657,3e-05,3800
0.0,606,782336,382,-3.7908122300000007,1289,50.0,0.1,-7.133576291799545,-0.031192805798491464,0.34604519605636597,0.274267578125,0.2723763585090637,0.009602534910663962,-0.04162595793604851,0.0059600063,3e-05,3810
0.0,608,784384,383,-3.7915275200000003,1289,50.0,0.1,-7.131749027967453,-0.03211126996320672,0.34592971205711365,0.280224609375,0.29388314485549927,0.009349784802179784,-0.040418848395347595,0.006296537,3e-05,3820
0.0,609,786432,384,-3.7822191599999995,1289,50.0,0.1,-7.12593360543251,-0.030833766504656523,0.345863401889801,0.274951171875,0.2881900668144226,0.008667408424662426,-0.04569658637046814,0.006272262,3e-05,3830
0.0,611,788480,385,-3.7492652800000004,1289,50.0,0.1,-7.122265362739563,-0.032070931664202364,0.3458063304424286,0.284619140625,0.40596628189086914,0.007437166391173378,-0.052667684853076935,0.0061023314,3e-05,3840
0.0,612,790528,386,-3.7175897399999998,1289,50.0,0.1,-7.117740017175675,-0.031541727721923964,0.34571370482444763,0.27978515625,0.3642843961715698,0.009085863584186882,-0.046510808169841766,0.0066490453,3e-05,3850
0.0,614,792576,387,-3.765719269999999,1289,50.0,0.1,-7.11333230137825,-0.032785923965275285,0.34564387798309326,0.295654296875,0.30133354663848877,0.006017367914319038,-0.04924771562218666,0.0067921663,3e-05,3860
0.0,616,794624,388,-3.7723385900000004,1289,50.0,0.1,-7.108128833770752,-0.0311311692930758,0.34553593397140503,0.27490234375,0.3317689299583435,0.0076758260547649115,-0.04365828260779381,0.0061186813,3e-05,3870
0.0,617,796672,389,-3.74063392,1289,50.0,0.1,-7.104846662282943,-0.03083662744029425,0.3455289602279663,0.286279296875,0.33512020111083984,0.010388808650895953,-0.04554250091314316,0.0060722586,3e-05,3880
0.0,619,798720,390,-3.7371269799999998,1289,50.0,0.1,-7.102812570333481,-0.029650152055546643,0.3454633951187134,0.268408203125,0.356936514377594,0.005858244351111352,-0.044261056929826736,0.0057837903,3e-05,3890
0.0,621,800768,391,-3.767809660000001,1289,50.0,0.1,-7.100521957874298,-0.03171060184249654,0.3454550802707672,0.284033203125,0.12921202182769775,0.007228173111798242,-0.04891128093004227,0.0063447226,3e-05,3900
0.0,622,802816,392,-3.72619209,1289,50.0,0.1,-7.096521311998368,-0.03189423580188304,0.34534120559692383,0.278515625,0.21093237400054932,0.006476741010555997,-0.046580720692873,0.006279883,3e-05,3910
0.0,624,804864,393,-3.7365692600000004,1289,50.0,0.1,-7.09292442202568,-0.03188993151998147,0.34533554315567017,0.272021484375,0.3629547953605652,0.0077098295325413345,-0.04699523746967316,0.006402749,3e-05,3920
0.0,625,806912,394,-3.7253061099999996,1289,50.0,0.1,-7.090745323896408,-0.031837857747450474,0.34525609016418457,0.292529296875,0.45765870809555054,0.007668786647263915,-0.048811811953783035,0.0067555495,3e-05,3930
0.0,627,808960,395,-3.75831628,1288,50.0,0.1,-7.085629457235337,-0.030730269057676195,0.3451691269874573,0.28662109375,0.26339173316955566,0.008424770407145843,-0.04664165526628494,0.0063169063,3e-05,3940
0.0,629,811008,396,-3.7442849700000007,1288,50.0,0.1,-7.081011432409286,-0.03224954864999745,0.345091313123703,0.295654296875,0.3694238066673279,0.007274167513241991,-0.045858923345804214,0.0061168973,3e-05,3950
0.0,630,813056,397,-3.7781019,1288,50.0,0.1,-7.076052260398865,-0.030088975158287214,0.34501516819000244,0.281982421875,0.3057422637939453,0.006277150037931278,-0.046088553965091705,0.0065330905,3e-05,3960
0.0,632,815104,398,-3.77259426,1288,50.0,0.1,-7.070608538389206,-0.0316840743762441,0.3449179530143738,0.287353515625,0.23675155639648438,0.009586999256862327,-0.04756304249167442,0.0065006404,3e-05,3970
0.0,633,817152,399,-3.74175112,1288,50.0,0.1,-7.067334163188934,-0.03280929723987356,0.3449145257472992,0.281982421875,0.4007052779197693,0.009158627263968811,-0.043526940047740936,0.0061640777,3e-05,3980
0.0,635,819200,400,-3.72373087,1288,50.0,0.1,-7.068134361505509,-0.03188477663206868,0.34492382407188416,0.28017578125,0.24722087383270264,0.006523121648933738,-0.043709609657526016,0.0067806197,3e-05,3990
0.0,637,821248,401,-3.691445929999999,1288,50.0,0.1,-7.067210775613785,-0.03397192842094228,0.3449063301086426,0.313232421875,0.338833212852478,0.007522659678943455,-0.04817885905504227,0.0068845088,3e-05,4000
0.0,638,823296,402,-3.73330599,1288,50.0,0.1,-7.064233106374741,-0.03228427872527391,0.34480753540992737,0.291015625,0.383853554725647,0.008216391253517941,-0.042177971452474594,0.006868947,3e-05,4010
0.0,640,825344,403,-3.76658074,1288,50.0,0.1,-7.060896646976471,-0.03138706496683881,0.34480857849121094,0.28583984375,0.3825068473815918,0.006520902243210003,-0.0466751791536808,0.006205084,3e-05,4020
0.0,641,827392,404,-3.7511036200000007,1288,50.0,0.1,-7.059888219833374,-0.0322456014866475,0.3447756767272949,0.292724609375,0.3311975598335266,0.008511380606796593,-0.047225989401340485,0.007016709,3e-05,4030
0.0,643,829440,405,-3.7444163400000003,1289,50.0,0.1,-7.057966732978821,-0.030657771771075204,0.3447318971157074,0.2935546875,0.4358517527580261,0.00675159758538939,-0.03774765133857727,0.006536448,3e-05,4040
0.0,645,831488,406,-3.75433755,1289,50.0,0.1,-7.054682904481888,-0.030866384383989497,0.3446682393550873,0.2703125,0.41668736934661865,0.006167405063752085,-0.04777180776000023,0.006331843,3e-05,4050
0.0,646,833536,407,-3.7498253300000006,1289,50.0,0.1,-7.051408958435059,-0.030701525718905033,0.3446318507194519,0.29111328125,0.30421918630599976,0.0081761846144218,-0.04338764771819115,0.0067564007,3e-05,4060
0.0,648,835584,408,-3.7566089799999998,1289,50.0,0.1,-7.050224030017853,-0.03202499178587459,0.3446310758590698,0.3013671875,0.3441506028175354,0.005916401749709621,-0.05306676775217056,0.0065436726,3e-05,4070
0.0,649,837632,409,-3.7778984800000006,1289,50.0,0.1,-7.050479751825333,-0.03204856823431328,0.3446429371833801,0.285595703125,0.26016390323638916,0.0056013681343756614,-0.051524847745895386,0.006651232,3e-05,4080
0.0,651,839680,410,-3.8025583499999995,1289,50.0,0.1,-7.04996247291565,-0.029882418806664646,0.344618022441864,0.2744140625,0.28728431463241577,0.0064083881326951085,-0.04138674959540367,0.005888774,3e-05,4090
0.0,652,841728,411,-3.8046872300000003,1289,50.0,0.1,-7.049037832021713,-0.031762052047997716,0.3446257710456848,0.289013671875,0.38008713722229004,0.006149783066939562,-0.0433143712580204,0.0066063823,3e-05,4100
0.0,654,843776,412,-3.81079069,1289,50.0,0.1,-7.045936959981918,-0.030830148502718657,0.34450632333755493,0.28115234375,-0.0195695161819458,0.005588079453445971,-0.04316927492618561,0.0065636192,3e-05,4110
0.0,656,845824,413,-3.8000516099999992,1289,50.0,0.1,-7.03942357301712,-0.03183605842059478,0.34442338347435,0.3001953125,0.25359004735946655,0.008936088514747097,-0.047542452812194824,0.006218734,3e-05,4120
0.0,657,847872,414,-3.7979271800000003,1289,50.0,0.1,-7.035016649961472,-0.03289276031719055,0.3443497121334076,0.303173828125,0.387029230594635,0.006422947021201253,-0.04839538410305977,0.0068497285,3e-05,4130
0.0,659,849920,415,-3.7882587199999995,1289,50.0,0.1,-7.03026836514473,-0.03356001300271601,0.34426239132881165,0.29443359375,0.4222962260246277,0.006014515768038109,-0.05174419656395912,0.006776763,3e-05,4140
0.0,661,851968,416,-3.7262509,1288,50.0,0.1,-7.025941997766495,-0.0316111306194216,0.3441982567310333,0.298828125,0.36827290058135986,0.0073412599507719275,-0.045350510627031326,0.006405606,3e-05,4150
0.0,662,854016,417,-3.72842154,1288,50.0,0.1,-7.022961151599884,-0.0327628310653381,0.34415942430496216,0.31240234375,0.4046136140823364,0.008663957635872067,-0.04971307888627052,0.0071958127,3e-05,4160
0.0,664,856064,418,-3.7473368100000006,1288,50.0,0.1,-7.018624740839004,-0.03150912097189575,0.3440513610839844,0.290185546875,0.3112910985946655,0.008827549422858284,-0.046677008271217346,0.006514745,3e-05,4170
0.0,665,858112,419,-3.7176404099999996,1288,50.0,0.1,-7.014173704385757,-0.03230561917298473,0.34400689601898193,0.307763671875,0.2675780653953552,0.006924036872806028,-0.048046790063381195,0.006471255,3e-05,4180
0.0,667,860160,420,-3.70993149,1288,50.0,0.1,-7.010155862569809,-0.03163199225673452,0.34391576051712036,0.2916015625,0.387228786945343,0.006720329460222274,-0.05140712484717369,0.006376244,3e-05,4190
0.0,669,862208,421,-3.7358511599999997,1288,50.0,0.1,-7.00657268166542,-0.032466434861999,0.34388968348503113,0.322607421875,0.37661540508270264,0.007965292606968433,-0.04543421417474747,0.0072596744,3e-05,4200
0.0,670,864256,422,-3.7780063400000006,1288,50.0,0.1,-7.004346317052841,-0.030212141189258544,0.34384551644325256,0.29814453125,0.16931462287902832,0.006422971328720451,-0.04718542844057083,0.0065575372,3e-05,4210
0.0,672,866304,423,-3.7650483799999996,1288,50.0,0.1,-6.999136835336685,-0.03152095770929009,0.3436957001686096,0.2935546875,0.2561936378479004,0.006906338420230895,-0.04867053031921387,0.006395974,3e-05,4220
0.0,673,868352,424,-3.7755046400000003,1288,50.0,0.1,-6.99269071817398,-0.032128834072500466,0.34363117814064026,0.307470703125,0.3981207609176636,0.00562823650543578,-0.04649166762828827,0.0064400937,3e-05,4230
0.0,675,870400,425,-3.7582910800000007,1288,50.0,0.1,-6.990075016021729,-0.03317715604789555,0.343636155128479,0.281494140625,0.2967240810394287,0.007120217708870768,-0.048473529517650604,0.0061408198,3e-05,4240
0.0,677,872448,426,-3.7552081399999997,1288,50.0,0.1,-6.990594601631164,-0.03165028202347457,0.3436203896999359,0.29267578125,0.22972500324249268,0.006720672914525494,-0.045433055609464645,0.0061466033,3e-05,4250
0.0,678,874496,427,-3.7330471999999997,1288,50.0,0.1,-6.987381935119629,-0.03190391155076213,0.3435402810573578,0.29423828125,0.3065955638885498,0.00544719027238898,-0.04695966839790344,0.0068411306,3e-05,4260
0.0,680,876544,428,-3.71443739,1288,50.0,0.1,-6.9812016248703,-0.03068256619153544,0.34342509508132935,0.283740234375,0.25517338514328003,0.007146390056004748,-0.04722815379500389,0.0062875105,3e-05,4270
0.0,681,878592,429,-3.7331281199999995,1288,50.0,0.1,-6.975082284212112,-0.03177988727693446,0.3433258831501007,0.272021484375,0.17902255058288574,0.006640320317819715,-0.04653046280145645,0.006221585,3e-05,4280
0.0,683,880640,430,-3.7182430400000004,1288,50.0,0.1,-6.9705272853374485,-0.031595710141118616,0.34326171875,0.295751953125,0.293392539024353,0.01063848715275526,-0.043889470398426056,0.006585653,3e-05,4290
0.0,684,882688,431,-3.68656715,1288,50.0,0.1,-6.964775562286377,-0.02988673085346818,0.34313827753067017,0.28115234375,0.17395174503326416,0.007939991686725989,-0.042168039828538895,0.006138795,3e-05,4300
0.0,686,884736,432,-3.73521946,1288,50.0,0.1,-6.960558581352234,-0.031986007397063074,0.34311968088150024,0.301416015625,0.4467642903327942,0.0060715814179275185,-0.050259627401828766,0.0071308743,3e-05,4310
0.0,688,886784,433,-3.772788919999999,1288,50.0,0.1,-6.95869078040123,-0.030570074229035526,0.34308063983917236,0.284716796875,0.22784823179244995,0.00702091995626688,-0.04394199699163437,0.0066211964,3e-05,4320
0.0,689,888832,434,-3.7638923400000004,1288,50.0,0.1,-6.956014466285706,-0.03166801983024925,0.34305325150489807,0.295068359375,0.2160128951072693,0.009160892409272491,-0.04063655436038971,0.0065862807,3e-05,4330
0.0,691,890880,435,-3.7459937400000007,1288,50.0,0.1,-6.952875643968582,-0.03108131841290742,0.3429473340511322,0.2853515625,0.2551013231277466,0.005077461450127885,-0.04726043716073036,0.006688156,3e-05,4340
0.0,692,892928,436,-3.73918742,1288,50.0,0.1,-6.94777083992958,-0.03211485469946638,0.3428950011730194,0.3013671875,0.17597568035125732,0.005577095894841478,-0.04808412864804268,0.006827699,3e-05,4350
0.0,694,894976,437,-3.74495882,1288,50.0,0.1,-6.946587264537811,-0.03323353437008336,0.3429003655910492,0.280810546875,0.15098696947097778,0.006839513254817575,-0.04741619899868965,0.006434991,3e-05,4360
0.0,695,897024,438,-3.7578152399999993,1288,50.0,0.1,-6.9444462060928345,-0.031804343836847694,0.3428252339363098,0.2681640625,0.3390878438949585,0.007488878059666604,-0.045517947524785995,0.006246153,3e-05,4370
0.0,697,899072,439,-3.7317249200000004,1288,50.0,0.1,-6.942228448390961,-0.032558035803958774,0.34284651279449463,0.291943359375,0.4115492105484009,0.006548551953164861,-0.045571863651275635,0.0069060978,3e-05,4380
0.0,699,901120,440,-3.68083274,1288,50.0,0.1,-6.940771687030792,-0.030380204907851295,0.34275537729263306,0.294287109375,0.4223977327346802,0.008362980297533795,-0.041990701109170914,0.006479116,3e-05,4390
0.0,701,903168,441,-3.6811412800000003,1288,50.0,0.1,-6.933813160657882,-0.03314485970186069,0.3426232933998108,0.29482421875,0.24873048067092896,0.00684092128649354,-0.05046552047133446,0.0068637133,3e-05,4400
0.0,702,905216,442,-3.726812330000001,1288,50.0,0.1,-6.928052496910095,-0.031144510197918862,0.3425707221031189,0.29619140625,0.27154093980789185,0.006886725669028237,-0.04992305859923363,0.006547127,3e-05,4410
0.0,704,907264,443,-3.7314070799999994,1288,50.0,0.1,-6.924784195423126,-0.031113291112706064,0.3424946069717407,0.2876953125,0.30389970541000366,0.006970549921970814,-0.04551482945680618,0.0063514095,3e-05,4420
0.0,705,909312,444,-3.7525207199999993,1288,50.0,0.1,-6.917834681272507,-0.03192533287219703,0.3423519432544708,0.299365234375,0.37614554166793823,0.0074368241534102705,-0.0516771525144577,0.0062259976,3e-05,4430
0.0,707,911360,445,-3.7548113199999995,1288,50.0,0.1,-6.910148108005524,-0.030913401636644265,0.34224584698677063,0.28271484375,0.3992688059806824,0.007096802041633055,-0.044700637459754944,0.0063580144,3e-05,4440
0.0,709,913408,446,-3.7236719099999993,1288,50.0,0.1,-6.906372970342636,-0.03204209706746042,0.3422001302242279,0.2986328125,0.3369665741920471,0.007645167043665424,-0.04568671062588692,0.0069168108,3e-05,4450
0.0,710,915456,447,-3.76893984,1288,50.0,0.1,-6.90443029999733,-0.03258301942842081,0.34218698740005493,0.30966796875,0.41763120889663696,0.005362021725159138,-0.0501529760658741,0.0069463765,3e-05,4460
0.0,712,917504,448,-3.7850027800000006,1288,50.0,0.1,-6.904014849662781,-0.0307090800604783,0.3421807587146759,0.2673828125,0.2290269136428833,0.005972771055530757,-0.04282736778259277,0.0060741184,3e-05,4470
0.0,713,919552,449,-3.7734233700000006,1288,50.0,0.1,-6.903151607513427,-0.03388814177596942,0.34213823080062866,0.3041015625,0.24236446619033813,0.0082475419214461,-0.04917130991816521,0.0072323186,3e-05,4480
0.0,715,921600,450,-3.7623517799999995,1288,50.0,0.1,-6.898550754785537,-0.03206347363302484,0.3420526385307312,0.287890625,0.309320867061615,0.007139635150087998,-0.04831754416227341,0.006766078,3e-05,4490
0.0,716,923648,451,-3.7757185,1288,50.0,0.1,-6.892491799592972,-0.03093929263704922,0.34192755818367004,0.2859375,0.2969939708709717,0.009280346165178343,-0.04353993013501167,0.006337097,3e-05,4500
0.0,718,925696,452,-3.72615683,1288,50.0,0.1,-6.883879888057709,-0.03259448555181734,0.34177008271217346,0.300439453125,0.3469862937927246,0.007139434659620747,-0.051312390714883804,0.0065025557,3e-05,4510
0.0,720,927744,453,-3.7256391899999994,1288,50.0,0.1,-6.878106850385666,-0.03418930708430708,0.3417383134365082,0.3123046875,0.36190420389175415,0.005589378083823249,-0.054688386619091034,0.0071416767,3e-05,4520
0.0,721,929792,454,-3.7634391600000003,1288,50.0,0.1,-6.877597057819367,-0.03165544712974224,0.3417545557022095,0.304931640625,0.31764549016952515,0.0064694620436057445,-0.049744781106710434,0.0068149474,3e-05,4530
0.0,723,931840,455,-3.7715693500000005,1288,50.0,0.1,-6.877105581760406,-0.03223340722033754,0.3417024612426758,0.300048828125,0.2034251093864441,0.005563366261776536,-0.047890376299619675,0.006700363,3e-05,4540
0.0,724,933888,456,-3.7792827900000003,1288,50.0,0.1,-6.874708324670792,-0.03182242223701905,0.3416901230812073,0.289404296875,0.10789906978607178,0.009269430354470387,-0.04904557764530182,0.0064003374,3e-05,4550
0.0,726,935936,457,-3.73826696,1288,50.0,0.1,-6.873371833562851,-0.029239335749298333,0.34165704250335693,0.280419921875,0.2943146824836731,0.00696681325789541,-0.043784525245428085,0.0058855703,3e-05,4560
0.0,727,937984,458,-3.73451649,1288,50.0,0.1,-6.86859740614891,-0.032469651801511644,0.34153956174850464,0.286181640625,0.46233755350112915,0.006118273135507479,-0.04510154947638512,0.006307463,3e-05,4570
0.0,729,940032,459,-3.7146828100000007,1288,50.0,0.1,-6.863234949111939,-0.03158567791688256,0.34147828817367554,0.29912109375,0.10677027702331543,0.005643531546229497,-0.04934600368142128,0.006667706,3e-05,4580
0.0,731,942080,460,-3.71049031,1288,50.0,0.1,-6.8599856972694395,-0.03279623842099681,0.3414370119571686,0.306005859375,0.35968178510665894,0.0056432452984154224,-0.051113344728946686,0.007177992,3e-05,4590
0.0,732,944128,461,-3.7225752799999996,1288,50.0,0.1,-6.856682068109512,-0.03247756541823037,0.34136587381362915,0.292041015625,0.20036321878433228,0.00611118976958096,-0.05030064284801483,0.0065344665,3e-05,4600
0.0,734,946176,462,-3.7088329900000003,1288,50.0,0.1,-6.8518949210643765,-0.031669460667762904,0.34127622842788696,0.2927734375,0.2667335867881775,0.006307655689306557,-0.047702230513095856,0.006581492,3e-05,4610
0.0,735,948224,463,-3.7731091100000005,1288,50.0,0.1,-6.845885533094406,-0.029747554508503526,0.3411606550216675,0.27412109375,0.3438805341720581,0.006030556990299374,-0.047287654131650925,0.00612026,3e-05,4620
0.0,737,950272,464,-3.757041860000001,1288,50.0,0.1,-6.838986450433731,-0.03277253014384769,0.34104853868484497,0.31220703125,0.28289955854415894,0.00546341736917384,-0.045604027807712555,0.007256359,3e-05,4630
0.0,739,952320,465,-3.68569426,1288,50.0,0.1,-6.8321533560752865,-0.030714280297979714,0.34092944860458374,0.270751953125,0.3460915684700012,0.007959322625538334,-0.050314754247665405,0.0064071473,3e-05,4640
0.0,740,954368,466,-3.6934808199999996,1288,50.0,0.1,-6.826233625411987,-0.03323624188778922,0.3408523499965668,0.3005859375,0.48199862241744995,0.005200022750068456,-0.05348864197731018,0.006964974,3e-05,4650
0.0,742,956416,467,-3.7264063999999997,1288,50.0,0.1,-6.821415108442307,-0.03208399582654238,0.340755432844162,0.3119140625,0.3464641571044922,0.0054790601250715555,-0.04640473797917366,0.0071747503,3e-05,4660
0.0,744,958464,468,-3.7049190500000004,1288,50.0,0.1,-6.81220372915268,-0.031034676521085203,0.3405378460884094,0.289404296875,0.4683759808540344,0.00494838795857504,-0.047088027000427246,0.006352921,3e-05,4670
0.0,745,960512,469,-3.6569833999999997,1288,50.0,0.1,-6.801099735498428,-0.031887583748903124,0.3404049873352051,0.29462890625,0.19698917865753174,0.006350437132641673,-0.04897994548082352,0.00709996,3e-05,4680
0.0,747,962560,470,-3.6712244300000005,1288,50.0,0.1,-6.793852919340134,-0.030482459129416384,0.3402685523033142,0.292431640625,0.33726054430007935,0.007192140992265195,-0.05328325927257538,0.005826966,3e-05,4690
0.0,748,964608,471,-3.678590539999999,1288,50.0,0.1,-6.786160480976105,-0.03372116675309371,0.34017214179039,0.30966796875,0.460323691368103,0.006472868932178244,-0.05002724379301071,0.007744454,3e-05,4700
0.0,750,966656,472,-3.738461940000001,1288,50.0,0.1,-6.785484939813614,-0.030832582886796446,0.3402175009250641,0.278369140625,0.4343051314353943,0.007990013377275318,-0.04689275845885277,0.0062187947,3e-05,4710
0.0,752,968704,473,-3.74241898,1288,50.0,0.1,-6.785395228862763,-0.03216940810962114,0.3401692509651184,0.2998046875,0.3456151485443115,0.007201351638650521,-0.04714556410908699,0.0068025785,3e-05,4720
0.0,753,970752,474,-3.74603003,1288,50.0,0.1,-6.783973211050034,-0.03216133821988478,0.34016531705856323,0.293359375,0.43192511796951294,0.0075312857690732924,-0.04512616991996765,0.0062751025,3e-05,4730
0.0,755,972800,475,-3.7422737800000005,1288,50.0,0.1,-6.783562231063843,-0.035154812247492374,0.34017953276634216,0.321875,0.27412867546081543,0.007634879427496344,-0.04857008904218674,0.007347347,3e-05,4740
0.0,756,974848,476,-3.7368284600000004,1288,50.0,0.1,-6.784250110387802,-0.03071824648650363,0.34015873074531555,0.27939453125,0.28508538007736206,0.00724102346575819,-0.044451937079429626,0.006385817,3e-05,4750
0.0,758,976896,477,-3.77916347,1288,50.0,0.1,-6.781234306097031,-0.03162005703197792,0.34009885787963867,0.28955078125,0.427301824092865,0.005021107316133566,-0.04923546686768532,0.0065033026,3e-05,4760
0.0,759,978944,478,-3.765345260000001,1288,50.0,0.1,-6.7768649995327,-0.030926834570709615,0.34000879526138306,0.28955078125,0.25286227464675903,0.006734414648963139,-0.05048755556344986,0.0062181074,3e-05,4770
0.0,761,980992,479,-3.7579949999999993,1288,50.0,0.1,-6.771095043420791,-0.03227492511214223,0.3399221897125244,0.283935546875,0.3234352469444275,0.006894551683217287,-0.043654147535562515,0.0071648895,3e-05,4780
0.0,763,983040,480,-3.7083439799999995,1288,50.0,0.1,-6.770044881105423,-0.03425468098721467,0.33997535705566406,0.29453125,0.3500431180000305,0.008372520084958524,-0.047191500663757324,0.0071958653,3e-05,4790
0.0,764,985088,481,-3.6514772,1288,50.0,0.1,-6.770666366815567,-0.030010527983540668,0.3399307131767273,0.29326171875,0.2894659638404846,0.00626038660411723,-0.04830659553408623,0.00610569,3e-05,4800
0.0,766,987136,482,-3.6795626099999996,1288,50.0,0.1,-6.76842902302742,-0.030720834829844536,0.3399074673652649,0.28017578125,0.48849475383758545,0.006383157183881849,-0.04892836883664131,0.0057029044,3e-05,4810
0.0,767,989184,483,-3.6958401600000004,1288,50.0,0.1,-6.765142917633057,-0.032414745539426804,0.3398180902004242,0.293798828125,0.33912378549575806,0.005549443565541878,-0.05482839420437813,0.006463373,3e-05,4820
0.0,769,991232,484,-3.728941930000001,1288,50.0,0.1,-6.762350302934647,-0.03204355830675922,0.3398281931877136,0.28447265625,0.2857891321182251,0.007335246214643121,-0.04545660316944122,0.0071048616,3e-05,4830
0.0,771,993280,485,-3.7480562999999996,1288,50.0,0.1,-6.759910309314728,-0.03277536854147911,0.33973342180252075,0.31513671875,0.4618823528289795,0.00614990399335511,-0.04639020189642906,0.0068186573,3e-05,4840
0.0,772,995328,486,-3.70432287,1288,50.0,0.1,-6.755486309528351,-0.03298730143578723,0.33968400955200195,0.297509765625,0.3668469786643982,0.008581919397693127,-0.04699881374835968,0.0070880577,3e-05,4850
0.0,774,997376,487,-3.7295890099999998,1288,50.0,0.1,-6.7538402557373045,-0.03198762485408224,0.3396908938884735,0.30419921875,0.4155116677284241,0.007402677286881954,-0.04382380470633507,0.0069479826,3e-05,4860
0.0,775,999424,488,-3.6750387900000003,1288,50.0,0.1,-6.753660362958908,-0.03133765471284278,0.3396743834018707,0.294482421875,0.41707736253738403,0.006931484170490876,-0.046870291233062744,0.00642104,3e-05,4870
0.0,777,1001472,489,-3.69814459,1287,50.0,0.1,-6.7492627680301664,-0.03172264183522202,0.33952614665031433,0.281201171875,0.4852694272994995,0.0052430903830099854,-0.04927230626344681,0.006300577,3e-05,4880
,,,,,,,0.1,-6.740341585874558,-0.03264788595261052,0.3393976092338562,0.2953125,0.44477641582489014,0.0058046226506121455,-0.052501507103443146,0.0064162165,3e-05,4890
